clip_id,session_id,phone_id,object_id,class_id,shift_id,repetition,sha256,captured_at
S01_P01_ok_stable_R01,S01,phone_a,P01,ok,stable,1,944c40f86bc2b75a17dab66ad6cbb60ac5872f63447c62b1e635590823369ac5,2026-06-24T21:27:40.581118+00:00
S01_P01_ok_stable_R02,S01,phone_a,P01,ok,stable,2,fd6235911e1ba01fa2163b5449dd9db755f82b888670d4d50801486dbd696bfa,2026-06-24T21:27:58.527838+00:00
S01_P01_ok_stable_R03,S01,phone_a,P01,ok,stable,3,4e5dcf749ff6d7a9006df38e4b5287fceb8cf4c14666a6919528efd47e9ec813,2026-06-24T21:27:55.576327+00:00
S01_P01_ok_stable_R04,S01,phone_a,P01,ok,stable,4,f256c29fa65f8b639b14a7eb2bd2e25aa5457ee0c7b92a554d5506c903860738,2026-06-24T21:27:45.070508+00:00
S01_P01_ok_stable_R05,S01,phone_a,P01,ok,stable,5,ced2fdb82c538612fdb99b1ee0166b0b66807d2e5e911504e12ea924b6929173,2026-06-24T21:27:57.825868+00:00
S01_P01_ok_stable_R06,S01,phone_a,P01,ok,stable,6,98263e2a96ecda1b1f3ca97b73ac3809a1e52c7425771078c11614a7e5432b51,2026-06-24T21:27:53.270023+00:00
S01_P01_ok_stable_R07,S01,phone_a,P01,ok,stable,7,8a7f7b5bf059ad2d0eadbcc54dd3d0c713f1f80f75d304d7f357a9f1f5184c0f,2026-06-24T21:28:01.031422+00:00
S01_P01_ok_stable_R08,S01,phone_a,P01,ok,stable,8,316e5a04487fa5ee59d188198c26d57b7d99ffd2ae5581eaaf783fb13c805716,2026-06-24T21:27:48.847995+00:00
S01_P01_ok_stable_R09,S01,phone_a,P01,ok,stable,9,4518dfa8ed10d46dc36ece72c9357c9ef68cb90a3c1d68805d92ed0e5d503880,2026-06-24T21:28:01.848622+00:00
S01_P01_ok_stable_R10,S01,phone_a,P01,ok,stable,10,0ecbc5056284904084cc293d2114f8b6a6fadf50e6f32c4145708833358b7846,2026-06-24T21:28:03.739135+00:00
S01_P01_missing_label_stable_R01,S01,phone_a,P01,missing_label,stable,1,56e21c0fc1e38273919a04f0da5d143b6ab8db4a84fca64aebe253ee0aef5603,2026-06-24T21:27:40.733421+00:00
S01_P01_missing_label_stable_R02,S01,phone_a,P01,missing_label,stable,2,215db80b97c42c8612974888d129558641c3b472a2673e8132cd6638ff6e9f94,2026-06-24T21:28:00.076717+00:00
S01_P01_missing_label_stable_R03,S01,phone_a,P01,missing_label,stable,3,34a7e892cfcb21ec09d54355c276ee64c46c6a6f9c282c80c26f31ca65ca4902,2026-06-24T21:28:07.983737+00:00
S01_P01_missing_label_stable_R04,S01,phone_a,P01,missing_label,stable,4,a8e62e2aba739a2276bfaefc9310f9539f8a54c732ac82b160369149f992d713,2026-06-24T21:28:05.175104+00:00
S01_P01_missing_label_stable_R05,S01,phone_a,P01,missing_label,stable,5,f4256626e7de06dcf100006b1ede7157990ccd1f6803103483bc2225a5749c67,2026-06-24T21:27:55.428401+00:00
S01_P01_missing_label_stable_R06,S01,phone_a,P01,missing_label,stable,6,30b39e8a6f2ace53a7484bf9d20337ac13600962c5882c6377ec6999e8ca7bf9,2026-06-24T21:28:01.443044+00:00
S01_P01_missing_label_stable_R07,S01,phone_a,P01,missing_label,stable,7,74130aeca2ac9b473b4c2378888cac27ea8e5c3481930541484d7b9e22ddaed7,2026-06-24T21:27:36.597799+00:00
S01_P01_missing_label_stable_R08,S01,phone_a,P01,missing_label,stable,8,d58cd35084624e8d8328cca1ade5a4f6e13c58d645cc9a016086a8cb025ea52f,2026-06-24T21:28:08.281301+00:00
S01_P01_missing_label_stable_R09,S01,phone_a,P01,missing_label,stable,9,1197093e2b336987b627e405a64b74c8572b484da3242b9bfd7a0a3631c8e1ec,2026-06-24T21:27:35.620775+00:00
S01_P01_missing_label_stable_R10,S01,phone_a,P01,missing_label,stable,10,c074040c00d44de1227a466b208eaad8c71a66ccd1cd5df501c910b14be48a84,2026-06-24T21:28:01.985317+00:00
S01_P01_misaligned_label_stable_R01,S01,phone_a,P01,misaligned_label,stable,1,6a8fffb0fdc4cd10b3161f6c9d01051e747addc8e93a4f4d5500d27eca75d9fd,2026-06-24T21:27:48.990899+00:00
S01_P01_misaligned_label_stable_R02,S01,phone_a,P01,misaligned_label,stable,2,780ebb89a7e342174bf1329d604b4b9d8069784e4f9d64d4937488d27777c0ad,2026-06-24T21:27:43.931038+00:00
S01_P01_misaligned_label_stable_R03,S01,phone_a,P01,misaligned_label,stable,3,3b1627263622aa5938d76e0c3fd21dfb21f4f5f6b0cddc2e5b9e3caaa0cdec95,2026-06-24T21:27:52.511978+00:00
S01_P01_misaligned_label_stable_R04,S01,phone_a,P01,misaligned_label,stable,4,290cd8bc702edaca34086f5fdad9888348841565265996223eddffe817cb951e,2026-06-24T21:27:48.246002+00:00
S01_P01_misaligned_label_stable_R05,S01,phone_a,P01,misaligned_label,stable,5,9dd46a76b54145b2db3d04b4fef40680b6114f7c45215fe958577e835f96ddb9,2026-06-24T21:27:48.413300+00:00
S01_P01_misaligned_label_stable_R06,S01,phone_a,P01,misaligned_label,stable,6,ddabf4d9a03a64453257d2ea7b6da869f4bc8ad8905d6957294aba9acad5f6c0,2026-06-24T21:27:53.698872+00:00
S01_P01_misaligned_label_stable_R07,S01,phone_a,P01,misaligned_label,stable,7,bd22f555128176257aec8d2250edadd0108cbdddc0e4b401c440871b0bd03112,2026-06-24T21:27:42.057203+00:00
S01_P01_misaligned_label_stable_R08,S01,phone_a,P01,misaligned_label,stable,8,e79d4ea5f5397fd824517736bcc97c3a797940e1552b175eecbd2be0d9b5a58d,2026-06-24T21:27:57.537982+00:00
S01_P01_misaligned_label_stable_R09,S01,phone_a,P01,misaligned_label,stable,9,ad80596a86688c38dfa82058a186d5bfd57d56bc7e20e9ef3f58d01de80f48c7,2026-06-24T21:28:02.260757+00:00
S01_P01_misaligned_label_stable_R10,S01,phone_a,P01,misaligned_label,stable,10,0a542ca31614710bb0c80e49bfc2ffb405ae7f0e58352af37cba1f2977cce31a,2026-06-24T21:27:48.561662+00:00
S01_P01_damaged_label_stable_R01,S01,phone_a,P01,damaged_label,stable,1,87a1d22696c912d26c62cf38c465cb447b43d9acc959a809add12055325ff2a9,2026-06-24T21:27:49.280937+00:00
S01_P01_damaged_label_stable_R02,S01,phone_a,P01,damaged_label,stable,2,2bca7f08165a49af77288c401c261b6a9abca2244428e3f82f2714dea5573cef,2026-06-24T21:28:07.842419+00:00
S01_P01_damaged_label_stable_R03,S01,phone_a,P01,damaged_label,stable,3,bb24c9fa0f7a1ceb971e7790098f7a1ebbfb53bcabab063ad690d6ccc9cba31b,2026-06-24T21:28:05.322412+00:00
S01_P01_damaged_label_stable_R04,S01,phone_a,P01,damaged_label,stable,4,102fd9a2abe29f3d6bb6431526974492c491659ea32bc6bda49936041e369435,2026-06-24T21:27:53.869329+00:00
S01_P01_damaged_label_stable_R05,S01,phone_a,P01,damaged_label,stable,5,13e5c3eaaec823aa1a6260f4823121fbdb294b13479077ea24bd8946cac30eba,2026-06-24T21:27:41.175964+00:00
S01_P01_damaged_label_stable_R06,S01,phone_a,P01,damaged_label,stable,6,b72382e9fd654a679a0c4a876e29fca559f53f566b97285e317d9fde09c70373,2026-06-24T21:28:00.620773+00:00
S01_P01_damaged_label_stable_R07,S01,phone_a,P01,damaged_label,stable,7,c631af7bc773c6baa560988ae1fb0f7acc02d542f87d162dfa3e4f1902270d66,2026-06-24T21:28:02.836809+00:00
S01_P01_damaged_label_stable_R08,S01,phone_a,P01,damaged_label,stable,8,215ae381242713817073be15f8be4b9aa0c33fd656db7cbb06baf178d01aa4ff,2026-06-24T21:28:04.034864+00:00
S01_P01_damaged_label_stable_R09,S01,phone_a,P01,damaged_label,stable,9,24b6156cb637b05de17eaca562aa9e777eb3fe8bdc04ba4c9a79a7f2170262be,2026-06-24T21:27:43.204708+00:00
S01_P01_damaged_label_stable_R10,S01,phone_a,P01,damaged_label,stable,10,6f6fc830978b1161cb9c73b7f20ef78126e2bebb4b46a32cbb981c5022c0011b,2026-06-24T21:27:52.812038+00:00
S01_P02_ok_stable_R01,S01,phone_a,P02,ok,stable,1,aedefc5520576c5fea100ea113f433c55136191c61e995afbf3f732d47f95515,2026-06-24T21:28:01.584593+00:00
S01_P02_ok_stable_R02,S01,phone_a,P02,ok,stable,2,6d2f16ec31f61a4c0c4c3359298dd92abec7927dffd9d9bb59a50185157f3954,2026-06-24T21:28:08.712656+00:00
S01_P02_ok_stable_R03,S01,phone_a,P02,ok,stable,3,0a1a4d41d4fbccf3850977ceb171c581dd4a0f8ca9b14f6b4bf26e3249529b65,2026-06-24T21:28:06.176225+00:00
S01_P02_ok_stable_R04,S01,phone_a,P02,ok,stable,4,7d6fb87340525a1f5a04d913aa0e1ba3f8240a76328b6a27b147e382e07d20f2,2026-06-24T21:27:51.329257+00:00
S01_P02_ok_stable_R05,S01,phone_a,P02,ok,stable,5,64539c029f5a35fd688ce6b2f2cb6e1e420b97efed8c8ee3966fc3c7c1616572,2026-06-24T21:27:38.593601+00:00
S01_P02_ok_stable_R06,S01,phone_a,P02,ok,stable,6,b63b78cedb00f47a8bebdeffd4e6c75b9a68b404938589b714ed342a5678c869,2026-06-24T21:27:59.377731+00:00
S01_P02_ok_stable_R07,S01,phone_a,P02,ok,stable,7,a01fdbf0a512b29bd7fc3fda6193b6637aaae971d50a6e71a383bc29916f50db,2026-06-24T21:27:59.092156+00:00
S01_P02_ok_stable_R08,S01,phone_a,P02,ok,stable,8,419b5f92e6f79eb485c8d459e55b9a9296fca4d61c424f4de807f16f317babef,2026-06-24T21:28:06.032250+00:00
S01_P02_ok_stable_R09,S01,phone_a,P02,ok,stable,9,0a499bb9ad1d134d20ff6fa07033d42c028c70bfbd377acc00338ddf7b250da8,2026-06-24T21:28:03.887335+00:00
S01_P02_ok_stable_R10,S01,phone_a,P02,ok,stable,10,ee11ae57973e97dc586bbb10d9a7994710feef54db797a2f75009dc88e393294,2026-06-24T21:27:44.077559+00:00
S01_P02_missing_label_stable_R01,S01,phone_a,P02,missing_label,stable,1,9f4dc1aa88bf47a148f577298106646397477c4f7c76bf56dbf9a5f9da83e94e,2026-06-24T21:27:55.135492+00:00
S01_P02_missing_label_stable_R02,S01,phone_a,P02,missing_label,stable,2,296760a15db9a0c2e0238634b3d347e71ee4529b37efcfba22f276a21fccdb44,2026-06-24T21:28:01.296651+00:00
S01_P02_missing_label_stable_R03,S01,phone_a,P02,missing_label,stable,3,9943ab367d76cd37190ec30467ba0f43d2c0fbb1e944b6e3f3fe86794d9391c5,2026-06-24T21:27:54.419342+00:00
S01_P02_missing_label_stable_R04,S01,phone_a,P02,missing_label,stable,4,bbac2c9c74a0167dc49f2f279b6a0e097a8a5aeccc0819d463f08219af66eca3,2026-06-24T21:27:47.662513+00:00
S01_P02_missing_label_stable_R05,S01,phone_a,P02,missing_label,stable,5,22cd307d6762137b13bef9ea87c55f4833ff43b1becd71eb889403436a05c7f3,2026-06-24T21:27:36.740610+00:00
S01_P02_missing_label_stable_R06,S01,phone_a,P02,missing_label,stable,6,c242f935978b3387e58e45f68109ea70ad50bb5368dced0622fd2db28f33d467,2026-06-24T21:27:51.920284+00:00
S01_P02_missing_label_stable_R07,S01,phone_a,P02,missing_label,stable,7,dd83d9d9800828ad4ab3a13fba8f8842dd11e67baab962ed1b9cfb8328d33774,2026-06-24T21:27:42.494909+00:00
S01_P02_missing_label_stable_R08,S01,phone_a,P02,missing_label,stable,8,8ce173e20d3f3edb73ecb71f7e64aeebf65cf80be290055d71d54052c1741a4c,2026-06-24T21:27:51.180966+00:00
S01_P02_missing_label_stable_R09,S01,phone_a,P02,missing_label,stable,9,a2965093a982282dc0218c23173285a0d3278c71c068aa16ec04dca909911493,2026-06-24T21:27:52.068707+00:00
S01_P02_missing_label_stable_R10,S01,phone_a,P02,missing_label,stable,10,c0f3f2a271c19080201688abba57d6f7aa547253b62a3d8c7b3811952cef95a0,2026-06-24T21:27:56.543285+00:00
S01_P02_misaligned_label_stable_R01,S01,phone_a,P02,misaligned_label,stable,1,7a693526dcaafa14cea273ef68b6b5ba3fe52772b8e89d7f8f852272b29957bf,2026-06-24T21:27:40.428861+00:00
S01_P02_misaligned_label_stable_R02,S01,phone_a,P02,misaligned_label,stable,2,74c59317ba3f1b6203aaf3418c81f4848312c2773675dae67f4a469281d64269,2026-06-24T21:27:59.795305+00:00
S01_P02_misaligned_label_stable_R03,S01,phone_a,P02,misaligned_label,stable,3,4a237b1675d685bb012e1a7a40a783816d1e65c08ec1aa0df942e9cc6db53901,2026-06-24T21:28:04.475448+00:00
S01_P02_misaligned_label_stable_R04,S01,phone_a,P02,misaligned_label,stable,4,e930b088c779f6c6ad9c52bab55ecfdbfc2a48f8ebc8171b0d7e0a5704b9d327,2026-06-24T21:27:43.351781+00:00
S01_P02_misaligned_label_stable_R05,S01,phone_a,P02,misaligned_label,stable,5,b345cc8e4a39e5f6bf1116b2f2d8fa3568881a9b9734e60c3f1befa34e1bb086,2026-06-24T21:27:45.218795+00:00
S01_P02_misaligned_label_stable_R06,S01,phone_a,P02,misaligned_label,stable,6,3e5a394aed1bdc75995d4d992aac4a303dac1f7312e14e8ca09a51ca27f64940,2026-06-24T21:27:43.498682+00:00
S01_P02_misaligned_label_stable_R07,S01,phone_a,P02,misaligned_label,stable,7,1873ad1c46a0e23a90d8e35687a0f32324b33343ec385092f6126a30ceacf3b5,2026-06-24T21:27:36.323601+00:00
S01_P02_misaligned_label_stable_R08,S01,phone_a,P02,misaligned_label,stable,8,ab4b2f0ac1a75c5ababb03648e82cfa318e0dc57990d817d4cb31b76d4ef3d7e,2026-06-24T21:27:56.683917+00:00
S01_P02_misaligned_label_stable_R09,S01,phone_a,P02,misaligned_label,stable,9,40519e4d4d31971b3207004baf03e9b4589ba260fe01ea2723b7ad8838be97be,2026-06-24T21:27:39.020649+00:00
S01_P02_misaligned_label_stable_R10,S01,phone_a,P02,misaligned_label,stable,10,4a66a2825886bc5c3e4c43e034c025a76a8e391aea0ee6b5cd0d84b8f653a6b9,2026-06-24T21:27:47.085023+00:00
S01_P02_damaged_label_stable_R01,S01,phone_a,P02,damaged_label,stable,1,e6fb8401b085688259c8d1d214507f9b263b53843c758646b967e6d69918ea5c,2026-06-24T21:28:05.468288+00:00
S01_P02_damaged_label_stable_R02,S01,phone_a,P02,damaged_label,stable,2,cdb75f67abe990ec50de090c91adb324f5b58b2258f5ce02b6de4f019ec24e2b,2026-06-24T21:27:54.275191+00:00
S01_P02_damaged_label_stable_R03,S01,phone_a,P02,damaged_label,stable,3,a0e084a2535c20338e0cf07edbce18481e8ef5a14d7af7cd641121446e13586c,2026-06-24T21:28:02.404091+00:00
S01_P02_damaged_label_stable_R04,S01,phone_a,P02,damaged_label,stable,4,01014a42d0986a9165330c3f024581f12672700dc1cce48316fca3fb0d728bd3,2026-06-24T21:28:04.745500+00:00
S01_P02_damaged_label_stable_R05,S01,phone_a,P02,damaged_label,stable,5,b1222d4c9300cf40be91a6121d9fdb9f492ac59f1f0a6b424165c9803bb8beac,2026-06-24T21:27:46.936744+00:00
S01_P02_damaged_label_stable_R06,S01,phone_a,P02,damaged_label,stable,6,9ba19336df57ea77a6346c44766b4cd8c4fb63e6780cc357f4c1e52ae5d8c8d3,2026-06-24T21:27:43.644877+00:00
S01_P02_damaged_label_stable_R07,S01,phone_a,P02,damaged_label,stable,7,a564ef5c7fb8897c268f517d6450c68f30fe40caba6d60c5e17f5ea2ed434238,2026-06-24T21:27:57.967560+00:00
S01_P02_damaged_label_stable_R08,S01,phone_a,P02,damaged_label,stable,8,2507408fd5462a51d653bd08721e196f1454ab6e865eb9e7a413f129dffa6601,2026-06-24T21:27:37.314344+00:00
S01_P02_damaged_label_stable_R09,S01,phone_a,P02,damaged_label,stable,9,0195960a2f29e82ed669ffc83ba6408f9fb47652e82f01fe57c56e9fe828cd82,2026-06-24T21:27:50.881708+00:00
S01_P02_damaged_label_stable_R10,S01,phone_a,P02,damaged_label,stable,10,edc367ed773244bae84edb04c0134e4c6edf5da66f7fe5fdceaab677b7cc09e2,2026-06-24T21:28:00.753127+00:00
S01_P03_ok_stable_R01,S01,phone_a,P03,ok,stable,1,8daa3d32b17d0df541e54f043e05f15721a503388a33c10fdaac8a8584d6e308,2026-06-24T21:27:35.081031+00:00
S01_P03_ok_stable_R02,S01,phone_a,P03,ok,stable,2,2eb252719c628b92e072c21b9c3eab51fc1b01da7214a48a25c5440d802efcb3,2026-06-24T21:27:43.063340+00:00
S01_P03_ok_stable_R03,S01,phone_a,P03,ok,stable,3,0542ca46a220436435831819b3b007c7569370329ab4fa68266aba020f93f63a,2026-06-24T21:27:41.759956+00:00
S01_P03_ok_stable_R04,S01,phone_a,P03,ok,stable,4,b4c367c771907b23447338cdcc1ed0a2f61d938a84dde756ec16569c43140570,2026-06-24T21:27:37.170546+00:00
S01_P03_ok_stable_R05,S01,phone_a,P03,ok,stable,5,11147d7384153e51d5f07c3a97b08aeb6e16807b877b86f87fa2a805522ce60d,2026-06-24T21:27:40.021724+00:00
S01_P03_ok_stable_R06,S01,phone_a,P03,ok,stable,6,976704bfde0910d1190e6e5750407fb085e4b3561f814874809e1b168c77866d,2026-06-24T21:27:54.989382+00:00
S01_P03_ok_stable_R07,S01,phone_a,P03,ok,stable,7,5f447c1c41ac12185fe3e47fb97b6e685c36898b0376fe337e8cea565201ec59,2026-06-24T21:27:39.168662+00:00
S01_P03_ok_stable_R08,S01,phone_a,P03,ok,stable,8,d86a9d6045d58124ec41eab2568a8504adad257468e2f87c133300eb0e32f396,2026-06-24T21:27:42.788370+00:00
S01_P03_ok_stable_R09,S01,phone_a,P03,ok,stable,9,ff4141231499a02a7f70b0b376788fb102c1a9624de2fd7db493680b6b0a62ae,2026-06-24T21:27:44.644979+00:00
S01_P03_ok_stable_R10,S01,phone_a,P03,ok,stable,10,5893997cab0c08a9c8a8043757f43d5faba95c4b14c0fe1233b6e31c6758563e,2026-06-24T21:27:57.394037+00:00
S01_P03_missing_label_stable_R01,S01,phone_a,P03,missing_label,stable,1,4f17dafdfd76564f7ab0f8f6f3a0d4b96910d3f1930b7712e53dda1bc7ea78e2,2026-06-24T21:28:06.861596+00:00
S01_P03_missing_label_stable_R02,S01,phone_a,P03,missing_label,stable,2,0906bfa71e2c9af16b55603baaf040dbd7984f689f55d8f95dca403a395b16a9,2026-06-24T21:28:09.300882+00:00
S01_P03_missing_label_stable_R03,S01,phone_a,P03,missing_label,stable,3,82e0c991cfa0c61606cf3b940326445830c9faf692c051a410ff527d77d91f80,2026-06-24T21:28:07.000447+00:00
S01_P03_missing_label_stable_R04,S01,phone_a,P03,missing_label,stable,4,2226cbf49e6b4dd8e61099c058bf454f712a60746a53d56a66970bbba1bf128c,2026-06-24T21:28:09.004996+00:00
S01_P03_missing_label_stable_R05,S01,phone_a,P03,missing_label,stable,5,320f442fbba57881c37b2fce0306a784dd1ec54a52aa4d2ee2ad90e7abd0bf80,2026-06-24T21:28:04.181639+00:00
S01_P03_missing_label_stable_R06,S01,phone_a,P03,missing_label,stable,6,a60c3b8349e84050ba1c27ae8391f0f2373f4a67ad2993691cc307c6f3d55038,2026-06-24T21:28:02.693873+00:00
S01_P03_missing_label_stable_R07,S01,phone_a,P03,missing_label,stable,7,9cc7f0c0b796cc9edc1fb25f802867ab3bd731168c08b292d182c272d1ea33c0,2026-06-24T21:27:45.499158+00:00
S01_P03_missing_label_stable_R08,S01,phone_a,P03,missing_label,stable,8,47be560ea4b775b95ebdb4cb917780820219e17c4bc1956e72966381a7a34712,2026-06-24T21:27:38.152127+00:00
S01_P03_missing_label_stable_R09,S01,phone_a,P03,missing_label,stable,9,ce7e25a8d6a6143091a4494d890fe3982ee7a2c806596a8b77c5df43375a1887,2026-06-24T21:27:40.162726+00:00
S01_P03_missing_label_stable_R10,S01,phone_a,P03,missing_label,stable,10,7ee87cdde4dd97b1e8591c501fecf6972ff4989c409e8b139de9d524e31e302f,2026-06-24T21:28:04.886617+00:00
S01_P03_misaligned_label_stable_R01,S01,phone_a,P03,misaligned_label,stable,1,7d16adfc82744d496b0c9c64988b22b4bda45ff22da7dd95221c09eef00c71d1,2026-06-24T21:27:48.100929+00:00
S01_P03_misaligned_label_stable_R02,S01,phone_a,P03,misaligned_label,stable,2,3801110d0bd3215590b9942d4e443c279f86efa69ae04ad962294bcd54cfe91d,2026-06-24T21:27:53.999610+00:00
S01_P03_misaligned_label_stable_R03,S01,phone_a,P03,misaligned_label,stable,3,723797544bc859d464eaa17634a7998857c04b6dbdc616a16c502498462d6f03,2026-06-24T21:28:08.422317+00:00
S01_P03_misaligned_label_stable_R04,S01,phone_a,P03,misaligned_label,stable,4,45f290a3499923de8a2c08573a57ae24b68a3b679b45acadc5e4a7693845ecc7,2026-06-24T21:28:05.890410+00:00
S01_P03_misaligned_label_stable_R05,S01,phone_a,P03,misaligned_label,stable,5,2ff11b0347cda5e32b43441a8aa362d1e4936cfc78e281c8747333cead5c3509,2026-06-24T21:28:07.698520+00:00
S01_P03_misaligned_label_stable_R06,S01,phone_a,P03,misaligned_label,stable,6,ee23b4527233df61810e6192ac2f95488159b575de5d22af7159dc94f4c6951c,2026-06-24T21:28:03.294439+00:00
S01_P03_misaligned_label_stable_R07,S01,phone_a,P03,misaligned_label,stable,7,f9909af3cf5a2531dc745da24f44bd06e297ac5156004a598f5a1fc8afd78ea0,2026-06-24T21:27:55.280926+00:00
S01_P03_misaligned_label_stable_R08,S01,phone_a,P03,misaligned_label,stable,8,6b39e5fbb68e0c13a9ec80232b0da736287539c50cfb0561da8f21aa5984220f,2026-06-24T21:27:36.036510+00:00
S01_P03_misaligned_label_stable_R09,S01,phone_a,P03,misaligned_label,stable,9,150d7903a0ca2e30203dd94b3aa4be4bb19388058130c67d0b9055763737fb1d,2026-06-24T21:28:02.121756+00:00
S01_P03_misaligned_label_stable_R10,S01,phone_a,P03,misaligned_label,stable,10,d2aaa40396c00dd2dd5b897991d7bf919ba61e0f3f5b6ec8e0ef98818e9cba76,2026-06-24T21:27:37.720059+00:00
S01_P03_damaged_label_stable_R01,S01,phone_a,P03,damaged_label,stable,1,c7f45e4e3ae9d8fd05b353590786f92cdfdcfd51a472ecdf5630d38b1eb74357,2026-06-24T21:27:49.573977+00:00
S01_P03_damaged_label_stable_R02,S01,phone_a,P03,damaged_label,stable,2,6758ac68a0e50edf988a88828f34621c7a2336ee62af4ba8848fac95e07385c4,2026-06-24T21:27:52.361933+00:00
S01_P03_damaged_label_stable_R03,S01,phone_a,P03,damaged_label,stable,3,db03467242a976c1e6f96891bf2b7cb06c5e5245a6d04efd59602b4070d0efa0,2026-06-24T21:27:47.522365+00:00
S01_P03_damaged_label_stable_R04,S01,phone_a,P03,damaged_label,stable,4,d828b1ddb183d0f3affbd735f65a3f77df42b48810769c980a7183f6a3f44865,2026-06-24T21:27:47.235392+00:00
S01_P03_damaged_label_stable_R05,S01,phone_a,P03,damaged_label,stable,5,e863eb5e5c15787be93ede646b10cc168361eb544e581fe365c3486b2ad3c66a,2026-06-24T21:28:02.546874+00:00
S01_P03_damaged_label_stable_R06,S01,phone_a,P03,damaged_label,stable,6,7be77379234689b0176a37013a109351de715bf41fc6e32aca78abe08f654ecc,2026-06-24T21:27:46.208415+00:00
S01_P03_damaged_label_stable_R07,S01,phone_a,P03,damaged_label,stable,7,89018c98d7068990335e8e911c817b57cfca9625ca2a9cb3d26a12d9c0efb22c,2026-06-24T21:27:59.937242+00:00
S01_P03_damaged_label_stable_R08,S01,phone_a,P03,damaged_label,stable,8,d2cc3287323aff12564fd1b1e5d964e8f2befd71140fc4a115477ab59283d2fd,2026-06-24T21:27:59.652371+00:00
S01_P03_damaged_label_stable_R09,S01,phone_a,P03,damaged_label,stable,9,abbe64bb460a104c7dd4c8edebfe18b27c6260cfaa3618336fe9910cf2cfe606,2026-06-24T21:27:58.396420+00:00
S01_P03_damaged_label_stable_R10,S01,phone_a,P03,damaged_label,stable,10,46951142a364e80bfc4b3ff4d13ebe7f65291991f2769edcaea436764de23fb5,2026-06-24T21:27:41.909455+00:00
S01_P04_ok_stable_R01,S01,phone_a,P04,ok,stable,1,97f1d8d4ddc78d6c8f92689d80376671ab8c027edd9588fecb7b049f00be1d6c,2026-06-24T21:28:03.443937+00:00
S01_P04_ok_stable_R02,S01,phone_a,P04,ok,stable,2,0d263576ba1a1639589d379cdb6c0dfd2cb270700eb43c37fe9e657c8539b554,2026-06-24T21:28:07.417019+00:00
S01_P04_ok_stable_R03,S01,phone_a,P04,ok,stable,3,3ae3509e108ffa9b5afe3a51d9f77f2def789b925ef3df29f0ca70a80259275c,2026-06-24T21:27:36.182293+00:00
S01_P04_ok_stable_R04,S01,phone_a,P04,ok,stable,4,0ef9592d356c2e7a7b9e203039a7d24122b52d82d64a336097aa2d82c27bda41,2026-06-24T21:27:38.294238+00:00
S01_P04_ok_stable_R05,S01,phone_a,P04,ok,stable,5,15bf5ccc50a2f777a225a7b2acc75cab408e511afa2123d134eaf3333739f98d,2026-06-24T21:27:50.312670+00:00
S01_P04_ok_stable_R06,S01,phone_a,P04,ok,stable,6,6c0ef46829a6f1a6c9a557f9f0ffc203df03e0a19a727c43294d0821c776d460,2026-06-24T21:28:08.859464+00:00
S01_P04_ok_stable_R07,S01,phone_a,P04,ok,stable,7,015a116d936b4b3732543d2c5fc3fbeee3ce2aed701c213fbb05aa18533cc7bc,2026-06-24T21:28:01.710610+00:00
S01_P04_ok_stable_R08,S01,phone_a,P04,ok,stable,8,7633b0be0bb313c37a8a57610ff0bb70aceb7f2bdb7537295c76e23a8fc9bca7,2026-06-24T21:27:46.639002+00:00
S01_P04_ok_stable_R09,S01,phone_a,P04,ok,stable,9,6d80732732c4f45443fedc0c2f051600e95e0fba687eb05b01ec772f162c3c47,2026-06-24T21:27:57.108046+00:00
S01_P04_ok_stable_R10,S01,phone_a,P04,ok,stable,10,5bb1a0f997f9abe1de51035ed6a45a503fafd6167bdadc7ee98658db132fe780,2026-06-24T21:27:59.514827+00:00
S01_P04_missing_label_stable_R01,S01,phone_a,P04,missing_label,stable,1,24f1ddf20d0b8d09b9fcd9c62dc636decb52daca7ee64076a4616966ac4c3729,2026-06-24T21:27:54.705944+00:00
S01_P04_missing_label_stable_R02,S01,phone_a,P04,missing_label,stable,2,3b2085df704cdcd3025184f888f548f849ac4f8b5a1f5abc8c803308f444ff66,2026-06-24T21:27:56.125803+00:00
S01_P04_missing_label_stable_R03,S01,phone_a,P04,missing_label,stable,3,f4efdb41806d5490d0b8fd2757ef827e8dca4d1688e5d98c4d52ebe9b7ec2714,2026-06-24T21:27:47.382338+00:00
S01_P04_missing_label_stable_R04,S01,phone_a,P04,missing_label,stable,4,02ca9b7b8ba1484c4c818521b5493240809ce0add657eceb9619344b920ea7bf,2026-06-24T21:27:42.643280+00:00
S01_P04_missing_label_stable_R05,S01,phone_a,P04,missing_label,stable,5,0edbe786c20e26d8c441a1527ce4dfa4dd047f8d02b4b3d320795400616c27fb,2026-06-24T21:27:39.731132+00:00
S01_P04_missing_label_stable_R06,S01,phone_a,P04,missing_label,stable,6,0306a21f679553caa922fffa78d6db0c731e8ca4c14276955b5e6fb99ef94280,2026-06-24T21:27:46.348405+00:00
S01_P04_missing_label_stable_R07,S01,phone_a,P04,missing_label,stable,7,3bb67042a9763602a909b588067be4ed4a696d7ec2890a9c4d573aa20b98f007,2026-06-24T21:27:49.870174+00:00
S01_P04_missing_label_stable_R08,S01,phone_a,P04,missing_label,stable,8,97ab62153be100ab9b23c8b7cf69d773c5348d512d2d69950328db7e03c60334,2026-06-24T21:27:47.808875+00:00
S01_P04_missing_label_stable_R09,S01,phone_a,P04,missing_label,stable,9,dc7df746ba7770ecde759a7868d5fec58b70a307303c80a689fc2e43502ae1e9,2026-06-24T21:27:46.787765+00:00
S01_P04_missing_label_stable_R10,S01,phone_a,P04,missing_label,stable,10,734f653bcb3e97a6fa01cb24b1c4fecd7cfa453628527bf201a4a7f28c884a02,2026-06-24T21:27:36.458458+00:00
S01_P04_misaligned_label_stable_R01,S01,phone_a,P04,misaligned_label,stable,1,0bf244f38974ffc65f5dc9d6eeb74f85c8c0c8ba0a39f3eb7004b722e91351c1,2026-06-24T21:27:49.427913+00:00
S01_P04_misaligned_label_stable_R02,S01,phone_a,P04,misaligned_label,stable,2,425941557e55aa66c4f4256d34e644237335586890cade3262899678d57b9dd9,2026-06-24T21:27:56.826431+00:00
S01_P04_misaligned_label_stable_R03,S01,phone_a,P04,misaligned_label,stable,3,22fa72c435557fc8022d6af3a650b4e0597ba338fb26a88c597c0cf0e537fa3c,2026-06-24T21:27:55.714961+00:00
S01_P04_misaligned_label_stable_R04,S01,phone_a,P04,misaligned_label,stable,4,b48091ee151919dccfe02732d70e23d3ec684cd1c7b3e1f742abb37f0d680b1e,2026-06-24T21:27:44.367295+00:00
S01_P04_misaligned_label_stable_R05,S01,phone_a,P04,misaligned_label,stable,5,79f54c2019640d7bb2a1bad7be9d3aa600a06604373f82d66e4760c69e047cc4,2026-06-24T21:27:54.846602+00:00
S01_P04_misaligned_label_stable_R06,S01,phone_a,P04,misaligned_label,stable,6,8cc4bae621428b72705985fdf90ca3bae15fa5f6e96d29d0b6207a8b6dccb52a,2026-06-24T21:27:56.964434+00:00
S01_P04_misaligned_label_stable_R07,S01,phone_a,P04,misaligned_label,stable,7,9466fb518974bcb9e0ebd0e0045f753510961016c8876a57448a05ec16a98099,2026-06-24T21:28:07.138795+00:00
S01_P04_misaligned_label_stable_R08,S01,phone_a,P04,misaligned_label,stable,8,59b352604b082644975d5143d639d469d21abef02112e3d6a4de8da5d5facc69,2026-06-24T21:27:57.681894+00:00
S01_P04_misaligned_label_stable_R09,S01,phone_a,P04,misaligned_label,stable,9,d8d3882e824602067d1a365a0d063f5b860528c7a60783c48bdd1e3e58d8d62d,2026-06-24T21:27:42.932780+00:00
S01_P04_misaligned_label_stable_R10,S01,phone_a,P04,misaligned_label,stable,10,fe4bfba8a9a25153e70499bb36902de722146a5b0c326c7fa129b5d25aa156ac,2026-06-24T21:28:01.162815+00:00
S01_P04_damaged_label_stable_R01,S01,phone_a,P04,damaged_label,stable,1,94f769c4fe6bc180b7735a29439c67a2a0cde3315907c23cfa478eef48cd471e,2026-06-24T21:27:38.008482+00:00
S01_P04_damaged_label_stable_R02,S01,phone_a,P04,damaged_label,stable,2,ea7f511e0112ba641e6479bfeae8fe316bfbc75e4f0dde747405b33da9ffdf35,2026-06-24T21:28:04.607778+00:00
S01_P04_damaged_label_stable_R03,S01,phone_a,P04,damaged_label,stable,3,9dbd8f2b6c2649e3e90dd7743ef06338e495272eb4904b626ec870a37712c05d,2026-06-24T21:27:44.504403+00:00
S01_P04_damaged_label_stable_R04,S01,phone_a,P04,damaged_label,stable,4,e48d0943b943204ea4cc4cd53acbd870869648ab17eb633cbd98310f965108ca,2026-06-24T21:27:39.312256+00:00
S01_P04_damaged_label_stable_R05,S01,phone_a,P04,damaged_label,stable,5,e412ca377a619529a30757770a56159a33f08a7c47349e9876f3c2a60fc01289,2026-06-24T21:27:42.351636+00:00
S01_P04_damaged_label_stable_R06,S01,phone_a,P04,damaged_label,stable,6,93ef4ac6d2cf5f0694db0bdd0f6d20f81bbc2558f5d558c021479bf8e9cd9fde,2026-06-24T21:27:39.443617+00:00
S01_P04_damaged_label_stable_R07,S01,phone_a,P04,damaged_label,stable,7,90ec26eefdec5ecba8605fbf7a9163583f786990b182e131dc2e8608c9182362,2026-06-24T21:27:45.367130+00:00
S01_P04_damaged_label_stable_R08,S01,phone_a,P04,damaged_label,stable,8,2da030af43be9742301953606507499d3ebfdd12d9195a64d2208173bec9aa0c,2026-06-24T21:27:35.481554+00:00
S01_P04_damaged_label_stable_R09,S01,phone_a,P04,damaged_label,stable,9,07027d8210c95423083d2706ddbcee5c91bcb27d1f7dfe927f7140c10f9aa7e1,2026-06-24T21:27:41.463015+00:00
S01_P04_damaged_label_stable_R10,S01,phone_a,P04,damaged_label,stable,10,5570f37e93669b29439dbb9fd35c894489255e7d4fdd7cee002201118a30e6c9,2026-06-24T21:27:56.399893+00:00
S01_P05_ok_stable_R01,S01,phone_a,P05,ok,stable,1,7390feea695c78a49eb29d2632af8a6d3edc54dd2e246abc73d732183a73cc37,2026-06-24T21:27:50.168370+00:00
S01_P05_ok_stable_R02,S01,phone_a,P05,ok,stable,2,2bcfd8ef3a5e34b2916c942853f1cbbfee58e80f1b244ea6074ab78971b79258,2026-06-24T21:27:52.961103+00:00
S01_P05_ok_stable_R03,S01,phone_a,P05,ok,stable,3,8bb3b983d4b7ee7658f656616341411ce7e03c789e9580e7fc86409b480c9a59,2026-06-24T21:27:56.258411+00:00
S01_P05_ok_stable_R04,S01,phone_a,P05,ok,stable,4,19d1523b75813745d55ec7a024e4c5e912e96f842f3a73054fb75c75ac7738ea,2026-06-24T21:28:06.587642+00:00
S01_P05_ok_stable_R05,S01,phone_a,P05,ok,stable,5,68efd3e2af834f19054a293591b453c4fe496831a8fbe567cf3c73843f4ad5d2,2026-06-24T21:27:53.409668+00:00
S01_P05_ok_stable_R06,S01,phone_a,P05,ok,stable,6,3a65ae15a6f57625dac1f9ac6744e8f5ba207e40f081353d7b5e1b8d108f8d01,2026-06-24T21:27:43.786338+00:00
S01_P05_ok_stable_R07,S01,phone_a,P05,ok,stable,7,f7d27df5bd688fbcfd47392821a1b3b1a0b2ac71ed6fabe9d124f0598d8cc037,2026-06-24T21:27:45.627150+00:00
S01_P05_ok_stable_R08,S01,phone_a,P05,ok,stable,8,39ffdcafd3bda99009836c4a709783e2eafde0e2ec8286978525885e43251dc2,2026-06-24T21:27:58.668220+00:00
S01_P05_ok_stable_R09,S01,phone_a,P05,ok,stable,9,4cbb560f07a748937a4127a791b5dc8b855b5c7c2acd908a5608e5ef5cc6067f,2026-06-24T21:28:03.145226+00:00
S01_P05_ok_stable_R10,S01,phone_a,P05,ok,stable,10,2fd635c05c4e0354fd26cd0dbc00a9dc8e774c881f6b7df7c3ce0e32a5a1ce7a,2026-06-24T21:27:58.813799+00:00
S01_P05_missing_label_stable_R01,S01,phone_a,P05,missing_label,stable,1,9a354b0a3ba89a6fb2f719d9913965a3f3f734d03b0a272a05bbfa26a1c37a37,2026-06-24T21:27:41.612252+00:00
S01_P05_missing_label_stable_R02,S01,phone_a,P05,missing_label,stable,2,3a736b153f5a5480eba590946b716deafbadf572f33b3d35b7ef2436b41e013d,2026-06-24T21:27:55.859039+00:00
S01_P05_missing_label_stable_R03,S01,phone_a,P05,missing_label,stable,3,f6b9aa8ef183bc392fbaa8fd0f54533f1f4d146b27cf702b4317bda163d2eb8a,2026-06-24T21:28:06.304414+00:00
S01_P05_missing_label_stable_R04,S01,phone_a,P05,missing_label,stable,4,3850c8e89d530d7ef196c81559dd219132d364615103e183a665caa19d61fb66,2026-06-24T21:27:38.452889+00:00
S01_P05_missing_label_stable_R05,S01,phone_a,P05,missing_label,stable,5,6651dd7d1b17fd128962ecfc3a21270caa1a9c9029bc77fb3d9c39b881d6f553,2026-06-24T21:27:53.108281+00:00
S01_P05_missing_label_stable_R06,S01,phone_a,P05,missing_label,stable,6,3348383060cb89094c422392621612cb864cae4de32362c11d64144f1ad64b21,2026-06-24T21:27:58.254184+00:00
S01_P05_missing_label_stable_R07,S01,phone_a,P05,missing_label,stable,7,f00809aef0d19589eb01030ca3edfce05350a8fc7cfae1db4b1fc7a8891c708b,2026-06-24T21:27:37.448054+00:00
S01_P05_missing_label_stable_R08,S01,phone_a,P05,missing_label,stable,8,f680e3f8a983a25a7dca1e3f48b341f1e73f2e862439b1824716cd9553dbc3e2,2026-06-24T21:27:51.030157+00:00
S01_P05_missing_label_stable_R09,S01,phone_a,P05,missing_label,stable,9,2290c04f5c8f1df543924670a23ee366b1f758c84ab24b083b0dee0e70b4723e,2026-06-24T21:27:39.877194+00:00
S01_P05_missing_label_stable_R10,S01,phone_a,P05,missing_label,stable,10,22b9222ff68aa30c47aaf9e250a3fa1e680bc9946e5d0f2b5e2669405573c5d9,2026-06-24T21:28:08.567125+00:00
S01_P05_misaligned_label_stable_R01,S01,phone_a,P05,misaligned_label,stable,1,c1da51474c207dfa5ac81adb792148c1c8ab8855a5d499e2864be939a26b9dfa,2026-06-24T21:27:51.775990+00:00
S01_P05_misaligned_label_stable_R02,S01,phone_a,P05,misaligned_label,stable,2,3856d124692d8468e98600316fbc6c352c8fca3adc0890e75653e48db2b9ced4,2026-06-24T21:28:00.889885+00:00
S01_P05_misaligned_label_stable_R03,S01,phone_a,P05,misaligned_label,stable,3,6df20d9f0d965f51fb0ae4adc009466f7670ba499c23b7f0a0735c7a8503ecd7,2026-06-24T21:28:06.443891+00:00
S01_P05_misaligned_label_stable_R04,S01,phone_a,P05,misaligned_label,stable,4,3c31f962374a9f58945567b756277c831f0b42edbb42e847bd97ca87ad049fbe,2026-06-24T21:28:00.216592+00:00
S01_P05_misaligned_label_stable_R05,S01,phone_a,P05,misaligned_label,stable,5,bb08cfb1b9e5701ab4e3e5c0de3fec11486c5f56edf167115529d1aff4c8a76b,2026-06-24T21:27:38.878485+00:00
S01_P05_misaligned_label_stable_R06,S01,phone_a,P05,misaligned_label,stable,6,68f76491e33f4df139ee3607e8ae31a5752511d4693e98843b27934e262fbcf7,2026-06-24T21:28:05.029222+00:00
S01_P05_misaligned_label_stable_R07,S01,phone_a,P05,misaligned_label,stable,7,7bc4e9e4636099e2b5d9ee513561e6a9916ddaf28233690a68aa126a6ca70c1b,2026-06-24T21:27:50.608308+00:00
S01_P05_misaligned_label_stable_R08,S01,phone_a,P05,misaligned_label,stable,8,1cf73d601fdc0c64b7e9b70989f083de552b88755fa6352186b61c4d74d6079b,2026-06-24T21:27:41.027370+00:00
S01_P05_misaligned_label_stable_R09,S01,phone_a,P05,misaligned_label,stable,9,d2dca919cd0c5bf170ab59cc18503f43d82d67660937e4a97383b0ce8a2d336b,2026-06-24T21:27:52.215907+00:00
S01_P05_misaligned_label_stable_R10,S01,phone_a,P05,misaligned_label,stable,10,81c042d02c81ecbc1d0279a8f05d8f2d3d927f203dd806d4ba1a2d1524f47f17,2026-06-24T21:27:38.733078+00:00
S01_P05_damaged_label_stable_R01,S01,phone_a,P05,damaged_label,stable,1,c672badb4c18aa49b4afadbc0fc45aa673a6b0e4eb94344fd5fba99d71e63b66,2026-06-24T21:28:04.327912+00:00
S01_P05_damaged_label_stable_R02,S01,phone_a,P05,damaged_label,stable,2,53cc58adf9f190c2b8fc8a434630eec40b8df84ce76951e5ea8857dbfc42b0c4,2026-06-24T21:27:54.563944+00:00
S01_P05_damaged_label_stable_R03,S01,phone_a,P05,damaged_label,stable,3,6e31b7732938f14dba3246db1ea7df8c5ab2694641ccaf6b3cf7a35a5fba6bdb,2026-06-24T21:27:45.775254+00:00
S01_P05_damaged_label_stable_R04,S01,phone_a,P05,damaged_label,stable,4,1d1c0adc0be35c2661a8f84f2e623211d1bc26e9ccfd1cd85cc338b4ba88329c,2026-06-24T21:27:45.923937+00:00
S01_P05_damaged_label_stable_R05,S01,phone_a,P05,damaged_label,stable,5,051a702c2ed62c854cc2ce53cd1ff9cdc73a4095a48e40d259256a1dfff73bf0,2026-06-24T21:27:37.578837+00:00
S01_P05_damaged_label_stable_R06,S01,phone_a,P05,damaged_label,stable,6,8ff5ca15e24b176341f05bf2e0feab57e770b5f18d0ea4bfd4bdf73f93f68fbf,2026-06-24T21:27:40.296005+00:00
S01_P05_damaged_label_stable_R07,S01,phone_a,P05,damaged_label,stable,7,ea8d11cb7d35f5212e631eb17495e3fe73c659451a93e23cd5dd1e83434027ec,2026-06-24T21:27:58.109674+00:00
S01_P05_damaged_label_stable_R08,S01,phone_a,P05,damaged_label,stable,8,d541559645316a02e9ba97de27154ca5fe7103a14153e5b2b378ca4f8e4c4f71,2026-06-24T21:28:05.607184+00:00
S01_P05_damaged_label_stable_R09,S01,phone_a,P05,damaged_label,stable,9,04544a653ccce6219eec670971e92d3e1c52917a203c1040215c2c3f4818291f,2026-06-24T21:27:46.492280+00:00
S01_P05_damaged_label_stable_R10,S01,phone_a,P05,damaged_label,stable,10,3b697eb9904b9c49e90e0182a450cf214a5299b3b9dfaacf802e4b73fb828181,2026-06-24T21:27:49.136123+00:00
S01_P06_ok_stable_R01,S01,phone_a,P06,ok,stable,1,0049421698b230438d46f1af470f6f4ead89dc8504891b8d830b06af3f4a4db1,2026-06-24T21:27:51.627616+00:00
S01_P06_ok_stable_R02,S01,phone_a,P06,ok,stable,2,713571e42f182b39a3c9be36fc890c982c27d9eedc4674abaaecda523fc0a06b,2026-06-24T21:27:35.896391+00:00
S01_P06_ok_stable_R03,S01,phone_a,P06,ok,stable,3,b53864b4400685641ae5419e2de53719190a82be4ec61c6041f2b5f3b68cc23b,2026-06-24T21:27:52.662170+00:00
S01_P06_ok_stable_R04,S01,phone_a,P06,ok,stable,4,1979a0dfafb3cab7e0850562c2312fb3b152fd1348ec101ab6a2ea3b57ebf3cd,2026-06-24T21:27:36.884780+00:00
S01_P06_ok_stable_R05,S01,phone_a,P06,ok,stable,5,18e23933d2871ff5997b71d0e77fdced9a813d1cfc48578a49f619b63feedb4e,2026-06-24T21:27:35.757510+00:00
S01_P06_ok_stable_R06,S01,phone_a,P06,ok,stable,6,90c2c8fef5b9d39bf95d004ebba4679eda54546b01e683985785932183707272,2026-06-24T21:27:42.204109+00:00
S01_P06_ok_stable_R07,S01,phone_a,P06,ok,stable,7,a6faabf9d3d927c4076bbfc566d80ed8799423ef4c4c5c0cdeffe35a8f1b28d0,2026-06-24T21:27:35.211229+00:00
S01_P06_ok_stable_R08,S01,phone_a,P06,ok,stable,8,7e60569a8f8e576ec3b8638afdc2dcf84138855c443532c6622620b5038daa69,2026-06-24T21:28:08.140406+00:00
S01_P06_ok_stable_R09,S01,phone_a,P06,ok,stable,9,5026d39efc85dcc6dbee5176bf12bed027cdede3504ad19407702697f3a19e0a,2026-06-24T21:27:49.720360+00:00
S01_P06_ok_stable_R10,S01,phone_a,P06,ok,stable,10,98a9a8531c0d5fed034330b106783f57e41c3edd702e9a160e2a866a1923ea9d,2026-06-24T21:27:58.949268+00:00
S01_P06_missing_label_stable_R01,S01,phone_a,P06,missing_label,stable,1,cf13b8c26a9ebf7266973567cb853e9d0f95aff4986b9048f6a6724030bc0883,2026-06-24T21:27:44.788085+00:00
S01_P06_missing_label_stable_R02,S01,phone_a,P06,missing_label,stable,2,2dea73dffd82c19f1dfea76e1124a9a86e9d45ec8a545908ce6d9be89478da07,2026-06-24T21:27:37.863882+00:00
S01_P06_missing_label_stable_R03,S01,phone_a,P06,missing_label,stable,3,edda3ccf16f7519ae0754ab48b89cb364fd9fa71655102a6eb3845b7ef0e1e5e,2026-06-24T21:27:50.461145+00:00
S01_P06_missing_label_stable_R04,S01,phone_a,P06,missing_label,stable,4,5f345cfc89d21725dbb2ea4250b8b1ab14dbf8119172d6cff455edea22308fe2,2026-06-24T21:28:06.728603+00:00
S01_P06_missing_label_stable_R05,S01,phone_a,P06,missing_label,stable,5,acbba404664d6ead1c999cad1a1cd3d3b42e4734984b2eb94ed491e50cf04a44,2026-06-24T21:27:37.027328+00:00
S01_P06_missing_label_stable_R06,S01,phone_a,P06,missing_label,stable,6,5374284f026f4f82e7e04eba1fde5b392de44bcf0bb7adefcf2fbafbb8ddd065,2026-06-24T21:28:00.492617+00:00
S01_P06_missing_label_stable_R07,S01,phone_a,P06,missing_label,stable,7,415341cc07e1d47f0f180cfcd9217fd78af457a3f1328eb71295c99bb99754e6,2026-06-24T21:27:50.742685+00:00
S01_P06_missing_label_stable_R08,S01,phone_a,P06,missing_label,stable,8,2c384c42981f3a0c48b7b0f0841f4b02b744914343b6ffe6b426ee8a82237e5d,2026-06-24T21:28:07.278457+00:00
S01_P06_missing_label_stable_R09,S01,phone_a,P06,missing_label,stable,9,c18d83a864cb01fded862ab95106b5ac4b9ea01143fd432f5fddf964ea1e3050,2026-06-24T21:28:02.981235+00:00
S01_P06_missing_label_stable_R10,S01,phone_a,P06,missing_label,stable,10,f9471d7b94be2d5d4799753c08dc44f160d08865dda01e128c4614ba93398744,2026-06-24T21:28:03.592210+00:00
S01_P06_misaligned_label_stable_R01,S01,phone_a,P06,misaligned_label,stable,1,f43e9e9efdf87f4164b821da62f36cb263137912becff0f6246963d40fd10bfe,2026-06-24T21:27:35.346999+00:00
S01_P06_misaligned_label_stable_R02,S01,phone_a,P06,misaligned_label,stable,2,efa48e4c25ab9d8fdf99ce43cd1c11e1b492215d4c6bb63a6de28a642f406246,2026-06-24T21:28:07.559417+00:00
S01_P06_misaligned_label_stable_R03,S01,phone_a,P06,misaligned_label,stable,3,d346b35cd9787e98ea1418aed01c55860b43acdfa6afbb01d1a1f582b4c90aef,2026-06-24T21:27:44.221459+00:00
S01_P06_misaligned_label_stable_R04,S01,phone_a,P06,misaligned_label,stable,4,d26e6cb88b36be4b898eecd141a8fb2af7536965639628f5125029fd7685696c,2026-06-24T21:27:39.585315+00:00
S01_P06_misaligned_label_stable_R05,S01,phone_a,P06,misaligned_label,stable,5,5bf3a354bc7c6b55c07e4fa9bcec87ddd5c069b1f134a35b771263dbae0a535b,2026-06-24T21:28:09.152562+00:00
S01_P06_misaligned_label_stable_R06,S01,phone_a,P06,misaligned_label,stable,6,8dc53191b603f297d488f271c8112cb9d0f00d96f5e1d9b8868b12d918fc112e,2026-06-24T21:28:00.353105+00:00
S01_P06_misaligned_label_stable_R07,S01,phone_a,P06,misaligned_label,stable,7,cad1066b6df15dbd78d55b0b76c879b8c858a8cb8138d46e0849d1d81d8966c4,2026-06-24T21:27:51.478841+00:00
S01_P06_misaligned_label_stable_R08,S01,phone_a,P06,misaligned_label,stable,8,cd62793a704a9c0a95a9a8c0043a8661127661ac448091a1d889eb19b4ccfb3e,2026-06-24T21:27:57.251277+00:00
S01_P06_misaligned_label_stable_R09,S01,phone_a,P06,misaligned_label,stable,9,c7cd946a2e2fb288058274ab74496ceafbca3f5dc29195826e8006fa2f53cacc,2026-06-24T21:27:55.989267+00:00
S01_P06_misaligned_label_stable_R10,S01,phone_a,P06,misaligned_label,stable,10,2fc5d439f16224266a23fd80a8bdda8662cb48219e6fcc00438ec8e3cd33edee,2026-06-24T21:27:47.954930+00:00
S01_P06_damaged_label_stable_R01,S01,phone_a,P06,damaged_label,stable,1,77b4e858ebe6684ddd5adb2d463c5dba1155624c277cea89a7a9fcb029f525d9,2026-06-24T21:27:48.705098+00:00
S01_P06_damaged_label_stable_R02,S01,phone_a,P06,damaged_label,stable,2,930dae6655d983b87b339dfe30e471d87d277c35f3e11ac243c4b6a2ecfffa78,2026-06-24T21:27:50.019023+00:00
S01_P06_damaged_label_stable_R03,S01,phone_a,P06,damaged_label,stable,3,2934575a7d5bfdaa6867c16389eb72361ae724de850da0fa7cf307fa5f8a0cf8,2026-06-24T21:27:40.878243+00:00
S01_P06_damaged_label_stable_R04,S01,phone_a,P06,damaged_label,stable,4,03c4e44e68df7ddb49d11e360fdf61062c5b21df0549b1ccc641d6185994ae9a,2026-06-24T21:28:05.749859+00:00
S01_P06_damaged_label_stable_R05,S01,phone_a,P06,damaged_label,stable,5,12b26317073102d14d51877dfb4f9998842221f7de76be5570e3f1ca9a0fae11,2026-06-24T21:27:44.927785+00:00
S01_P06_damaged_label_stable_R06,S01,phone_a,P06,damaged_label,stable,6,9689f57507008696209924d0f58cb69cc5b275f298b0f3872cbf64a939794bc7,2026-06-24T21:27:59.232648+00:00
S01_P06_damaged_label_stable_R07,S01,phone_a,P06,damaged_label,stable,7,47074049cc5371a809c1f54d7e38033925f3e078f54faf7381aecf4050bcaa70,2026-06-24T21:27:46.068083+00:00
S01_P06_damaged_label_stable_R08,S01,phone_a,P06,damaged_label,stable,8,f3796bde0a399f2a6547e03854e8111c6b94268b01ed8a76fa38c9e934855263,2026-06-24T21:27:53.557669+00:00
S01_P06_damaged_label_stable_R09,S01,phone_a,P06,damaged_label,stable,9,494bb40fdb6c15877e40f0194db2b1875fe57df9f5b29683dd67caa8c0100e65,2026-06-24T21:27:54.134157+00:00
S01_P06_damaged_label_stable_R10,S01,phone_a,P06,damaged_label,stable,10,f805bcec4eb6df819576047eb5897ef4df950770b53a992b73ef3d1e131815db,2026-06-24T21:27:41.320608+00:00
S02_P07_ok_stable_R01,S02,phone_a,P07,ok,stable,1,90059dd69dd43bbe3db85c108576f1c5be25c3e6c2e155414177680007b585ce,2026-06-24T21:28:28.974779+00:00
S02_P07_ok_stable_R02,S02,phone_a,P07,ok,stable,2,76db108e9c4cc561d41b59401b14a1acb0b1b78cdffe184f0a56a10274231340,2026-06-24T21:28:30.341704+00:00
S02_P07_ok_stable_R03,S02,phone_a,P07,ok,stable,3,8e30d95108138e3691b78a215a1b6a9ed717dbd7d8e4818037de5a64113e4fd0,2026-06-24T21:28:24.194876+00:00
S02_P07_ok_stable_R04,S02,phone_a,P07,ok,stable,4,bcd161e5278b8fcc56159cb23a25f2a8a03a963f670cf0edf56c9986efa3d814,2026-06-24T21:28:25.652552+00:00
S02_P07_ok_stable_R05,S02,phone_a,P07,ok,stable,5,2d88cee2e59250b2a32e575ddc6de297cae44bc3dda2a8e14f44baa31edb1234,2026-06-24T21:28:29.395927+00:00
S02_P07_ok_stable_R06,S02,phone_a,P07,ok,stable,6,9957ab9d5d83ea89a3e03695e59bdcba2eb2f9701e063ba97afabebcfb871953,2026-06-24T21:28:26.673933+00:00
S02_P07_ok_stable_R07,S02,phone_a,P07,ok,stable,7,71f2fb0fb2b502e4167482cd3f4b6c499a6636d9d3dd108fb44c8df0aaca8e3e,2026-06-24T21:28:28.691312+00:00
S02_P07_ok_stable_R08,S02,phone_a,P07,ok,stable,8,5d0e34137bae18dd2144d1de6dffcc8b11dcc4ab6932201df970d1474b542527,2026-06-24T21:28:21.759373+00:00
S02_P07_ok_stable_R09,S02,phone_a,P07,ok,stable,9,978a89cbbf9f82e767ae3b73d07080658318c0f325089747f132516936dfdfd6,2026-06-24T21:28:20.364246+00:00
S02_P07_ok_stable_R10,S02,phone_a,P07,ok,stable,10,72a755736cbe22adda340880735400d1134dde0803334d2f6777a801beb55749,2026-06-24T21:28:27.959608+00:00
S02_P07_missing_label_stable_R01,S02,phone_a,P07,missing_label,stable,1,9b169f48123930ccabea9dceaca886c38234d71f2e3e29f9191abec3d99257c1,2026-06-24T21:28:22.438593+00:00
S02_P07_missing_label_stable_R02,S02,phone_a,P07,missing_label,stable,2,6f42f8cd94764af269fbca445c1d9d40517015e42e4c8c874217d8fb84efd7af,2026-06-24T21:28:21.899786+00:00
S02_P07_missing_label_stable_R03,S02,phone_a,P07,missing_label,stable,3,8c5c153b8243c214e6b15114b17c78438d660982b1b5bc81c2a8588f2541625e,2026-06-24T21:28:27.390888+00:00
S02_P07_missing_label_stable_R04,S02,phone_a,P07,missing_label,stable,4,3b6f4b00db8d998d476826e31d66515d21545a1757c0d95777a770f27de44a76,2026-06-24T21:28:22.836513+00:00
S02_P07_missing_label_stable_R05,S02,phone_a,P07,missing_label,stable,5,6d8ef17614dead2fb9faf5e3e89940b46282dae88b5a9f4455116560512e9de0,2026-06-24T21:28:20.796164+00:00
S02_P07_missing_label_stable_R06,S02,phone_a,P07,missing_label,stable,6,d25e8a77021a25e16ea303860c6e712548d240a608854021dfa524ea49bce7a4,2026-06-24T21:28:27.534884+00:00
S02_P07_missing_label_stable_R07,S02,phone_a,P07,missing_label,stable,7,3cb7930ee654a78961c6d5c13c0a1ba1e9395a943301db50c623c5433a3bd3d7,2026-06-24T21:28:28.105900+00:00
S02_P07_missing_label_stable_R08,S02,phone_a,P07,missing_label,stable,8,dc5cb3113786b93596acb1908312bf485c9d8091118f491ea6aa4a4458a9f3e0,2026-06-24T21:28:23.766476+00:00
S02_P07_missing_label_stable_R09,S02,phone_a,P07,missing_label,stable,9,7bafd98a1aad6a09412a810d099eafbf76f2fa97ed7ef7ee0ba74b067005f406,2026-06-24T21:28:26.091707+00:00
S02_P07_missing_label_stable_R10,S02,phone_a,P07,missing_label,stable,10,a2608031be8bbacf7844995617f604bf08bc56cb96aa0721138ccff69d325b34,2026-06-24T21:28:29.116943+00:00
S02_P07_misaligned_label_stable_R01,S02,phone_a,P07,misaligned_label,stable,1,1251824259804c4dfede040b888c9f119663a339195e73ba7845104d4c638683,2026-06-24T21:28:22.968225+00:00
S02_P07_misaligned_label_stable_R02,S02,phone_a,P07,misaligned_label,stable,2,6b487913e811a1a7b86eb5690eff1f08820c7dd581219f5f9031a30f5489a00b,2026-06-24T21:28:29.254852+00:00
S02_P07_misaligned_label_stable_R03,S02,phone_a,P07,misaligned_label,stable,3,d232f99daccb77194716d746d80e8fe7cc238fe76cc8622a5fd938eaa2fc4d00,2026-06-24T21:28:23.368522+00:00
S02_P07_misaligned_label_stable_R04,S02,phone_a,P07,misaligned_label,stable,4,43e30fa83d6c116e94fab8f488cd1b20c1abe96890ea24f9d0b8dec4ec2daa23,2026-06-24T21:28:29.535419+00:00
S02_P07_misaligned_label_stable_R05,S02,phone_a,P07,misaligned_label,stable,5,12a2821608a0e453ca83a61d67316bdc93716c6072033e12365b3948913bac51,2026-06-24T21:28:23.500218+00:00
S02_P07_misaligned_label_stable_R06,S02,phone_a,P07,misaligned_label,stable,6,dd1ea91e0b7185cd44778a0839e150b2e206f1846cac241fe840896fd17fe604,2026-06-24T21:28:20.074065+00:00
S02_P07_misaligned_label_stable_R07,S02,phone_a,P07,misaligned_label,stable,7,7e7c21a0f5ca968eb584e70c6902ec94e9cec3565c58e59dc3f25659767c5500,2026-06-24T21:28:26.236602+00:00
S02_P07_misaligned_label_stable_R08,S02,phone_a,P07,misaligned_label,stable,8,8c839fd195509e0651948af0fb4f007e7abedbe0fb66af8739fc0cc49681113d,2026-06-24T21:28:24.771222+00:00
S02_P07_misaligned_label_stable_R09,S02,phone_a,P07,misaligned_label,stable,9,a5dbbad4a98953d31e5f9347bde8277f50cc55f9eba8bebaab2a4f7d3c974273,2026-06-24T21:28:30.064321+00:00
S02_P07_misaligned_label_stable_R10,S02,phone_a,P07,misaligned_label,stable,10,7f51134280570c9108769d0522903ef67b0bb57c71762e1a9ff71253791b7cce,2026-06-24T21:28:30.199502+00:00
S02_P07_damaged_label_stable_R01,S02,phone_a,P07,damaged_label,stable,1,b783af722ccf9ed7a34a75930ebc385cc1b4a9f094a233b6ac50a84b6f8e70c2,2026-06-24T21:28:28.401159+00:00
S02_P07_damaged_label_stable_R02,S02,phone_a,P07,damaged_label,stable,2,f2d254ad2271af14f538d26c5ae46278868527dd7d96f18b18ed99ef9fc91140,2026-06-24T21:28:23.907460+00:00
S02_P07_damaged_label_stable_R03,S02,phone_a,P07,damaged_label,stable,3,3d2761ffe9305a404a3951b679fb0247150c34804fcbd0110bff5338eeb59ad4,2026-06-24T21:28:29.676576+00:00
S02_P07_damaged_label_stable_R04,S02,phone_a,P07,damaged_label,stable,4,b449114826d7080070a56ec7dee48074c3ac96b76a71b937f2661981ea7f50f1,2026-06-24T21:28:24.921760+00:00
S02_P07_damaged_label_stable_R05,S02,phone_a,P07,damaged_label,stable,5,e591afd31c1020a27961012c0db57bcc3d121e30f4cc4cbb63cb7de1a7ea1170,2026-06-24T21:28:26.822522+00:00
S02_P07_damaged_label_stable_R06,S02,phone_a,P07,damaged_label,stable,6,2f6630fcf63ce3a6a25fd481461598c3852afdf7e572345d7631ebed554cf209,2026-06-24T21:28:20.220275+00:00
S02_P07_damaged_label_stable_R07,S02,phone_a,P07,damaged_label,stable,7,522bbe0e58cf0eec41bd0199b05ff1a75a217c7c6db69a70d23a525fbb577597,2026-06-24T21:28:27.117311+00:00
S02_P07_damaged_label_stable_R08,S02,phone_a,P07,damaged_label,stable,8,c273d5261c19f0c07641b519a3447fc738ed50cd4cdc9fcff5e74e62a968a7c5,2026-06-24T21:28:24.049867+00:00
S02_P07_damaged_label_stable_R09,S02,phone_a,P07,damaged_label,stable,9,814924e42df82d80e5e1093ca127042961155294cc11e2fce49583701b8063d7,2026-06-24T21:28:22.305832+00:00
S02_P07_damaged_label_stable_R10,S02,phone_a,P07,damaged_label,stable,10,e38060b9deb469131256914435de74e30dc62eaf635b83563865d156a3f1d460,2026-06-24T21:28:21.350017+00:00
S02_P08_ok_stable_R01,S02,phone_a,P08,ok,stable,1,561f85c5eb093294c03852a8135f3b55f4d4574397b441b1c71d532ff22409b5,2026-06-24T21:28:25.800498+00:00
S02_P08_ok_stable_R02,S02,phone_a,P08,ok,stable,2,a7b2d5a58f5013726efd1a68fdc272dc529b3b47a908576c140afc2ad5774993,2026-06-24T21:28:19.645230+00:00
S02_P08_ok_stable_R03,S02,phone_a,P08,ok,stable,3,1514147eaa2e841b17c7917615f83ee7a5384d4010082ea398cd575201fd3345,2026-06-24T21:28:23.105516+00:00
S02_P08_ok_stable_R04,S02,phone_a,P08,ok,stable,4,d8ee90ed93a3dc76b6f5184fffbcd5e6ed9d8b8c9036422741d20fc5f29accb2,2026-06-24T21:28:28.253793+00:00
S02_P08_ok_stable_R05,S02,phone_a,P08,ok,stable,5,d6e38154391f52d7bbac83a3c10547806cb3a98dc570af15f39591358287a0a6,2026-06-24T21:28:30.624288+00:00
S02_P08_ok_stable_R06,S02,phone_a,P08,ok,stable,6,589729eae5110e1605a5d64a63c736df1f7db09d72f4dd25be5773cbd5742b52,2026-06-24T21:28:25.509844+00:00
S02_P08_ok_stable_R07,S02,phone_a,P08,ok,stable,7,559ab65c31cab99acf257ce5c74a05c5cbb445756275d3ee1684d98a21a1ede8,2026-06-24T21:28:19.791069+00:00
S02_P08_ok_stable_R08,S02,phone_a,P08,ok,stable,8,473b4bd150d3e4ea4d8ee447d16418281e8f93c1ac650ca47d2bfb331828e2b2,2026-06-24T21:28:26.384830+00:00
S02_P08_ok_stable_R09,S02,phone_a,P08,ok,stable,9,9198c53b2302a4f6c75cdf3869ccb7a31046250dc0fd8d386b5c0375d3ae40f1,2026-06-24T21:28:24.632448+00:00
S02_P08_ok_stable_R10,S02,phone_a,P08,ok,stable,10,61c4bdd505c9652e143ae9113576fb569e1cc2c153a803fce5bbbf28f3a61310,2026-06-24T21:28:22.571360+00:00
S02_P08_missing_label_stable_R01,S02,phone_a,P08,missing_label,stable,1,52aeef35d82dc6ba0784327f440237d287abdd0e07721c60f066cb27072b55db,2026-06-24T21:28:28.544544+00:00
S02_P08_missing_label_stable_R02,S02,phone_a,P08,missing_label,stable,2,d45bb8b84e90989d62f812f4714d1db6b4d59cf081950e206aeebb9d17ed57ad,2026-06-24T21:28:22.038501+00:00
S02_P08_missing_label_stable_R03,S02,phone_a,P08,missing_label,stable,3,7d97f3c85928eed903baacedd89da23c6e00e3961b9908c06c6908c474a7ff69,2026-06-24T21:28:27.675837+00:00
S02_P08_missing_label_stable_R04,S02,phone_a,P08,missing_label,stable,4,fcb8af744de931f257387603abf2b928453492cb43bdb54197eab43545bd9b14,2026-06-24T21:28:22.173656+00:00
S02_P08_missing_label_stable_R05,S02,phone_a,P08,missing_label,stable,5,8a2a649fc5d3e912f6eddc5766e1428665c6dba98d192a7387d6484599b8e8a8,2026-06-24T21:28:24.492414+00:00
S02_P08_missing_label_stable_R06,S02,phone_a,P08,missing_label,stable,6,c7237510c8a6d932b654553b2574fa681c0c65587550fa742be1e46e8a814bce,2026-06-24T21:28:27.253432+00:00
S02_P08_missing_label_stable_R07,S02,phone_a,P08,missing_label,stable,7,10a6823009c69f5684554e919f4493d3aaee4fabf1ba02b73bb1dfbf32e536fc,2026-06-24T21:28:29.804577+00:00
S02_P08_missing_label_stable_R08,S02,phone_a,P08,missing_label,stable,8,5d13b8418b5db23f4e344a4dcfdc30f01725b9a26165ef413d693eacf0141d70,2026-06-24T21:28:20.511217+00:00
S02_P08_missing_label_stable_R09,S02,phone_a,P08,missing_label,stable,9,0bd35d48e539665ef78ca9241f24ffcebbc440b19431b3ad47d73a607f37d0fd,2026-06-24T21:28:26.969993+00:00
S02_P08_missing_label_stable_R10,S02,phone_a,P08,missing_label,stable,10,85063dc7258292371dfd286b67c4b497e03d36a34ce0088c555ac17f77138346,2026-06-24T21:28:21.485368+00:00
S02_P08_misaligned_label_stable_R01,S02,phone_a,P08,misaligned_label,stable,1,02c7ac76aaa8a16a6852d8c2136dc2138d2fb9dabe694944ec7d3808eea365e6,2026-06-24T21:28:23.237643+00:00
S02_P08_misaligned_label_stable_R02,S02,phone_a,P08,misaligned_label,stable,2,55be1855d368d0141e4c5523f394bc16f1088888cd61d44efcd2c4e3f433322f,2026-06-24T21:28:20.934633+00:00
S02_P08_misaligned_label_stable_R03,S02,phone_a,P08,misaligned_label,stable,3,1ac8892910f11b4f4ad4da0326c28283202ba3fd8f90f7e93df108ba248cb8bc,2026-06-24T21:28:25.361775+00:00
S02_P08_misaligned_label_stable_R04,S02,phone_a,P08,misaligned_label,stable,4,a30c356431d07aaf9adebfc23403af43c36b0a441417ef17ed27ae22cacda35d,2026-06-24T21:28:22.705295+00:00
S02_P08_misaligned_label_stable_R05,S02,phone_a,P08,misaligned_label,stable,5,32e84ce3814b5d88db7681703ab32d9dccb3f60666fa982282730d1be93d71a0,2026-06-24T21:28:27.818542+00:00
S02_P08_misaligned_label_stable_R06,S02,phone_a,P08,misaligned_label,stable,6,6896b03e021eab33e073a052f40f60b80e5887f8b2d314611b62a8794eac91e7,2026-06-24T21:28:19.933102+00:00
S02_P08_misaligned_label_stable_R07,S02,phone_a,P08,misaligned_label,stable,7,bec3e6c2b488b1bdff573a34e9c6b751de5b7304696f8817de5fd943b15a4d20,2026-06-24T21:28:24.340661+00:00
S02_P08_misaligned_label_stable_R08,S02,phone_a,P08,misaligned_label,stable,8,7435950e1a2f95dd5525e19de9ef03ae993f4e20cb8d6d5aa2c99d8fcdb0413c,2026-06-24T21:28:26.526271+00:00
S02_P08_misaligned_label_stable_R09,S02,phone_a,P08,misaligned_label,stable,9,9c3f4593d3f7551a8d4010e54e5aa5384fa0ee3f47d3f820665bcef743d38bd3,2026-06-24T21:28:25.944631+00:00
S02_P08_misaligned_label_stable_R10,S02,phone_a,P08,misaligned_label,stable,10,91cb3de993345143fa0e5f9dcc2ceb093805b401e5fa60520e5667ed5c9a49be,2026-06-24T21:28:28.833460+00:00
S02_P08_damaged_label_stable_R01,S02,phone_a,P08,damaged_label,stable,1,b40371cd62273489b07c1c79ecdabf4dec11ea83371fdb59d7056673e395400a,2026-06-24T21:28:21.073532+00:00
S02_P08_damaged_label_stable_R02,S02,phone_a,P08,damaged_label,stable,2,30a12d9d6c33847628751bd4d4393721f4a1d097703d9e7a53c2eaf9c8672b0d,2026-06-24T21:28:19.503391+00:00
S02_P08_damaged_label_stable_R03,S02,phone_a,P08,damaged_label,stable,3,226a0ea0a43b7f89201e2e5319f0ad423d755911528b329b4e004652fcee95a3,2026-06-24T21:28:30.482476+00:00
S02_P08_damaged_label_stable_R04,S02,phone_a,P08,damaged_label,stable,4,348937a7c5b4230f0189ae42dacb10922599fce6e4e9ce6fdd2a1e97cbfd652c,2026-06-24T21:28:25.218350+00:00
S02_P08_damaged_label_stable_R05,S02,phone_a,P08,damaged_label,stable,5,d5f7082ae143f0a41146a71808ed06262eb60412556c10e773bfd9b4de3cb71c,2026-06-24T21:28:29.935403+00:00
S02_P08_damaged_label_stable_R06,S02,phone_a,P08,damaged_label,stable,6,d50daf6214ee08e7b4c5acc87c44d6543b28c54cd53158abe208935894395c73,2026-06-24T21:28:23.628249+00:00
S02_P08_damaged_label_stable_R07,S02,phone_a,P08,damaged_label,stable,7,6bc74397c4fbb454abbba17745e5460d85b51fcfea224ed45d355b60b7cc5b3a,2026-06-24T21:28:21.219626+00:00
S02_P08_damaged_label_stable_R08,S02,phone_a,P08,damaged_label,stable,8,48cad0c84f0e4cc6ea10806fdb573fd938093c3ad4bbb859073a34ef2c976f74,2026-06-24T21:28:20.652074+00:00
S02_P08_damaged_label_stable_R09,S02,phone_a,P08,damaged_label,stable,9,22dbe0b541feb625fec3a3b8e67422de860e766cc97143c440901a06932fbb80,2026-06-24T21:28:25.070790+00:00
S02_P08_damaged_label_stable_R10,S02,phone_a,P08,damaged_label,stable,10,5212a7ae1abff84377ab9e088577b979fc4a95c2e4846e8495f0ee3b7cd5d696,2026-06-24T21:28:21.622349+00:00
S03_P01_ok_mild_light_R01,S03,phone_a,P01,ok,mild_light,1,afe0e1f83e681682ed21b1507b73bbeae5a9252d0aee55d1495d44c0c89c8296,2026-06-24T21:29:05.083225+00:00
S03_P01_ok_side_shadow_R01,S03,phone_a,P01,ok,side_shadow,1,ebaba35150a94d707ed5abd598e4bd07b68f9ae8ee8719d31a782506e96afccc,2026-06-24T21:28:51.363660+00:00
S03_P01_ok_new_background_R01,S03,phone_a,P01,ok,new_background,1,5479b8a8b15203f1d972cb6ae3b34213e385f20aaa98f9ac4cdc827f652087a5,2026-06-24T21:29:05.836124+00:00
S03_P01_ok_glare_R01,S03,phone_a,P01,ok,glare,1,7c117adf54129fef0596d40bea1bba42a2a05154ce6244830780d90027aa72fc,2026-06-24T21:28:55.539071+00:00
S03_P01_missing_label_mild_light_R01,S03,phone_a,P01,missing_label,mild_light,1,42631e07db04eaa0c0803690f5a7feee3206903079eb86c81d6ecadca9e10d8a,2026-06-24T21:29:08.061921+00:00
S03_P01_missing_label_side_shadow_R01,S03,phone_a,P01,missing_label,side_shadow,1,b37b56ea7b3979139e6bc7474526ad30fa828a60e64e8402c2f33f0a0f22d1a4,2026-06-24T21:28:54.620218+00:00
S03_P01_missing_label_new_background_R01,S03,phone_a,P01,missing_label,new_background,1,818e2b0b7566cc77ed381d79fe47640909194965a7ed555aa70238d2211dc750,2026-06-24T21:29:06.150811+00:00
S03_P01_missing_label_glare_R01,S03,phone_a,P01,missing_label,glare,1,e8bba8ca4d1046a6f58e5c07a8fa537ca557bfbf6aaa0cc726666670318d1a51,2026-06-24T21:29:21.013970+00:00
S03_P01_misaligned_label_mild_light_R01,S03,phone_a,P01,misaligned_label,mild_light,1,fad93bb3b90fbd63d6b32d1b22d3b430fdfba142ffa4f1613aa1c6b7a22d798f,2026-06-24T21:29:08.707147+00:00
S03_P01_misaligned_label_side_shadow_R01,S03,phone_a,P01,misaligned_label,side_shadow,1,6aba0ef331199581f2d622e034bf86437708153f9d0c573b9f19fc52c3dfbd65,2026-06-24T21:29:21.185221+00:00
S03_P01_misaligned_label_new_background_R01,S03,phone_a,P01,misaligned_label,new_background,1,736e49a15cbb4a83d31cfedee37cd052442b56d69f713829194a14c8c299085e,2026-06-24T21:28:50.960673+00:00
S03_P01_misaligned_label_glare_R01,S03,phone_a,P01,misaligned_label,glare,1,e730041e913ee74e7a2ce1b927d311a278916242783a33fe265ae5b046e84e02,2026-06-24T21:29:10.949197+00:00
S03_P01_damaged_label_mild_light_R01,S03,phone_a,P01,damaged_label,mild_light,1,e75fae86d84bc64f88a60fde84b70be7fbe3f67604affa683a5f3e022fb8dfd3,2026-06-24T21:28:41.435501+00:00
S03_P01_damaged_label_side_shadow_R01,S03,phone_a,P01,damaged_label,side_shadow,1,22440126492fe10595e9f815ce313cd2b9a80b9bde3a6057b55af20d2013a488,2026-06-24T21:29:11.350853+00:00
S03_P01_damaged_label_new_background_R01,S03,phone_a,P01,damaged_label,new_background,1,292d6979993e6b80c7a4cad530a51ab3086389fab4f0f676f3c08cc6c0663c5a,2026-06-24T21:28:41.984010+00:00
S03_P01_damaged_label_glare_R01,S03,phone_a,P01,damaged_label,glare,1,adf6e43245054b370e9ef092b4e155b25bd171f7ecf56192d167cd4d5f1cef07,2026-06-24T21:29:04.194898+00:00
S03_P02_ok_mild_light_R01,S03,phone_a,P02,ok,mild_light,1,231d0079c9ecc1d382a9315c9f2a286ca999c8526f70f70d021d60e2f12db8ee,2026-06-24T21:29:00.371039+00:00
S03_P02_ok_side_shadow_R01,S03,phone_a,P02,ok,side_shadow,1,c4082a239933687099d8881f0602e549c1dc889575aa506875e011ffb6af91c7,2026-06-24T21:29:17.253491+00:00
S03_P02_ok_new_background_R01,S03,phone_a,P02,ok,new_background,1,422dd1a91487482b431d357b13139c261c054f93cf729c69542bdbe13b2c25df,2026-06-24T21:29:12.386323+00:00
S03_P02_ok_glare_R01,S03,phone_a,P02,ok,glare,1,86fb9feb55f5b70d84ce20043fd21c5c191de5f859d9bcfe57803cc4134cceab,2026-06-24T21:28:42.430847+00:00
S03_P02_missing_label_mild_light_R01,S03,phone_a,P02,missing_label,mild_light,1,0616c2e3fe4eea038f8b88269141f2a6307379efe1d5025f0a69ba7f23f79275,2026-06-24T21:28:50.703620+00:00
S03_P02_missing_label_side_shadow_R01,S03,phone_a,P02,missing_label,side_shadow,1,04cbacb8d624a812da1a639ab9860dc4581ff5702f211f64c64118bb46c66dbf,2026-06-24T21:28:40.174801+00:00
S03_P02_missing_label_new_background_R01,S03,phone_a,P02,missing_label,new_background,1,d001a34f7ccc5faa8f3a5a2c98368e82fa42ce00034cf5c8357d98e98adf666d,2026-06-24T21:28:41.698899+00:00
S03_P02_missing_label_glare_R01,S03,phone_a,P02,missing_label,glare,1,10d45bee3282b379c27f813ef1045f92d423448b6e6d4cc31158bec7c3e40dcf,2026-06-24T21:28:53.438942+00:00
S03_P02_misaligned_label_mild_light_R01,S03,phone_a,P02,misaligned_label,mild_light,1,18b3ad8439f5074d202646c757caa90676393ad02b0866d1e7a1d041ef5d9c6a,2026-06-24T21:28:47.589293+00:00
S03_P02_misaligned_label_side_shadow_R01,S03,phone_a,P02,misaligned_label,side_shadow,1,43c2b269afea35d511226d89bda8e04568a247137bf800d4a828827541db6646,2026-06-24T21:29:00.503229+00:00
S03_P02_misaligned_label_new_background_R01,S03,phone_a,P02,misaligned_label,new_background,1,95d033ee8e5cc1e2b91ad58363b969dbb05b7a09eb688f6045869c6646ad5649,2026-06-24T21:29:11.661882+00:00
S03_P02_misaligned_label_glare_R01,S03,phone_a,P02,misaligned_label,glare,1,7cd701eb323fd45213e4a3238541c63508eaba8b60f43d4f13f85a18e79f310f,2026-06-24T21:28:43.588801+00:00
S03_P02_damaged_label_mild_light_R01,S03,phone_a,P02,damaged_label,mild_light,1,3f7c9d3c271ce24b634189983758fe63faca6f8354dc25d8b60e55666c586e79,2026-06-24T21:29:15.884982+00:00
S03_P02_damaged_label_side_shadow_R01,S03,phone_a,P02,damaged_label,side_shadow,1,15b5072b1d18376bbf386ac891984bb3f7cec701a5262246a5e204f82e9c710b,2026-06-24T21:28:56.425831+00:00
S03_P02_damaged_label_new_background_R01,S03,phone_a,P02,damaged_label,new_background,1,cde4eba2b06ec5c7f5dd60db7e4548caa39a0afc563e957b9596f278dc649120,2026-06-24T21:28:45.659601+00:00
S03_P02_damaged_label_glare_R01,S03,phone_a,P02,damaged_label,glare,1,77313e42a8d24b38d52e1847ad01ca7ed3eae261842a946581140f1f5180b1e9,2026-06-24T21:29:03.014033+00:00
S03_P03_ok_mild_light_R01,S03,phone_a,P03,ok,mild_light,1,5aaaadae95500ed1756c9da56f59706964ea3ecf41403538dbb2dbf6e3c3aa77,2026-06-24T21:29:01.245107+00:00
S03_P03_ok_side_shadow_R01,S03,phone_a,P03,ok,side_shadow,1,e458bead91f2ff55c052cc0d168e15868712889bc4579d8d93eb31cb90f278c1,2026-06-24T21:28:43.206068+00:00
S03_P03_ok_new_background_R01,S03,phone_a,P03,ok,new_background,1,c65ad0be4ee2521f26e4fa69ae84e4b8bb69e7c50950fbd583df62ee4127b295,2026-06-24T21:29:20.439153+00:00
S03_P03_ok_glare_R01,S03,phone_a,P03,ok,glare,1,86e9857d325f38b608a41ddd7c57e37259a3abf99074226cd3477294d101ec29,2026-06-24T21:29:01.394437+00:00
S03_P03_missing_label_mild_light_R01,S03,phone_a,P03,missing_label,mild_light,1,b0168c339815eb49395db2ca20557581a1bebecf231e4f78e15450810cbe0625,2026-06-24T21:28:56.004288+00:00
S03_P03_missing_label_side_shadow_R01,S03,phone_a,P03,missing_label,side_shadow,1,782cef5f8247452c38d55541bcb398c19d31d95a06845a8a218732d0ac9da98e,2026-06-24T21:28:42.130123+00:00
S03_P03_missing_label_new_background_R01,S03,phone_a,P03,missing_label,new_background,1,a67e4569721bfd44d04dcd831036887c05538f03024dbe294aa6834757fd593c,2026-06-24T21:28:41.176744+00:00
S03_P03_missing_label_glare_R01,S03,phone_a,P03,missing_label,glare,1,0670ef04b4620a1f6abbb8be03d0a86d3f0fdd18b626c23619c38665bffac00e,2026-06-24T21:29:00.904379+00:00
S03_P03_misaligned_label_mild_light_R01,S03,phone_a,P03,misaligned_label,mild_light,1,ad61c824000c4037e3ebf8181cd7a0493321778de3fa7178a41774c786a6d3f1,2026-06-24T21:29:14.057772+00:00
S03_P03_misaligned_label_side_shadow_R01,S03,phone_a,P03,misaligned_label,side_shadow,1,fc8ee804a192d3c6ed4765565e68c536dc42427fd6096d4344543c7f7bd0c28b,2026-06-24T21:28:59.180897+00:00
S03_P03_misaligned_label_new_background_R01,S03,phone_a,P03,misaligned_label,new_background,1,b4619d9b28841cb15720541c32b14db3d3bd7133506705d5d8f71af011aa2bf6,2026-06-24T21:28:48.780442+00:00
S03_P03_misaligned_label_glare_R01,S03,phone_a,P03,misaligned_label,glare,1,6d8942971511fec132d8ae8148e30af1cc8ca03c16f856e22883be14db0b74ef,2026-06-24T21:29:12.940326+00:00
S03_P03_damaged_label_mild_light_R01,S03,phone_a,P03,damaged_label,mild_light,1,e6ecb26754ee44c7bbba8fe688533645a75c416e34d9316f59a832684c8384f8,2026-06-24T21:28:52.607546+00:00
S03_P03_damaged_label_side_shadow_R01,S03,phone_a,P03,damaged_label,side_shadow,1,94465dc290fc168277ecb743063705125bef2469d3c08a6c951b3d9c353503b8,2026-06-24T21:28:57.499805+00:00
S03_P03_damaged_label_new_background_R01,S03,phone_a,P03,damaged_label,new_background,1,627c500f45a5d3e6a0ecdd156de3ca890f3676bf600b34fe2475d365215f6441,2026-06-24T21:28:41.309698+00:00
S03_P03_damaged_label_glare_R01,S03,phone_a,P03,damaged_label,glare,1,40afdbf0aca3387f69c8dca3b98ab5d637e87ea63a950bd14103f0dc7720a13a,2026-06-24T21:28:57.644828+00:00
S03_P04_ok_mild_light_R01,S03,phone_a,P04,ok,mild_light,1,e212def5d1ec79ccb15b0f8eda96665f15eced8ef23faaa5142eb23bfd3eb19e,2026-06-24T21:29:06.337836+00:00
S03_P04_ok_side_shadow_R01,S03,phone_a,P04,ok,side_shadow,1,f63ba24ee5b3aa380da1cec3a67bd6f8362ec623fb6fc601e0badf06cc06d00c,2026-06-24T21:28:38.371380+00:00
S03_P04_ok_new_background_R01,S03,phone_a,P04,ok,new_background,1,23a5b034563a640e6563ca511a92c820f67b0e759e1142be95ac470078db753b,2026-06-24T21:29:18.079004+00:00
S03_P04_ok_glare_R01,S03,phone_a,P04,ok,glare,1,e67c756d917e0655d6177774d9e6961a01d9e2e3b9e0e67e16b9e1ab999a0356,2026-06-24T21:28:41.829565+00:00
S03_P04_missing_label_mild_light_R01,S03,phone_a,P04,missing_label,mild_light,1,74bdb4a16a716172a22617ef755b7266712e72438748b7743185e46707ae4508,2026-06-24T21:28:50.556286+00:00
S03_P04_missing_label_side_shadow_R01,S03,phone_a,P04,missing_label,side_shadow,1,f1ab6e45b92fbb017419b179c77f383a6ef007b4a92a887860bf9af46f9e463f,2026-06-24T21:28:52.954449+00:00
S03_P04_missing_label_new_background_R01,S03,phone_a,P04,missing_label,new_background,1,33e7e0f44fd7a85bcba88c17b7fbae5509c6565eb79bfb771e16b9bbf6d8bd5f,2026-06-24T21:28:55.107300+00:00
S03_P04_missing_label_glare_R01,S03,phone_a,P04,missing_label,glare,1,f1720fd1a47d555f754c6a8f4cb5e608ef6604c610ddb9ddfb9043355b6c29a1,2026-06-24T21:29:14.641804+00:00
S03_P04_misaligned_label_mild_light_R01,S03,phone_a,P04,misaligned_label,mild_light,1,e7798a02733985072fa15b6a9b7e2f1ffb4a3f387268b33a66ababb212a9de21,2026-06-24T21:29:08.211663+00:00
S03_P04_misaligned_label_side_shadow_R01,S03,phone_a,P04,misaligned_label,side_shadow,1,46155bb0069ea3e3b9a75bb59b1664c12f8ed916070b829a5c5e5eeeab1ea004,2026-06-24T21:29:01.832925+00:00
S03_P04_misaligned_label_new_background_R01,S03,phone_a,P04,misaligned_label,new_background,1,20834184f2fd10f458539203689d75cbd738b2b27b442d110a4357c154428b88,2026-06-24T21:28:46.930706+00:00
S03_P04_misaligned_label_glare_R01,S03,phone_a,P04,misaligned_label,glare,1,abee76fbb143100994c152cfc66d6bd803964d3433fd3de99ff652ac3f55f78c,2026-06-24T21:28:51.833447+00:00
S03_P04_damaged_label_mild_light_R01,S03,phone_a,P04,damaged_label,mild_light,1,46bdd67ddfe4c6d10a8b19a6488f467d7c1f92d589bb56dc43c0f56a0291bb2d,2026-06-24T21:29:06.497242+00:00
S03_P04_damaged_label_side_shadow_R01,S03,phone_a,P04,damaged_label,side_shadow,1,6ebe9b25ff9c8a33a134b2aa4e7f67c604d93294964cfea065dc70cc572c2fd5,2026-06-24T21:29:04.923512+00:00
S03_P04_damaged_label_new_background_R01,S03,phone_a,P04,damaged_label,new_background,1,d73d61e1218278ddc37254d59b84acb56febbb9074668ac9cbee034cd8dccaf9,2026-06-24T21:29:07.523347+00:00
S03_P04_damaged_label_glare_R01,S03,phone_a,P04,damaged_label,glare,1,803ac75c08d9640a2080efc549dfa989fb84654ece231d268bffbd5d0eed5c6e,2026-06-24T21:28:51.099014+00:00
S03_P05_ok_mild_light_R01,S03,phone_a,P05,ok,mild_light,1,094892ad2fb25ef6a278b3d3566c9e6149407183b8331b0e7aca4b6fada795e3,2026-06-24T21:28:44.585684+00:00
S03_P05_ok_side_shadow_R01,S03,phone_a,P05,ok,side_shadow,1,395b86208e2ea85a0dd08d25e827c3220578b5b432ea9a9a62e96320e9cc656b,2026-06-24T21:29:09.955450+00:00
S03_P05_ok_new_background_R01,S03,phone_a,P05,ok,new_background,1,ccd929b6a76f947e1e597ab0cdfd551e2adf1b72955d944eed9ffbdd7fee26d6,2026-06-24T21:29:22.026861+00:00
S03_P05_ok_glare_R01,S03,phone_a,P05,ok,glare,1,d67a3d86b0949256678dc4f4f141620c9301c0c58b3d64ce96e7d582d7112781,2026-06-24T21:29:18.943545+00:00
S03_P05_missing_label_mild_light_R01,S03,phone_a,P05,missing_label,mild_light,1,763546f3e2a44c5e4bb896b168d4e494a244ffb4215768873960d2844c20c71a,2026-06-24T21:28:39.505854+00:00
S03_P05_missing_label_side_shadow_R01,S03,phone_a,P05,missing_label,side_shadow,1,1ae4992e7967c7755881e2f4d8ad09277e57cb930ad851bce15b5c7c246e42e8,2026-06-24T21:28:51.663706+00:00
S03_P05_missing_label_new_background_R01,S03,phone_a,P05,missing_label,new_background,1,17b843f955c27da5668e792c6a6ad2588a456d03ff4c3f664145ce4328d916a0,2026-06-24T21:28:39.795142+00:00
S03_P05_missing_label_glare_R01,S03,phone_a,P05,missing_label,glare,1,0863ff594d080dbeceb749d81fab2c6f6c11cfa648f11533782778a0d0061c32,2026-06-24T21:29:00.641126+00:00
S03_P05_misaligned_label_mild_light_R01,S03,phone_a,P05,misaligned_label,mild_light,1,57f9b2d63df4081b51282d635c462c82db1900b5f34d99382c437c3cb0f3a9bc,2026-06-24T21:29:20.587440+00:00
S03_P05_misaligned_label_side_shadow_R01,S03,phone_a,P05,misaligned_label,side_shadow,1,9f4c0b875d51db8d4e65cfe2236c807b6f05dc7ee7ad1ecaed759ea53342ee27,2026-06-24T21:28:51.227968+00:00
S03_P05_misaligned_label_new_background_R01,S03,phone_a,P05,misaligned_label,new_background,1,2e66c006fe993669496cb49fae4249ad452567677973084d7802ca2c659b7edb,2026-06-24T21:29:16.042817+00:00
S03_P05_misaligned_label_glare_R01,S03,phone_a,P05,misaligned_label,glare,1,1f548fd14c13dde63ce8506c5dd33a950a57e02669f13df8b65c726d41ff2f54,2026-06-24T21:29:11.965060+00:00
S03_P05_damaged_label_mild_light_R01,S03,phone_a,P05,damaged_label,mild_light,1,1dede2f41ca31b99e9816ba3aae32f16f2adad6756dc10f44d99240ade9ee78b,2026-06-24T21:29:14.225476+00:00
S03_P05_damaged_label_side_shadow_R01,S03,phone_a,P05,damaged_label,side_shadow,1,0899ee39497a7c71c466b32f76458ce027b05b88407e4cb5f8b384ebe7fbc9ab,2026-06-24T21:28:37.552628+00:00
S03_P05_damaged_label_new_background_R01,S03,phone_a,P05,damaged_label,new_background,1,718b7d6d7129480d99b05ca8a904f6264259a4265e83196f6ddb9d9848323bb0,2026-06-24T21:29:02.536297+00:00
S03_P05_damaged_label_glare_R01,S03,phone_a,P05,damaged_label,glare,1,525ecd448c685c1e057d95820eb6e70c7348675c6abf0670e38128de46b64d24,2026-06-24T21:28:58.398844+00:00
S03_P06_ok_mild_light_R01,S03,phone_a,P06,ok,mild_light,1,cd0a100ede8d90771602b7239daa3a4396426869ad2ce61c4017915e2b6d579b,2026-06-24T21:29:21.829765+00:00
S03_P06_ok_side_shadow_R01,S03,phone_a,P06,ok,side_shadow,1,d7bbb30e73e5ea4bba7acf962b270a60bd0631248900f44dbfe4828983ba8c06,2026-06-24T21:29:16.680629+00:00
S03_P06_ok_new_background_R01,S03,phone_a,P06,ok,new_background,1,deba883af8ad9cccdd01ef6fe67b4fa7bdb86e5d5b0b9d0a9725d2bf1dd947d1,2026-06-24T21:29:10.809521+00:00
S03_P06_ok_glare_R01,S03,phone_a,P06,ok,glare,1,14a0dd05b6137236a7c09a73714e96e424ee595c00b3d4d2202a8491f1e419ac,2026-06-24T21:29:21.436937+00:00
S03_P06_missing_label_mild_light_R01,S03,phone_a,P06,missing_label,mild_light,1,5546484df19355cb10a9bb1b60167f57cfed7c900b0d9a773d06c7238a953c5d,2026-06-24T21:28:58.630523+00:00
S03_P06_missing_label_side_shadow_R01,S03,phone_a,P06,missing_label,side_shadow,1,0b6632f16181054fe0a56351b77353e1e38b0a6b67b38f1cd058109a41a69c1a,2026-06-24T21:28:49.910999+00:00
S03_P06_missing_label_new_background_R01,S03,phone_a,P06,missing_label,new_background,1,c4a5c5dde65273c83dac5c1ee7ce781d3823728a4f202f7f2045769c12f9cbed,2026-06-24T21:28:40.448404+00:00
S03_P06_missing_label_glare_R01,S03,phone_a,P06,missing_label,glare,1,c23448f8c9a2c5c36a04fe3a26413484b492cbed767ebdfa4c357211fb0c0015,2026-06-24T21:28:59.952702+00:00
S03_P06_misaligned_label_mild_light_R01,S03,phone_a,P06,misaligned_label,mild_light,1,841562670028fa4f2f410f9de53625acf21b99114cccd23d5dedd8826a1cafb6,2026-06-24T21:29:03.997129+00:00
S03_P06_misaligned_label_side_shadow_R01,S03,phone_a,P06,misaligned_label,side_shadow,1,d0eaad75645fb398e1c4b31d08130718b91c3bba8eb49adb3d04e6d231f29b6e,2026-06-24T21:28:47.286158+00:00
S03_P06_misaligned_label_new_background_R01,S03,phone_a,P06,misaligned_label,new_background,1,b3a68327d5c5bd13ccf0b2e673bb08feed0632fdf56c9f437ea0cd3e1016f2ae,2026-06-24T21:28:52.405333+00:00
S03_P06_misaligned_label_glare_R01,S03,phone_a,P06,misaligned_label,glare,1,48515aa3cee53f1f117b6bac969d356d1c0b1bcd920beebd9efcc4a904293ff4,2026-06-24T21:29:00.773071+00:00
S03_P06_damaged_label_mild_light_R01,S03,phone_a,P06,damaged_label,mild_light,1,06d21c6de507278bfaf7277fdb6e0eabc1e6105dde9f356b0de828ad103573ce,2026-06-24T21:29:00.241847+00:00
S03_P06_damaged_label_side_shadow_R01,S03,phone_a,P06,damaged_label,side_shadow,1,4e616cd55f251bd4bfdd819286662d5615bd3f3347b33a4cb8be5ba2a4a600d7,2026-06-24T21:29:21.309264+00:00
S03_P06_damaged_label_new_background_R01,S03,phone_a,P06,damaged_label,new_background,1,4d72f43ecfb241baf5b105310f899839c9fbeb49a3385ed320043591838ed56a,2026-06-24T21:28:37.867236+00:00
S03_P06_damaged_label_glare_R01,S03,phone_a,P06,damaged_label,glare,1,af2afa1256fed8aed6dbadd4344d9b17871d4ebc4b4af8ff1591feab36b06318,2026-06-24T21:28:46.208445+00:00
S03_P07_ok_mild_light_R01,S03,phone_a,P07,ok,mild_light,1,c7f78e2105109d5f7749f3729cf6fcca6b77e3e140d2b45c7ffba52c0a8abed7,2026-06-24T21:29:21.699894+00:00
S03_P07_ok_side_shadow_R01,S03,phone_a,P07,ok,side_shadow,1,20ce7bb6243cb8b67c1f799809b76b1c8dd87fc3c97188880981bde2e66c26d3,2026-06-24T21:29:11.209347+00:00
S03_P07_ok_new_background_R01,S03,phone_a,P07,ok,new_background,1,b9ee2ba90a78903c663c7708e63dcce444e67866e7897caceb20884b71b039c0,2026-06-24T21:28:48.208036+00:00
S03_P07_ok_glare_R01,S03,phone_a,P07,ok,glare,1,dac21104046e5c6af93f19b4a9d95fb54e64189015ecf3697138b6a02b1c7696,2026-06-24T21:28:56.816851+00:00
S03_P07_missing_label_mild_light_R01,S03,phone_a,P07,missing_label,mild_light,1,6b46985ceaad2280688868724fb364a22dfab142b9e6bfc9c30f24fbd13728d5,2026-06-24T21:29:10.530393+00:00
S03_P07_missing_label_side_shadow_R01,S03,phone_a,P07,missing_label,side_shadow,1,d74cfcba3c95c9ffeb9d3081f09dd152310f214c24cadf8dffff0f2bf3288a5d,2026-06-24T21:29:13.537111+00:00
S03_P07_missing_label_new_background_R01,S03,phone_a,P07,missing_label,new_background,1,a0591cbc6c207ddd8203c1414ac73014322d2b2dd00aed37eeca3e34ad8c8fa1,2026-06-24T21:28:45.837006+00:00
S03_P07_missing_label_glare_R01,S03,phone_a,P07,missing_label,glare,1,31851e92bd15c3fa69c74e4e25afdeb8594fad7efad88f82b995c823805bb276,2026-06-24T21:29:05.644257+00:00
S03_P07_misaligned_label_mild_light_R01,S03,phone_a,P07,misaligned_label,mild_light,1,478ebb9270bc5c5a423bdd5f0ed835bee7aa29c42e864a453f97562a19be897d,2026-06-24T21:29:03.164405+00:00
S03_P07_misaligned_label_side_shadow_R01,S03,phone_a,P07,misaligned_label,side_shadow,1,15c07e70d4b234ad5c24e47ba9f49b8edae0e62806af89fd5d681da64f342916,2026-06-24T21:28:54.094773+00:00
S03_P07_misaligned_label_new_background_R01,S03,phone_a,P07,misaligned_label,new_background,1,13fca78b4810a7930ec3d6fcdb352c64c83796c33e65ffd415eaa087cbb43570,2026-06-24T21:28:43.055991+00:00
S03_P07_misaligned_label_glare_R01,S03,phone_a,P07,misaligned_label,glare,1,9560ff258697f00abe9e6792bdf1e12a8157ffe147f90a90954d1e643ba0cc06,2026-06-24T21:28:38.960658+00:00
S03_P07_damaged_label_mild_light_R01,S03,phone_a,P07,damaged_label,mild_light,1,bb29ff7494a4375d1009fae8c98cdab8f875622280d13d563f13f9ffdaeeabdf,2026-06-24T21:28:37.319963+00:00
S03_P07_damaged_label_side_shadow_R01,S03,phone_a,P07,damaged_label,side_shadow,1,b1df62bf1241d0c7fbf6c95873b0b434953f4cf2ec4b9fee6d4ade56188bf30e,2026-06-24T21:29:11.078605+00:00
S03_P07_damaged_label_new_background_R01,S03,phone_a,P07,damaged_label,new_background,1,1fb63dc9c96f68face818342a04e25abb854ff7e62f0c37636b5eb43e90049ad,2026-06-24T21:29:19.540384+00:00
S03_P07_damaged_label_glare_R01,S03,phone_a,P07,damaged_label,glare,1,aa56f6e230e0aa34c6f979c8a42be5204c2cab86e3cacd8a3f83d453666a0146,2026-06-24T21:29:17.408034+00:00
S03_P08_ok_mild_light_R01,S03,phone_a,P08,ok,mild_light,1,10c808fd45a1684317a2b9a96f4acf6285dd2cc9805bc77d83ca2e2f94433f2a,2026-06-24T21:29:15.018131+00:00
S03_P08_ok_side_shadow_R01,S03,phone_a,P08,ok,side_shadow,1,21059cf49cc5202956f9dcb26cc136c80964d03a827fd6837c8259bb82835e45,2026-06-24T21:29:10.661237+00:00
S03_P08_ok_new_background_R01,S03,phone_a,P08,ok,new_background,1,cf93f0d587f94bf4c44f51bdca6b47beb87a178de75b2d5afde3da7b60bf7da3,2026-06-24T21:28:50.832104+00:00
S03_P08_ok_glare_R01,S03,phone_a,P08,ok,glare,1,ec6127aeee8a8068c46342a1e0160d580c93c4bf746d239de9aafd8fe5ad80cc,2026-06-24T21:28:49.010629+00:00
S03_P08_missing_label_mild_light_R01,S03,phone_a,P08,missing_label,mild_light,1,f39adcaf7fec692cefc574d9273b326350ccb9533d1e72fce0d132bb20258551,2026-06-24T21:28:45.075104+00:00
S03_P08_missing_label_side_shadow_R01,S03,phone_a,P08,missing_label,side_shadow,1,71efd7bc9499211c6850caa0138eed8aabc447977097f9ee3c02a8f76ee64108,2026-06-24T21:29:07.063494+00:00
S03_P08_missing_label_new_background_R01,S03,phone_a,P08,missing_label,new_background,1,4d26b3a027398eb5c2620818efc14c94f90162a51cbd325720d05f91c07dc758,2026-06-24T21:28:51.517146+00:00
S03_P08_missing_label_glare_R01,S03,phone_a,P08,missing_label,glare,1,a655a8157a4d990d393535961cdec2ac6202852c1a639f39f68f178e391c1995,2026-06-24T21:28:49.635084+00:00
S03_P08_misaligned_label_mild_light_R01,S03,phone_a,P08,misaligned_label,mild_light,1,2ed178c6b1f12286d20cbfe5efd795baee5157050c3cef13521ea5f423516aad,2026-06-24T21:29:09.590544+00:00
S03_P08_misaligned_label_side_shadow_R01,S03,phone_a,P08,misaligned_label,side_shadow,1,4c32c561246f66b7978b19a8fc55b02936be0364c4a7311fe166ea7493f2f13b,2026-06-24T21:29:08.972546+00:00
S03_P08_misaligned_label_new_background_R01,S03,phone_a,P08,misaligned_label,new_background,1,7834976e4f8ab2215b234907390f96f0c8e13f12f9f6c91e325fa5fb5d8fdf49,2026-06-24T21:29:18.228919+00:00
S03_P08_misaligned_label_glare_R01,S03,phone_a,P08,misaligned_label,glare,1,14e4df1004d38fa3487b2bbd9ef9062d244373243407a40b45e8e9d38d87745a,2026-06-24T21:28:59.438974+00:00
S03_P08_damaged_label_mild_light_R01,S03,phone_a,P08,damaged_label,mild_light,1,c065d09b2f464f52987f995f6ee85aaae79e0ea9fc483a1320a892a0652146f2,2026-06-24T21:28:44.268783+00:00
S03_P08_damaged_label_side_shadow_R01,S03,phone_a,P08,damaged_label,side_shadow,1,5ead24b1020467528880df173bc2c729ee60cb3f5e4a885cd32684da12441719,2026-06-24T21:29:19.935232+00:00
S03_P08_damaged_label_new_background_R01,S03,phone_a,P08,damaged_label,new_background,1,c94c9a284054b9b1e40807fd81c2aaa4a5b17e57d53100aff52ab18e52f1a0c1,2026-06-24T21:28:41.562162+00:00
S03_P08_damaged_label_glare_R01,S03,phone_a,P08,damaged_label,glare,1,80ab6265d17030e889ac81d507818bcb34b9c59497e34a8204285b0c72730d1f,2026-06-24T21:29:21.573401+00:00
S04_P01_ok_motion_blur_R01,S04,phone_a,P01,ok,motion_blur,1,d12c439476f6a4ccddf740be98951caee99a72926fe416647d6b7077029c7828,2026-06-24T21:30:06.614779+00:00
S04_P01_ok_viewpoint_45_R01,S04,phone_a,P01,ok,viewpoint_45,1,7fdef9b79142b9ddf21b3e219208905fd7f1728bb48cf559af55541987cc9b23,2026-06-24T21:30:01.939022+00:00
S04_P01_ok_distance_scale_R01,S04,phone_a,P01,ok,distance_scale,1,69c211514b5a188e98e0a562d13f821a805a52dd0e70deac3730effc2e6608bc,2026-06-24T21:29:39.474299+00:00
S04_P01_missing_label_motion_blur_R01,S04,phone_a,P01,missing_label,motion_blur,1,f170b29b8d6a7d712273e24e5e1dd0353493e61874b493c1591c169bc2c2bfb4,2026-06-24T21:30:10.775861+00:00
S04_P01_missing_label_viewpoint_45_R01,S04,phone_a,P01,missing_label,viewpoint_45,1,ea70cb96522cbc06884e79924ad662c1acb3e6fead61d1cf3d7e4552d52eb9aa,2026-06-24T21:29:54.478950+00:00
S04_P01_missing_label_distance_scale_R01,S04,phone_a,P01,missing_label,distance_scale,1,15fe7cae6aaacb7b9dd761ca1364e688b47c24e2fee3a7896fcd3c41e6e79897,2026-06-24T21:30:03.884089+00:00
S04_P01_misaligned_label_motion_blur_R01,S04,phone_a,P01,misaligned_label,motion_blur,1,56fb5c887e5e3da6d52c9f6c801bff484595a8c1033a929edadbdb030c1568ee,2026-06-24T21:29:59.117581+00:00
S04_P01_misaligned_label_viewpoint_45_R01,S04,phone_a,P01,misaligned_label,viewpoint_45,1,ceb05d4706944fb450ea6cafd8137ffaa0d6bdf024a6c69d5ad8ed624a6b47b5,2026-06-24T21:30:14.453684+00:00
S04_P01_misaligned_label_distance_scale_R01,S04,phone_a,P01,misaligned_label,distance_scale,1,70824deba348d8bf23ff4d8d9f20e68193a61ea7dee9d9b34b53a92c9273a017,2026-06-24T21:30:02.695279+00:00
S04_P01_damaged_label_motion_blur_R01,S04,phone_a,P01,damaged_label,motion_blur,1,4a50fccb8a2a7b2f8eca3538283226f02ad4eda926f5dd4fe971c93311ae7421,2026-06-24T21:29:57.977886+00:00
S04_P01_damaged_label_viewpoint_45_R01,S04,phone_a,P01,damaged_label,viewpoint_45,1,b0256ecc0b0c032f536bd4d22b564ed014e53f6ff8d733e700aced216b5ed0d3,2026-06-24T21:29:56.727878+00:00
S04_P01_damaged_label_distance_scale_R01,S04,phone_a,P01,damaged_label,distance_scale,1,93b859987cd73b8748a3d154b14e98882e9340d0e4d7bb8116c54a1f07406e18,2026-06-24T21:29:44.381712+00:00
S04_P02_ok_motion_blur_R01,S04,phone_a,P02,ok,motion_blur,1,dac47f22f6415c0d98dbeebe518a3608d05626bb413a2b259583fd1335d2f508,2026-06-24T21:30:00.938981+00:00
S04_P02_ok_viewpoint_45_R01,S04,phone_a,P02,ok,viewpoint_45,1,9311b11b2e0094dc46ac793b2c1ec0150b47c16f505ccfbb6bd82d86a36c78cd,2026-06-24T21:29:41.559777+00:00
S04_P02_ok_distance_scale_R01,S04,phone_a,P02,ok,distance_scale,1,c7a906dd32f47afc6166886cc2771033819a7d19fa30e9845925b3fe197267ed,2026-06-24T21:29:44.640053+00:00
S04_P02_missing_label_motion_blur_R01,S04,phone_a,P02,missing_label,motion_blur,1,078f749ca4639fdfcf46cf55739b05ef299ef3ef9a7567940007e14dbf07e5d6,2026-06-24T21:30:12.650543+00:00
S04_P02_missing_label_viewpoint_45_R01,S04,phone_a,P02,missing_label,viewpoint_45,1,82f696f06e29a5a02c62cf211e182c4c64bbdf227514a57f4e54506195a8d09e,2026-06-24T21:29:50.184225+00:00
S04_P02_missing_label_distance_scale_R01,S04,phone_a,P02,missing_label,distance_scale,1,d6bde3dcbe4614a68f53a885a3eb8a4c55352e4d4d07c3615ace4dd7a828403f,2026-06-24T21:30:08.820977+00:00
S04_P02_misaligned_label_motion_blur_R01,S04,phone_a,P02,misaligned_label,motion_blur,1,86c2aeb42a03b6fc9a9e579351993580009aaae20894e155df130bb7b891c482,2026-06-24T21:29:44.125190+00:00
S04_P02_misaligned_label_viewpoint_45_R01,S04,phone_a,P02,misaligned_label,viewpoint_45,1,d7467912dfedeb2d33d83a271cefb1951f7788ac20d8213049141b006ec8717e,2026-06-24T21:30:09.699750+00:00
S04_P02_misaligned_label_distance_scale_R01,S04,phone_a,P02,misaligned_label,distance_scale,1,ad4c17f16c6d42e93e0df2d03d7504bc7356d60df7871f3fdf28fd7cf7d03cf6,2026-06-24T21:30:05.563280+00:00
S04_P02_damaged_label_motion_blur_R01,S04,phone_a,P02,damaged_label,motion_blur,1,ba1e451754955bdf298b3757d646be059a772a60205291a67db134cd0883997d,2026-06-24T21:29:58.133584+00:00
S04_P02_damaged_label_viewpoint_45_R01,S04,phone_a,P02,damaged_label,viewpoint_45,1,945fddd920a327c65572975ec206e508339d3352e329f3cdcc45bbad2c488bb2,2026-06-24T21:30:10.457654+00:00
S04_P02_damaged_label_distance_scale_R01,S04,phone_a,P02,damaged_label,distance_scale,1,6ec7c1df93ed36351ca6d99c40761cbd0d9b44c02c91e355cd3a1d1b50334bab,2026-06-24T21:29:40.843045+00:00
S04_P03_ok_motion_blur_R01,S04,phone_a,P03,ok,motion_blur,1,f2b881061489a330269e7a0b8a11ef725116360066074354319e8cc068c61fcd,2026-06-24T21:29:43.870234+00:00
S04_P03_ok_viewpoint_45_R01,S04,phone_a,P03,ok,viewpoint_45,1,fffa93eac105e42a29e5025014e31b9419a4d5e5771796e4dc7ec4f919cee9d3,2026-06-24T21:30:09.429794+00:00
S04_P03_ok_distance_scale_R01,S04,phone_a,P03,ok,distance_scale,1,997d8c5202419642d6ad26433775aeab2954de17b373cef21266bf0aa9849484,2026-06-24T21:29:53.860370+00:00
S04_P03_missing_label_motion_blur_R01,S04,phone_a,P03,missing_label,motion_blur,1,7ed78a7542d44050298d6838d2cfe76caf99929799099816366ee963c55ebc3b,2026-06-24T21:30:03.465685+00:00
S04_P03_missing_label_viewpoint_45_R01,S04,phone_a,P03,missing_label,viewpoint_45,1,0d51d4fb0d4b967efddfeb9aa0d9b7890d318c9202788679075b0d3f53c6194d,2026-06-24T21:29:51.501722+00:00
S04_P03_missing_label_distance_scale_R01,S04,phone_a,P03,missing_label,distance_scale,1,c67613521198ffcab18122a9603127d33315ba22af892e936d99f4728590dbf5,2026-06-24T21:30:14.947628+00:00
S04_P03_misaligned_label_motion_blur_R01,S04,phone_a,P03,misaligned_label,motion_blur,1,ef5ebb6791f5c2e52ebc291a54c518c77fa20a1bd4df4af67a52f809dda72884,2026-06-24T21:30:08.315422+00:00
S04_P03_misaligned_label_viewpoint_45_R01,S04,phone_a,P03,misaligned_label,viewpoint_45,1,a43d238c25d35cb143bf1a3b317902515660baba1da3ad57775ed2a0e95c7a58,2026-06-24T21:29:52.895796+00:00
S04_P03_misaligned_label_distance_scale_R01,S04,phone_a,P03,misaligned_label,distance_scale,1,efbfd0207bfe935a686c5447a1d3a140a5cd96af76d46ceba7df81796f3485db,2026-06-24T21:30:11.562309+00:00
S04_P03_damaged_label_motion_blur_R01,S04,phone_a,P03,damaged_label,motion_blur,1,8ad88379302022669a3cc2be9ffc7f35459224da3441eb6ddaf7c2c0f3473f78,2026-06-24T21:29:51.730995+00:00
S04_P03_damaged_label_viewpoint_45_R01,S04,phone_a,P03,damaged_label,viewpoint_45,1,bbfbf5ab03043b14ef48d516fff76ba1f3404f648a4d22435ffc1fea17df13b4,2026-06-24T21:29:44.774669+00:00
S04_P03_damaged_label_distance_scale_R01,S04,phone_a,P03,damaged_label,distance_scale,1,b855a5a371570c334a0682406b283b3bd3c57dacae2a3a66b843b30e6cb84458,2026-06-24T21:30:09.829922+00:00
S04_P04_ok_motion_blur_R01,S04,phone_a,P04,ok,motion_blur,1,2e2d655da8a32a7e488edea8fad7fc66ec9d7f1cb7305f9625eedfef9d3eab52,2026-06-24T21:30:09.956950+00:00
S04_P04_ok_viewpoint_45_R01,S04,phone_a,P04,ok,viewpoint_45,1,fe1629c67e637eba5c16dae951257989c9bd3d6ab2c0cff0c254ddc330c30e04,2026-06-24T21:29:59.942206+00:00
S04_P04_ok_distance_scale_R01,S04,phone_a,P04,ok,distance_scale,1,7675f4c6a17299dc132ee74c9b1a715c5244e727ec02f625d6431b144566efdf,2026-06-24T21:30:13.736373+00:00
S04_P04_missing_label_motion_blur_R01,S04,phone_a,P04,missing_label,motion_blur,1,c353d17991ddaa79cc271b0a08c01d1f869b33bebe345280ae2c9b80e6fc738b,2026-06-24T21:29:57.003144+00:00
S04_P04_missing_label_viewpoint_45_R01,S04,phone_a,P04,missing_label,viewpoint_45,1,c7f37f5d2765dce122b471dac2e5f96c6f6b254e8eeab1976d22826df0c9f3dd,2026-06-24T21:29:56.857453+00:00
S04_P04_missing_label_distance_scale_R01,S04,phone_a,P04,missing_label,distance_scale,1,9f44c7f7bc181615aa0d1be71c1742b3a3a66f2482efe44ea4098a063f770469,2026-06-24T21:29:54.641023+00:00
S04_P04_misaligned_label_motion_blur_R01,S04,phone_a,P04,misaligned_label,motion_blur,1,dcb572b99c1d34c3fde29adf9659cc8e0cb4f1bac69d55241955feba199d0ac9,2026-06-24T21:29:43.331985+00:00
S04_P04_misaligned_label_viewpoint_45_R01,S04,phone_a,P04,misaligned_label,viewpoint_45,1,51cb567e0de88677c7835771e847beff8cd930ffee430a5632f5b4975e3f0d3d,2026-06-24T21:30:07.314790+00:00
S04_P04_misaligned_label_distance_scale_R01,S04,phone_a,P04,misaligned_label,distance_scale,1,d22697a94da9db263e7d336b31b40d2a1cb4246d9c4e637b5c64a046468b30b8,2026-06-24T21:29:49.692639+00:00
S04_P04_damaged_label_motion_blur_R01,S04,phone_a,P04,damaged_label,motion_blur,1,eb651a61ed4602b7b6e2187e8089290f19a5c3fc44b93d4f6dc9327a7e770e8b,2026-06-24T21:29:57.351358+00:00
S04_P04_damaged_label_viewpoint_45_R01,S04,phone_a,P04,damaged_label,viewpoint_45,1,3bbf0b165f5aa24c416baaad7e0ce68232feb560bf28a9d63ba784f847def62c,2026-06-24T21:30:04.840042+00:00
S04_P04_damaged_label_distance_scale_R01,S04,phone_a,P04,damaged_label,distance_scale,1,895a9ccc9921639371646941be8d4138ffd9fbc240a1e21095a03d5c85b35507,2026-06-24T21:30:07.815271+00:00
S04_P05_ok_motion_blur_R01,S04,phone_a,P05,ok,motion_blur,1,5b1bb01943e28597e45734f413f0b3905d0ee53dfb44ecf78153d6ae72acc1a9,2026-06-24T21:29:46.490940+00:00
S04_P05_ok_viewpoint_45_R01,S04,phone_a,P05,ok,viewpoint_45,1,2d747c19b26b195f277ad17e75977e6c79e90ca3d8363b542b8d613d1536fa1d,2026-06-24T21:29:56.458674+00:00
S04_P05_ok_distance_scale_R01,S04,phone_a,P05,ok,distance_scale,1,71559fe73285953a774277ff2e99c5375575872dd32808578f842e3d2a22d8d4,2026-06-24T21:29:55.487915+00:00
S04_P05_missing_label_motion_blur_R01,S04,phone_a,P05,missing_label,motion_blur,1,0667401a881f3d53bbe5db21792b7875693a1dbcd2744af5644eb397f0f8f0a8,2026-06-24T21:29:54.986093+00:00
S04_P05_missing_label_viewpoint_45_R01,S04,phone_a,P05,missing_label,viewpoint_45,1,585cbb92742062df133ad5c6a58d39b1310bc0a1e74b1ae0b709b518b8692ad9,2026-06-24T21:29:42.739658+00:00
S04_P05_missing_label_distance_scale_R01,S04,phone_a,P05,missing_label,distance_scale,1,24c585729250a92c0ad6a77b0f201251836f16f5524d4a19d439171cbaa6f611,2026-06-24T21:29:54.317257+00:00
S04_P05_misaligned_label_motion_blur_R01,S04,phone_a,P05,misaligned_label,motion_blur,1,0c4d7aa323690f8b17cf021fda9a5b37f869f138c9c83c5e4d150bb0e7d5954c,2026-06-24T21:29:42.014882+00:00
S04_P05_misaligned_label_viewpoint_45_R01,S04,phone_a,P05,misaligned_label,viewpoint_45,1,2b7942dc28274b1d61a767f72cd3b3c57125a67551a44ab90f50381378f996cc,2026-06-24T21:29:56.184782+00:00
S04_P05_misaligned_label_distance_scale_R01,S04,phone_a,P05,misaligned_label,distance_scale,1,de9200d230ff4b940a7d75fd724cf35b351c89c722f209d66f63668f366137ed,2026-06-24T21:29:58.965344+00:00
S04_P05_damaged_label_motion_blur_R01,S04,phone_a,P05,damaged_label,motion_blur,1,464aff7c28b83131687b88df7411b796e1e317c5e1dcbbe8b751eb5f503b2bc5,2026-06-24T21:30:03.212271+00:00
S04_P05_damaged_label_viewpoint_45_R01,S04,phone_a,P05,damaged_label,viewpoint_45,1,a7ec4066582559a8ef53c0e6d0724256eb5688fcd31335cde9955cd154a1eed5,2026-06-24T21:29:56.595715+00:00
S04_P05_damaged_label_distance_scale_R01,S04,phone_a,P05,damaged_label,distance_scale,1,f670acdda26518fb474d026a1b7bdec818b7e610af7f5962adde5d6fb4e0dfb1,2026-06-24T21:29:47.099497+00:00
S04_P06_ok_motion_blur_R01,S04,phone_a,P06,ok,motion_blur,1,8c2a8e980fe61a192303d7e57e652974d7022ee64f74e27ca3805446a39807a2,2026-06-24T21:30:01.518573+00:00
S04_P06_ok_viewpoint_45_R01,S04,phone_a,P06,ok,viewpoint_45,1,44a64b6d4091445c5ddd67cb62e18b09c5b8bf4c779f8a00f3c24cb49cb59e64,2026-06-24T21:29:47.653293+00:00
S04_P06_ok_distance_scale_R01,S04,phone_a,P06,ok,distance_scale,1,824209449d195dd9794a2bf8e5bcb30ed54808791bff3c5a37318b5266e88768,2026-06-24T21:29:51.341674+00:00
S04_P06_missing_label_motion_blur_R01,S04,phone_a,P06,missing_label,motion_blur,1,54845e9d3182e3b86e8acbfe35b6567e4e9d84322b10e5e5af4caeb560024a08,2026-06-24T21:30:10.188903+00:00
S04_P06_missing_label_viewpoint_45_R01,S04,phone_a,P06,missing_label,viewpoint_45,1,13c1e37ec834df69ef38fd58bae531c38ec95396260cbadf5b96f3ab1f785179,2026-06-24T21:30:05.936454+00:00
S04_P06_missing_label_distance_scale_R01,S04,phone_a,P06,missing_label,distance_scale,1,77268d41ab1bae18457c8dca4b6ad08e91899282a2951b1430cac30022f3b843,2026-06-24T21:29:52.375521+00:00
S04_P06_misaligned_label_motion_blur_R01,S04,phone_a,P06,misaligned_label,motion_blur,1,8f7531af4f4ff4781788cdb9e961fe7ef461c53eb7f7e70bf1105851d3a27825,2026-06-24T21:29:39.213567+00:00
S04_P06_misaligned_label_viewpoint_45_R01,S04,phone_a,P06,misaligned_label,viewpoint_45,1,1ded502b5469f149f457d0dc3382472c0e613a9c6fb3affb53c72c0b6112eb65,2026-06-24T21:29:45.683281+00:00
S04_P06_misaligned_label_distance_scale_R01,S04,phone_a,P06,misaligned_label,distance_scale,1,0c097475a01c916ed32547183c8f0af2be0d99871b07a2e247b4095c7a3d8fcb,2026-06-24T21:29:48.143357+00:00
S04_P06_damaged_label_motion_blur_R01,S04,phone_a,P06,damaged_label,motion_blur,1,2882fd0de1c40d411af629468eec993bc1835a7fffab7d2914e3bbfdb7397a90,2026-06-24T21:30:04.221067+00:00
S04_P06_damaged_label_viewpoint_45_R01,S04,phone_a,P06,damaged_label,viewpoint_45,1,57adb5385e9f9608e6f019c982b041a4030295ce538a5a61e40f7bd8c75575f7,2026-06-24T21:29:55.841285+00:00
S04_P06_damaged_label_distance_scale_R01,S04,phone_a,P06,damaged_label,distance_scale,1,62236f4ecf3dbce8de7b86c33b47d2b43d97e3b87812880f466448468b07340e,2026-06-24T21:29:39.957858+00:00
S04_P07_ok_motion_blur_R01,S04,phone_a,P07,ok,motion_blur,1,50ca487ea168dd327a6955790607eb51ea93eb4d861b44d69c59eceb61576b1c,2026-06-24T21:29:56.326776+00:00
S04_P07_ok_viewpoint_45_R01,S04,phone_a,P07,ok,viewpoint_45,1,023e77902b3981f0080b656e3bc4c002a352c68a1c2c8c86281deaede1e3f6ac,2026-06-24T21:29:42.216786+00:00
S04_P07_ok_distance_scale_R01,S04,phone_a,P07,ok,distance_scale,1,36d33c2cb8cfd7dfdea79af7c69b3de0d17a756fc06c9467ce0d18a89f8cfa19,2026-06-24T21:29:49.228010+00:00
S04_P07_missing_label_motion_blur_R01,S04,phone_a,P07,missing_label,motion_blur,1,9145bd09e8b21af153e8a232a7f053fd36cc064f437ef5b74211a394f072e21f,2026-06-24T21:29:46.100404+00:00
S04_P07_missing_label_viewpoint_45_R01,S04,phone_a,P07,missing_label,viewpoint_45,1,711780fafe669e83b505dbf1ba84a71af45a985dcbaddf74ffef3cd17a0989fc,2026-06-24T21:30:13.552826+00:00
S04_P07_missing_label_distance_scale_R01,S04,phone_a,P07,missing_label,distance_scale,1,38a4b4f39b688aa41e92ef7b7752f32d17ce3e2048fc1a287b8df2bab00232c3,2026-06-24T21:29:48.602520+00:00
S04_P07_misaligned_label_motion_blur_R01,S04,phone_a,P07,misaligned_label,motion_blur,1,651487e81512f1212001d81802bb67dd13aff8b8530db5b3129dfdff9636060e,2026-06-24T21:30:00.143260+00:00
S04_P07_misaligned_label_viewpoint_45_R01,S04,phone_a,P07,misaligned_label,viewpoint_45,1,817aa6269d258e72695c4837351619331172e228f94f0307064e2d44e2e0953a,2026-06-24T21:30:02.092282+00:00
S04_P07_misaligned_label_distance_scale_R01,S04,phone_a,P07,misaligned_label,distance_scale,1,a9d50105d2c38af24df1dc7517eb54caf73e1343af0327d5eb561b5539b23525,2026-06-24T21:30:09.300846+00:00
S04_P07_damaged_label_motion_blur_R01,S04,phone_a,P07,damaged_label,motion_blur,1,8c8187819b6b5e88459de4963b51eb5ac8f8eb4b0d9b40e34140a08079e34ba1,2026-06-24T21:29:44.919902+00:00
S04_P07_damaged_label_viewpoint_45_R01,S04,phone_a,P07,damaged_label,viewpoint_45,1,461cdf56870a88b6454564ee88112b9d80e750a6baad35d910047a75274a1ffe,2026-06-24T21:30:09.560196+00:00
S04_P07_damaged_label_distance_scale_R01,S04,phone_a,P07,damaged_label,distance_scale,1,432a2c073392826e4e2cd3ad6ccbfe5c6850fe07f8c04ff972ea4559ed88f679,2026-06-24T21:30:13.003718+00:00
S04_P08_ok_motion_blur_R01,S04,phone_a,P08,ok,motion_blur,1,4a5e7122dcb1ce5cb2f5a0ebb4b9673d0970b10004b9cd94ce7e144e6e37794b,2026-06-24T21:29:40.643513+00:00
S04_P08_ok_viewpoint_45_R01,S04,phone_a,P08,ok,viewpoint_45,1,b8d3b46b30e13866e086f9497ab77370ccf408c337e59dfd5766b62f3ac36b1d,2026-06-24T21:29:44.508748+00:00
S04_P08_ok_distance_scale_R01,S04,phone_a,P08,ok,distance_scale,1,d93d78703866d70ffe82d3a37b3cf3363561e4906662a74e491c5089d2a6ac1e,2026-06-24T21:29:51.083673+00:00
S04_P08_missing_label_motion_blur_R01,S04,phone_a,P08,missing_label,motion_blur,1,c7e92c57e59b724ddef8009c947344b0ee15e874b8022295b7418b92423afe6f,2026-06-24T21:30:12.273617+00:00
S04_P08_missing_label_viewpoint_45_R01,S04,phone_a,P08,missing_label,viewpoint_45,1,de9e4075e8b3ab7aaa011056781d93625adb43dd4cb53946754937f6590d7a95,2026-06-24T21:29:44.253833+00:00
S04_P08_missing_label_distance_scale_R01,S04,phone_a,P08,missing_label,distance_scale,1,aead90f4e30e3b9ed113a2d1dcfa5d03fbbf964d9842f31f173e24d3edfc4785,2026-06-24T21:29:50.489508+00:00
S04_P08_misaligned_label_motion_blur_R01,S04,phone_a,P08,misaligned_label,motion_blur,1,ce9eb73ef194081a29a03688788e7904e0a720daad6af78205b13538ac53ad14,2026-06-24T21:30:06.329177+00:00
S04_P08_misaligned_label_viewpoint_45_R01,S04,phone_a,P08,misaligned_label,viewpoint_45,1,f196fb992bfd61afebab4d158dce1de9241db358e94375c75ac224cfe0f254fb,2026-06-24T21:29:45.075627+00:00
S04_P08_misaligned_label_distance_scale_R01,S04,phone_a,P08,misaligned_label,distance_scale,1,bc78c848911fc583e82aca03d90d76f9fc8e3281d13aa924b6471b89f11ca05c,2026-06-24T21:29:53.339702+00:00
S04_P08_damaged_label_motion_blur_R01,S04,phone_a,P08,damaged_label,motion_blur,1,c08d74bb98cfe2d8de82f640ec8f3565d32906e0a66fc947f5804ac1f79c2d2c,2026-06-24T21:30:11.953844+00:00
S04_P08_damaged_label_viewpoint_45_R01,S04,phone_a,P08,damaged_label,viewpoint_45,1,1373b0b045a89cf5223907a9aea01363f2caa8d3d23000f8e5b2d7ce2c873402,2026-06-24T21:29:47.258289+00:00
S04_P08_damaged_label_distance_scale_R01,S04,phone_a,P08,damaged_label,distance_scale,1,e9e7a506d71e7991a1efdc19873b6974873848cea1378cfff94eac370a259791,2026-06-24T21:30:01.166687+00:00
S05_P01_ok_mild_light_R01,S05,phone_a,P01,ok,mild_light,1,d087af15e6c3e7d741bdde2b558f20da53cda81bdd7455fab94e14713d9e2723,2026-06-24T21:31:11.961895+00:00
S05_P01_ok_side_shadow_R01,S05,phone_a,P01,ok,side_shadow,1,475c75e36280e295e640be9420e5bde7289b1fd2254db5591142d57593c40775,2026-06-24T21:31:08.518074+00:00
S05_P01_ok_new_background_R01,S05,phone_a,P01,ok,new_background,1,fd70245180f21cdac8d9a3a6d6dffdfec0a3aa897f6cddee2b4db7b693822486,2026-06-24T21:30:39.526753+00:00
S05_P01_ok_glare_R01,S05,phone_a,P01,ok,glare,1,553678302298dd3f809d2254af85031e5944fe94e3476c417e95a2984b926a0d,2026-06-24T21:31:16.037710+00:00
S05_P01_missing_label_mild_light_R01,S05,phone_a,P01,missing_label,mild_light,1,59678942d7cebefb890f69b744b68de0c6ecea8ee2b41a25a7e9764c599fa83a,2026-06-24T21:30:36.417673+00:00
S05_P01_missing_label_side_shadow_R01,S05,phone_a,P01,missing_label,side_shadow,1,b21597becf80f3bfc6327347a00431272e13f6da35a3beba39b4da3fcaec5906,2026-06-24T21:31:09.222403+00:00
S05_P01_missing_label_new_background_R01,S05,phone_a,P01,missing_label,new_background,1,96584ec34a4fe2ff7ed852641a9f3e00bc37a3041bc2af670beb31ea898eebe3,2026-06-24T21:31:17.742625+00:00
S05_P01_missing_label_glare_R01,S05,phone_a,P01,missing_label,glare,1,ae74ca847c6c6621e1714dab677fd633d38a48a9a47bee168cfd0d9a355ccdcb,2026-06-24T21:31:14.341485+00:00
S05_P01_misaligned_label_mild_light_R01,S05,phone_a,P01,misaligned_label,mild_light,1,10a29fbcd8241cb3ce3f0128a374d4e3ec8868662931ad4eee5e424f207b6f72,2026-06-24T21:30:39.388293+00:00
S05_P01_misaligned_label_side_shadow_R01,S05,phone_a,P01,misaligned_label,side_shadow,1,4b1e8d7687c39efc27de4f38e131f6f87f19068c573abab679d4c1935a0b955a,2026-06-24T21:31:00.203427+00:00
S05_P01_misaligned_label_new_background_R01,S05,phone_a,P01,misaligned_label,new_background,1,5c6baf5bd6e3ab6842711e418419ed5920895ee7d050d9fa7b401a6ae80e391b,2026-06-24T21:31:19.206825+00:00
S05_P01_misaligned_label_glare_R01,S05,phone_a,P01,misaligned_label,glare,1,af86d6239a2be83f994099dda00ac633c31b160377f62dde6e0bee175e177ce4,2026-06-24T21:31:01.322622+00:00
S05_P01_damaged_label_mild_light_R01,S05,phone_a,P01,damaged_label,mild_light,1,cd755fdf215da3760a3f28499a7618384a7004ccd0a4c3e9b33c78259b080799,2026-06-24T21:30:37.858657+00:00
S05_P01_damaged_label_side_shadow_R01,S05,phone_a,P01,damaged_label,side_shadow,1,a873c925cc91837b2dc042d109fe0703e597070443266761e59c60924886f840,2026-06-24T21:31:18.505266+00:00
S05_P01_damaged_label_new_background_R01,S05,phone_a,P01,damaged_label,new_background,1,3705fc5313344a138773ee67f4ba2da042b525a8925691c7e0ac48be4c522b3e,2026-06-24T21:30:48.040541+00:00
S05_P01_damaged_label_glare_R01,S05,phone_a,P01,damaged_label,glare,1,fde095e14080c411298969b1d8876f6263199246caafaf5700e9913ea7c8cbb8,2026-06-24T21:30:40.163049+00:00
S05_P02_ok_mild_light_R01,S05,phone_a,P02,ok,mild_light,1,e23b46a8a4e81bb4cf20e201605fcffa05218f1e8ea0011f1ac22b1509ebe41b,2026-06-24T21:30:39.126276+00:00
S05_P02_ok_side_shadow_R01,S05,phone_a,P02,ok,side_shadow,1,7b70617a871e408c593e00e80ff6b254c41672bd195384a66796fdcbf9fbeac1,2026-06-24T21:30:33.672192+00:00
S05_P02_ok_new_background_R01,S05,phone_a,P02,ok,new_background,1,68a068ae8cefd7318279c8445388ba2df2f81b6c0cedd9e633481bf37ef4872b,2026-06-24T21:31:13.633922+00:00
S05_P02_ok_glare_R01,S05,phone_a,P02,ok,glare,1,1d3aa7dc1776805a01e0f1b253b3cf53e69f4cc6405bde5d67fd4673b7b07e01,2026-06-24T21:31:07.084395+00:00
S05_P02_missing_label_mild_light_R01,S05,phone_a,P02,missing_label,mild_light,1,8f6df4ca58c9348cb29de36507eb4b52c024e111302c7ab36f1e07c8aec187a2,2026-06-24T21:30:53.248758+00:00
S05_P02_missing_label_side_shadow_R01,S05,phone_a,P02,missing_label,side_shadow,1,c617be6f97e6def8dce96e86d14ecfab95b2207d48bff753ab805f80a294eed6,2026-06-24T21:30:47.887081+00:00
S05_P02_missing_label_new_background_R01,S05,phone_a,P02,missing_label,new_background,1,a07acc1806815da2ddb164cac747d34be637fb9778c20b7c5f93c034ddd14689,2026-06-24T21:30:41.702619+00:00
S05_P02_missing_label_glare_R01,S05,phone_a,P02,missing_label,glare,1,e065efe763f4428ca3ea7a981b10180c1cf9714c42e11680f3579a4a30fbdbb2,2026-06-24T21:30:54.486148+00:00
S05_P02_misaligned_label_mild_light_R01,S05,phone_a,P02,misaligned_label,mild_light,1,ff5a114fc6e5245de906e9adfee2b45d7a0e0dc3deb672b9b7b61b2e303f1028,2026-06-24T21:30:37.122815+00:00
S05_P02_misaligned_label_side_shadow_R01,S05,phone_a,P02,misaligned_label,side_shadow,1,0f43e644cda9bb4bcf0e36442bb45cce18cf610abd583f081f7476e28bbe9a06,2026-06-24T21:31:17.094103+00:00
S05_P02_misaligned_label_new_background_R01,S05,phone_a,P02,misaligned_label,new_background,1,593b727cad1fc4459742ff96b1f37916cece4c3b889034f4ba456026325fdef7,2026-06-24T21:31:19.868897+00:00
S05_P02_misaligned_label_glare_R01,S05,phone_a,P02,misaligned_label,glare,1,618295e7c4d6a1366a3266b49989cf4a5047c9d8aca476f1474de6ae9785fbec,2026-06-24T21:30:52.701275+00:00
S05_P02_damaged_label_mild_light_R01,S05,phone_a,P02,damaged_label,mild_light,1,92efb728b5037de67ec052c71addc272362571cbb7dce67c89adac958938a6cd,2026-06-24T21:31:19.470370+00:00
S05_P02_damaged_label_side_shadow_R01,S05,phone_a,P02,damaged_label,side_shadow,1,ad2c2937445f730698afdad3184a5941342db9fb94c93b47fb0a2b0db0ea2820,2026-06-24T21:30:36.965939+00:00
S05_P02_damaged_label_new_background_R01,S05,phone_a,P02,damaged_label,new_background,1,0ad3d5c43a304321ce69bb29314dd7fdb73fbbcd3bb65349bc357e7667d7380a,2026-06-24T21:30:38.484420+00:00
S05_P02_damaged_label_glare_R01,S05,phone_a,P02,damaged_label,glare,1,fc31e35e3170618d4ca1fed13a699f562ba2935a50fe8b2e6b470ddfe7d16376,2026-06-24T21:31:12.611841+00:00
S05_P03_ok_mild_light_R01,S05,phone_a,P03,ok,mild_light,1,d6dae3c33c3335a0ad6072281f640a15ea66eb84ea01bb0af5016b1e7545631b,2026-06-24T21:31:03.048587+00:00
S05_P03_ok_side_shadow_R01,S05,phone_a,P03,ok,side_shadow,1,bcdcde7edfbff5e1893cd3b9f649949f9595fe7c5df346eb294dde1de6008ee2,2026-06-24T21:30:46.744789+00:00
S05_P03_ok_new_background_R01,S05,phone_a,P03,ok,new_background,1,ad2f1b19a268df531cc80fb9207e64a903cf3fcae2f2a14fae140e0b0f3ebf7b,2026-06-24T21:30:38.701478+00:00
S05_P03_ok_glare_R01,S05,phone_a,P03,ok,glare,1,a98788b4c41547ffcb42284bac5e06f9d3d6f8779ca06998062b7bcb7b311fc3,2026-06-24T21:30:39.256364+00:00
S05_P03_missing_label_mild_light_R01,S05,phone_a,P03,missing_label,mild_light,1,8272a31360ca48521f6560b25c105a7916be22045f29326aa59a6de552c7eaaf,2026-06-24T21:30:45.039882+00:00
S05_P03_missing_label_side_shadow_R01,S05,phone_a,P03,missing_label,side_shadow,1,aa42af61e7cb8747c94de46580e1f125d9e7b89f680d93bb999ce5d2673f5f6b,2026-06-24T21:30:51.901909+00:00
S05_P03_missing_label_new_background_R01,S05,phone_a,P03,missing_label,new_background,1,28895d9b4c76eef06d2b10adee4fb3b81da46c087947dc9a5717ce880f989513,2026-06-24T21:30:52.975469+00:00
S05_P03_missing_label_glare_R01,S05,phone_a,P03,missing_label,glare,1,7d9ba5630938610c859c95166f68d75aaa681d7de340bf597428345f349656eb,2026-06-24T21:31:15.130076+00:00
S05_P03_misaligned_label_mild_light_R01,S05,phone_a,P03,misaligned_label,mild_light,1,da7d9360efc0e03a63db55cfe1fc7b03fa56139ad0a439acfd16c0b7f57afdc3,2026-06-24T21:31:08.388533+00:00
S05_P03_misaligned_label_side_shadow_R01,S05,phone_a,P03,misaligned_label,side_shadow,1,257195d92856d41e3d48b6f1485935d718f2c1a069f06b1181ca42748f8957d0,2026-06-24T21:30:59.209828+00:00
S05_P03_misaligned_label_new_background_R01,S05,phone_a,P03,misaligned_label,new_background,1,dc6cd5fd948202a99d3720493e143b61156fa7f818024be32733c31d61d77349,2026-06-24T21:30:34.199063+00:00
S05_P03_misaligned_label_glare_R01,S05,phone_a,P03,misaligned_label,glare,1,da9d7702195513c1f55a5908f982e038f8d40bf6f7b6f58150954534e108fa76,2026-06-24T21:31:06.212072+00:00
S05_P03_damaged_label_mild_light_R01,S05,phone_a,P03,damaged_label,mild_light,1,b64464aa3ceba17cd155530594e3d5ba200cd771b8f6cb6910715233c5def560,2026-06-24T21:30:37.443854+00:00
S05_P03_damaged_label_side_shadow_R01,S05,phone_a,P03,damaged_label,side_shadow,1,8fb4ed575e47b34090a3f9928efeeb02088250e2ab484ff3ca4b0d846a9002e0,2026-06-24T21:31:15.448684+00:00
S05_P03_damaged_label_new_background_R01,S05,phone_a,P03,damaged_label,new_background,1,870bd380923af341d90a366fda39fa4444c1c242a11f6ec98fe15929023d473a,2026-06-24T21:30:53.766383+00:00
S05_P03_damaged_label_glare_R01,S05,phone_a,P03,damaged_label,glare,1,c78aac606775c7df56429af739872c4e94a2b59df5524f142782ad08f6255532,2026-06-24T21:30:54.867602+00:00
S05_P04_ok_mild_light_R01,S05,phone_a,P04,ok,mild_light,1,89dbc5848b736392443cec4251417d69b54f57271eb92b41f33762c9ca441509,2026-06-24T21:31:20.635271+00:00
S05_P04_ok_side_shadow_R01,S05,phone_a,P04,ok,side_shadow,1,d535ee5d5070fb1768dec8614affe1a208a2a720dba607820809c473d60c57e3,2026-06-24T21:31:05.708411+00:00
S05_P04_ok_new_background_R01,S05,phone_a,P04,ok,new_background,1,e6d20104484beeb20a0df12bdf2c72ce6a76317e58ea908cf6b48d643a6f0600,2026-06-24T21:30:59.640129+00:00
S05_P04_ok_glare_R01,S05,phone_a,P04,ok,glare,1,addebf54c9621882035b179e9a518f10217020f121b12c8eb9a0307c8abc9142,2026-06-24T21:30:55.336206+00:00
S05_P04_missing_label_mild_light_R01,S05,phone_a,P04,missing_label,mild_light,1,b286b6c75aa686edfff21ac23f115859f0bbfb252d280a59c0c92f8bc6c19f80,2026-06-24T21:31:17.359041+00:00
S05_P04_missing_label_side_shadow_R01,S05,phone_a,P04,missing_label,side_shadow,1,f51160f228dc315d70fa041dfa81b08bcf8ba9189c461952637d6a9240519267,2026-06-24T21:31:08.256363+00:00
S05_P04_missing_label_new_background_R01,S05,phone_a,P04,missing_label,new_background,1,5a610abb5ce54b70e71b10515efdfd79b6c60f19398ca9f661d22b0a79d0905b,2026-06-24T21:31:08.910970+00:00
S05_P04_missing_label_glare_R01,S05,phone_a,P04,missing_label,glare,1,96420aeda9d1e0ff3ec1937bc0e6477d63839cd17964fdd2f6b50d337359aec7,2026-06-24T21:30:39.818375+00:00
S05_P04_misaligned_label_mild_light_R01,S05,phone_a,P04,misaligned_label,mild_light,1,0525488c8a8e6fcdedaecf154a6754585b1ec6030fbea400527cdceae2af340e,2026-06-24T21:30:53.635413+00:00
S05_P04_misaligned_label_side_shadow_R01,S05,phone_a,P04,misaligned_label,side_shadow,1,a1788e95a1626733e5a9c8409ca276af8e100ef857383ee680d49ced591f370e,2026-06-24T21:31:13.209862+00:00
S05_P04_misaligned_label_new_background_R01,S05,phone_a,P04,misaligned_label,new_background,1,8babf616305b7895aceb9dc5179dc52a1633771395fe56ada679ebdeb3c16190,2026-06-24T21:30:53.376649+00:00
S05_P04_misaligned_label_glare_R01,S05,phone_a,P04,misaligned_label,glare,1,0b799fc7c5d768185d12653b06fa9abb0e332f814e69998f1bc2763efd64450c,2026-06-24T21:30:53.117159+00:00
S05_P04_damaged_label_mild_light_R01,S05,phone_a,P04,damaged_label,mild_light,1,bc2cb47ce3dbcd670babcc8768510a3297a35272d03771507154541b83e88d57,2026-06-24T21:30:40.902321+00:00
S05_P04_damaged_label_side_shadow_R01,S05,phone_a,P04,damaged_label,side_shadow,1,b15da9ecacd7e23f4436b30aefd5fd354d36aec6271a574413c73de34b6c9cf6,2026-06-24T21:30:58.044663+00:00
S05_P04_damaged_label_new_background_R01,S05,phone_a,P04,damaged_label,new_background,1,88e6b849287c84145e6e9dedf2b5e73156d55de6dd2be7592955aec9bd332e84,2026-06-24T21:30:44.055228+00:00
S05_P04_damaged_label_glare_R01,S05,phone_a,P04,damaged_label,glare,1,a3a21af91e0dd3d013f8a5eaec761c951f5d1b975026b08fd6419479b4fa5f30,2026-06-24T21:30:49.826946+00:00
S05_P05_ok_mild_light_R01,S05,phone_a,P05,ok,mild_light,1,3e946b58167e145b6832e66fcf7cec271daf4decc9886e26cdc729a8b1f87d49,2026-06-24T21:31:08.649676+00:00
S05_P05_ok_side_shadow_R01,S05,phone_a,P05,ok,side_shadow,1,9f89f3ee6ea5bb85d849b099024a8bcfd5196351bad428abab05949902dad37b,2026-06-24T21:30:42.748371+00:00
S05_P05_ok_new_background_R01,S05,phone_a,P05,ok,new_background,1,2be97d018cac95dfd4ccd66897a4c7cc8ff1ce8aa8b62282c16c8c6dadc65c26,2026-06-24T21:30:44.784701+00:00
S05_P05_ok_glare_R01,S05,phone_a,P05,ok,glare,1,8885d2a896a2b2796a35350c2c9939280fc4c5a4f9aeb9df92c8f4d8fe0c18b0,2026-06-24T21:30:33.221994+00:00
S05_P05_missing_label_mild_light_R01,S05,phone_a,P05,missing_label,mild_light,1,bca4c622a6f3f036ee6c6e402d59c8b7388ea41573556867dfd52820c5ff6e0b,2026-06-24T21:30:56.746322+00:00
S05_P05_missing_label_side_shadow_R01,S05,phone_a,P05,missing_label,side_shadow,1,1164adde4776f75820a97a718aeb97a3f2f29be74cd6d82a2a7c2d2ef2db8560,2026-06-24T21:31:04.593160+00:00
S05_P05_missing_label_new_background_R01,S05,phone_a,P05,missing_label,new_background,1,8873fae56a3df718c19ef6ec3b1761c42641e43fd1f40e35a5dd691ce1f9c156,2026-06-24T21:30:35.131626+00:00
S05_P05_missing_label_glare_R01,S05,phone_a,P05,missing_label,glare,1,a8e634e6d710dd6f7da92adeef879eb6bae87438ab557a890e1719fbad983d2f,2026-06-24T21:31:02.179990+00:00
S05_P05_misaligned_label_mild_light_R01,S05,phone_a,P05,misaligned_label,mild_light,1,0bd9820206edb9fc91265b51156db720cd92d231d671bb784dc2b60f63599229,2026-06-24T21:30:57.047195+00:00
S05_P05_misaligned_label_side_shadow_R01,S05,phone_a,P05,misaligned_label,side_shadow,1,2333f2e805d5f571e4e79621389b89ab0cca26fd54c8ec3da4dbd15dbe2c40c2,2026-06-24T21:31:00.758122+00:00
S05_P05_misaligned_label_new_background_R01,S05,phone_a,P05,misaligned_label,new_background,1,159b32d96483a763ddd4edaa19bcdcca6dc38eea87788e3ab2807f18b5f39a45,2026-06-24T21:30:45.433503+00:00
S05_P05_misaligned_label_glare_R01,S05,phone_a,P05,misaligned_label,glare,1,24a73c6beaa70a418d237a9b1b8e44190729fdd77a980de4ec81ef526a41e2a4,2026-06-24T21:30:34.354472+00:00
S05_P05_damaged_label_mild_light_R01,S05,phone_a,P05,damaged_label,mild_light,1,a1dfdfd30eb29d346008041b7f679f6c31a5acb67946d387dee86a5da9bc5b8b,2026-06-24T21:30:44.236002+00:00
S05_P05_damaged_label_side_shadow_R01,S05,phone_a,P05,damaged_label,side_shadow,1,293ae95bf7a837ad7422bc99c60c8b5110406ad3b98e529ca8d29e2d8b6a4e67,2026-06-24T21:31:12.231773+00:00
S05_P05_damaged_label_new_background_R01,S05,phone_a,P05,damaged_label,new_background,1,e84bf6a28aad62a811cc6c057013ace34c5ec6c00516857df7e36b5998695154,2026-06-24T21:31:11.057425+00:00
S05_P05_damaged_label_glare_R01,S05,phone_a,P05,damaged_label,glare,1,b008cba8deb5c1c4d2dded16907d5a23d6c71608bf1ab82482b9df58e642218f,2026-06-24T21:31:08.780838+00:00
S05_P06_ok_mild_light_R01,S05,phone_a,P06,ok,mild_light,1,605828d959746a2287f3d1b834e36fef86093150d71ad58f235eae1ade311a50,2026-06-24T21:30:35.766920+00:00
S05_P06_ok_side_shadow_R01,S05,phone_a,P06,ok,side_shadow,1,f8a2d7f394a51229e224cf5968dfa193034aee17463dd60dcea7f547bdffca6d,2026-06-24T21:31:14.911658+00:00
S05_P06_ok_new_background_R01,S05,phone_a,P06,ok,new_background,1,51c321682279fdebeb80872c8fcec4a62458d1d4ba2c13178ab2feb2c48b969d,2026-06-24T21:31:04.207960+00:00
S05_P06_ok_glare_R01,S05,phone_a,P06,ok,glare,1,53d192aa94fde539e6eb8bcabcc245868a02fbc216df2c709f7d3397dd0f48b1,2026-06-24T21:30:58.698709+00:00
S05_P06_missing_label_mild_light_R01,S05,phone_a,P06,missing_label,mild_light,1,61bec75e6df2fd21a289598e15e29f30aae2744e48568e92574cb789303a88fc,2026-06-24T21:30:55.819863+00:00
S05_P06_missing_label_side_shadow_R01,S05,phone_a,P06,missing_label,side_shadow,1,f4ab87171568f7c635f5244b53633a1da6c15df296a51c53f8e76d289bc59817,2026-06-24T21:31:10.916293+00:00
S05_P06_missing_label_new_background_R01,S05,phone_a,P06,missing_label,new_background,1,e84c63b1fa50207614f5437e8a2897279a1572518829fcf76e17abfeb073f22c,2026-06-24T21:30:38.828794+00:00
S05_P06_missing_label_glare_R01,S05,phone_a,P06,missing_label,glare,1,5e4ad862bd44a502eab286d71c6db70c29063a47d7dc47120272a8fae5f9793e,2026-06-24T21:31:10.343963+00:00
S05_P06_misaligned_label_mild_light_R01,S05,phone_a,P06,misaligned_label,mild_light,1,d47bb657c634b696739970db3575b8e0be58174dec7aee45b55f0a7e6fc71233,2026-06-24T21:31:09.040031+00:00
S05_P06_misaligned_label_side_shadow_R01,S05,phone_a,P06,misaligned_label,side_shadow,1,f1bc1573a4ebccaf71fb2d686894298553e99131292e595ad8e1d6c4856fe302,2026-06-24T21:30:39.669774+00:00
S05_P06_misaligned_label_new_background_R01,S05,phone_a,P06,misaligned_label,new_background,1,b3312fa19a0de75427a2b96b88331551098eab3edb8d48ffe962a58b42026188,2026-06-24T21:31:00.915901+00:00
S05_P06_misaligned_label_glare_R01,S05,phone_a,P06,misaligned_label,glare,1,1a19ed54b3b5ff6c90ab38ece246c1cb489d36e68ce28affff0ec5577a762705,2026-06-24T21:30:56.328507+00:00
S05_P06_damaged_label_mild_light_R01,S05,phone_a,P06,damaged_label,mild_light,1,84cf4d2c817b93e539ec4f951a4fdb9df16bb69a9e71cca4501b0b42c33d4502,2026-06-24T21:31:07.396083+00:00
S05_P06_damaged_label_side_shadow_R01,S05,phone_a,P06,damaged_label,side_shadow,1,759a2403174ad092d652923eae8409287941c1d02853e07285d2ef2591928cf2,2026-06-24T21:31:11.455490+00:00
S05_P06_damaged_label_new_background_R01,S05,phone_a,P06,damaged_label,new_background,1,aab8c6451acfd97ed6f856d5868eb87a8c19b0b57b3ed56312fcfccf63a09196,2026-06-24T21:30:38.987256+00:00
S05_P06_damaged_label_glare_R01,S05,phone_a,P06,damaged_label,glare,1,017f05149cae4e7aa1efd38a3173a6293ae5a06b1f451dee7c869d7a63710205,2026-06-24T21:31:09.985203+00:00
S05_P07_ok_mild_light_R01,S05,phone_a,P07,ok,mild_light,1,73dc7d86c1b225c280e8e3daa881abf9ce3d7f0f12c1c9f8c1120d6fa7f89f14,2026-06-24T21:30:43.606447+00:00
S05_P07_ok_side_shadow_R01,S05,phone_a,P07,ok,side_shadow,1,95b0bbcb0005f25e39421a57d31f8d0c6a8df1167018cd489850451201676057,2026-06-24T21:30:46.084933+00:00
S05_P07_ok_new_background_R01,S05,phone_a,P07,ok,new_background,1,07a3a881ae7705d457e274a43cd1da924bd429e87f4607a375bfbc31063a2ebf,2026-06-24T21:30:53.509218+00:00
S05_P07_ok_glare_R01,S05,phone_a,P07,ok,glare,1,54fd6a41c38aaa4f710dd57d3e0292b5612106658f97b016b7bc62d1cada676a,2026-06-24T21:30:54.082754+00:00
S05_P07_missing_label_mild_light_R01,S05,phone_a,P07,missing_label,mild_light,1,0faf801db24bbcb703c4a9013be221d01c7b6d0e76d858bdf3487eee04bbd628,2026-06-24T21:31:01.958424+00:00
S05_P07_missing_label_side_shadow_R01,S05,phone_a,P07,missing_label,side_shadow,1,4e80f5fce45f9164296528bceb75365dafc593eb737132fcff69fa04d8678d20,2026-06-24T21:30:50.196469+00:00
S05_P07_missing_label_new_background_R01,S05,phone_a,P07,missing_label,new_background,1,a36c29bacb00d55a1635560c401cedc85451e500e6fbafe42784451561de9576,2026-06-24T21:30:57.289521+00:00
S05_P07_missing_label_glare_R01,S05,phone_a,P07,missing_label,glare,1,9311eedf8ac4288e85d4e91f3fade9dee441fa1f70681ffa50ef128cb2721e05,2026-06-24T21:31:16.697397+00:00
S05_P07_misaligned_label_mild_light_R01,S05,phone_a,P07,misaligned_label,mild_light,1,a236f9f104d3ae884724895fab9a57f7dfde1344c728d5e481d270c428c098fc,2026-06-24T21:30:46.899442+00:00
S05_P07_misaligned_label_side_shadow_R01,S05,phone_a,P07,misaligned_label,side_shadow,1,7caeaddae0ceda5fa2683a28b3a6b1c27741b81693f1d0a42c7ec66f5a39c801,2026-06-24T21:30:53.914152+00:00
S05_P07_misaligned_label_new_background_R01,S05,phone_a,P07,misaligned_label,new_background,1,eea7907f603dfba2faac49c53640f7e2d018102c915a6339c70f7d01b186298e,2026-06-24T21:30:58.478579+00:00
S05_P07_misaligned_label_glare_R01,S05,phone_a,P07,misaligned_label,glare,1,d52f5f4cd7099510f54a5f334ab147a52a486a3ca8a4917b0ce412e4a08f5905,2026-06-24T21:31:13.874568+00:00
S05_P07_damaged_label_mild_light_R01,S05,phone_a,P07,damaged_label,mild_light,1,09de106d80caffb700a60804d0d49d57ddda0c365ec9044f1a0e49afe8acf124,2026-06-24T21:31:18.920576+00:00
S05_P07_damaged_label_side_shadow_R01,S05,phone_a,P07,damaged_label,side_shadow,1,a1df7fa81d45337c3a4e1a9c47bac46085b5d31748e3a6ed6f9dc089a25547e3,2026-06-24T21:30:35.529070+00:00
S05_P07_damaged_label_new_background_R01,S05,phone_a,P07,damaged_label,new_background,1,26b84e39e527a6bda90595ad060ad821a18a06a6d693f9cb844f8c0ed856903d,2026-06-24T21:31:03.593722+00:00
S05_P07_damaged_label_glare_R01,S05,phone_a,P07,damaged_label,glare,1,9c368239da8858e3a8751d0a28792cf5bd1607490cfe8ba6a9ba0eb8b7d0a3a6,2026-06-24T21:31:09.631504+00:00
S05_P08_ok_mild_light_R01,S05,phone_a,P08,ok,mild_light,1,faeb491b12c0122585f129ddc7cf37db54af382ff740bd5a348af663ded01d8e,2026-06-24T21:31:09.829675+00:00
S05_P08_ok_side_shadow_R01,S05,phone_a,P08,ok,side_shadow,1,1515d437738fb68435ec5042176dd1bb79aa69eaefcf08bd40c1cc6373200339,2026-06-24T21:30:40.504134+00:00
S05_P08_ok_new_background_R01,S05,phone_a,P08,ok,new_background,1,b03a2a0b4e973976018f254476bb4e51d59eee6694395eb416518e288e13c605,2026-06-24T21:30:51.746930+00:00
S05_P08_ok_glare_R01,S05,phone_a,P08,ok,glare,1,703199e2cf1742afc1ab72eb00235343b397f26464b078b13093ca412e676f14,2026-06-24T21:30:42.005483+00:00
S05_P08_missing_label_mild_light_R01,S05,phone_a,P08,missing_label,mild_light,1,36b0722678ef3a4b44b611726106aecb583b8ab4417e3e0d1e0e7998fc97c5ea,2026-06-24T21:31:02.601930+00:00
S05_P08_missing_label_side_shadow_R01,S05,phone_a,P08,missing_label,side_shadow,1,a9f51814ed173673cdeda5ad35b2689b9375ecb3afd4a64d58ccf56cddcb0191,2026-06-24T21:31:07.712556+00:00
S05_P08_missing_label_new_background_R01,S05,phone_a,P08,missing_label,new_background,1,7d83b486b096ebb75ca6bdceb84531e8b59381f33e017155500aadbab287a2a1,2026-06-24T21:31:06.360084+00:00
S05_P08_missing_label_glare_R01,S05,phone_a,P08,missing_label,glare,1,915cd78f50c8e7730b45c35a6e499bd3b87029bfdef9756e01ad78d118aa6f4c,2026-06-24T21:30:32.826300+00:00
S05_P08_misaligned_label_mild_light_R01,S05,phone_a,P08,misaligned_label,mild_light,1,604b21e17539b9cd87fc7602f39891264a1fa783edcdfb22f33ae178e38a5cce,2026-06-24T21:30:50.621077+00:00
S05_P08_misaligned_label_side_shadow_R01,S05,phone_a,P08,misaligned_label,side_shadow,1,b47aa209ff9ff0667f53a5e48572a9027203f6eb503e65e6661b6d924f23369f,2026-06-24T21:30:51.219721+00:00
S05_P08_misaligned_label_new_background_R01,S05,phone_a,P08,misaligned_label,new_background,1,a2048b171894b53b24a7d0791e84f3962044f6570157953e9fc2c2c3734dfa35,2026-06-24T21:30:47.403251+00:00
S05_P08_misaligned_label_glare_R01,S05,phone_a,P08,misaligned_label,glare,1,6be307187b082ed196bceb234cc4d8b01b97ec35c0767cfb444333cce30556a4,2026-06-24T21:31:05.089515+00:00
S05_P08_damaged_label_mild_light_R01,S05,phone_a,P08,damaged_label,mild_light,1,00ae796c8d2993572bf81d1935c4ce644acae1e4e7908f88a6d2d27b727cf310,2026-06-24T21:30:43.161715+00:00
S05_P08_damaged_label_side_shadow_R01,S05,phone_a,P08,damaged_label,side_shadow,1,e75bbf717d1c2dc23d11acfb5e0cde235b12ce386eb67c929652e408e3a89d03,2026-06-24T21:30:50.775195+00:00
S05_P08_damaged_label_new_background_R01,S05,phone_a,P08,damaged_label,new_background,1,c36fbd3f81e629ec7ba21c587fd1444c91d4393e0daeda5f9668a6ec87628213,2026-06-24T21:30:49.342453+00:00
S05_P08_damaged_label_glare_R01,S05,phone_a,P08,damaged_label,glare,1,666b14a8baa95811e21898efecefe305369ea1b0f8e3068348cf0d2fd5bb9dbd,2026-06-24T21:30:48.839312+00:00
S06_P01_ok_motion_blur_R01,S06,phone_a,P01,ok,motion_blur,1,040263d70cac34db98e1e36d9cb564523cb8f28b21ec8de920582005339ddd31,2026-06-24T21:31:50.612730+00:00
S06_P01_ok_viewpoint_45_R01,S06,phone_a,P01,ok,viewpoint_45,1,baaa6e61bee7ca6d525e5b05d4bc91c756177b0ccbdb38e693d1641b8715718a,2026-06-24T21:32:16.957080+00:00
S06_P01_ok_distance_scale_R01,S06,phone_a,P01,ok,distance_scale,1,1fd7ee160b7dd1fe9e5c08095fb7a82ea98f9994a2f15392580a8b6d02adc5d3,2026-06-24T21:31:48.653614+00:00
S06_P01_missing_label_motion_blur_R01,S06,phone_a,P01,missing_label,motion_blur,1,0c7d8d425f885d6273c548eb5bf199df4782784c81ab10355a8bb6ba511c6e56,2026-06-24T21:31:59.753420+00:00
S06_P01_missing_label_viewpoint_45_R01,S06,phone_a,P01,missing_label,viewpoint_45,1,3433206956e5a6790f0bbf3aa4053343266efbf7d8c642356f60796c239b6a38,2026-06-24T21:32:10.138712+00:00
S06_P01_missing_label_distance_scale_R01,S06,phone_a,P01,missing_label,distance_scale,1,fb1ea3cb2097b4f2ffffa6b122105bdd15d6eb9e841768460bd36379a9fe9459,2026-06-24T21:32:17.109032+00:00
S06_P01_misaligned_label_motion_blur_R01,S06,phone_a,P01,misaligned_label,motion_blur,1,acb44f73342131dfb839f55653077cd84401b8b65cabb0b9f971f4b1b4ed7cf4,2026-06-24T21:31:51.094108+00:00
S06_P01_misaligned_label_viewpoint_45_R01,S06,phone_a,P01,misaligned_label,viewpoint_45,1,57f1c48057e775e9e3004644317449600b567d9b5021f284cce03a764f49653b,2026-06-24T21:31:49.124999+00:00
S06_P01_misaligned_label_distance_scale_R01,S06,phone_a,P01,misaligned_label,distance_scale,1,2039645d226a34089d2ca32202585d3ee54bfb2f7372ec563a69ef2c420c71a8,2026-06-24T21:32:00.400569+00:00
S06_P01_damaged_label_motion_blur_R01,S06,phone_a,P01,damaged_label,motion_blur,1,a01054812015672cebc08254095ced3dbe2dad7eab57de4c151fee07c3c6c1dc,2026-06-24T21:32:12.109729+00:00
S06_P01_damaged_label_viewpoint_45_R01,S06,phone_a,P01,damaged_label,viewpoint_45,1,165e008d9dcbb45c861527cf058c31778d49924333bfae272f1678fd1f023245,2026-06-24T21:32:15.292309+00:00
S06_P01_damaged_label_distance_scale_R01,S06,phone_a,P01,damaged_label,distance_scale,1,1247f8da9e3c688604ee7394b3699285dae6652b3635f183172067e4f4fab61f,2026-06-24T21:32:03.222972+00:00
S06_P02_ok_motion_blur_R01,S06,phone_a,P02,ok,motion_blur,1,4c5915fd4b0bcfc288a07075cc3d359c8e7e62ff2626bd763ebbe4502c2c767c,2026-06-24T21:31:53.453106+00:00
S06_P02_ok_viewpoint_45_R01,S06,phone_a,P02,ok,viewpoint_45,1,3de6d2b2a358b38d66e65ac07b203ecd814d612c369e1fec284cf989f6b2af1c,2026-06-24T21:32:01.161596+00:00
S06_P02_ok_distance_scale_R01,S06,phone_a,P02,ok,distance_scale,1,0a80feded6a6775e9040826bf02979c9a4da1ae0206a305a013156845a9846ce,2026-06-24T21:31:43.566156+00:00
S06_P02_missing_label_motion_blur_R01,S06,phone_a,P02,missing_label,motion_blur,1,8ec36df5c4056e53a7c611f853d3aae3030f730d8de0cf8b2cedc9eaeb5c62a1,2026-06-24T21:31:42.171680+00:00
S06_P02_missing_label_viewpoint_45_R01,S06,phone_a,P02,missing_label,viewpoint_45,1,7cc419e1b11ca28d7f4c288bd7a341e2488bf0d1c7342f011f85355b537367a8,2026-06-24T21:32:17.549077+00:00
S06_P02_missing_label_distance_scale_R01,S06,phone_a,P02,missing_label,distance_scale,1,e35fca66dea5c58e6bfc3bfa5939e140308571df18e1a15d5b8465ab78593cfc,2026-06-24T21:32:10.959951+00:00
S06_P02_misaligned_label_motion_blur_R01,S06,phone_a,P02,misaligned_label,motion_blur,1,fb6f6f25fe3f5c3cfd9cb5622363628c24d1a96ac7f0f5e3148b54502e843453,2026-06-24T21:32:15.940203+00:00
S06_P02_misaligned_label_viewpoint_45_R01,S06,phone_a,P02,misaligned_label,viewpoint_45,1,b7277896699ffbf0a6d1ef765f1a2d35e3e5932bc564d4e75a838c0e76d63ca6,2026-06-24T21:32:04.506964+00:00
S06_P02_misaligned_label_distance_scale_R01,S06,phone_a,P02,misaligned_label,distance_scale,1,06022d6baa6fcfdb0ae421430c9c2bf7f15cc2d8974561bc5605d72ae1a5624b,2026-06-24T21:32:00.627521+00:00
S06_P02_damaged_label_motion_blur_R01,S06,phone_a,P02,damaged_label,motion_blur,1,eff60f5ad9d7d0b85d06103e1bc1c1a834d1b00277c814552d055b299a8c30e7,2026-06-24T21:32:07.890071+00:00
S06_P02_damaged_label_viewpoint_45_R01,S06,phone_a,P02,damaged_label,viewpoint_45,1,7f651596e2c8af5c8f32e67d916332ee019467d9b549067225234697ed399d3d,2026-06-24T21:31:58.598976+00:00
S06_P02_damaged_label_distance_scale_R01,S06,phone_a,P02,damaged_label,distance_scale,1,f86d99bdfc9e2f195c745c646a90979ad9f13efe5901325cd58ac296e58bec86,2026-06-24T21:32:06.972535+00:00
S06_P03_ok_motion_blur_R01,S06,phone_a,P03,ok,motion_blur,1,49b5a017301f977301a78400b5287a617354fbab016fa1f4a8e3aba3a7a27ff9,2026-06-24T21:31:48.856082+00:00
S06_P03_ok_viewpoint_45_R01,S06,phone_a,P03,ok,viewpoint_45,1,9e6e60a40cdbebab4fc4a4267302b6a5c751f12596965d9b243d3554aeafb3b1,2026-06-24T21:31:51.684707+00:00
S06_P03_ok_distance_scale_R01,S06,phone_a,P03,ok,distance_scale,1,c99f2d9847ca23c1d68770ded9f74861a7ac8611c9e7c434d9f361de9d4f0da2,2026-06-24T21:31:53.824662+00:00
S06_P03_missing_label_motion_blur_R01,S06,phone_a,P03,missing_label,motion_blur,1,fbd36466df56b807faec88815667b58d52f4e6fdb4fa6cfb94d84e07f31d232c,2026-06-24T21:31:51.328843+00:00
S06_P03_missing_label_viewpoint_45_R01,S06,phone_a,P03,missing_label,viewpoint_45,1,e49e67356c2833ebdca7ff01a4a0273f441b30f06b1decf10e844f3ad23f433d,2026-06-24T21:31:52.693524+00:00
S06_P03_missing_label_distance_scale_R01,S06,phone_a,P03,missing_label,distance_scale,1,c826b9a56a4be12a5383da075f3cb1469db5cdc5d9396989a5711f205317f638,2026-06-24T21:31:42.431694+00:00
S06_P03_misaligned_label_motion_blur_R01,S06,phone_a,P03,misaligned_label,motion_blur,1,b118c1cfa0ff8c4386733c2bfe62f79dac04bca5554f506b82fdc692281e8b4e,2026-06-24T21:31:59.092224+00:00
S06_P03_misaligned_label_viewpoint_45_R01,S06,phone_a,P03,misaligned_label,viewpoint_45,1,c86026303bfa4288559fff2840b4c5b0cc42add1e2fcce3db8b76449abddbcb4,2026-06-24T21:32:02.657649+00:00
S06_P03_misaligned_label_distance_scale_R01,S06,phone_a,P03,misaligned_label,distance_scale,1,6f6e009018eb8c8a0edfd1e92be0d083e931789b75b22ad5400c65db5f99d5f3,2026-06-24T21:32:03.848428+00:00
S06_P03_damaged_label_motion_blur_R01,S06,phone_a,P03,damaged_label,motion_blur,1,35a092d4ba77d091af485f6dacc7dba79de400943e09fd5f9b17d53300c87d85,2026-06-24T21:31:54.384366+00:00
S06_P03_damaged_label_viewpoint_45_R01,S06,phone_a,P03,damaged_label,viewpoint_45,1,6103c000dd597931dfbce84b4e9de4aa1b28e9cd3bf3eedad2784c171e6d9ed7,2026-06-24T21:31:42.562378+00:00
S06_P03_damaged_label_distance_scale_R01,S06,phone_a,P03,damaged_label,distance_scale,1,deba05669adf6415a31c08e2499604dc28dd14d2d4594a65e8f80321ed486007,2026-06-24T21:31:59.621651+00:00
S06_P04_ok_motion_blur_R01,S06,phone_a,P04,ok,motion_blur,1,b293350facc06c5e98d9d23d562bd982b6ce2895fe9f58f252669e6649c6e2e9,2026-06-24T21:31:59.354275+00:00
S06_P04_ok_viewpoint_45_R01,S06,phone_a,P04,ok,viewpoint_45,1,821c70379f20dfe54d87956dc4e1985cbc2b1f93afd0f01227851388e87643f5,2026-06-24T21:31:55.104295+00:00
S06_P04_ok_distance_scale_R01,S06,phone_a,P04,ok,distance_scale,1,80805c654a843fa6cf1e254ea2a94f6186c8888347a00f0e91b5441717403557,2026-06-24T21:31:43.011047+00:00
S06_P04_missing_label_motion_blur_R01,S06,phone_a,P04,missing_label,motion_blur,1,7d71a978e638ba082557078db773bf35b97e2233cad2a2d7c96ff466a46303c8,2026-06-24T21:31:57.212265+00:00
S06_P04_missing_label_viewpoint_45_R01,S06,phone_a,P04,missing_label,viewpoint_45,1,daab027cf6bdafe05cde64fdf21b6309f3fd83bf0eea6cde01833a1d7e235b87,2026-06-24T21:31:45.632197+00:00
S06_P04_missing_label_distance_scale_R01,S06,phone_a,P04,missing_label,distance_scale,1,08ddc95ebbe90897d8adc654b0bb728bdd7322c79b71bba4e1efb58a2bab07e0,2026-06-24T21:32:09.987563+00:00
S06_P04_misaligned_label_motion_blur_R01,S06,phone_a,P04,misaligned_label,motion_blur,1,a5fda866ec3b03c9d4a10ac9bd5f23899b258fea3c4706f45f424d1dbbec4cd2,2026-06-24T21:31:46.117942+00:00
S06_P04_misaligned_label_viewpoint_45_R01,S06,phone_a,P04,misaligned_label,viewpoint_45,1,88e6201b0d58f3e563119a0c5336be3b86777b9bdc4a674ea86d34bedb589405,2026-06-24T21:32:17.420758+00:00
S06_P04_misaligned_label_distance_scale_R01,S06,phone_a,P04,misaligned_label,distance_scale,1,72a62b339df57a8ed88acc7a6f8b457ac5b66a1e456cc86bea81de5b41517ee4,2026-06-24T21:32:05.223532+00:00
S06_P04_damaged_label_motion_blur_R01,S06,phone_a,P04,damaged_label,motion_blur,1,1375693779cef906dc3ca09e4f649dd31ca10e98619f5828fc7f5dfa1554ee44,2026-06-24T21:32:01.997063+00:00
S06_P04_damaged_label_viewpoint_45_R01,S06,phone_a,P04,damaged_label,viewpoint_45,1,0d5429be6098b50110d0b2a92b847de1bb92d4d9561015922efb259df5dce71e,2026-06-24T21:31:42.302523+00:00
S06_P04_damaged_label_distance_scale_R01,S06,phone_a,P04,damaged_label,distance_scale,1,d5592a98cbc6343b6c8eb63219aeb1e9a3e6cdf04444aa23c8bbf9667e08f45c,2026-06-24T21:31:59.881727+00:00
S06_P05_ok_motion_blur_R01,S06,phone_a,P05,ok,motion_blur,1,75f7992b6e8eee5987b4286d67269f2c95a65ba6f1d1747be5575b92dd970d8f,2026-06-24T21:31:41.785099+00:00
S06_P05_ok_viewpoint_45_R01,S06,phone_a,P05,ok,viewpoint_45,1,1b9fe745a5ba29bf056c82b3012bf10dd51d6b26fafa135b79c1f925cf636e7d,2026-06-24T21:32:14.811157+00:00
S06_P05_ok_distance_scale_R01,S06,phone_a,P05,ok,distance_scale,1,3f761b71f89d5ca00fd653a785a17f588f89b973e6c243b6b5635f3983192c3f,2026-06-24T21:32:18.094889+00:00
S06_P05_missing_label_motion_blur_R01,S06,phone_a,P05,missing_label,motion_blur,1,6e000f01a1fcd68c08c4e2a4972db4c154faa8ce2f049d2628f9f31c64b546d0,2026-06-24T21:31:54.634418+00:00
S06_P05_missing_label_viewpoint_45_R01,S06,phone_a,P05,missing_label,viewpoint_45,1,e7d52db91cf919e1ae428920b63db07395cfd9281399129e7d6e91d7506f3632,2026-06-24T21:32:14.171135+00:00
S06_P05_missing_label_distance_scale_R01,S06,phone_a,P05,missing_label,distance_scale,1,c82b4da4a91845e3e2ba386262af20e21a45c2da50f959221a1ceb1a5bf767e2,2026-06-24T21:32:16.095408+00:00
S06_P05_misaligned_label_motion_blur_R01,S06,phone_a,P05,misaligned_label,motion_blur,1,82aba3360b010ce83e14302e6dfe2e6cacfa0af760a5bf4a7ac73f82c9865872,2026-06-24T21:32:08.533991+00:00
S06_P05_misaligned_label_viewpoint_45_R01,S06,phone_a,P05,misaligned_label,viewpoint_45,1,d64a9ab0c876c1de164ac99d00655e05dcbf5d034818e67ffd489b1f71890d3b,2026-06-24T21:31:41.915156+00:00
S06_P05_misaligned_label_distance_scale_R01,S06,phone_a,P05,misaligned_label,distance_scale,1,728e7d093be96e2f8821e2ab33c95b9ad54fbb72c465fd11ee82006bef31c69e,2026-06-24T21:32:09.568864+00:00
S06_P05_damaged_label_motion_blur_R01,S06,phone_a,P05,damaged_label,motion_blur,1,f2edc04719c44399f04747ed3d7bd115054f5d8f44f10e0cae107d5bba295fa5,2026-06-24T21:32:11.632319+00:00
S06_P05_damaged_label_viewpoint_45_R01,S06,phone_a,P05,damaged_label,viewpoint_45,1,7feab1209ab836baca572c8c89bcd1834d0378e0417d91a133b641df5712fc1d,2026-06-24T21:31:44.093202+00:00
S06_P05_damaged_label_distance_scale_R01,S06,phone_a,P05,damaged_label,distance_scale,1,a00a09f640a2b77b5d1db48f71358fffba71fde916ffb42378e997bb821e259f,2026-06-24T21:31:46.718327+00:00
S06_P06_ok_motion_blur_R01,S06,phone_a,P06,ok,motion_blur,1,68fd1ccaf7cb8219c864362d1e29f6802532a83ff211862731c697e526ff30b2,2026-06-24T21:32:00.039935+00:00
S06_P06_ok_viewpoint_45_R01,S06,phone_a,P06,ok,viewpoint_45,1,234d500c3507b7f23370da526afe7535716c25f331e4d0749e6f900c25f3a836,2026-06-24T21:31:59.489336+00:00
S06_P06_ok_distance_scale_R01,S06,phone_a,P06,ok,distance_scale,1,9bd38599cac7da38ea61a00a8c430659ec13333f4f23d6fab639148d004aa3dc,2026-06-24T21:31:49.876362+00:00
S06_P06_missing_label_motion_blur_R01,S06,phone_a,P06,missing_label,motion_blur,1,507122fcdac8f364e6f4d8d6a50d1137c6d6966af0849b64da035f160f63af86,2026-06-24T21:32:17.833507+00:00
S06_P06_missing_label_viewpoint_45_R01,S06,phone_a,P06,missing_label,viewpoint_45,1,4f1bd08fd5cf12a2292c0be1522695d95f8704610bf769753f47f70a1ca3d0bc,2026-06-24T21:31:55.632499+00:00
S06_P06_missing_label_distance_scale_R01,S06,phone_a,P06,missing_label,distance_scale,1,94a5f4a7ca2188c20dee851d8f5875e6af36122e23d0c62a2970eec41e0778b2,2026-06-24T21:31:44.768352+00:00
S06_P06_misaligned_label_motion_blur_R01,S06,phone_a,P06,misaligned_label,motion_blur,1,29abee87588563a311b9d03cf54a076b5949004fb99149c96076378ee5164f27,2026-06-24T21:32:10.421842+00:00
S06_P06_misaligned_label_viewpoint_45_R01,S06,phone_a,P06,misaligned_label,viewpoint_45,1,4d7596f48cc4e10e51bd477aad271dcb131989fb1890794ab28ca999708acc49,2026-06-24T21:32:13.488906+00:00
S06_P06_misaligned_label_distance_scale_R01,S06,phone_a,P06,misaligned_label,distance_scale,1,5fa2178aa524d58038fb4ca0ff367207d24ae65dd2f22b2c43e3b457a6382ea1,2026-06-24T21:31:45.467801+00:00
S06_P06_damaged_label_motion_blur_R01,S06,phone_a,P06,damaged_label,motion_blur,1,21ac245e86237fa3cac656682507374d9adf151b4e276c8348966b9eb96f387a,2026-06-24T21:31:49.482370+00:00
S06_P06_damaged_label_viewpoint_45_R01,S06,phone_a,P06,damaged_label,viewpoint_45,1,08330f5c5abc21562b5337508f30b059bfd3702781794bf9f87bd20ec3c80218,2026-06-24T21:32:12.876127+00:00
S06_P06_damaged_label_distance_scale_R01,S06,phone_a,P06,damaged_label,distance_scale,1,3c5ec12f1197e1b597556f8f61d4b4d7145868236114ffda405840c0b87c4626,2026-06-24T21:31:57.482541+00:00
S06_P07_ok_motion_blur_R01,S06,phone_a,P07,ok,motion_blur,1,d79fcfa915516df3f44c25c89ac95c017767d04443058594b639afb1b5cad40e,2026-06-24T21:31:56.091883+00:00
S06_P07_ok_viewpoint_45_R01,S06,phone_a,P07,ok,viewpoint_45,1,f78d2a46c508dc1d3819a759b92c2c4525d10ca7bbafb40ef8494782091a61de,2026-06-24T21:31:53.052090+00:00
S06_P07_ok_distance_scale_R01,S06,phone_a,P07,ok,distance_scale,1,4edb2c3272bac4f04112cf13d9dae2664ee4ff88e537ebbea0c312b2509ad40f,2026-06-24T21:31:57.928806+00:00
S06_P07_missing_label_motion_blur_R01,S06,phone_a,P07,missing_label,motion_blur,1,7d8fbdb4cab717d118b741e6acb0d4495f14aac79798dba9f84be2b4e5d0d018,2026-06-24T21:32:17.961010+00:00
S06_P07_missing_label_viewpoint_45_R01,S06,phone_a,P07,missing_label,viewpoint_45,1,83a87152856e91ec4a1e23689e08e7c357c0261fc97b47e73db5056833df924e,2026-06-24T21:32:07.367074+00:00
S06_P07_missing_label_distance_scale_R01,S06,phone_a,P07,missing_label,distance_scale,1,c1b5bf4fe46f37194d679dcaeeb63c5c27831e132485c0f3c63c014cbbf5af2d,2026-06-24T21:32:05.691307+00:00
S06_P07_misaligned_label_motion_blur_R01,S06,phone_a,P07,misaligned_label,motion_blur,1,344ec940b1102df05c0db95642a2221f9ab0d1a1f68600efd114b85b4e0a69cd,2026-06-24T21:32:05.978314+00:00
S06_P07_misaligned_label_viewpoint_45_R01,S06,phone_a,P07,misaligned_label,viewpoint_45,1,e9ff00b9563d961887c8497389a3d4ef1e622b116363eb239064fac849066008,2026-06-24T21:31:42.046267+00:00
S06_P07_misaligned_label_distance_scale_R01,S06,phone_a,P07,misaligned_label,distance_scale,1,01b88bf2c56ef56c00400ea39948e2905c4cbb3fe49272b2ef26d6a3bc2dcde8,2026-06-24T21:31:48.505083+00:00
S06_P07_damaged_label_motion_blur_R01,S06,phone_a,P07,damaged_label,motion_blur,1,7d1489059d7d0c7e260c9875413eabf15cc4ac9e43f60ccbd8fa9864d5c6c71d,2026-06-24T21:32:13.665091+00:00
S06_P07_damaged_label_viewpoint_45_R01,S06,phone_a,P07,damaged_label,viewpoint_45,1,334dfd8a602caecfb103d0380fd74e3a15d1af562d3d63d1f83791916d180fd2,2026-06-24T21:32:08.994779+00:00
S06_P07_damaged_label_distance_scale_R01,S06,phone_a,P07,damaged_label,distance_scale,1,77eb7737d0438ef5bab418b2c767018f767f78b066c9dc8dcd4af088c01b6e97,2026-06-24T21:32:04.336890+00:00
S06_P08_ok_motion_blur_R01,S06,phone_a,P08,ok,motion_blur,1,4aa94e0fa86dc8a7b2402c5fb954d2b718c7afeef56fd28e0298d5bef9433301,2026-06-24T21:31:44.239356+00:00
S06_P08_ok_viewpoint_45_R01,S06,phone_a,P08,ok,viewpoint_45,1,2faf4354a1311eb6676d64712cc365fdbb604ead8116c0c9793a006b547c3286,2026-06-24T21:31:47.554454+00:00
S06_P08_ok_distance_scale_R01,S06,phone_a,P08,ok,distance_scale,1,8b8eb02ea4c3ceb0b15977f77aee342e04c0f5e8d1650161e0b5eb8604b63e7c,2026-06-24T21:32:17.701049+00:00
S06_P08_missing_label_motion_blur_R01,S06,phone_a,P08,missing_label,motion_blur,1,cd21255636cef34983eb4d964d278de5e3857bf333f10aff2671d8e22bea5bb0,2026-06-24T21:32:01.724157+00:00
S06_P08_missing_label_viewpoint_45_R01,S06,phone_a,P08,missing_label,viewpoint_45,1,4d8132a7c6af39c4d5165d8df1050098196bd51ca4e310d3f3815f834c67c2d4,2026-06-24T21:31:59.220909+00:00
S06_P08_missing_label_distance_scale_R01,S06,phone_a,P08,missing_label,distance_scale,1,5ca9bc2544b52e4f9c241e39590969c605f104afe9948250ddd4ce2d8d2cdc21,2026-06-24T21:31:47.970887+00:00
S06_P08_misaligned_label_motion_blur_R01,S06,phone_a,P08,misaligned_label,motion_blur,1,30c0c2f52e7a869f2b7dbb9ff5760492df0a54d1afb578d21ab5a29a9fb2d747,2026-06-24T21:31:56.660089+00:00
S06_P08_misaligned_label_viewpoint_45_R01,S06,phone_a,P08,misaligned_label,viewpoint_45,1,054411c7d997720e0a27ede708dae0da88048d335b0566c5cf10207e8a073347,2026-06-24T21:32:06.548813+00:00
S06_P08_misaligned_label_distance_scale_R01,S06,phone_a,P08,misaligned_label,distance_scale,1,68b7bd9b698bbbff1a4841d3a4a4347ed73fc7fca45ea239a36c474a396c29c2,2026-06-24T21:31:46.959943+00:00
S06_P08_damaged_label_motion_blur_R01,S06,phone_a,P08,damaged_label,motion_blur,1,4c9b930398fa295d194424c423bacd53c6665d0ba2975eca3c3286eaf0f95487,2026-06-24T21:32:12.417453+00:00
S06_P08_damaged_label_viewpoint_45_R01,S06,phone_a,P08,damaged_label,viewpoint_45,1,f59a3bcce78a71cea0a0e7ddac42f89c3bcc08cf4998eead20e69d66f746d781,2026-06-24T21:31:52.351663+00:00
S06_P08_damaged_label_distance_scale_R01,S06,phone_a,P08,damaged_label,distance_scale,1,7dc41af03f423e515c976f5c2d9e28f59566d13f8465903b910be364e3c0da2c,2026-06-24T21:31:42.700661+00:00
S07_P09_ok_mild_light_R01,S07,phone_a,P09,ok,mild_light,1,79fcb538beef99ede5f11299769210818123c637ba2532f9ff50c7b7be2b2430,2026-06-24T21:33:09.044851+00:00
S07_P09_ok_mild_light_R02,S07,phone_a,P09,ok,mild_light,2,335d80e33c48039587505628a846837c305dd16585f9373a84c9ce9b20f1e5c1,2026-06-24T21:32:58.317951+00:00
S07_P09_ok_mild_light_R03,S07,phone_a,P09,ok,mild_light,3,7f73c529521b487648a85824e37dd0d4bf5f40af2e60f7fac386519e780e56ba,2026-06-24T21:33:06.095112+00:00
S07_P09_ok_mild_light_R04,S07,phone_a,P09,ok,mild_light,4,06eda47709374f952ec684dfec1524cfd022140517a60c55be285289154f1598,2026-06-24T21:33:02.889787+00:00
S07_P09_ok_side_shadow_R01,S07,phone_a,P09,ok,side_shadow,1,979e886901617980d80e375a73f46d653e655c966cb316bf471491ab88932577,2026-06-24T21:33:08.675312+00:00
S07_P09_ok_side_shadow_R02,S07,phone_a,P09,ok,side_shadow,2,2ea0885884a78ebe28d97d050b9a5599cd6af455ced165e2835edd84f4cca4ff,2026-06-24T21:33:16.977486+00:00
S07_P09_ok_side_shadow_R03,S07,phone_a,P09,ok,side_shadow,3,aa86046c5e2c102e8b2716a6e4b0cc9d41f9152c2b69641ee363a910758eda47,2026-06-24T21:32:57.964806+00:00
S07_P09_ok_side_shadow_R04,S07,phone_a,P09,ok,side_shadow,4,654fed4c26a9667cfe0e077b2d8a0ecf608c64080e00feca9c1d35a5bde0363b,2026-06-24T21:33:07.833546+00:00
S07_P09_ok_new_background_R01,S07,phone_a,P09,ok,new_background,1,2234e0bf72b545ecde23f38b7c13a71906abd62e8a66adc5e9c2747c0eaf010c,2026-06-24T21:33:23.760644+00:00
S07_P09_ok_new_background_R02,S07,phone_a,P09,ok,new_background,2,1b8f50b9e476864418a018818460e61b5cab1e6ebd888331a9a4b6b355b08591,2026-06-24T21:32:57.449870+00:00
S07_P09_ok_new_background_R03,S07,phone_a,P09,ok,new_background,3,2ec8a262df79a0fceab2a003c0e061b4090cadd4b3cf454985108f3e91bb31cb,2026-06-24T21:32:55.192742+00:00
S07_P09_ok_new_background_R04,S07,phone_a,P09,ok,new_background,4,e7293c2954f606517620b87c0902f03baf24d5c34cf7c036de6c02f428b2fe25,2026-06-24T21:33:13.732225+00:00
S07_P09_ok_glare_R01,S07,phone_a,P09,ok,glare,1,74cba53df6ce98094fb94ddd49c49e2bb87ab5ef1b4d5bb9d60f853a406b4df7,2026-06-24T21:33:03.382651+00:00
S07_P09_ok_glare_R02,S07,phone_a,P09,ok,glare,2,616aa44b004a43e5972483abc661e47c37c904644fcb041a25212508859b856f,2026-06-24T21:33:01.408297+00:00
S07_P09_ok_glare_R03,S07,phone_a,P09,ok,glare,3,816ea3035c3887801ef606839c6c922b10728284527049e20a9c59716c7ce801,2026-06-24T21:33:21.515343+00:00
S07_P09_ok_glare_R04,S07,phone_a,P09,ok,glare,4,534d025c6c98f1f47de4759299975afe0404071e92f8f6b54fe03cb533a8cfb3,2026-06-24T21:33:21.018496+00:00
S07_P09_missing_label_mild_light_R01,S07,phone_a,P09,missing_label,mild_light,1,b672c2b24c9f3b061df8ba1fab129ebffc1f80aee2aad35e4ff1566364ddbf03,2026-06-24T21:32:48.788789+00:00
S07_P09_missing_label_mild_light_R02,S07,phone_a,P09,missing_label,mild_light,2,f914d644788789c90570db7393f6e14304deb199aceb6ac6f4160630aad83f4a,2026-06-24T21:33:10.438333+00:00
S07_P09_missing_label_mild_light_R03,S07,phone_a,P09,missing_label,mild_light,3,ebe857d3b84ec6fa9cf527e13de8d985e09d3da0c142d140f951fd1a1ff1f35a,2026-06-24T21:32:36.840521+00:00
S07_P09_missing_label_mild_light_R04,S07,phone_a,P09,missing_label,mild_light,4,87321fda5beac3dcbad527354a86daa08c70bbb4d227f9a9cad294544fef04b7,2026-06-24T21:32:51.627583+00:00
S07_P09_missing_label_side_shadow_R01,S07,phone_a,P09,missing_label,side_shadow,1,82bc9e7bdb2053cd90d505b4a31a8ae4f055c437a81da2c11fab52027a89971f,2026-06-24T21:32:37.105524+00:00
S07_P09_missing_label_side_shadow_R02,S07,phone_a,P09,missing_label,side_shadow,2,0c38772758d2bfa414412e8d717feea196d854b2d5e5b6b38e04cb0d14cf6c60,2026-06-24T21:32:58.941488+00:00
S07_P09_missing_label_side_shadow_R03,S07,phone_a,P09,missing_label,side_shadow,3,4b9bee81b96ac6e4c5c73895efbac5546bacf67465516c18b02162ba5b9283cc,2026-06-24T21:33:06.530885+00:00
S07_P09_missing_label_side_shadow_R04,S07,phone_a,P09,missing_label,side_shadow,4,9a1d6f30cefe66b7a3c53e2a0d5b8f62efc8a50b5c751085a7f87f798a66204c,2026-06-24T21:32:56.516219+00:00
S07_P09_missing_label_new_background_R01,S07,phone_a,P09,missing_label,new_background,1,015a3f4018015aa081af77fec223af4133f7dc417f5aecf6a23cf40340078063,2026-06-24T21:33:17.241144+00:00
S07_P09_missing_label_new_background_R02,S07,phone_a,P09,missing_label,new_background,2,faebd13eacb2e5bfb742f98bbff57c758923c061ffbfbc57eee6749027756537,2026-06-24T21:33:11.013428+00:00
S07_P09_missing_label_new_background_R03,S07,phone_a,P09,missing_label,new_background,3,4a87a94a9015df691fd9c5e90ccd2fe2fc39e50ab450a49108ae3a2a77b3b191,2026-06-24T21:33:21.790236+00:00
S07_P09_missing_label_new_background_R04,S07,phone_a,P09,missing_label,new_background,4,103730600d3a8603ca93953e9e24d54389508bb132b3d1d38052947b9e6cf072,2026-06-24T21:32:52.753999+00:00
S07_P09_missing_label_glare_R01,S07,phone_a,P09,missing_label,glare,1,8715e48535575c06b2017f6f980d6c578d232e0d06dc74f9e46df17cba997eb2,2026-06-24T21:32:39.451970+00:00
S07_P09_missing_label_glare_R02,S07,phone_a,P09,missing_label,glare,2,300b3df2e4bf9e0068d389e07317c42cdc56acc1c69b0edebd3cbc8a1bb58cbe,2026-06-24T21:32:40.904332+00:00
S07_P09_missing_label_glare_R03,S07,phone_a,P09,missing_label,glare,3,b9a99c745be1fc4de24b4239886eb7ee994d65b495e553b607326fbbda9823f3,2026-06-24T21:32:53.945957+00:00
S07_P09_missing_label_glare_R04,S07,phone_a,P09,missing_label,glare,4,c84333aa137b18d1037555cc4663e3cba470a9b339c5e686d78293ed2891d265,2026-06-24T21:33:16.691749+00:00
S07_P09_misaligned_label_mild_light_R01,S07,phone_a,P09,misaligned_label,mild_light,1,c7c4fe294a6040f7d3a10c847fc89b3b1b13a57c613fa2eb39bcb7b05e103755,2026-06-24T21:33:08.161816+00:00
S07_P09_misaligned_label_mild_light_R02,S07,phone_a,P09,misaligned_label,mild_light,2,9d42941943b2442d033dbac7343920db27d8045b0d4e98506149339923a033b1,2026-06-24T21:33:15.086189+00:00
S07_P09_misaligned_label_mild_light_R03,S07,phone_a,P09,misaligned_label,mild_light,3,7ef72e01ef8cd316f6dbd6628686f56b0db4bde225f78f3c158b0f82b8c27e86,2026-06-24T21:32:56.121867+00:00
S07_P09_misaligned_label_mild_light_R04,S07,phone_a,P09,misaligned_label,mild_light,4,ede42440ed9daff26d1c6d7ba0528f6990b7a6750ba10b69e4dc38113b43f2eb,2026-06-24T21:33:13.319243+00:00
S07_P09_misaligned_label_side_shadow_R01,S07,phone_a,P09,misaligned_label,side_shadow,1,f2859996773d97e909eec1c16b76f506f83c09a8f0339e53ac60e569c56ac122,2026-06-24T21:32:44.664329+00:00
S07_P09_misaligned_label_side_shadow_R02,S07,phone_a,P09,misaligned_label,side_shadow,2,e008e59f9d6f4f09ad2c1e0da4653374d9a00be5f7f14517a9c57986dbd03d53,2026-06-24T21:33:01.784282+00:00
S07_P09_misaligned_label_side_shadow_R03,S07,phone_a,P09,misaligned_label,side_shadow,3,dc42bdc34e1336807b63d692693117d7c35313eee79f038aa4545740bb3c9017,2026-06-24T21:33:24.001205+00:00
S07_P09_misaligned_label_side_shadow_R04,S07,phone_a,P09,misaligned_label,side_shadow,4,2c8c8c6649ae874b12059e666eba273ac2e16d123c639cd8bc315aa6a8ef6103,2026-06-24T21:32:56.799426+00:00
S07_P09_misaligned_label_new_background_R01,S07,phone_a,P09,misaligned_label,new_background,1,688066fdbf7b31b537bc74570cbe024a5abfd82c6b2d7b08d5ac0253ebffc862,2026-06-24T21:33:16.541640+00:00
S07_P09_misaligned_label_new_background_R02,S07,phone_a,P09,misaligned_label,new_background,2,e36ec8cbe415aeb5e6caedbba7f28001e493b218bd08df9f9db4aad4e838d4d4,2026-06-24T21:33:18.630944+00:00
S07_P09_misaligned_label_new_background_R03,S07,phone_a,P09,misaligned_label,new_background,3,e63dda03d9c3bde55472ea9dbb6466147fb776a2dce917d1f9f27edd0a02dccb,2026-06-24T21:32:37.903234+00:00
S07_P09_misaligned_label_new_background_R04,S07,phone_a,P09,misaligned_label,new_background,4,10f18d1ad21827659cb84bfb8f69a34110759c37c724529af1194dc6629ad35f,2026-06-24T21:33:04.335332+00:00
S07_P09_misaligned_label_glare_R01,S07,phone_a,P09,misaligned_label,glare,1,4e1c6968ddfd9691aad45a29943c7c2362055edc9fdc7e48288eb53429537a2c,2026-06-24T21:32:46.408503+00:00
S07_P09_misaligned_label_glare_R02,S07,phone_a,P09,misaligned_label,glare,2,669a1e3cbc9265fa7db04759d6c10dd9e8e007bde23b2080757844df7dde8dc2,2026-06-24T21:33:22.653337+00:00
S07_P09_misaligned_label_glare_R03,S07,phone_a,P09,misaligned_label,glare,3,e7a6dbe160c6b8de2d46cc0e8089316c841e92dc47b8b1ab0b32cfd0ab8ed588,2026-06-24T21:33:16.818247+00:00
S07_P09_misaligned_label_glare_R04,S07,phone_a,P09,misaligned_label,glare,4,1edda8768253fb6eccbf947481f44cfcf229726eb3c353ec4195534f111e96f2,2026-06-24T21:33:05.905393+00:00
S07_P09_damaged_label_mild_light_R01,S07,phone_a,P09,damaged_label,mild_light,1,5655d5491cb7a21af0fdc7ef7a17ab3f2795e4f59b6af502cd1f112149da6206,2026-06-24T21:32:55.863254+00:00
S07_P09_damaged_label_mild_light_R02,S07,phone_a,P09,damaged_label,mild_light,2,79ad5f686bc89cf42016ff1698839ac8921145430efa6f26ab2854851c5e0d5b,2026-06-24T21:33:09.958724+00:00
S07_P09_damaged_label_mild_light_R03,S07,phone_a,P09,damaged_label,mild_light,3,f31a1f137fb2dab63f2d948f4503aa853ca1a7096462a1a17d9a3fe689ca9376,2026-06-24T21:33:17.109563+00:00
S07_P09_damaged_label_mild_light_R04,S07,phone_a,P09,damaged_label,mild_light,4,0152cc58a96bd203a7207b1b9115cd349807b638a12545a3b9902358d4cace6a,2026-06-24T21:33:07.326466+00:00
S07_P09_damaged_label_side_shadow_R01,S07,phone_a,P09,damaged_label,side_shadow,1,3a42a144783ac5253ee0c7ce8d959344c25db79c3a657d4226441d5994cf8e59,2026-06-24T21:32:37.238425+00:00
S07_P09_damaged_label_side_shadow_R02,S07,phone_a,P09,damaged_label,side_shadow,2,3cecc73806f6d508d103741cb7538df68417dc9048be52f301ac867d68bb5b94,2026-06-24T21:32:39.765884+00:00
S07_P09_damaged_label_side_shadow_R03,S07,phone_a,P09,damaged_label,side_shadow,3,16d62360f60b042c29914c422f056cf38472328f9fbe87a965fb300a1c625dfa,2026-06-24T21:32:52.126878+00:00
S07_P09_damaged_label_side_shadow_R04,S07,phone_a,P09,damaged_label,side_shadow,4,e84a2bdedb3aecb80146d01ebd60f41946854089df71e4eb5a1d732fd2ef85cf,2026-06-24T21:32:48.041340+00:00
S07_P09_damaged_label_new_background_R01,S07,phone_a,P09,damaged_label,new_background,1,93c6cd69bdf494b5dde4887404dc2dc8bc85cf8192cb62684d27f9603d890a25,2026-06-24T21:33:20.393739+00:00
S07_P09_damaged_label_new_background_R02,S07,phone_a,P09,damaged_label,new_background,2,4ee4135d02b5d2e278d146bac9d2efbe58170adb0cc849bf8ae9a9f70473a18d,2026-06-24T21:32:36.709163+00:00
S07_P09_damaged_label_new_background_R03,S07,phone_a,P09,damaged_label,new_background,3,6854ad31c690831173bd6ba167526aeebb558b9c2ff1a34558fcc2534a27a49e,2026-06-24T21:32:43.255826+00:00
S07_P09_damaged_label_new_background_R04,S07,phone_a,P09,damaged_label,new_background,4,f711c85b61640915ab8e94ef8e25e250585fa756d9cf3dd66860e9c83bf960ca,2026-06-24T21:32:43.449964+00:00
S07_P09_damaged_label_glare_R01,S07,phone_a,P09,damaged_label,glare,1,bd8a6a6ac1548fa20338902ef56ea130aafd98c1bbdada84c9a1e92ee8dc198e,2026-06-24T21:33:19.514218+00:00
S07_P09_damaged_label_glare_R02,S07,phone_a,P09,damaged_label,glare,2,437284d2d5e2c7f57f5567336313ee7fc71c67ce5d89b6590929430fa83922c9,2026-06-24T21:32:36.971262+00:00
S07_P09_damaged_label_glare_R03,S07,phone_a,P09,damaged_label,glare,3,f7f4ccc6bf635fccc203ba8cba0c790c0138ef90ae4c99b890bd51158e44c624,2026-06-24T21:32:56.647461+00:00
S07_P09_damaged_label_glare_R04,S07,phone_a,P09,damaged_label,glare,4,5bdfe31c244834a0cad56578ae599e6064524e499b5afd493a7635b6701817fb,2026-06-24T21:32:41.750237+00:00
S07_P10_ok_mild_light_R01,S07,phone_a,P10,ok,mild_light,1,a454f53ee1044337ba4a75e8d3085fe1df26ee32fdebc794061f43ba864ba7f4,2026-06-24T21:33:11.594329+00:00
S07_P10_ok_mild_light_R02,S07,phone_a,P10,ok,mild_light,2,4dc1d0c8b65d601ae19cf07a50ea72aeb6159f8b381f1e7fc9f6833d40dfc4a8,2026-06-24T21:32:47.825550+00:00
S07_P10_ok_mild_light_R03,S07,phone_a,P10,ok,mild_light,3,a9d9926265bf625a56b50d5d54bdda3481e64c2447ee429914a27e06f5999f34,2026-06-24T21:32:45.247224+00:00
S07_P10_ok_mild_light_R04,S07,phone_a,P10,ok,mild_light,4,e16db2350a93d008a2506af2872b044c65e111889b9387de590647293c3b04af,2026-06-24T21:33:00.944618+00:00
S07_P10_ok_side_shadow_R01,S07,phone_a,P10,ok,side_shadow,1,cc4d934bc813b8f4ff80518d6f5ac76fcfc529418757aacf74c4f34a99650184,2026-06-24T21:32:56.255264+00:00
S07_P10_ok_side_shadow_R02,S07,phone_a,P10,ok,side_shadow,2,18387f61674955566fa688aa92fc88633ca280d7a103603b30fff0c3c421d123,2026-06-24T21:33:17.500887+00:00
S07_P10_ok_side_shadow_R03,S07,phone_a,P10,ok,side_shadow,3,3d6a17164f44f6f184fa9d0a38a16656063711b22025adb05686f7e541579389,2026-06-24T21:32:59.503642+00:00
S07_P10_ok_side_shadow_R04,S07,phone_a,P10,ok,side_shadow,4,60733972a7ee9d930b316276e19225829c9b6aa051f27b85329aa16b81a23500,2026-06-24T21:33:09.765194+00:00
S07_P10_ok_new_background_R01,S07,phone_a,P10,ok,new_background,1,a736f561f2a686537d57fe3d588e702530c89682c3d355aa886d76ea41903b35,2026-06-24T21:33:00.250425+00:00
S07_P10_ok_new_background_R02,S07,phone_a,P10,ok,new_background,2,9a9f947aefa4d1081909a68551e7cfd755e1258251fcf359d405d6509c563ec0,2026-06-24T21:33:15.500572+00:00
S07_P10_ok_new_background_R03,S07,phone_a,P10,ok,new_background,3,2e79fe6d82b57d1e89d6542e92ebb3d768ae513e831ccbfc264dafa06bbf267f,2026-06-24T21:32:37.543444+00:00
S07_P10_ok_new_background_R04,S07,phone_a,P10,ok,new_background,4,a0325d8564aea589ec073f487997cf20a7514f6c48048dd4ef1dd8a9f887e286,2026-06-24T21:32:45.670798+00:00
S07_P10_ok_glare_R01,S07,phone_a,P10,ok,glare,1,3ceb6ee0f930338641474e3eb0a5a5712de66ca8e319f8abf3e75558030c1547,2026-06-24T21:32:50.970838+00:00
S07_P10_ok_glare_R02,S07,phone_a,P10,ok,glare,2,7a997a6d041d5c75d92c7c93d551daa8899a1230acc96d4bb85f8ceafcf4ac2c,2026-06-24T21:32:44.062341+00:00
S07_P10_ok_glare_R03,S07,phone_a,P10,ok,glare,3,82bbd3e88e318e69bb45bf727a3af451c807ad93118ace1ffb9a7eaad223b798,2026-06-24T21:32:56.383241+00:00
S07_P10_ok_glare_R04,S07,phone_a,P10,ok,glare,4,8ab8c9dfe5f8d7df08ee8c9c84f0740ccb06a5628d2bda1b7b339adcd709a4d8,2026-06-24T21:33:13.163862+00:00
S07_P10_missing_label_mild_light_R01,S07,phone_a,P10,missing_label,mild_light,1,a3b417870030a5e1f73681ee2352f049fd91e0889329247d79022c6598b4d7e4,2026-06-24T21:33:17.371286+00:00
S07_P10_missing_label_mild_light_R02,S07,phone_a,P10,missing_label,mild_light,2,6ae95b6c879f8a7ef7296fcdeb37c555eea6080931ca9c0ff7afad4219dd5c50,2026-06-24T21:33:14.220373+00:00
S07_P10_missing_label_mild_light_R03,S07,phone_a,P10,missing_label,mild_light,3,512d8498798818c0cd0f0d54d8eec49ec02b783153671d2d48340b928836112b,2026-06-24T21:32:50.229376+00:00
S07_P10_missing_label_mild_light_R04,S07,phone_a,P10,missing_label,mild_light,4,3c2bf4a5179a5bb49193adadb7c3e8cd3214b819e98df1b17f5d0021cbed2a21,2026-06-24T21:33:03.531817+00:00
S07_P10_missing_label_side_shadow_R01,S07,phone_a,P10,missing_label,side_shadow,1,70108434446c6aa943f1d0fdb31c7a48e5504dbba7d66ccd00eb5fce609df583,2026-06-24T21:33:22.920980+00:00
S07_P10_missing_label_side_shadow_R02,S07,phone_a,P10,missing_label,side_shadow,2,0efaed2ba0131610845f9794bd2b014487d53256fe4091ab118f95a323295d0b,2026-06-24T21:33:07.151294+00:00
S07_P10_missing_label_side_shadow_R03,S07,phone_a,P10,missing_label,side_shadow,3,70c82a70f4960768233eb5df8b4dd2f02f475d7272debca5f90d01af6a330826,2026-06-24T21:33:16.114453+00:00
S07_P10_missing_label_side_shadow_R04,S07,phone_a,P10,missing_label,side_shadow,4,15a0a690fe0f255de69c214908341c64a6cab431b71af706d99bd9866c4b9038,2026-06-24T21:32:45.980691+00:00
S07_P10_missing_label_new_background_R01,S07,phone_a,P10,missing_label,new_background,1,ed22a56a82cf4a80d337222a81fda467e00c111c9ac0d16c66a93ee21d63faf1,2026-06-24T21:32:47.130565+00:00
S07_P10_missing_label_new_background_R02,S07,phone_a,P10,missing_label,new_background,2,e116eb8bfcac81b77c8d6d1d5872d74dcafbbf0e8c47c38c7037a44ddd5e9fb5,2026-06-24T21:33:15.797597+00:00
S07_P10_missing_label_new_background_R03,S07,phone_a,P10,missing_label,new_background,3,9e8ed2d1252fdc865b765b461160bc2792074950a7cb05018e6867b717e5e8de,2026-06-24T21:33:19.673404+00:00
S07_P10_missing_label_new_background_R04,S07,phone_a,P10,missing_label,new_background,4,c66369e8a160e7e79fff9d85544dc5a5e328404eb5c88ca5a6812db235653933,2026-06-24T21:32:57.813389+00:00
S07_P10_missing_label_glare_R01,S07,phone_a,P10,missing_label,glare,1,73a8415864d490d5deba266ee428fa38d1cd3f75abfbf7119c9b773b461df00d,2026-06-24T21:32:49.890707+00:00
S07_P10_missing_label_glare_R02,S07,phone_a,P10,missing_label,glare,2,f7d192652f7cd4eac36d5ff109c059f1f09f775b62654d3f057cb9a71f78d516,2026-06-24T21:33:00.641002+00:00
S07_P10_missing_label_glare_R03,S07,phone_a,P10,missing_label,glare,3,5d21eedd09ead9888f1154c7ea47a7e9a9dc9dc7f2a0677dce4531e4bd020c9f,2026-06-24T21:33:18.780197+00:00
S07_P10_missing_label_glare_R04,S07,phone_a,P10,missing_label,glare,4,ae15139a9807f6e58ce0babc2c0e590cf0ce601bf2ad0cc3b4374b55ee2ea9d5,2026-06-24T21:32:56.946424+00:00
S07_P10_misaligned_label_mild_light_R01,S07,phone_a,P10,misaligned_label,mild_light,1,7dc6d4cb9e9347444bc2501ed6cb3e6bac65f275fc3dbc733b718ab4d58f2600,2026-06-24T21:32:59.894449+00:00
S07_P10_misaligned_label_mild_light_R02,S07,phone_a,P10,misaligned_label,mild_light,2,4839860265eef51878e26e91de2cce82803b38848e8a881bb772631563a26e7c,2026-06-24T21:32:49.506294+00:00
S07_P10_misaligned_label_mild_light_R03,S07,phone_a,P10,misaligned_label,mild_light,3,cdc8135edb27fecff831431b61d46d194d18dc9c2a5b583e411e9756da59d222,2026-06-24T21:33:10.287755+00:00
S07_P10_misaligned_label_mild_light_R04,S07,phone_a,P10,misaligned_label,mild_light,4,1c63df5d0670f053f84c4f19b77b853d026fcc4000363eee277e9c87c7e0295f,2026-06-24T21:33:22.299440+00:00
S07_P10_misaligned_label_side_shadow_R01,S07,phone_a,P10,misaligned_label,side_shadow,1,c5f443cac93dd88267a42b6fc181ca892e70607ee09f027b06f5e256ad5fc3b3,2026-06-24T21:32:53.252253+00:00
S07_P10_misaligned_label_side_shadow_R02,S07,phone_a,P10,misaligned_label,side_shadow,2,cb051940e3046f487321bf16862cc7cfa5619a7c62525c03e3a7f15c135cb2ea,2026-06-24T21:32:55.991124+00:00
S07_P10_misaligned_label_side_shadow_R03,S07,phone_a,P10,misaligned_label,side_shadow,3,cf8bd87456ec1b0c3d9c1605ef9af71582f0d9fe4949cca42ba656e974e9acff,2026-06-24T21:32:48.941788+00:00
S07_P10_misaligned_label_side_shadow_R04,S07,phone_a,P10,misaligned_label,side_shadow,4,130657c6b5f2bb8b5bfdb613db60ad2dca84d09a8e04842e742640bafd109462,2026-06-24T21:32:37.382353+00:00
S07_P10_misaligned_label_new_background_R01,S07,phone_a,P10,misaligned_label,new_background,1,d23361a80c69835adf51c60c01e2e610a191b03f9decc41041f94fe1f1833249,2026-06-24T21:32:52.275101+00:00
S07_P10_misaligned_label_new_background_R02,S07,phone_a,P10,misaligned_label,new_background,2,92f77b53c31baafaff9d35407a621499535347a674d220a099357411f471ee27,2026-06-24T21:32:50.546043+00:00
S07_P10_misaligned_label_new_background_R03,S07,phone_a,P10,misaligned_label,new_background,3,71349a301580862931a23e06abb22d298380c01b8dc22e1f92fde1d86b1fbc8f,2026-06-24T21:33:17.952818+00:00
S07_P10_misaligned_label_new_background_R04,S07,phone_a,P10,misaligned_label,new_background,4,ecf4709f65334816a339dcb150db7c1ae35f5032391a5c7dd84083c7ace9030f,2026-06-24T21:33:11.898228+00:00
S07_P10_misaligned_label_glare_R01,S07,phone_a,P10,misaligned_label,glare,1,c1bc89a13def7ea174054ddb2dcea4688af1e73c105f6f9acb46a1d52104d596,2026-06-24T21:32:57.658861+00:00
S07_P10_misaligned_label_glare_R02,S07,phone_a,P10,misaligned_label,glare,2,cea5947cd8c381feb908c3ba565124aadc8b48ac22c0e632efabf657508ba15c,2026-06-24T21:32:38.354135+00:00
S07_P10_misaligned_label_glare_R03,S07,phone_a,P10,misaligned_label,glare,3,48a0f443c8d01d191d4c86487492132da2fe2224c6ead951639dd6392b289f43,2026-06-24T21:32:42.178942+00:00
S07_P10_misaligned_label_glare_R04,S07,phone_a,P10,misaligned_label,glare,4,3556ab3afbbe905a77b246d798994a507d486c9de895fbe4ab3f4fd28f2c899a,2026-06-24T21:32:57.301173+00:00
S07_P10_damaged_label_mild_light_R01,S07,phone_a,P10,damaged_label,mild_light,1,b756a1a2d89d07c21a86906a38a17bceccba8eeee8886b3f2090346f134a81f6,2026-06-24T21:32:55.633650+00:00
S07_P10_damaged_label_mild_light_R02,S07,phone_a,P10,damaged_label,mild_light,2,bf02b4d83ed28d7f93fd212befe734e197d4695e38e3b9d30ad309dd0ea6c4cd,2026-06-24T21:33:13.013499+00:00
S07_P10_damaged_label_mild_light_R03,S07,phone_a,P10,damaged_label,mild_light,3,bc35c5d33a9807f0cc058ec81df048f794bc8c5a9c5d20fce2bf6107d9aae291,2026-06-24T21:32:41.364506+00:00
S07_P10_damaged_label_mild_light_R04,S07,phone_a,P10,damaged_label,mild_light,4,729d46d611405e7499e0ca00548208d3b5de56f4df6e859a7f0af725de4d82f6,2026-06-24T21:32:40.311378+00:00
S07_P10_damaged_label_side_shadow_R01,S07,phone_a,P10,damaged_label,side_shadow,1,dc59f437ec44ca3460a5307e0930ed2816d384750619b9ee77c989d714fece7d,2026-06-24T21:33:12.507466+00:00
S07_P10_damaged_label_side_shadow_R02,S07,phone_a,P10,damaged_label,side_shadow,2,27c97f7a4e7e480fa4a0692566f580c3f9e6a875aa293840325a38000ccec782,2026-06-24T21:32:47.297318+00:00
S07_P10_damaged_label_side_shadow_R03,S07,phone_a,P10,damaged_label,side_shadow,3,393995ee4ed6bbb8a853b63b906f61b76c362770846f5eaaa08d2100993b20f5,2026-06-24T21:32:39.000014+00:00
S07_P10_damaged_label_side_shadow_R04,S07,phone_a,P10,damaged_label,side_shadow,4,b4d2a3666b4678b5d8ec6b684d68cd97e94021c55f362b5bbd1f2a2a7df9773c,2026-06-24T21:32:54.629233+00:00
S07_P10_damaged_label_new_background_R01,S07,phone_a,P10,damaged_label,new_background,1,b2204cbe35d0d5013d2342942f433c320498b3dc0d40b1947aea255e6168c0c5,2026-06-24T21:33:05.281417+00:00
S07_P10_damaged_label_new_background_R02,S07,phone_a,P10,damaged_label,new_background,2,55f6435c0ddb8436850fb8ae9fcde712a08744e8c80e052b5a16ce9e777f72a1,2026-06-24T21:33:14.909800+00:00
S07_P10_damaged_label_new_background_R03,S07,phone_a,P10,damaged_label,new_background,3,2c6d794300c1b0cc512d50c9a304539ba55df00c65181776e3b057544af1f6b1,2026-06-24T21:32:53.526117+00:00
S07_P10_damaged_label_new_background_R04,S07,phone_a,P10,damaged_label,new_background,4,f2ec0683374239e2b49a53aa0872471e50de0cabed70b123f0bdf7640c3606a4,2026-06-24T21:32:42.817651+00:00
S07_P10_damaged_label_glare_R01,S07,phone_a,P10,damaged_label,glare,1,41c24ea3afacefab42d3c94663998e82db042c9511f868ec469e0122094e3400,2026-06-24T21:33:17.808315+00:00
S07_P10_damaged_label_glare_R02,S07,phone_a,P10,damaged_label,glare,2,4efc1fc270d67a5b35ed757f50a1a6edef98f7f1885a16cc998945593514edb3,2026-06-24T21:33:02.602283+00:00
S07_P10_damaged_label_glare_R03,S07,phone_a,P10,damaged_label,glare,3,728f7487f9441a9f0b7602dd93f65ca70890415fcb033fba1aef2ef6e119ce91,2026-06-24T21:33:04.760675+00:00
S07_P10_damaged_label_glare_R04,S07,phone_a,P10,damaged_label,glare,4,5ac94ba633e71e1413bdbee909f41924165df6aa2e6ac91e5cd7a0f89366365f,2026-06-24T21:33:17.645702+00:00
S08_P09_ok_motion_blur_R01,S08,phone_a,P09,ok,motion_blur,1,81ca37bd42168d51088944f2627a84b3f4130d67a882580c799483a7a1f5d5eb,2026-06-24T21:33:41.458432+00:00
S08_P09_ok_motion_blur_R02,S08,phone_a,P09,ok,motion_blur,2,e1c481be2f1cb25e0c52ea8865169581273aebe5875562edefadb45555baa247,2026-06-24T21:33:51.672735+00:00
S08_P09_ok_motion_blur_R03,S08,phone_a,P09,ok,motion_blur,3,290476e47233bd0d0f7252ade1aca2ceb5784d6dee74b0fec4cb84e50b1b5fff,2026-06-24T21:33:59.554752+00:00
S08_P09_ok_motion_blur_R04,S08,phone_a,P09,ok,motion_blur,4,8f3cd51bc7f6fc695eecdaaf5fc7d420e6024acf200a93204225a08b0e39847f,2026-06-24T21:34:06.609121+00:00
S08_P09_ok_viewpoint_45_R01,S08,phone_a,P09,ok,viewpoint_45,1,b6c0367f86b16fef2391abb26c237a04a49bec4f41cf5da25d636b6b482b1c95,2026-06-24T21:33:44.000872+00:00
S08_P09_ok_viewpoint_45_R02,S08,phone_a,P09,ok,viewpoint_45,2,8d89eb0193c7974d56b37e685af6cfac5f55b461102c1694cf849c2a37b7d843,2026-06-24T21:33:44.291313+00:00
S08_P09_ok_viewpoint_45_R03,S08,phone_a,P09,ok,viewpoint_45,3,0a659b255cdbbe8929de16768ad264d569c3d2140dcd4bca29636c69a87f9877,2026-06-24T21:34:16.026002+00:00
S08_P09_ok_viewpoint_45_R04,S08,phone_a,P09,ok,viewpoint_45,4,470d9bde0b9b15b2f8f1f840c978b02b9cad6ab8d62a0efb4b3926159046f7c3,2026-06-24T21:33:50.460940+00:00
S08_P09_ok_distance_scale_R01,S08,phone_a,P09,ok,distance_scale,1,7f55c2406dd5aa1c2f1363a4782d90824ec782194bd0f87f6f92d3bd6d819245,2026-06-24T21:33:48.642853+00:00
S08_P09_ok_distance_scale_R02,S08,phone_a,P09,ok,distance_scale,2,968342435bae08d680d84b157c97b590933dcc737fc7d6fba873271851f4f5d0,2026-06-24T21:33:45.766024+00:00
S08_P09_ok_distance_scale_R03,S08,phone_a,P09,ok,distance_scale,3,896746210a82aa23522d1a695920db876648397bd5ddbfe57e2d9dca6e447cf1,2026-06-24T21:33:47.322329+00:00
S08_P09_ok_distance_scale_R04,S08,phone_a,P09,ok,distance_scale,4,c0c753a2b0db21855f6586bf47a43d732c14f17816db0137e787626557d49af5,2026-06-24T21:34:02.272274+00:00
S08_P09_missing_label_motion_blur_R01,S08,phone_a,P09,missing_label,motion_blur,1,3efa9092e40656bc1238e2e00a02cef0330c794d4930a0e68ea0668fa87ad4d1,2026-06-24T21:33:54.195294+00:00
S08_P09_missing_label_motion_blur_R02,S08,phone_a,P09,missing_label,motion_blur,2,25b8ca7f9099816fa348629d7ac493b34b5472359c1a949096c8d0e3f99f5899,2026-06-24T21:34:09.116121+00:00
S08_P09_missing_label_motion_blur_R03,S08,phone_a,P09,missing_label,motion_blur,3,21bd06cc8a7a8a589e4bb5f4b74344f5fd2267058821142ed17e2600130a170d,2026-06-24T21:33:47.924064+00:00
S08_P09_missing_label_motion_blur_R04,S08,phone_a,P09,missing_label,motion_blur,4,7dcacd9d4f02fc2ee060d7f97a01fbb65613cdd4d3751fd800d2f4c89afcda77,2026-06-24T21:34:01.166722+00:00
S08_P09_missing_label_viewpoint_45_R01,S08,phone_a,P09,missing_label,viewpoint_45,1,bc88c44d93d5d6ffbb7a8afa516d56ef3c5f95e6e78f94ebea22dcd2067fdc43,2026-06-24T21:34:14.685202+00:00
S08_P09_missing_label_viewpoint_45_R02,S08,phone_a,P09,missing_label,viewpoint_45,2,744e3f32d4c0d65b6de9f9846fd85b70310b7c396626bc232bbafd55b08ad582,2026-06-24T21:33:42.250993+00:00
S08_P09_missing_label_viewpoint_45_R03,S08,phone_a,P09,missing_label,viewpoint_45,3,d0dffb3fb6847aeeae9f549011fd55b834d794baddc819a8923e900f558a386c,2026-06-24T21:34:05.229004+00:00
S08_P09_missing_label_viewpoint_45_R04,S08,phone_a,P09,missing_label,viewpoint_45,4,7762bb2715a3a0cede889259492e4d1f28e34931a189c79f2780cf2c7d3de6c8,2026-06-24T21:34:02.695230+00:00
S08_P09_missing_label_distance_scale_R01,S08,phone_a,P09,missing_label,distance_scale,1,baf1a724ad10c055da89c14f0e55687ffbe63554a3d441e1e90b03ca8d96ad0f,2026-06-24T21:33:54.891869+00:00
S08_P09_missing_label_distance_scale_R02,S08,phone_a,P09,missing_label,distance_scale,2,6636d4adc6961a56814a2a19cb8ddabdecdf39315feaf41542e8d9794ccc63e1,2026-06-24T21:34:11.024844+00:00
S08_P09_missing_label_distance_scale_R03,S08,phone_a,P09,missing_label,distance_scale,3,9ee32cbd2a42ccd327de0e9b71c44165e86154e7ee3e6e47b5b78f056b580ad3,2026-06-24T21:34:01.555954+00:00
S08_P09_missing_label_distance_scale_R04,S08,phone_a,P09,missing_label,distance_scale,4,23467aeed7960cba084664f987ee819de3997adb0113ce850f28d0b8ca0fc75d,2026-06-24T21:34:01.839843+00:00
S08_P09_misaligned_label_motion_blur_R01,S08,phone_a,P09,misaligned_label,motion_blur,1,2a961ed795947c793e858a13d644f2044d95dcfd6f0420ffc21fe2b8984c40c7,2026-06-24T21:33:55.892366+00:00
S08_P09_misaligned_label_motion_blur_R02,S08,phone_a,P09,misaligned_label,motion_blur,2,24badc02885dc361c3e52233e5bfa097d3bd6c02805de878e27aa1ad47ce3b60,2026-06-24T21:34:07.799151+00:00
S08_P09_misaligned_label_motion_blur_R03,S08,phone_a,P09,misaligned_label,motion_blur,3,deb62ed8ba22cd1e225b558243178dd93ddd67afff2044fe7616e6e72bfa1715,2026-06-24T21:33:53.258345+00:00
S08_P09_misaligned_label_motion_blur_R04,S08,phone_a,P09,misaligned_label,motion_blur,4,9d4de486d25e0e59654bff4e4516a7cd892306a287ea61a57caf18f93a69e4cd,2026-06-24T21:33:45.276184+00:00
S08_P09_misaligned_label_viewpoint_45_R01,S08,phone_a,P09,misaligned_label,viewpoint_45,1,5d9b2c52676eb3942c76f2051698090150745e2b95f9e2d10abab65689e46a18,2026-06-24T21:34:07.061841+00:00
S08_P09_misaligned_label_viewpoint_45_R02,S08,phone_a,P09,misaligned_label,viewpoint_45,2,246faa75f5ae7a1fadf0892999e0ad837b38ea4916d805b2c0c005fd4fface05,2026-06-24T21:33:56.585265+00:00
S08_P09_misaligned_label_viewpoint_45_R03,S08,phone_a,P09,misaligned_label,viewpoint_45,3,24eb591ec245109119258c2aa104bc5d014e39f1ba11e7790da048f20b725659,2026-06-24T21:34:00.445859+00:00
S08_P09_misaligned_label_viewpoint_45_R04,S08,phone_a,P09,misaligned_label,viewpoint_45,4,0818114e89f9b7144f8feb70cdf29d89f671ae9cf9ee9408407f2b1614a4eb6e,2026-06-24T21:34:14.304322+00:00
S08_P09_misaligned_label_distance_scale_R01,S08,phone_a,P09,misaligned_label,distance_scale,1,22174ee21dd6c07ddcef80c906094b7aa6a43bef0901952e85a76fd4737fc56f,2026-06-24T21:34:16.444850+00:00
S08_P09_misaligned_label_distance_scale_R02,S08,phone_a,P09,misaligned_label,distance_scale,2,f0829be453e22aae9823506ee749189a97ef94e585913c721f29c2c842c38d73,2026-06-24T21:34:18.533995+00:00
S08_P09_misaligned_label_distance_scale_R03,S08,phone_a,P09,misaligned_label,distance_scale,3,e91cc37f357f14b6f11eb1cfc65cbe57a7e6f6b9593cd919e99e27199dbbebe8,2026-06-24T21:33:42.956007+00:00
S08_P09_misaligned_label_distance_scale_R04,S08,phone_a,P09,misaligned_label,distance_scale,4,543402669f38ad364d840823f2dad28a17cd8eeeb5498d7e2592f55716595c55,2026-06-24T21:33:55.043241+00:00
S08_P09_damaged_label_motion_blur_R01,S08,phone_a,P09,damaged_label,motion_blur,1,5a61774d2e30149ee1b685e2ef48729be1c37a2e51da9df5cd4d8acbb915c139,2026-06-24T21:34:07.534342+00:00
S08_P09_damaged_label_motion_blur_R02,S08,phone_a,P09,damaged_label,motion_blur,2,3da599def47272c12ed65d8fde14006bede484b32b63d3c7cc7364c4b3c4a5ed,2026-06-24T21:34:00.728206+00:00
S08_P09_damaged_label_motion_blur_R03,S08,phone_a,P09,damaged_label,motion_blur,3,a8d53c08c2e69ecfa73bf5a147e8c7c479a374715fa55700f766e9f37fc9c317,2026-06-24T21:34:09.552007+00:00
S08_P09_damaged_label_motion_blur_R04,S08,phone_a,P09,damaged_label,motion_blur,4,977983aaf470fdc7ff425aa6d4569724e83be135574ecf8d7304c21f69df93a2,2026-06-24T21:34:02.125677+00:00
S08_P09_damaged_label_viewpoint_45_R01,S08,phone_a,P09,damaged_label,viewpoint_45,1,7d9bda860dd28665fa07cfbd75883b4e127904fc55722d86a635ca6341492b8f,2026-06-24T21:33:59.410726+00:00
S08_P09_damaged_label_viewpoint_45_R02,S08,phone_a,P09,damaged_label,viewpoint_45,2,b111859a1c071a64b6d007f396242ad22a7f910f8d6ba3538b27d08b8094d92b,2026-06-24T21:34:08.188212+00:00
S08_P09_damaged_label_viewpoint_45_R03,S08,phone_a,P09,damaged_label,viewpoint_45,3,b1cec009d80139d12442d693f2a34862d3eaa1b2b666887fd3ed11c3890f523c,2026-06-24T21:33:44.892554+00:00
S08_P09_damaged_label_viewpoint_45_R04,S08,phone_a,P09,damaged_label,viewpoint_45,4,1d900456f6770e2f1140d7be6911d89125dacb5199939eb9223763efa75f4a55,2026-06-24T21:34:01.297315+00:00
S08_P09_damaged_label_distance_scale_R01,S08,phone_a,P09,damaged_label,distance_scale,1,4f936a158e4f295224993ba637079a5b490f15c133053028f4fb807bf4d7c45b,2026-06-24T21:34:17.052628+00:00
S08_P09_damaged_label_distance_scale_R02,S08,phone_a,P09,damaged_label,distance_scale,2,54a03a706d6aa0f8cde5b3dae5957f500300c24707b29434000c4ecda4e6405a,2026-06-24T21:33:58.775352+00:00
S08_P09_damaged_label_distance_scale_R03,S08,phone_a,P09,damaged_label,distance_scale,3,0bef51e67d07932de0610320684bae3cd86d75830b9f684ee98982a2f9b8a45d,2026-06-24T21:33:47.577292+00:00
S08_P09_damaged_label_distance_scale_R04,S08,phone_a,P09,damaged_label,distance_scale,4,b4e3852743841a7584929f29023f357b3c42ecb1f310a568a9b1d5d616efd917,2026-06-24T21:33:42.713051+00:00
S08_P10_ok_motion_blur_R01,S08,phone_a,P10,ok,motion_blur,1,18e1c5435397fa2c50ab6eb042c16f87486bb6be3e1f3e7513f31899bdea84f0,2026-06-24T21:34:03.552576+00:00
S08_P10_ok_motion_blur_R02,S08,phone_a,P10,ok,motion_blur,2,e061f306e86c6eaa97013dd54af46cbebe3f6a8506739f6adf13d5b5588708a2,2026-06-24T21:33:47.000867+00:00
S08_P10_ok_motion_blur_R03,S08,phone_a,P10,ok,motion_blur,3,32a77f9eb0e2fe2cddafb59cf64b2fcde5b3a9951e57e6f72afa7215c0c2cebc,2026-06-24T21:33:50.150015+00:00
S08_P10_ok_motion_blur_R04,S08,phone_a,P10,ok,motion_blur,4,f57605ed0e75178174fd1ac086a5c7c0300a381caefeab74bb027d0946d3e1cf,2026-06-24T21:33:56.969212+00:00
S08_P10_ok_viewpoint_45_R01,S08,phone_a,P10,ok,viewpoint_45,1,dd734bd794c476adce2315cf7e172de7c4a83e28152dd00ffe3ac8f131cf77cb,2026-06-24T21:34:09.941165+00:00
S08_P10_ok_viewpoint_45_R02,S08,phone_a,P10,ok,viewpoint_45,2,dc75f34f4eaec22e1f6ce089861f2183efc8bd5888a2a84fb370b121f351d7af,2026-06-24T21:33:49.158173+00:00
S08_P10_ok_viewpoint_45_R03,S08,phone_a,P10,ok,viewpoint_45,3,0a1985da53039463cff567a95f9c94310c190b26284b466f409682c8e307fbe6,2026-06-24T21:33:52.501297+00:00
S08_P10_ok_viewpoint_45_R04,S08,phone_a,P10,ok,viewpoint_45,4,cedd7d833e25f16da3a7342a2ecc11eeed0ee2702f547c9f7556f41e372b89ea,2026-06-24T21:34:11.575434+00:00
S08_P10_ok_distance_scale_R01,S08,phone_a,P10,ok,distance_scale,1,75174d4f369534c102cc0aaa41bfcd0e70b42ea1fffb2fa34fd0f24efaa1decc,2026-06-24T21:33:50.812374+00:00
S08_P10_ok_distance_scale_R02,S08,phone_a,P10,ok,distance_scale,2,76fe31a338b431370ebb96620c664da040debb0ca098afa4212a593dd4883c4f,2026-06-24T21:34:04.463610+00:00
S08_P10_ok_distance_scale_R03,S08,phone_a,P10,ok,distance_scale,3,53fa3501e38d7df8d84d0e6c1bddeadb7174daee442047dad2cfbe967dde8221,2026-06-24T21:34:11.175168+00:00
S08_P10_ok_distance_scale_R04,S08,phone_a,P10,ok,distance_scale,4,e59296f4e15c69f5cb88628a2e450508e2dba2ff711e6be9d8c03b6a13d7de13,2026-06-24T21:33:46.446193+00:00
S08_P10_missing_label_motion_blur_R01,S08,phone_a,P10,missing_label,motion_blur,1,66795af7fd88362b7a5b6a804fb3608703b3a65c7f4177bf635f4814f43db5fb,2026-06-24T21:33:54.024077+00:00
S08_P10_missing_label_motion_blur_R02,S08,phone_a,P10,missing_label,motion_blur,2,ce7434d860f25c6a83b6b78c838b82dc4f76b77a34b493c44cf73e97944bf42e,2026-06-24T21:34:13.912609+00:00
S08_P10_missing_label_motion_blur_R03,S08,phone_a,P10,missing_label,motion_blur,3,1a414f22676351f412d615306dbd4235b80cb5d6a4cbe654b49109730708aea6,2026-06-24T21:33:55.547312+00:00
S08_P10_missing_label_motion_blur_R04,S08,phone_a,P10,missing_label,motion_blur,4,a4bb35d1185c398be58d486160adb8ae533154c1d2c03fe7110d7f4481e5df3d,2026-06-24T21:33:51.177613+00:00
S08_P10_missing_label_viewpoint_45_R01,S08,phone_a,P10,missing_label,viewpoint_45,1,9e878d0e292410b63301644aebaa4facb96ea5e1b0dccf764ca2c7adeb3a9501,2026-06-24T21:34:17.455957+00:00
S08_P10_missing_label_viewpoint_45_R02,S08,phone_a,P10,missing_label,viewpoint_45,2,522d72666c951b0376fec869c6457f48fe87076686e53fd452a983d037cc105f,2026-06-24T21:34:01.708875+00:00
S08_P10_missing_label_viewpoint_45_R03,S08,phone_a,P10,missing_label,viewpoint_45,3,5ae8cc11b6a22e176ae5976b26e8b7f51c9c50369e8e76fd9ff7473c2a503de9,2026-06-24T21:34:10.355247+00:00
S08_P10_missing_label_viewpoint_45_R04,S08,phone_a,P10,missing_label,viewpoint_45,4,14b103bb1616fb764ceb12e522b717102c9c60cb0031158be341f0fb8940c91d,2026-06-24T21:33:43.685449+00:00
S08_P10_missing_label_distance_scale_R01,S08,phone_a,P10,missing_label,distance_scale,1,dc5eccb60139e9b6d52d441aadd56fe5202a78bf6a27ae3295e38f5f00b50265,2026-06-24T21:34:13.147863+00:00
S08_P10_missing_label_distance_scale_R02,S08,phone_a,P10,missing_label,distance_scale,2,cfe4a6deb619f92ec28157f82eac0ac18488457905fd6935f259d872a6710cda,2026-06-24T21:34:04.081257+00:00
S08_P10_missing_label_distance_scale_R03,S08,phone_a,P10,missing_label,distance_scale,3,9576ffbde451195d645fcfa0e3a99c627f41f97beb245f5675a018c7c94e1c35,2026-06-24T21:34:18.973680+00:00
S08_P10_missing_label_distance_scale_R04,S08,phone_a,P10,missing_label,distance_scale,4,4bfb750e74bc534f135945f5a4d40a72b9522bbde0180093a8aaa810859a6231,2026-06-24T21:33:41.263751+00:00
S08_P10_misaligned_label_motion_blur_R01,S08,phone_a,P10,misaligned_label,motion_blur,1,44cea2968e83e9421372c50a657f0991ac118bf496e44db6dea798aac86aabe5,2026-06-24T21:34:15.315863+00:00
S08_P10_misaligned_label_motion_blur_R02,S08,phone_a,P10,misaligned_label,motion_blur,2,cef28151e9bc1aedc6610d968e72a1443da03a9a6e377eb43f895dd3f8f3b082,2026-06-24T21:33:57.763859+00:00
S08_P10_misaligned_label_motion_blur_R03,S08,phone_a,P10,misaligned_label,motion_blur,3,488839a85bafd6e387327252bfba7b0ce00f7d3ca144f602b0df30ecf80c8ae4,2026-06-24T21:34:11.960475+00:00
S08_P10_misaligned_label_motion_blur_R04,S08,phone_a,P10,misaligned_label,motion_blur,4,da26b6ccd56ce8a38b470f5e744ea6d0418c4738142a48a208c92dc7e0aa5d36,2026-06-24T21:34:08.895700+00:00
S08_P10_misaligned_label_viewpoint_45_R01,S08,phone_a,P10,misaligned_label,viewpoint_45,1,46e9cfe1dc63f4ef90d1d812d90e00eff86e95f9f27bcd47a173500ce1b43d8a,2026-06-24T21:34:18.151379+00:00
S08_P10_misaligned_label_viewpoint_45_R02,S08,phone_a,P10,misaligned_label,viewpoint_45,2,7f144087acbe39c2a304564e0b29b381b9daa811ba33d20462affcf3b75cdd26,2026-06-24T21:33:53.443794+00:00
S08_P10_misaligned_label_viewpoint_45_R03,S08,phone_a,P10,misaligned_label,viewpoint_45,3,515a8a30a95594c8814f3bbff2d561bae7767a9a220d460d1d1f1b960dbe2705,2026-06-24T21:34:01.425521+00:00
S08_P10_misaligned_label_viewpoint_45_R04,S08,phone_a,P10,misaligned_label,viewpoint_45,4,1d8f732cdc08fe32fa9beafd4ce3cceea28cb962f2ac92f16352462344b98ac7,2026-06-24T21:34:02.467658+00:00
S08_P10_misaligned_label_distance_scale_R01,S08,phone_a,P10,misaligned_label,distance_scale,1,a67b90f79247ac659d3c8220753c2ff99b147f942fcb33d34d77e95e672ab2cf,2026-06-24T21:33:40.340909+00:00
S08_P10_misaligned_label_distance_scale_R02,S08,phone_a,P10,misaligned_label,distance_scale,2,921595ab13ee3e4293b85aad6f2bff08f434f1cea5404e218a8a3060e5effd48,2026-06-24T21:34:00.060746+00:00
S08_P10_misaligned_label_distance_scale_R03,S08,phone_a,P10,misaligned_label,distance_scale,3,882001d9cc1a19ae900a7cddfdf28e2fb2916bf6888127f16585183fab6a0424,2026-06-24T21:33:57.448393+00:00
S08_P10_misaligned_label_distance_scale_R04,S08,phone_a,P10,misaligned_label,distance_scale,4,b7ee28381e34fbfcbe43e0b365e72a0cfee5920a4e6ff519edb7876a370266d2,2026-06-24T21:34:03.077549+00:00
S08_P10_damaged_label_motion_blur_R01,S08,phone_a,P10,damaged_label,motion_blur,1,e97d61f96db510c47c298cf8a552ff830129fa6c794642d515952613d89401fe,2026-06-24T21:33:39.772307+00:00
S08_P10_damaged_label_motion_blur_R02,S08,phone_a,P10,damaged_label,motion_blur,2,e799f43c3675cb1aa3db5bd0499c35e75fdddc4a50397a1734d7010cb8b51c4b,2026-06-24T21:34:01.970605+00:00
S08_P10_damaged_label_motion_blur_R03,S08,phone_a,P10,damaged_label,motion_blur,3,5fc20ce0329a262878d29add84c99fe89a39cad832d6225db64d59e37f1e1544,2026-06-24T21:33:58.160604+00:00
S08_P10_damaged_label_motion_blur_R04,S08,phone_a,P10,damaged_label,motion_blur,4,5cc41ceb04e756986a847044de129302a16f4c642420c2cc5329d801642b4d53,2026-06-24T21:33:40.771684+00:00
S08_P10_damaged_label_viewpoint_45_R01,S08,phone_a,P10,damaged_label,viewpoint_45,1,2917c7968baa0a7c8a489a600ad7b1dd69be7e508871ac08166675d654c56e46,2026-06-24T21:34:05.596681+00:00
S08_P10_damaged_label_viewpoint_45_R02,S08,phone_a,P10,damaged_label,viewpoint_45,2,b5a08cc2d98769fb161cd6b77bd7c4b0fe5785f40f7e7cf7a1bafe425a410ca0,2026-06-24T21:33:52.354122+00:00
S08_P10_damaged_label_viewpoint_45_R03,S08,phone_a,P10,damaged_label,viewpoint_45,3,652f00e0675907333b6ec257907758b371d5eb6d6632a87a851238e876699c10,2026-06-24T21:33:49.755154+00:00
S08_P10_damaged_label_viewpoint_45_R04,S08,phone_a,P10,damaged_label,viewpoint_45,4,3141573181d1f36714aeb76f25b7961236a8f015a9399388a73ae7cd57e5f0b2,2026-06-24T21:34:13.438883+00:00
S08_P10_damaged_label_distance_scale_R01,S08,phone_a,P10,damaged_label,distance_scale,1,b850a70fb27507b65d4a11a87c63fe6734b90c4a40e53962cf243fabeb163899,2026-06-24T21:34:15.138356+00:00
S08_P10_damaged_label_distance_scale_R02,S08,phone_a,P10,damaged_label,distance_scale,2,fe14f33bb9f530988463a9de49c593d65fd8068392b10fb0676907a5ac5f0bc9,2026-06-24T21:34:06.096869+00:00
S08_P10_damaged_label_distance_scale_R03,S08,phone_a,P10,damaged_label,distance_scale,3,e2f290ec4fe0cc6ba67af98634c3e670af938486c56d25049b2dce4d5eea0aca,2026-06-24T21:34:16.890925+00:00
S08_P10_damaged_label_distance_scale_R04,S08,phone_a,P10,damaged_label,distance_scale,4,e3c5c33242793dc3e666235a242505fffdcf216aa0c1adf1183f0cb483c65ee4,2026-06-24T21:34:12.656608+00:00
S09_P09_ok_mild_light_R01,S09,phone_b,P09,ok,mild_light,1,357939e531e4564b5bea4422dda6b55fd5622e9c8ec093538421992701a38d67,2026-06-24T21:34:50.034969+00:00
S09_P09_ok_mild_light_R02,S09,phone_b,P09,ok,mild_light,2,d21882e0726bf1ca702d0ebedc3b6c760ab8828ae67a47177046e6399274ab76,2026-06-24T21:35:13.081392+00:00
S09_P09_ok_mild_light_R03,S09,phone_b,P09,ok,mild_light,3,b0e8065c47c319dd8f13643b0086a4cfafbd889cfdbfc6d52ced814433dca8d4,2026-06-24T21:35:08.132495+00:00
S09_P09_ok_mild_light_R04,S09,phone_b,P09,ok,mild_light,4,3cb503c29cc65419b54ebde87ada98563a7aa78f860fd87658fe6dc16475cc2a,2026-06-24T21:35:09.028253+00:00
S09_P09_ok_side_shadow_R01,S09,phone_b,P09,ok,side_shadow,1,7a7353ae657481ad28eafda98e1055bf8b1841841c7a5f663e8a79d4567df091,2026-06-24T21:34:46.054802+00:00
S09_P09_ok_side_shadow_R02,S09,phone_b,P09,ok,side_shadow,2,dfe3d500de7c2c934da189eb6bb53e7f0600e27750f68c904ba70b5a44c8c572,2026-06-24T21:35:14.728814+00:00
S09_P09_ok_side_shadow_R03,S09,phone_b,P09,ok,side_shadow,3,a7c9ca5dc03f219f2dc61a1e88a369c17e978c66c66bb0e0c0b1ce94f2b21dc4,2026-06-24T21:35:18.180595+00:00
S09_P09_ok_side_shadow_R04,S09,phone_b,P09,ok,side_shadow,4,dc7189fca06002c5102af817277a37578c2c758bd0f9b8f3b985afe3e425ee05,2026-06-24T21:35:19.423756+00:00
S09_P09_ok_new_background_R01,S09,phone_b,P09,ok,new_background,1,3913ed873493083a7fc016acc83363ca63da313ef91f454e15ae855cb2311296,2026-06-24T21:35:29.326400+00:00
S09_P09_ok_new_background_R02,S09,phone_b,P09,ok,new_background,2,a94cdb0156678cf5d2429969fe1b81255ed3a3c9cab3f1d7f335b4d3c42d45d6,2026-06-24T21:35:20.549108+00:00
S09_P09_ok_new_background_R03,S09,phone_b,P09,ok,new_background,3,0952d8022d950922d42bac8516dea1e5fd49db63c8b963de179201410baeef45,2026-06-24T21:35:14.353681+00:00
S09_P09_ok_new_background_R04,S09,phone_b,P09,ok,new_background,4,7c2de59265704eb96fa12c1d215e94f0a4230f4130a3d22ba17413f843648a6c,2026-06-24T21:35:06.675347+00:00
S09_P09_ok_glare_R01,S09,phone_b,P09,ok,glare,1,e4f1df1d8c6289e81fda9ae79e2b04a99c52521b786185546e3313865473eb97,2026-06-24T21:34:45.286533+00:00
S09_P09_ok_glare_R02,S09,phone_b,P09,ok,glare,2,efc2284f255e97fe160c9e1646bf95d52abe6b890ed8ce5f6445c205cfb2dcb7,2026-06-24T21:34:41.318725+00:00
S09_P09_ok_glare_R03,S09,phone_b,P09,ok,glare,3,6cbc20fbc9bcc6302960db7126b0c725b717d44f73750f9e74168ec5749d184a,2026-06-24T21:35:21.176656+00:00
S09_P09_ok_glare_R04,S09,phone_b,P09,ok,glare,4,07affedba04b19535e7c2f27cb9917c8cda0fa1f01eec8607ea66ba8cba0d4c7,2026-06-24T21:34:55.334088+00:00
S09_P09_missing_label_mild_light_R01,S09,phone_b,P09,missing_label,mild_light,1,18506c312512396d24c8922f39b0965daf2600ecfab1c5f93ff67935a0fa01dc,2026-06-24T21:35:25.582302+00:00
S09_P09_missing_label_mild_light_R02,S09,phone_b,P09,missing_label,mild_light,2,ce133d493649a798789d33398070b47d32dc452ccff0fa0f18eedce827c81c1a,2026-06-24T21:34:59.751096+00:00
S09_P09_missing_label_mild_light_R03,S09,phone_b,P09,missing_label,mild_light,3,46c597754368b421c9f48c4c0b7a9494c7c5f46c920133a777ce01433477ad58,2026-06-24T21:35:15.685062+00:00
S09_P09_missing_label_mild_light_R04,S09,phone_b,P09,missing_label,mild_light,4,6cd388fb2325c2fe60088841bfed1b7af30b553eed576cc6f1d7fea8105c80ae,2026-06-24T21:35:15.164341+00:00
S09_P09_missing_label_side_shadow_R01,S09,phone_b,P09,missing_label,side_shadow,1,9a9ae554281690a1dacb9a47190d12bb85e994c04f1b8dbbdfdb216fb6f177ac,2026-06-24T21:35:22.174055+00:00
S09_P09_missing_label_side_shadow_R02,S09,phone_b,P09,missing_label,side_shadow,2,24690a8e7a003f4d2749952bb4d5cc7c9d0d34b98887b7737aacde299a0854ca,2026-06-24T21:35:20.085064+00:00
S09_P09_missing_label_side_shadow_R03,S09,phone_b,P09,missing_label,side_shadow,3,4b326876aa2c014a0e70e3168e3a56cebd071791ac871030aa87b2352a57e442,2026-06-24T21:34:58.698626+00:00
S09_P09_missing_label_side_shadow_R04,S09,phone_b,P09,missing_label,side_shadow,4,cb4b19e1abbce52464ba47f4db462b776c03734f6ce2f707bfc99eaa5130e2c4,2026-06-24T21:34:53.790276+00:00
S09_P09_missing_label_new_background_R01,S09,phone_b,P09,missing_label,new_background,1,3b4908123ce3d7ca062483ac4a066c01f9bff24852fdc281e54fcbf625182a5a,2026-06-24T21:34:42.915026+00:00
S09_P09_missing_label_new_background_R02,S09,phone_b,P09,missing_label,new_background,2,740419286c55f4de85a2ae4bde1bf4fa5b8f4b60a00b80cb7f61c732ca1758b6,2026-06-24T21:34:58.174770+00:00
S09_P09_missing_label_new_background_R03,S09,phone_b,P09,missing_label,new_background,3,3eb28d3ec052e7b05d1a2cd5900ccf2abd16814ff332bdc2e3ab2530db6068af,2026-06-24T21:35:17.271721+00:00
S09_P09_missing_label_new_background_R04,S09,phone_b,P09,missing_label,new_background,4,897dc6437844558e2d171c05569c367826c588904845067b1a397061199e550d,2026-06-24T21:34:40.721609+00:00
S09_P09_missing_label_glare_R01,S09,phone_b,P09,missing_label,glare,1,8c194245f05b0338e64af00f99c956a62557c1646207dec8e273eecac8c54416,2026-06-24T21:35:15.552457+00:00
S09_P09_missing_label_glare_R02,S09,phone_b,P09,missing_label,glare,2,b623467f3508993cb275cc8ec733e4f85a303f1fd4f0119d624d59b9e7823704,2026-06-24T21:35:25.347286+00:00
S09_P09_missing_label_glare_R03,S09,phone_b,P09,missing_label,glare,3,0df2c221bc5f08d1b7348f912ad374c9252d57d9600b69d7936e756babd83b91,2026-06-24T21:35:06.966407+00:00
S09_P09_missing_label_glare_R04,S09,phone_b,P09,missing_label,glare,4,97d2d442a03b8b2fbaae56673abcc89c929892e810ec57a52c903a884fb39451,2026-06-24T21:35:11.890349+00:00
S09_P09_misaligned_label_mild_light_R01,S09,phone_b,P09,misaligned_label,mild_light,1,d30d625cf1e45bfaa33347fb1a0fb4dd8f9b6ec37381435b6de71a90cd16ba05,2026-06-24T21:35:17.670129+00:00
S09_P09_misaligned_label_mild_light_R02,S09,phone_b,P09,misaligned_label,mild_light,2,a90d3c5ae9990d3f4d12f3aedb7583eae300507af7ba7632fc38f2de654f4543,2026-06-24T21:35:16.230103+00:00
S09_P09_misaligned_label_mild_light_R03,S09,phone_b,P09,misaligned_label,mild_light,3,c1d4e8969ef1d3280f21ab8f031012f493b93b8ecebdbdee60e9f36b79b3998a,2026-06-24T21:34:43.697503+00:00
S09_P09_misaligned_label_mild_light_R04,S09,phone_b,P09,misaligned_label,mild_light,4,b4ad977fcc38d09ef89c10c71f957665d81d0802bcfcd714010212c1bf524a67,2026-06-24T21:34:51.914541+00:00
S09_P09_misaligned_label_side_shadow_R01,S09,phone_b,P09,misaligned_label,side_shadow,1,b6c9f2d23f396d6943fab7f34f015a22ec659a91fb6643dd755ae66cb2e756e8,2026-06-24T21:35:01.455133+00:00
S09_P09_misaligned_label_side_shadow_R02,S09,phone_b,P09,misaligned_label,side_shadow,2,280adc27c02957d2d91baf9dce5f7bf9a93d58d54d92a3f663519c451ccc187a,2026-06-24T21:35:05.066621+00:00
S09_P09_misaligned_label_side_shadow_R03,S09,phone_b,P09,misaligned_label,side_shadow,3,f07dfc11ec9eac4a72a5e74a051facc5408af1ef8dfab41c2d5be3978bad4d43,2026-06-24T21:34:52.948677+00:00
S09_P09_misaligned_label_side_shadow_R04,S09,phone_b,P09,misaligned_label,side_shadow,4,1b66297f9ea167313f0041d56e49daf32e163b775d44f90163cf823e865bcb9b,2026-06-24T21:34:56.300865+00:00
S09_P09_misaligned_label_new_background_R01,S09,phone_b,P09,misaligned_label,new_background,1,90b19b2b7db005c14ed898b76aa06d1ba2217cdfb1d76f77435c646c3281e85f,2026-06-24T21:35:21.763273+00:00
S09_P09_misaligned_label_new_background_R02,S09,phone_b,P09,misaligned_label,new_background,2,f172600cf8866d4f5ee6f37c39f7e08333f763e6a72a7327baf844164d60a9db,2026-06-24T21:35:10.809217+00:00
S09_P09_misaligned_label_new_background_R03,S09,phone_b,P09,misaligned_label,new_background,3,b2a33b7f2a949d6bd3b494955d03702202f5b99e5f7f56dcfe518ad9b48a3a0f,2026-06-24T21:34:49.769695+00:00
S09_P09_misaligned_label_new_background_R04,S09,phone_b,P09,misaligned_label,new_background,4,d72205e61703fed25e2ec5956200596e65be030562687078b342d1c801689868,2026-06-24T21:35:27.747503+00:00
S09_P09_misaligned_label_glare_R01,S09,phone_b,P09,misaligned_label,glare,1,afb82fadedebc1c3eb2a8208735be7d750ee99fb5d668aee4900d04a49e47658,2026-06-24T21:35:28.325064+00:00
S09_P09_misaligned_label_glare_R02,S09,phone_b,P09,misaligned_label,glare,2,56815706f3552c06b713de7f7faa7729cfde91d72fc44af8e8b3b5f2b87bce2a,2026-06-24T21:34:40.862199+00:00
S09_P09_misaligned_label_glare_R03,S09,phone_b,P09,misaligned_label,glare,3,f1022314fd59f287297676a6b6052d913f91717e8bc232fec7ba87259a9124d7,2026-06-24T21:34:43.511179+00:00
S09_P09_misaligned_label_glare_R04,S09,phone_b,P09,misaligned_label,glare,4,7e78a838bc62c84a7894dca8c78ea12e06ec21c0ce3311628e240290e870b077,2026-06-24T21:34:46.711370+00:00
S09_P09_damaged_label_mild_light_R01,S09,phone_b,P09,damaged_label,mild_light,1,3bb39afccb568b1766644d59082557baa2a5d7e8e8421a6267606d2ada140f8a,2026-06-24T21:35:11.445265+00:00
S09_P09_damaged_label_mild_light_R02,S09,phone_b,P09,damaged_label,mild_light,2,10345263725a660691da6b619c3cc42d385520f043ef5485be739638bb505294,2026-06-24T21:35:10.197855+00:00
S09_P09_damaged_label_mild_light_R03,S09,phone_b,P09,damaged_label,mild_light,3,4eaf0fe905a8304edba2c970c6f6c326be4e6d55716b0bb8ab23c40fd8d267bb,2026-06-24T21:35:00.460558+00:00
S09_P09_damaged_label_mild_light_R04,S09,phone_b,P09,damaged_label,mild_light,4,5947d432de98f89080a8b4d102842e81d8d2a6618214e42d2bab00e6c4754812,2026-06-24T21:34:49.642236+00:00
S09_P09_damaged_label_side_shadow_R01,S09,phone_b,P09,damaged_label,side_shadow,1,41175c909b1ba2ac36dd106272484c579878124ef132b4a92a747df02e025ab7,2026-06-24T21:35:16.079347+00:00
S09_P09_damaged_label_side_shadow_R02,S09,phone_b,P09,damaged_label,side_shadow,2,db6f08669cab7f3ff41f7324d477b62dde7345f872180405b32b4f1f60817c3a,2026-06-24T21:35:03.092142+00:00
S09_P09_damaged_label_side_shadow_R03,S09,phone_b,P09,damaged_label,side_shadow,3,6b58c61f5e255ce0e65aedd86f4678cfaf3121a00f80b1e105f2f9e3c646b39b,2026-06-24T21:35:19.860672+00:00
S09_P09_damaged_label_side_shadow_R04,S09,phone_b,P09,damaged_label,side_shadow,4,c7b9e44c78e145e42d77fb068e3c5c59320871f0c95e845101c4131c40dcce96,2026-06-24T21:34:49.500467+00:00
S09_P09_damaged_label_new_background_R01,S09,phone_b,P09,damaged_label,new_background,1,9ae40b8c55814b17b4e9ba505557f8770b8f85e16b07bd2f3ff7d77ab05af169,2026-06-24T21:34:58.854445+00:00
S09_P09_damaged_label_new_background_R02,S09,phone_b,P09,damaged_label,new_background,2,2b17118e6cc99de54a35785209766c759e8705fc8db769bcca8c45afaeffb11c,2026-06-24T21:34:59.321499+00:00
S09_P09_damaged_label_new_background_R03,S09,phone_b,P09,damaged_label,new_background,3,0d3145980533b93ce7556d895f9a3ad23707f8f06ccf3ca101cfae18753f84bc,2026-06-24T21:35:02.667180+00:00
S09_P09_damaged_label_new_background_R04,S09,phone_b,P09,damaged_label,new_background,4,8b923b8b319858a323b64813ec1b37bfb0974389b97ffba265289df4ed52ca80,2026-06-24T21:34:44.772618+00:00
S09_P09_damaged_label_glare_R01,S09,phone_b,P09,damaged_label,glare,1,13174f9671db6e25b6a1a21b050a2ef8c4eefffaf9fade7684cb2f3f71859d88,2026-06-24T21:35:08.768626+00:00
S09_P09_damaged_label_glare_R02,S09,phone_b,P09,damaged_label,glare,2,48ac37d110eb153735f6f8d2d93216b1a59871d01061b2e12f6daf090eaa40c0,2026-06-24T21:35:07.325984+00:00
S09_P09_damaged_label_glare_R03,S09,phone_b,P09,damaged_label,glare,3,7200647aa0e4c48b0844c9e57d1687a6b72c85baec9a64cded92f1ce01060e37,2026-06-24T21:35:05.601577+00:00
S09_P09_damaged_label_glare_R04,S09,phone_b,P09,damaged_label,glare,4,70df68b7e62c804c15493294ed281fc68718658aecab2d6c07c253e7dc6d9f4d,2026-06-24T21:35:14.195822+00:00
S09_P10_ok_mild_light_R01,S09,phone_b,P10,ok,mild_light,1,8434c98d469066d37fab41da173cc9de1ef805d1b426947e6b47c77f09810744,2026-06-24T21:35:30.076708+00:00
S09_P10_ok_mild_light_R02,S09,phone_b,P10,ok,mild_light,2,e528672d29a5114e46912d341d74ad4ffbe9a5bd4078aa07363d2b0edac11a8e,2026-06-24T21:35:26.977041+00:00
S09_P10_ok_mild_light_R03,S09,phone_b,P10,ok,mild_light,3,3630ad45850d1eb1c6099b53daff1fbfe23dad28240010ebd715641542424667,2026-06-24T21:35:18.702151+00:00
S09_P10_ok_mild_light_R04,S09,phone_b,P10,ok,mild_light,4,8795990985d24208d92da22083bee2a03924fadb9a7f8b88b8661f9138741416,2026-06-24T21:34:57.669059+00:00
S09_P10_ok_side_shadow_R01,S09,phone_b,P10,ok,side_shadow,1,18b4b2f09835d72c2a24bfe14151374d62457acedde7d60257fe4533eecb5f01,2026-06-24T21:34:50.313434+00:00
S09_P10_ok_side_shadow_R02,S09,phone_b,P10,ok,side_shadow,2,e58259715c52f38135cdddceb8141bcc15247721ae32a9e5852927808f646763,2026-06-24T21:34:52.782589+00:00
S09_P10_ok_side_shadow_R03,S09,phone_b,P10,ok,side_shadow,3,298f85bf20a11c28b25d2ef145c0c1063398229dc6e8fc7bb5b829059c7c73d3,2026-06-24T21:34:38.996067+00:00
S09_P10_ok_side_shadow_R04,S09,phone_b,P10,ok,side_shadow,4,7d1b0eda3a10e29c0ea532be4a882c656bbddbd33f47145975de385025cf032e,2026-06-24T21:35:24.859449+00:00
S09_P10_ok_new_background_R01,S09,phone_b,P10,ok,new_background,1,a006d75c964e34ab14996c93b956e4e0034e158ee540eb5a3cc6a5f2517bcd36,2026-06-24T21:35:01.062559+00:00
S09_P10_ok_new_background_R02,S09,phone_b,P10,ok,new_background,2,43d8f9fa8875bd2972fb1b0a6a47d9276155c2c22bd7f78befb1be96d997677f,2026-06-24T21:35:09.326599+00:00
S09_P10_ok_new_background_R03,S09,phone_b,P10,ok,new_background,3,d3d244f3e1859001760121fda92c7be642248d6bbda9d52f5a2692b7c9934862,2026-06-24T21:34:52.483914+00:00
S09_P10_ok_new_background_R04,S09,phone_b,P10,ok,new_background,4,db9c3a671dafff41fadf57a74e15a37f42d4cf09d8ee9143bdf8fc0dc801b7a2,2026-06-24T21:35:29.035403+00:00
S09_P10_ok_glare_R01,S09,phone_b,P10,ok,glare,1,50ddade0188aab51e2da23b2d65ac5937f121cda849948c69bd2192d3a6566df,2026-06-24T21:35:27.901802+00:00
S09_P10_ok_glare_R02,S09,phone_b,P10,ok,glare,2,553c6122a3347fe880be46019c2d3f8606fad186a813adf2501bfc86b95f0a18,2026-06-24T21:35:15.947657+00:00
S09_P10_ok_glare_R03,S09,phone_b,P10,ok,glare,3,d5a0193f1cfc35df44d256aaf0554e108978247f0584b07fd481ce91fb380b59,2026-06-24T21:35:22.978533+00:00
S09_P10_ok_glare_R04,S09,phone_b,P10,ok,glare,4,8d0eaec5076bf8cd5a99c05847526fdc85af0bea3e81b66001d31fcea3253731,2026-06-24T21:34:55.859985+00:00
S09_P10_missing_label_mild_light_R01,S09,phone_b,P10,missing_label,mild_light,1,a8cafd6f995471a421dd285fe8cd2af6441308a3adf628983ca84d830cea3344,2026-06-24T21:34:45.910455+00:00
S09_P10_missing_label_mild_light_R02,S09,phone_b,P10,missing_label,mild_light,2,5805eff1de8dc5ff2cd34e1b6c3b7eaa128b36b4f70b99f6d11f4203b0c9092a,2026-06-24T21:35:13.712004+00:00
S09_P10_missing_label_mild_light_R03,S09,phone_b,P10,missing_label,mild_light,3,c4cfec65bfa6bbed22aaad39117f97aca508f11f217bc3d66a9c97e6af4d8ce6,2026-06-24T21:35:09.835453+00:00
S09_P10_missing_label_mild_light_R04,S09,phone_b,P10,missing_label,mild_light,4,ef9c101a9dd3601ce41eb2af8c69b38ae024d1b12ceb286043addfd8d882c2f0,2026-06-24T21:35:22.675683+00:00
S09_P10_missing_label_side_shadow_R01,S09,phone_b,P10,missing_label,side_shadow,1,b58d2f64037f0b1a3e9912253b5c93b5aa2d24cc968e22e3714be564defe2338,2026-06-24T21:34:52.633019+00:00
S09_P10_missing_label_side_shadow_R02,S09,phone_b,P10,missing_label,side_shadow,2,47905c9fc74ef5f3d8464b3a719f67b9565ce8f8797a0ad74b3002494584de93,2026-06-24T21:34:49.238296+00:00
S09_P10_missing_label_side_shadow_R03,S09,phone_b,P10,missing_label,side_shadow,3,5d23bbb3601fb893fefd6257e88911e763186135f08f4ca99823d707a5a35fbf,2026-06-24T21:35:24.306427+00:00
S09_P10_missing_label_side_shadow_R04,S09,phone_b,P10,missing_label,side_shadow,4,3a6ecbe56dc5380a3004b31ef805e11cd7166cda3f386556b38ebeca1f71bde9,2026-06-24T21:34:47.303520+00:00
S09_P10_missing_label_new_background_R01,S09,phone_b,P10,missing_label,new_background,1,c01fd0cbe386843ab07dd37d4982ac6820470f396063467b4ab85a018d949108,2026-06-24T21:34:42.268960+00:00
S09_P10_missing_label_new_background_R02,S09,phone_b,P10,missing_label,new_background,2,c2ed15cd2496b241c03ea8f1a116d74ff646e26c47c0633504eec26cf6cf7148,2026-06-24T21:35:16.691637+00:00
S09_P10_missing_label_new_background_R03,S09,phone_b,P10,missing_label,new_background,3,37550c76c4de18d0b2d2141438f8ead9cf0296d8c15ead53667bef398678befe,2026-06-24T21:34:54.068051+00:00
S09_P10_missing_label_new_background_R04,S09,phone_b,P10,missing_label,new_background,4,2d64669d741e9f3e6eee76467b3de12e13cf394973c5cff8ba517ac2ca66150b,2026-06-24T21:35:03.328710+00:00
S09_P10_missing_label_glare_R01,S09,phone_b,P10,missing_label,glare,1,a83587596658dda90dc7a90d37ebb7f393ccd34d2a9d02d6fddaed74aee6a018,2026-06-24T21:35:11.073767+00:00
S09_P10_missing_label_glare_R02,S09,phone_b,P10,missing_label,glare,2,c3cab14d8f3b2d402db00941c80a88285c9774cbe0000eb51948744bda6397d8,2026-06-24T21:34:56.655215+00:00
S09_P10_missing_label_glare_R03,S09,phone_b,P10,missing_label,glare,3,ff097a908c8697ae2f5ae2a1105b23367a3af1c35e783b21654241ac5dd2df71,2026-06-24T21:35:12.742535+00:00
S09_P10_missing_label_glare_R04,S09,phone_b,P10,missing_label,glare,4,359eb2faaeb74d43a189741aaefe7912bdd643b7a3c1c150fc84e77e29147287,2026-06-24T21:35:07.704429+00:00
S09_P10_misaligned_label_mild_light_R01,S09,phone_b,P10,misaligned_label,mild_light,1,8df39189cd7bcc9d9860279e98910dd82a10865469bfc7d84daa1848e093f46c,2026-06-24T21:35:15.421124+00:00
S09_P10_misaligned_label_mild_light_R02,S09,phone_b,P10,misaligned_label,mild_light,2,fda642e957bbf68f5fc0714c126e5baec83fa3856a12f3055d7bcdbc487c1d6d,2026-06-24T21:34:47.954407+00:00
S09_P10_misaligned_label_mild_light_R03,S09,phone_b,P10,misaligned_label,mild_light,3,acc8f5566c90c313c6af3929460f0b67c6d6f8ff15bfe26d21c08bb178bbc2a0,2026-06-24T21:34:44.103997+00:00
S09_P10_misaligned_label_mild_light_R04,S09,phone_b,P10,misaligned_label,mild_light,4,c1e7a2a2d91f0505d1be32224abe2269943883fe6662fc94197743c7353e0fb9,2026-06-24T21:34:41.815445+00:00
S09_P10_misaligned_label_side_shadow_R01,S09,phone_b,P10,misaligned_label,side_shadow,1,9dcc1b1d8d27252e287ce8518989472d1de76bf9887d280d9ae41d176b25e5ea,2026-06-24T21:34:54.791786+00:00
S09_P10_misaligned_label_side_shadow_R02,S09,phone_b,P10,misaligned_label,side_shadow,2,cde4b4045ada9c6c3b7d7a9eeab0d961f10fb1fd619613e67c7ac0ca8c7ef3ee,2026-06-24T21:35:26.024084+00:00
S09_P10_misaligned_label_side_shadow_R03,S09,phone_b,P10,misaligned_label,side_shadow,3,90d4cd2b0e44f00e83e7fa98f8a29ad4883742b8f5378514831e1a51b6e5f3cb,2026-06-24T21:34:48.951429+00:00
S09_P10_misaligned_label_side_shadow_R04,S09,phone_b,P10,misaligned_label,side_shadow,4,1c8a4ca44351ee2ffc217a0f7ade4b00eb24b9f9d0878923b8875ee33d1e6f65,2026-06-24T21:34:50.168045+00:00
S09_P10_misaligned_label_new_background_R01,S09,phone_b,P10,misaligned_label,new_background,1,cb4319b346268cb44db58fd0094b28844ac6251cf03179717d2222639735919f,2026-06-24T21:35:08.328861+00:00
S09_P10_misaligned_label_new_background_R02,S09,phone_b,P10,misaligned_label,new_background,2,ead4679cae813cd342bfe011ab4efa67bb40d761c0be7d957b4a5c64dddcee46,2026-06-24T21:35:23.807081+00:00
S09_P10_misaligned_label_new_background_R03,S09,phone_b,P10,misaligned_label,new_background,3,a559c1eb1ec556e5e1a48e74a3af4a334c1b03548dce27a98e9c742dada2bb98,2026-06-24T21:34:49.366909+00:00
S09_P10_misaligned_label_new_background_R04,S09,phone_b,P10,misaligned_label,new_background,4,2e7a3302ac8556fc332c4a963b0e0685f098da40eefea5c03bfd5ae3c43ebdda,2026-06-24T21:34:49.902644+00:00
S09_P10_misaligned_label_glare_R01,S09,phone_b,P10,misaligned_label,glare,1,810081570ccc02be68ebbfbc89240d6c3890799ddbef4a6b561cadee717d0da9,2026-06-24T21:35:26.745966+00:00
S09_P10_misaligned_label_glare_R02,S09,phone_b,P10,misaligned_label,glare,2,905ab114c64943d1723a4d4c65d08e95f5473923350ed31518c412d6d45c191f,2026-06-24T21:35:04.040781+00:00
S09_P10_misaligned_label_glare_R03,S09,phone_b,P10,misaligned_label,glare,3,57b72fe16a88e4e72ebff9c16ad7e0334b9a3208e2b93c70120bebd3c76977be,2026-06-24T21:35:15.816571+00:00
S09_P10_misaligned_label_glare_R04,S09,phone_b,P10,misaligned_label,glare,4,088beb26df1235501e0e0637c580f89b0def3152530258c6ab2e0f881f44a77b,2026-06-24T21:35:15.295042+00:00
S09_P10_damaged_label_mild_light_R01,S09,phone_b,P10,damaged_label,mild_light,1,e840d5253901ccb8b007ca33e9ec0633306aee58789ef3c89143db2647f6d612,2026-06-24T21:35:06.069099+00:00
S09_P10_damaged_label_mild_light_R02,S09,phone_b,P10,damaged_label,mild_light,2,7400b4923c681c9a3835e2ceb88a5028b6222eb67da9a6790d1f237537a3c8b7,2026-06-24T21:35:02.229997+00:00
S09_P10_damaged_label_mild_light_R03,S09,phone_b,P10,damaged_label,mild_light,3,27be92313e5deee64fd093e97c97ddacbe5ba173ec317b6c94fa005869d4c252,2026-06-24T21:34:58.473764+00:00
S09_P10_damaged_label_mild_light_R04,S09,phone_b,P10,damaged_label,mild_light,4,a4ad305f1091ef182fb054f5d0cf1aeb95f07ff2a55e451e5ac5acfb6b156cc6,2026-06-24T21:34:40.161799+00:00
S09_P10_damaged_label_side_shadow_R01,S09,phone_b,P10,damaged_label,side_shadow,1,a3e557edf7378f6bd6829385f0871acb75d1414d2c874203b46cc4c2da61c221,2026-06-24T21:35:18.348810+00:00
S09_P10_damaged_label_side_shadow_R02,S09,phone_b,P10,damaged_label,side_shadow,2,a67f67fe710137a038c1458ba4ae594393b8cb8d170633b77dda9d2171577069,2026-06-24T21:34:51.020557+00:00
S09_P10_damaged_label_side_shadow_R03,S09,phone_b,P10,damaged_label,side_shadow,3,ccf18113de95b0f12325d62c750bfe74feefbe4a803784bca7d4ba30231ff0b5,2026-06-24T21:35:00.082306+00:00
S09_P10_damaged_label_side_shadow_R04,S09,phone_b,P10,damaged_label,side_shadow,4,7db0f889fe1e4a707370c43460d7de210c3412307999215b16c8c4f740a67a0d,2026-06-24T21:35:16.377618+00:00
S09_P10_damaged_label_new_background_R01,S09,phone_b,P10,damaged_label,new_background,1,ab1aa74794e2c3aa27bf4685015cef1ae08b0ae821eb7973270e1f178ba22d22,2026-06-24T21:35:04.439473+00:00
S09_P10_damaged_label_new_background_R02,S09,phone_b,P10,damaged_label,new_background,2,a36550652da63525c7aae1d71a124f14901349cbe5f72a9a915fb5f8ccb86158,2026-06-24T21:35:22.827984+00:00
S09_P10_damaged_label_new_background_R03,S09,phone_b,P10,damaged_label,new_background,3,6ec93921a978c6af0509e9fc6a6dcfcadfd1e1e793c7a890be5e55b4e80cf4f9,2026-06-24T21:34:51.457922+00:00
S09_P10_damaged_label_new_background_R04,S09,phone_b,P10,damaged_label,new_background,4,dd83928adf9ba19897ac1913e59caed4ef2e3efa03c1d89ad2d6144144252c2f,2026-06-24T21:34:47.451348+00:00
S09_P10_damaged_label_glare_R01,S09,phone_b,P10,damaged_label,glare,1,b460c97cefd70858bfb7957cde7ec59be5d404c43b8fdbf72352920773e482de,2026-06-24T21:34:56.967089+00:00
S09_P10_damaged_label_glare_R02,S09,phone_b,P10,damaged_label,glare,2,d90f9425fe318f21fde5abd4b5d49d5c3c4738288c03cd0613374a67e28c4754,2026-06-24T21:34:48.666335+00:00
S09_P10_damaged_label_glare_R03,S09,phone_b,P10,damaged_label,glare,3,79e4a7fa7497c825b228eb9420dd83033c28253e17028ca20fc460eaa926d7a3,2026-06-24T21:35:12.436961+00:00
S09_P10_damaged_label_glare_R04,S09,phone_b,P10,damaged_label,glare,4,114d69eee04f044d4a076da6ea4becc9163b9e585bf8a7538fa2152ca0f4f163,2026-06-24T21:34:39.440469+00:00
S10_P09_ok_motion_blur_R01,S10,phone_b,P09,ok,motion_blur,1,f7a418d6c9f8d6140e9e7f61df3186d3505a8168e8e8b1a11c51a3554ed7160b,2026-06-24T21:36:17.616726+00:00
S10_P09_ok_motion_blur_R02,S10,phone_b,P09,ok,motion_blur,2,03e28155c03ad2ba69d5fd1dd7666c28d0af23b346de3ea89a98715095067473,2026-06-24T21:35:53.457302+00:00
S10_P09_ok_motion_blur_R03,S10,phone_b,P09,ok,motion_blur,3,43a6ee025b77ce460a89825fbbaccafb7de76a9660d938ac50c712df60d4d185,2026-06-24T21:35:46.431509+00:00
S10_P09_ok_motion_blur_R04,S10,phone_b,P09,ok,motion_blur,4,c30bc107cd86b7a5aaf8a5e4ec7512db0fe8767edff19f325b35ee5f741e3e0d,2026-06-24T21:36:07.760791+00:00
S10_P09_ok_viewpoint_45_R01,S10,phone_b,P09,ok,viewpoint_45,1,4efb80d8915dfd89087614cf7f794db86a889dd9db1f955c25b4e585ffb68fba,2026-06-24T21:36:09.342598+00:00
S10_P09_ok_viewpoint_45_R02,S10,phone_b,P09,ok,viewpoint_45,2,71e4515144e407575d1868ae05b0f1c2d4df164e51907e0eb4b152ea3bcc05ec,2026-06-24T21:35:50.436804+00:00
S10_P09_ok_viewpoint_45_R03,S10,phone_b,P09,ok,viewpoint_45,3,e16f083ab5ccdba2cdba58f20f44589dfeb7f3f228c82faf23b0d707d61fc81f,2026-06-24T21:36:06.812410+00:00
S10_P09_ok_viewpoint_45_R04,S10,phone_b,P09,ok,viewpoint_45,4,39a8a37fa46251ebcac98928ac3cb42b8cb1fdfdd7bdb218e28b21ba871d4b7a,2026-06-24T21:36:12.220033+00:00
S10_P09_ok_distance_scale_R01,S10,phone_b,P09,ok,distance_scale,1,9d5b5294ca5201f184a6538c3647de5f53f2676b3b4e3338f9924ea3e4a6ab2d,2026-06-24T21:35:49.789436+00:00
S10_P09_ok_distance_scale_R02,S10,phone_b,P09,ok,distance_scale,2,7e1657eeade024c19a9fbaf3ba53254b908889421095d904eab071f319299766,2026-06-24T21:36:14.763766+00:00
S10_P09_ok_distance_scale_R03,S10,phone_b,P09,ok,distance_scale,3,2e5f9933a1132a92ecc5d20a121c3241dcf7504c300a8ea971ffe4d3ac43a3bd,2026-06-24T21:35:50.745920+00:00
S10_P09_ok_distance_scale_R04,S10,phone_b,P09,ok,distance_scale,4,b3051eafcce673b54c25f39b25f57fa38316c6f82f405531a64acbb40dd854a7,2026-06-24T21:35:49.055061+00:00
S10_P09_missing_label_motion_blur_R01,S10,phone_b,P09,missing_label,motion_blur,1,3163f5cd6c829e6b8e403a6a3b868429eeb78195254fd93272b8cab83f67898e,2026-06-24T21:36:04.730585+00:00
S10_P09_missing_label_motion_blur_R02,S10,phone_b,P09,missing_label,motion_blur,2,2d12598d507007546400dfc7332dee5051029cef6cd9987ceed2d49d408e8cf5,2026-06-24T21:36:21.491691+00:00
S10_P09_missing_label_motion_blur_R03,S10,phone_b,P09,missing_label,motion_blur,3,152e77420434372d7041533fda915c18fd6730eb919b237e80e2c179690b4208,2026-06-24T21:36:15.654851+00:00
S10_P09_missing_label_motion_blur_R04,S10,phone_b,P09,missing_label,motion_blur,4,8866c7462ab716466982f058c5a441490f0d663c9f0b103680e4d9f15c2c628a,2026-06-24T21:36:25.325817+00:00
S10_P09_missing_label_viewpoint_45_R01,S10,phone_b,P09,missing_label,viewpoint_45,1,d9a999467d91ad927ce04864e1487902ea423d46e5e628018b8d0d4df3f37efe,2026-06-24T21:36:09.895245+00:00
S10_P09_missing_label_viewpoint_45_R02,S10,phone_b,P09,missing_label,viewpoint_45,2,add4932dc9399033d19b1b4d6298430920c52e26f1f92da82379a1a74584d4e1,2026-06-24T21:35:51.471735+00:00
S10_P09_missing_label_viewpoint_45_R03,S10,phone_b,P09,missing_label,viewpoint_45,3,022e5431562ce7499c6ecb8860b8cc5207891a9f80face57edd7bff5cee954d0,2026-06-24T21:36:10.291040+00:00
S10_P09_missing_label_viewpoint_45_R04,S10,phone_b,P09,missing_label,viewpoint_45,4,3cfa42168b92db5a82eabbb5d180d7d88c1162c3bf495d71f15691b48132aede,2026-06-24T21:36:17.007831+00:00
S10_P09_missing_label_distance_scale_R01,S10,phone_b,P09,missing_label,distance_scale,1,50ae8ee783dcb989e5ab06571848f3d92e83a7cc12964c46aba55af7e63c7cb1,2026-06-24T21:36:01.785414+00:00
S10_P09_missing_label_distance_scale_R02,S10,phone_b,P09,missing_label,distance_scale,2,3d86b91026d1e87e8f8ed68d51ae9033764fbe3886caf44c685965c89522e7d4,2026-06-24T21:36:02.509841+00:00
S10_P09_missing_label_distance_scale_R03,S10,phone_b,P09,missing_label,distance_scale,3,135ad4f70ecc76032468e8c84c465254fd54265ac95f84b9852ef58f2a9d866d,2026-06-24T21:36:18.220391+00:00
S10_P09_missing_label_distance_scale_R04,S10,phone_b,P09,missing_label,distance_scale,4,1994a9f4877049293f665347e6a6275a799b3e0ab130debd0a3261d85a7e2a7d,2026-06-24T21:35:48.430165+00:00
S10_P09_misaligned_label_motion_blur_R01,S10,phone_b,P09,misaligned_label,motion_blur,1,ecb741cf0bf607248075c27333f565462392bc68163557155b12a3343c0f64e4,2026-06-24T21:36:24.705828+00:00
S10_P09_misaligned_label_motion_blur_R02,S10,phone_b,P09,misaligned_label,motion_blur,2,89088d17a53b75c8fbcff88c871d79e869f1650862b72411a347fa0c3aa34d7f,2026-06-24T21:36:18.809455+00:00
S10_P09_misaligned_label_motion_blur_R03,S10,phone_b,P09,misaligned_label,motion_blur,3,23a8060ddc6e714346a305be40ec97a3acb15c7d1771005fc1ea7db34b925fd3,2026-06-24T21:35:55.967771+00:00
S10_P09_misaligned_label_motion_blur_R04,S10,phone_b,P09,misaligned_label,motion_blur,4,bea37cd6112833c8ba88fd5da59adbde35f2b5f9d0282189c67949632b6956af,2026-06-24T21:36:01.237123+00:00
S10_P09_misaligned_label_viewpoint_45_R01,S10,phone_b,P09,misaligned_label,viewpoint_45,1,4b3ff6739865a4903170f033df4bb42f33120acb1729d1f13b8380e5764a73cf,2026-06-24T21:36:00.461074+00:00
S10_P09_misaligned_label_viewpoint_45_R02,S10,phone_b,P09,misaligned_label,viewpoint_45,2,6a064dabffc15ea3a5b1902d5ff56596fe9e0d1ada83e28fc617edc42dc5702d,2026-06-24T21:36:10.026384+00:00
S10_P09_misaligned_label_viewpoint_45_R03,S10,phone_b,P09,misaligned_label,viewpoint_45,3,5313aaa4f5f6cbcfe0e18c8b97828321acc6c66aa39de98286133a3e377e5c3a,2026-06-24T21:36:19.915562+00:00
S10_P09_misaligned_label_viewpoint_45_R04,S10,phone_b,P09,misaligned_label,viewpoint_45,4,89e0bd4ad38a55a2e49aac1ff30548d6082249917b9090eb216a7b1437e58513,2026-06-24T21:35:46.656679+00:00
S10_P09_misaligned_label_distance_scale_R01,S10,phone_b,P09,misaligned_label,distance_scale,1,4fa9425db18897ddfc719258a9754605c2806276a2f80127892a15aa304cba6d,2026-06-24T21:35:56.807095+00:00
S10_P09_misaligned_label_distance_scale_R02,S10,phone_b,P09,misaligned_label,distance_scale,2,424ef41500a3b37e99eb27799fb282b08bc8996af139f9eb559fd7d03a9e74be,2026-06-24T21:36:07.606934+00:00
S10_P09_misaligned_label_distance_scale_R03,S10,phone_b,P09,misaligned_label,distance_scale,3,6eeb1fbe938712c90ec5aefee93b60146bdecc560f8bb77c3d314fd014389e76,2026-06-24T21:36:20.318000+00:00
S10_P09_misaligned_label_distance_scale_R04,S10,phone_b,P09,misaligned_label,distance_scale,4,18906fe912d44c2bd8e54c914affa8f630f15ef32a120c8e07935ab50d128408,2026-06-24T21:36:08.561207+00:00
S10_P09_damaged_label_motion_blur_R01,S10,phone_b,P09,damaged_label,motion_blur,1,c70c22b3e7203f98defe44f56478e893610f4e89447c8de0620a6e4e1b40be97,2026-06-24T21:36:22.188897+00:00
S10_P09_damaged_label_motion_blur_R02,S10,phone_b,P09,damaged_label,motion_blur,2,52d2148eaca409ed8c783fe1a708900c8444810a6b32239e2cc0c7ea31577f5c,2026-06-24T21:36:22.865922+00:00
S10_P09_damaged_label_motion_blur_R03,S10,phone_b,P09,damaged_label,motion_blur,3,a5c5e63c3cb5bfa109a412266e8ec199aaa0f9f1b760f7b93f71c346b2b5790b,2026-06-24T21:36:05.719964+00:00
S10_P09_damaged_label_motion_blur_R04,S10,phone_b,P09,damaged_label,motion_blur,4,35e912fad889fab2bd07386f269e5fb267d314d8ef6d1a75cd4b440b7b7eb8a6,2026-06-24T21:35:58.960209+00:00
S10_P09_damaged_label_viewpoint_45_R01,S10,phone_b,P09,damaged_label,viewpoint_45,1,3c09ba231d3d7d8a1f8da712dc421652f1a574fa3497e198e917858020056f6c,2026-06-24T21:36:09.765575+00:00
S10_P09_damaged_label_viewpoint_45_R02,S10,phone_b,P09,damaged_label,viewpoint_45,2,7b8e2b867fcde8e8568f6ccdd4dd77aa5508a0d8df8e4916b408891724e80f5a,2026-06-24T21:36:09.637384+00:00
S10_P09_damaged_label_viewpoint_45_R03,S10,phone_b,P09,damaged_label,viewpoint_45,3,f21440032c27aba1c990448039c1ffffb56b18d4cfd7751cbb4895b15405a503,2026-06-24T21:35:53.300664+00:00
S10_P09_damaged_label_viewpoint_45_R04,S10,phone_b,P09,damaged_label,viewpoint_45,4,730e9bbf4e37cd31c59f83884ce29061c410b9916c7ff59b286c11c664996fce,2026-06-24T21:36:21.312232+00:00
S10_P09_damaged_label_distance_scale_R01,S10,phone_b,P09,damaged_label,distance_scale,1,0443befb25f51ae329d487a84c1db1e1b1ceaa4a55c4185343d41ae2eaee7993,2026-06-24T21:35:59.643250+00:00
S10_P09_damaged_label_distance_scale_R02,S10,phone_b,P09,damaged_label,distance_scale,2,94e47fbf25ac9a1ae28ef3c88cdadcfe00bea6ad920d14a26c9c18633892c9a3,2026-06-24T21:35:59.422851+00:00
S10_P09_damaged_label_distance_scale_R03,S10,phone_b,P09,damaged_label,distance_scale,3,721bac9c2b457cf72c87f7793c06d47a4675dfdd0ec41d4cb770cfea5a531375,2026-06-24T21:36:06.188188+00:00
S10_P09_damaged_label_distance_scale_R04,S10,phone_b,P09,damaged_label,distance_scale,4,2566be82e5bc80eb71872dbe8efceda1f48ee0e11388fa23aaa7e2d695e1736f,2026-06-24T21:36:20.505708+00:00
S10_P10_ok_motion_blur_R01,S10,phone_b,P10,ok,motion_blur,1,96b1fdb7f7c9fd9398ec54130a72fea41485a4e3c43a114f5418215eb006f188,2026-06-24T21:35:51.326435+00:00
S10_P10_ok_motion_blur_R02,S10,phone_b,P10,ok,motion_blur,2,317378a27c6c8c490b570905d7930b2697644b9b21239c7df13b380d2a206bca,2026-06-24T21:36:23.270215+00:00
S10_P10_ok_motion_blur_R03,S10,phone_b,P10,ok,motion_blur,3,f07773073e51f79e559628d212057601b993d64e8f289ac48d4d33aecfde4424,2026-06-24T21:36:00.096124+00:00
S10_P10_ok_motion_blur_R04,S10,phone_b,P10,ok,motion_blur,4,3c0667b33627e4241327468475c9355944f1965cd5083b2392ef5792a76a94fa,2026-06-24T21:36:12.843297+00:00
S10_P10_ok_viewpoint_45_R01,S10,phone_b,P10,ok,viewpoint_45,1,d3acbee88c5c4772811a38df03de4cd35390dd14eb6b16fcf9d17bde2a11b802,2026-06-24T21:36:03.413650+00:00
S10_P10_ok_viewpoint_45_R02,S10,phone_b,P10,ok,viewpoint_45,2,3a92eb4cd2e857140e2eb78c0be075243ca3bae79dca3d61f6583693efe256c9,2026-06-24T21:36:11.881273+00:00
S10_P10_ok_viewpoint_45_R03,S10,phone_b,P10,ok,viewpoint_45,3,0355d3d6cfedd9a5ef28dd6da71769ae0612e7b1ce6202993e2a2798059f9596,2026-06-24T21:35:55.122838+00:00
S10_P10_ok_viewpoint_45_R04,S10,phone_b,P10,ok,viewpoint_45,4,1aa12ed0fbdc51ec28e1185582b96c10b05440b2a4ef3273292a97285560651c,2026-06-24T21:36:02.973058+00:00
S10_P10_ok_distance_scale_R01,S10,phone_b,P10,ok,distance_scale,1,971d5b3a761f989d4ab535ae6112b0424ffb2c1362dad56760b797a0df472bd5,2026-06-24T21:36:13.535657+00:00
S10_P10_ok_distance_scale_R02,S10,phone_b,P10,ok,distance_scale,2,2749c228fe36c7d2a84a74ef08fb10b79d47be217eeacb47f3efadf48fa37635,2026-06-24T21:36:10.698528+00:00
S10_P10_ok_distance_scale_R03,S10,phone_b,P10,ok,distance_scale,3,419569158696f69ac99cd5d6e192baf6a333d19e27ec46fad3300c3666ddc5ed,2026-06-24T21:36:02.660628+00:00
S10_P10_ok_distance_scale_R04,S10,phone_b,P10,ok,distance_scale,4,b239e6a5e60c55144532fd392c1cdce1f6ebd7cee346c0a1e9cae54df1ef3089,2026-06-24T21:35:51.960827+00:00
S10_P10_missing_label_motion_blur_R01,S10,phone_b,P10,missing_label,motion_blur,1,3c73ab33b68971fd0e34b9701119304ab20421f0c802928c28bed41e32eb976a,2026-06-24T21:36:16.029044+00:00
S10_P10_missing_label_motion_blur_R02,S10,phone_b,P10,missing_label,motion_blur,2,28ee0ced9463b2bbc9590cf0e101a07272f096d4cee17f54f01712b9b22909ea,2026-06-24T21:35:54.510133+00:00
S10_P10_missing_label_motion_blur_R03,S10,phone_b,P10,missing_label,motion_blur,3,cfd138ad0bfa14de1681b8772e51852fe9a0cfc492cc5142e4789e723984c7f1,2026-06-24T21:35:52.474638+00:00
S10_P10_missing_label_motion_blur_R04,S10,phone_b,P10,missing_label,motion_blur,4,804c3ba57b9760ddf5f8b5fe5d6d385fcbc7404b3ce5dada490399de93023a02,2026-06-24T21:35:53.089586+00:00
S10_P10_missing_label_viewpoint_45_R01,S10,phone_b,P10,missing_label,viewpoint_45,1,a20310f0cb713120807d30590be39e7915a214dae59d83900a5a579ff6235ccf,2026-06-24T21:36:12.374584+00:00
S10_P10_missing_label_viewpoint_45_R02,S10,phone_b,P10,missing_label,viewpoint_45,2,aedc72a9dcee9209308bdbacdc5ab95a02e0c89635ddfa45779ab344a1c4abf9,2026-06-24T21:35:57.985000+00:00
S10_P10_missing_label_viewpoint_45_R03,S10,phone_b,P10,missing_label,viewpoint_45,3,708e9e8f79e3f017b4e3f76b141ca8c7dd88f7262cc8c017792eed70e07411a2,2026-06-24T21:36:23.745395+00:00
S10_P10_missing_label_viewpoint_45_R04,S10,phone_b,P10,missing_label,viewpoint_45,4,a3a6471a8676c1122916d4affe1e8a7a7f6b42ccf9f931987a4215f3a83faa32,2026-06-24T21:36:13.737207+00:00
S10_P10_missing_label_distance_scale_R01,S10,phone_b,P10,missing_label,distance_scale,1,cef75ccc9ef1850ae9de87b7ace75ef8e7d1532a8ea3fc1be43f06cebc41e5b9,2026-06-24T21:36:05.419973+00:00
S10_P10_missing_label_distance_scale_R02,S10,phone_b,P10,missing_label,distance_scale,2,4a8d02fc1ed61818fad723fd52ac4b3c3852cd2513cdd021d412dc8958f4a0ee,2026-06-24T21:36:19.375886+00:00
S10_P10_missing_label_distance_scale_R03,S10,phone_b,P10,missing_label,distance_scale,3,8844a3ec44a4c625a1e35e59fbc731b655c288e1e26b2c091af598feef210354,2026-06-24T21:36:15.318129+00:00
S10_P10_missing_label_distance_scale_R04,S10,phone_b,P10,missing_label,distance_scale,4,82344f1306b507a9570faf613871ad860b3b1b7bbb33355ce2c2e22df07d5ba2,2026-06-24T21:36:16.693368+00:00
S10_P10_misaligned_label_motion_blur_R01,S10,phone_b,P10,misaligned_label,motion_blur,1,c50f64c0d802bfa20b43dcf602a5a96fde1db75e6b729bf3c7f14343b8118576,2026-06-24T21:35:47.775990+00:00
S10_P10_misaligned_label_motion_blur_R02,S10,phone_b,P10,misaligned_label,motion_blur,2,9301bc874c6b8feaf3d104259de9031e68fb0aaa69270b7bc54d74fd23854493,2026-06-24T21:35:56.989269+00:00
S10_P10_misaligned_label_motion_blur_R03,S10,phone_b,P10,misaligned_label,motion_blur,3,1a275a026978c09643b470566e66ea97eedc83dd0f0e177958f6020249e0d4ab,2026-06-24T21:36:24.300757+00:00
S10_P10_misaligned_label_motion_blur_R04,S10,phone_b,P10,misaligned_label,motion_blur,4,5f00391e21e9941983d51cb31c20c50dafbb231fc07cfee8ab6ac00a2fcd4b77,2026-06-24T21:36:11.189162+00:00
S10_P10_misaligned_label_viewpoint_45_R01,S10,phone_b,P10,misaligned_label,viewpoint_45,1,a382ab26f1b80d853fb564d97cc80e0c888579afda2ff0dab7c8a54668a0ffb5,2026-06-24T21:36:22.681665+00:00
S10_P10_misaligned_label_viewpoint_45_R02,S10,phone_b,P10,misaligned_label,viewpoint_45,2,7f4e62fd6ab9dee15a20569e5eb88ccb981c5d3624129614f0145b002b6c6daa,2026-06-24T21:36:10.423066+00:00
S10_P10_misaligned_label_viewpoint_45_R03,S10,phone_b,P10,misaligned_label,viewpoint_45,3,bb126431692c32e39d8f288a5bc7e94294cc56d010b8e5050eeaa1781ceba3f2,2026-06-24T21:36:04.534340+00:00
S10_P10_misaligned_label_viewpoint_45_R04,S10,phone_b,P10,misaligned_label,viewpoint_45,4,e0fc35b4f5cce9fc0d9673e6845b67c2ecaace55df794b409fefca07a240e836,2026-06-24T21:36:10.159549+00:00
S10_P10_misaligned_label_distance_scale_R01,S10,phone_b,P10,misaligned_label,distance_scale,1,27457c7b2883568da97b959b6038ff61ebe278e84b719364915d40ee7efa83d3,2026-06-24T21:36:17.771741+00:00
S10_P10_misaligned_label_distance_scale_R02,S10,phone_b,P10,misaligned_label,distance_scale,2,59d09b4f4c603dc2e8a609cdc5917899e38e0326e7710fe192524aa6e41307e9,2026-06-24T21:36:10.554513+00:00
S10_P10_misaligned_label_distance_scale_R03,S10,phone_b,P10,misaligned_label,distance_scale,3,5f241ab6d16a4edfc4a64fe4938d68ac2eb0b834cd94b8b8befd6a6496732a5f,2026-06-24T21:35:57.576637+00:00
S10_P10_misaligned_label_distance_scale_R04,S10,phone_b,P10,misaligned_label,distance_scale,4,ab16ab02dff7919e89fa25a51ba61469f3c6ead66ff0e07f9225eff1bfe582dc,2026-06-24T21:36:11.694460+00:00
S10_P10_damaged_label_motion_blur_R01,S10,phone_b,P10,damaged_label,motion_blur,1,5fc7ee8084be8f7f3e08c7f7579b68d515f01a5623309e60245b0fde97604159,2026-06-24T21:35:48.165879+00:00
S10_P10_damaged_label_motion_blur_R02,S10,phone_b,P10,damaged_label,motion_blur,2,d7693333291c8e738af30ad68a3fb082417eec93ecce0eead9231b00cb28f9f7,2026-06-24T21:35:55.791817+00:00
S10_P10_damaged_label_motion_blur_R03,S10,phone_b,P10,damaged_label,motion_blur,3,9fed8c34d88e77fc0c7e84ea406fe2dfdeae1b1f511d09e22f938e0ee7c392ac,2026-06-24T21:36:09.032581+00:00
S10_P10_damaged_label_motion_blur_R04,S10,phone_b,P10,damaged_label,motion_blur,4,451f9ed58b563d4ec47ce41a009b8a0d4ace0466449471d6a7a37e0ed7867939,2026-06-24T21:35:54.281599+00:00
S10_P10_damaged_label_viewpoint_45_R01,S10,phone_b,P10,damaged_label,viewpoint_45,1,a1b9b113d2decb4c9af231e398d45f4740dc284fb95e7f2e893ff1a8b7bf3f01,2026-06-24T21:36:14.095266+00:00
S10_P10_damaged_label_viewpoint_45_R02,S10,phone_b,P10,damaged_label,viewpoint_45,2,5f38955cf7ad8b050799d62d6bea7a4f3190735debdf96582826536ab0a867ac,2026-06-24T21:35:49.357557+00:00
S10_P10_damaged_label_viewpoint_45_R03,S10,phone_b,P10,damaged_label,viewpoint_45,3,022c1b70a9fa8469314a1b4e8b1bc8d7fdd03c2bda1ec9cd686d18dcd447407b,2026-06-24T21:35:47.426095+00:00
S10_P10_damaged_label_viewpoint_45_R04,S10,phone_b,P10,damaged_label,viewpoint_45,4,6d3f08ebf12c39255c92a701437197d96143b1dddb7a642882273be782709c94,2026-06-24T21:36:03.930857+00:00
S10_P10_damaged_label_distance_scale_R01,S10,phone_b,P10,damaged_label,distance_scale,1,0c2ca3e67bf7389639e2c09c0f2706cf2d2f4a1526f235d110a005e26755977e,2026-06-24T21:36:07.035217+00:00
S10_P10_damaged_label_distance_scale_R02,S10,phone_b,P10,damaged_label,distance_scale,2,53550048f5cf7ea7230e3f7b2ec3ef583127d0912ba6092de89c631244676d81,2026-06-24T21:35:59.786884+00:00
S10_P10_damaged_label_distance_scale_R03,S10,phone_b,P10,damaged_label,distance_scale,3,1d1a363dc84a153c30a1edde2334b6d8b121947eafafdf7ce7a05a99ad4efc26,2026-06-24T21:35:58.212182+00:00
S10_P10_damaged_label_distance_scale_R04,S10,phone_b,P10,damaged_label,distance_scale,4,fdde15f3b6266e8ef1a53a4409e9cde152c6f30a6c4c1868dd2883f1ea160511,2026-06-24T21:36:00.850015+00:00
