run_id,experiment_id,benchmark,protocol,seed,method,split,artifact_path,rows,sha256,config_hash,commit_hash,validation_only_selection_verified,usable_for_inference,created_utc
M1-MVTEC-V3-MULTISPLIT_static_attention_test_seed42_785e16e4,M1-MVTEC-V3-MULTISPLIT,MVTec 3D-AD,PatchCore supervised-paired,42,static_attention,test,elara_master_c/predictions/v3_multisplit/M1-MVTEC-V3-MULTISPLIT__MVTec_3D-AD__PatchCore_supervised-paired/static_attention/test/seed_42.parquet,646,785e16e4e085e727f8ba52e4ec6b484f839e9a122f9386f2b6a040f378c7fbb4,4b3682c65ab2bed95cb449d7e3a2cb229f1ea81f3944d7c9036cde7b4790dec9,f92c016b1f84a0fd3dfb301ca79ef2bceea77d38,True,True,2026-05-30T05:43:15Z
M1-MVTEC-V3-MULTISPLIT_craf_attention_test_seed42_658b2a48,M1-MVTEC-V3-MULTISPLIT,MVTec 3D-AD,PatchCore supervised-paired,42,craf_attention,test,elara_master_c/predictions/v3_multisplit/M1-MVTEC-V3-MULTISPLIT__MVTec_3D-AD__PatchCore_supervised-paired/craf_attention/test/seed_42.parquet,646,658b2a48ec21637653668b12e649facde00d33208c05200c606696f6445e5f4e,4b3682c65ab2bed95cb449d7e3a2cb229f1ea81f3944d7c9036cde7b4790dec9,f92c016b1f84a0fd3dfb301ca79ef2bceea77d38,True,True,2026-05-30T05:43:15Z
M1-MVTEC-V3-MULTISPLIT_rga_boosted_fusion_test_seed42_c093d17b,M1-MVTEC-V3-MULTISPLIT,MVTec 3D-AD,PatchCore supervised-paired,42,rga_boosted_fusion,test,elara_master_c/predictions/v3_multisplit/M1-MVTEC-V3-MULTISPLIT__MVTec_3D-AD__PatchCore_supervised-paired/rga_boosted_fusion/test/seed_42.parquet,646,c093d17b9524c0edc19a34cb38e08d7f37e1ef7f889fb1a296e1466457c95469,4b3682c65ab2bed95cb449d7e3a2cb229f1ea81f3944d7c9036cde7b4790dec9,f92c016b1f84a0fd3dfb301ca79ef2bceea77d38,True,True,2026-05-30T05:43:16Z
M1-MVTEC-V3-MULTISPLIT_rga_meta_router_test_seed42_5a925a20,M1-MVTEC-V3-MULTISPLIT,MVTec 3D-AD,PatchCore supervised-paired,42,rga_meta_router,test,elara_master_c/predictions/v3_multisplit/M1-MVTEC-V3-MULTISPLIT__MVTec_3D-AD__PatchCore_supervised-paired/rga_meta_router/test/seed_42.parquet,646,5a925a20e7e36789d427c7ec51536dc9f4bf7c4f2be32e86e432c9bdec7f9593,4b3682c65ab2bed95cb449d7e3a2cb229f1ea81f3944d7c9036cde7b4790dec9,f92c016b1f84a0fd3dfb301ca79ef2bceea77d38,True,True,2026-05-30T05:43:16Z
M1-MVTEC-V3-MULTISPLIT_early_fusion_mlp_test_seed42_d1dbe812,M1-MVTEC-V3-MULTISPLIT,MVTec 3D-AD,PatchCore supervised-paired,42,early_fusion_mlp,test,elara_master_c/predictions/v3_multisplit/M1-MVTEC-V3-MULTISPLIT__MVTec_3D-AD__PatchCore_supervised-paired/early_fusion_mlp/test/seed_42.parquet,646,d1dbe8120e9806baa7303b94d571a969bca14211fda566a0e6a2b3a535463f70,4b3682c65ab2bed95cb449d7e3a2cb229f1ea81f3944d7c9036cde7b4790dec9,f92c016b1f84a0fd3dfb301ca79ef2bceea77d38,True,True,2026-05-30T05:43:16Z
M1-MVTEC-V3-MULTISPLIT_late_fusion_ensemble_test_seed42_f8b8b7da,M1-MVTEC-V3-MULTISPLIT,MVTec 3D-AD,PatchCore supervised-paired,42,late_fusion_ensemble,test,elara_master_c/predictions/v3_multisplit/M1-MVTEC-V3-MULTISPLIT__MVTec_3D-AD__PatchCore_supervised-paired/late_fusion_ensemble/test/seed_42.parquet,646,f8b8b7da577bc86fd3a2c6e5c674c50cf807f75daf1b1ecd0900ea17c5f461b4,4b3682c65ab2bed95cb449d7e3a2cb229f1ea81f3944d7c9036cde7b4790dec9,f92c016b1f84a0fd3dfb301ca79ef2bceea77d38,True,True,2026-05-30T05:43:16Z
M1-MVTEC-V3-MULTISPLIT_random_forest_test_seed42_75a1158f,M1-MVTEC-V3-MULTISPLIT,MVTec 3D-AD,PatchCore supervised-paired,42,random_forest,test,elara_master_c/predictions/v3_multisplit/M1-MVTEC-V3-MULTISPLIT__MVTec_3D-AD__PatchCore_supervised-paired/random_forest/test/seed_42.parquet,646,75a1158ff280e8ac21ee6ba0dc74fafc188f06d79d805496999e5ca289bdbc29,4b3682c65ab2bed95cb449d7e3a2cb229f1ea81f3944d7c9036cde7b4790dec9,f92c016b1f84a0fd3dfb301ca79ef2bceea77d38,True,True,2026-05-30T05:43:16Z
M1-MVTEC-V3-MULTISPLIT_confidence_weighted_mean_test_seed42_07b7ae01,M1-MVTEC-V3-MULTISPLIT,MVTec 3D-AD,PatchCore supervised-paired,42,confidence_weighted_mean,test,elara_master_c/predictions/v3_multisplit/M1-MVTEC-V3-MULTISPLIT__MVTec_3D-AD__PatchCore_supervised-paired/confidence_weighted_mean/test/seed_42.parquet,646,07b7ae0139a398900b236dbc06e0fa9760364ba5e9955155632cd4e6086ad387,4b3682c65ab2bed95cb449d7e3a2cb229f1ea81f3944d7c9036cde7b4790dec9,f92c016b1f84a0fd3dfb301ca79ef2bceea77d38,True,True,2026-05-30T05:43:16Z
M1-MVTEC-V3-MULTISPLIT_tent_score_adapter_test_seed42_6000b784,M1-MVTEC-V3-MULTISPLIT,MVTec 3D-AD,PatchCore supervised-paired,42,tent_score_adapter,test,elara_master_c/predictions/v3_multisplit/M1-MVTEC-V3-MULTISPLIT__MVTec_3D-AD__PatchCore_supervised-paired/tent_score_adapter/test/seed_42.parquet,646,6000b784581bf43b1ab8443e42384de3eb5932cea0851f3d3312bb73ec8275b0,4b3682c65ab2bed95cb449d7e3a2cb229f1ea81f3944d7c9036cde7b4790dec9,f92c016b1f84a0fd3dfb301ca79ef2bceea77d38,True,True,2026-05-30T05:43:16Z
M1-MVTEC-V3-MULTISPLIT_ttt_pseudo_label_adapter_test_seed42_f0d84a19,M1-MVTEC-V3-MULTISPLIT,MVTec 3D-AD,PatchCore supervised-paired,42,ttt_pseudo_label_adapter,test,elara_master_c/predictions/v3_multisplit/M1-MVTEC-V3-MULTISPLIT__MVTec_3D-AD__PatchCore_supervised-paired/ttt_pseudo_label_adapter/test/seed_42.parquet,646,f0d84a19e2ebfb5f8900e69cab00878542657e295d584f814aed49dbd07079d0,4b3682c65ab2bed95cb449d7e3a2cb229f1ea81f3944d7c9036cde7b4790dec9,f92c016b1f84a0fd3dfb301ca79ef2bceea77d38,True,True,2026-05-30T05:43:16Z
M1-MVTEC-V3-MULTISPLIT_eata_score_adapter_test_seed42_ca0a103a,M1-MVTEC-V3-MULTISPLIT,MVTec 3D-AD,PatchCore supervised-paired,42,eata_score_adapter,test,elara_master_c/predictions/v3_multisplit/M1-MVTEC-V3-MULTISPLIT__MVTec_3D-AD__PatchCore_supervised-paired/eata_score_adapter/test/seed_42.parquet,646,ca0a103a82634fbb4f8fb5093a8797f3bf0e0a9fc6b844b4cf60e3112fe3126b,4b3682c65ab2bed95cb449d7e3a2cb229f1ea81f3944d7c9036cde7b4790dec9,f92c016b1f84a0fd3dfb301ca79ef2bceea77d38,True,True,2026-05-30T05:43:16Z
M1-MVTEC-V3-MULTISPLIT_sar_score_adapter_test_seed42_29bea8f5,M1-MVTEC-V3-MULTISPLIT,MVTec 3D-AD,PatchCore supervised-paired,42,sar_score_adapter,test,elara_master_c/predictions/v3_multisplit/M1-MVTEC-V3-MULTISPLIT__MVTec_3D-AD__PatchCore_supervised-paired/sar_score_adapter/test/seed_42.parquet,646,29bea8f5c6fd2092a1d0f410d555baf2b375f2e4ba1c1211def3987bff4ed5f0,4b3682c65ab2bed95cb449d7e3a2cb229f1ea81f3944d7c9036cde7b4790dec9,f92c016b1f84a0fd3dfb301ca79ef2bceea77d38,True,True,2026-05-30T05:43:16Z
M1-MVTEC-V3-MULTISPLIT_static_attention_test_seed43_b6183ce3,M1-MVTEC-V3-MULTISPLIT,MVTec 3D-AD,PatchCore supervised-paired,43,static_attention,test,elara_master_c/predictions/v3_multisplit/M1-MVTEC-V3-MULTISPLIT__MVTec_3D-AD__PatchCore_supervised-paired/static_attention/test/seed_43.parquet,646,b6183ce31f291ab9fa7246fd94537304286e34291463bf36e710280c1a69267c,4b3682c65ab2bed95cb449d7e3a2cb229f1ea81f3944d7c9036cde7b4790dec9,f92c016b1f84a0fd3dfb301ca79ef2bceea77d38,True,True,2026-05-30T05:43:30Z
M1-MVTEC-V3-MULTISPLIT_craf_attention_test_seed43_d39f4883,M1-MVTEC-V3-MULTISPLIT,MVTec 3D-AD,PatchCore supervised-paired,43,craf_attention,test,elara_master_c/predictions/v3_multisplit/M1-MVTEC-V3-MULTISPLIT__MVTec_3D-AD__PatchCore_supervised-paired/craf_attention/test/seed_43.parquet,646,d39f4883c00f73991f38f82e8235027bb7e279f0b9a12e2df64f0a59d5a3b18b,4b3682c65ab2bed95cb449d7e3a2cb229f1ea81f3944d7c9036cde7b4790dec9,f92c016b1f84a0fd3dfb301ca79ef2bceea77d38,True,True,2026-05-30T05:43:30Z
M1-MVTEC-V3-MULTISPLIT_rga_boosted_fusion_test_seed43_c963a61c,M1-MVTEC-V3-MULTISPLIT,MVTec 3D-AD,PatchCore supervised-paired,43,rga_boosted_fusion,test,elara_master_c/predictions/v3_multisplit/M1-MVTEC-V3-MULTISPLIT__MVTec_3D-AD__PatchCore_supervised-paired/rga_boosted_fusion/test/seed_43.parquet,646,c963a61c6052c0ebd685ceca8c2e0ef5b2c78e9a1dccd65c91cc124f0ae65cdf,4b3682c65ab2bed95cb449d7e3a2cb229f1ea81f3944d7c9036cde7b4790dec9,f92c016b1f84a0fd3dfb301ca79ef2bceea77d38,True,True,2026-05-30T05:43:30Z
M1-MVTEC-V3-MULTISPLIT_rga_meta_router_test_seed43_0423472c,M1-MVTEC-V3-MULTISPLIT,MVTec 3D-AD,PatchCore supervised-paired,43,rga_meta_router,test,elara_master_c/predictions/v3_multisplit/M1-MVTEC-V3-MULTISPLIT__MVTec_3D-AD__PatchCore_supervised-paired/rga_meta_router/test/seed_43.parquet,646,0423472c422b12436d9697c7e825deb9ad509cb633667043291607c69d849d8f,4b3682c65ab2bed95cb449d7e3a2cb229f1ea81f3944d7c9036cde7b4790dec9,f92c016b1f84a0fd3dfb301ca79ef2bceea77d38,True,True,2026-05-30T05:43:30Z
M1-MVTEC-V3-MULTISPLIT_early_fusion_mlp_test_seed43_14262fe6,M1-MVTEC-V3-MULTISPLIT,MVTec 3D-AD,PatchCore supervised-paired,43,early_fusion_mlp,test,elara_master_c/predictions/v3_multisplit/M1-MVTEC-V3-MULTISPLIT__MVTec_3D-AD__PatchCore_supervised-paired/early_fusion_mlp/test/seed_43.parquet,646,14262fe694ca38cf356dc747326594faf0eaa24688ed997f7c84732806e91657,4b3682c65ab2bed95cb449d7e3a2cb229f1ea81f3944d7c9036cde7b4790dec9,f92c016b1f84a0fd3dfb301ca79ef2bceea77d38,True,True,2026-05-30T05:43:30Z
M1-MVTEC-V3-MULTISPLIT_late_fusion_ensemble_test_seed43_79051a27,M1-MVTEC-V3-MULTISPLIT,MVTec 3D-AD,PatchCore supervised-paired,43,late_fusion_ensemble,test,elara_master_c/predictions/v3_multisplit/M1-MVTEC-V3-MULTISPLIT__MVTec_3D-AD__PatchCore_supervised-paired/late_fusion_ensemble/test/seed_43.parquet,646,79051a27acd64900ed215c890b737c5b39f0740c2b576649556e5779a33682f8,4b3682c65ab2bed95cb449d7e3a2cb229f1ea81f3944d7c9036cde7b4790dec9,f92c016b1f84a0fd3dfb301ca79ef2bceea77d38,True,True,2026-05-30T05:43:30Z
M1-MVTEC-V3-MULTISPLIT_random_forest_test_seed43_b507ad97,M1-MVTEC-V3-MULTISPLIT,MVTec 3D-AD,PatchCore supervised-paired,43,random_forest,test,elara_master_c/predictions/v3_multisplit/M1-MVTEC-V3-MULTISPLIT__MVTec_3D-AD__PatchCore_supervised-paired/random_forest/test/seed_43.parquet,646,b507ad9764b9fc9a847cd1ad7bc73cd2dd24fa8ebc156104c943444e7ef7ffc3,4b3682c65ab2bed95cb449d7e3a2cb229f1ea81f3944d7c9036cde7b4790dec9,f92c016b1f84a0fd3dfb301ca79ef2bceea77d38,True,True,2026-05-30T05:43:30Z
M1-MVTEC-V3-MULTISPLIT_confidence_weighted_mean_test_seed43_ac124716,M1-MVTEC-V3-MULTISPLIT,MVTec 3D-AD,PatchCore supervised-paired,43,confidence_weighted_mean,test,elara_master_c/predictions/v3_multisplit/M1-MVTEC-V3-MULTISPLIT__MVTec_3D-AD__PatchCore_supervised-paired/confidence_weighted_mean/test/seed_43.parquet,646,ac1247160e13c5a7ddd252672eda324a8d89b6d9a2af81d7befe4c6e7e347137,4b3682c65ab2bed95cb449d7e3a2cb229f1ea81f3944d7c9036cde7b4790dec9,f92c016b1f84a0fd3dfb301ca79ef2bceea77d38,True,True,2026-05-30T05:43:30Z
M1-MVTEC-V3-MULTISPLIT_tent_score_adapter_test_seed43_644f0c8d,M1-MVTEC-V3-MULTISPLIT,MVTec 3D-AD,PatchCore supervised-paired,43,tent_score_adapter,test,elara_master_c/predictions/v3_multisplit/M1-MVTEC-V3-MULTISPLIT__MVTec_3D-AD__PatchCore_supervised-paired/tent_score_adapter/test/seed_43.parquet,646,644f0c8dcb9edc5d1d4fe9c4b6e5d9765208c8efc30f2e5e318f096384bb4c8e,4b3682c65ab2bed95cb449d7e3a2cb229f1ea81f3944d7c9036cde7b4790dec9,f92c016b1f84a0fd3dfb301ca79ef2bceea77d38,True,True,2026-05-30T05:43:30Z
M1-MVTEC-V3-MULTISPLIT_ttt_pseudo_label_adapter_test_seed43_6f2c2821,M1-MVTEC-V3-MULTISPLIT,MVTec 3D-AD,PatchCore supervised-paired,43,ttt_pseudo_label_adapter,test,elara_master_c/predictions/v3_multisplit/M1-MVTEC-V3-MULTISPLIT__MVTec_3D-AD__PatchCore_supervised-paired/ttt_pseudo_label_adapter/test/seed_43.parquet,646,6f2c2821b23dd93f871102d622b9a3d13f41f9204dd3bf20309f5042eac1a447,4b3682c65ab2bed95cb449d7e3a2cb229f1ea81f3944d7c9036cde7b4790dec9,f92c016b1f84a0fd3dfb301ca79ef2bceea77d38,True,True,2026-05-30T05:43:30Z
M1-MVTEC-V3-MULTISPLIT_eata_score_adapter_test_seed43_043d2cc6,M1-MVTEC-V3-MULTISPLIT,MVTec 3D-AD,PatchCore supervised-paired,43,eata_score_adapter,test,elara_master_c/predictions/v3_multisplit/M1-MVTEC-V3-MULTISPLIT__MVTec_3D-AD__PatchCore_supervised-paired/eata_score_adapter/test/seed_43.parquet,646,043d2cc61a4d505373697dcf32b3e97fe9a95386a0dc48f65e83b906393667e3,4b3682c65ab2bed95cb449d7e3a2cb229f1ea81f3944d7c9036cde7b4790dec9,f92c016b1f84a0fd3dfb301ca79ef2bceea77d38,True,True,2026-05-30T05:43:31Z
M1-MVTEC-V3-MULTISPLIT_sar_score_adapter_test_seed43_bb447001,M1-MVTEC-V3-MULTISPLIT,MVTec 3D-AD,PatchCore supervised-paired,43,sar_score_adapter,test,elara_master_c/predictions/v3_multisplit/M1-MVTEC-V3-MULTISPLIT__MVTec_3D-AD__PatchCore_supervised-paired/sar_score_adapter/test/seed_43.parquet,646,bb447001ff0b2bc006ebb970c6f8abae8a17fdba1de7b88ccde492c6ce19e26c,4b3682c65ab2bed95cb449d7e3a2cb229f1ea81f3944d7c9036cde7b4790dec9,f92c016b1f84a0fd3dfb301ca79ef2bceea77d38,True,True,2026-05-30T05:43:31Z
M1-MVTEC-V3-MULTISPLIT_static_attention_test_seed44_290b5787,M1-MVTEC-V3-MULTISPLIT,MVTec 3D-AD,PatchCore supervised-paired,44,static_attention,test,elara_master_c/predictions/v3_multisplit/M1-MVTEC-V3-MULTISPLIT__MVTec_3D-AD__PatchCore_supervised-paired/static_attention/test/seed_44.parquet,646,290b57876cb8a1c0ea366ad1e905362f5703603e4d60079efaa6eec635a121ff,4b3682c65ab2bed95cb449d7e3a2cb229f1ea81f3944d7c9036cde7b4790dec9,f92c016b1f84a0fd3dfb301ca79ef2bceea77d38,True,True,2026-05-30T05:43:45Z
M1-MVTEC-V3-MULTISPLIT_craf_attention_test_seed44_ebfbe77d,M1-MVTEC-V3-MULTISPLIT,MVTec 3D-AD,PatchCore supervised-paired,44,craf_attention,test,elara_master_c/predictions/v3_multisplit/M1-MVTEC-V3-MULTISPLIT__MVTec_3D-AD__PatchCore_supervised-paired/craf_attention/test/seed_44.parquet,646,ebfbe77df4a9066e1d730c76e2f26f5f6571c2534ff2ad07b1d91ee18ca1190e,4b3682c65ab2bed95cb449d7e3a2cb229f1ea81f3944d7c9036cde7b4790dec9,f92c016b1f84a0fd3dfb301ca79ef2bceea77d38,True,True,2026-05-30T05:43:45Z
M1-MVTEC-V3-MULTISPLIT_rga_boosted_fusion_test_seed44_116829dd,M1-MVTEC-V3-MULTISPLIT,MVTec 3D-AD,PatchCore supervised-paired,44,rga_boosted_fusion,test,elara_master_c/predictions/v3_multisplit/M1-MVTEC-V3-MULTISPLIT__MVTec_3D-AD__PatchCore_supervised-paired/rga_boosted_fusion/test/seed_44.parquet,646,116829dd221b239d0cd9e28fced94bdc29f8475a6d02a2a830e1acff845c8194,4b3682c65ab2bed95cb449d7e3a2cb229f1ea81f3944d7c9036cde7b4790dec9,f92c016b1f84a0fd3dfb301ca79ef2bceea77d38,True,True,2026-05-30T05:43:45Z
M1-MVTEC-V3-MULTISPLIT_rga_meta_router_test_seed44_5d04ec4e,M1-MVTEC-V3-MULTISPLIT,MVTec 3D-AD,PatchCore supervised-paired,44,rga_meta_router,test,elara_master_c/predictions/v3_multisplit/M1-MVTEC-V3-MULTISPLIT__MVTec_3D-AD__PatchCore_supervised-paired/rga_meta_router/test/seed_44.parquet,646,5d04ec4ec0877a2856b047c1bfe5039caba8854d7c18bfd9f7e5578cd86a6141,4b3682c65ab2bed95cb449d7e3a2cb229f1ea81f3944d7c9036cde7b4790dec9,f92c016b1f84a0fd3dfb301ca79ef2bceea77d38,True,True,2026-05-30T05:43:45Z
M1-MVTEC-V3-MULTISPLIT_early_fusion_mlp_test_seed44_8a4b1e6f,M1-MVTEC-V3-MULTISPLIT,MVTec 3D-AD,PatchCore supervised-paired,44,early_fusion_mlp,test,elara_master_c/predictions/v3_multisplit/M1-MVTEC-V3-MULTISPLIT__MVTec_3D-AD__PatchCore_supervised-paired/early_fusion_mlp/test/seed_44.parquet,646,8a4b1e6f9528631075cfff929ffde5f5c55a119d4188eea22ece655a258f6a6a,4b3682c65ab2bed95cb449d7e3a2cb229f1ea81f3944d7c9036cde7b4790dec9,f92c016b1f84a0fd3dfb301ca79ef2bceea77d38,True,True,2026-05-30T05:43:45Z
M1-MVTEC-V3-MULTISPLIT_late_fusion_ensemble_test_seed44_5f3056ea,M1-MVTEC-V3-MULTISPLIT,MVTec 3D-AD,PatchCore supervised-paired,44,late_fusion_ensemble,test,elara_master_c/predictions/v3_multisplit/M1-MVTEC-V3-MULTISPLIT__MVTec_3D-AD__PatchCore_supervised-paired/late_fusion_ensemble/test/seed_44.parquet,646,5f3056ea363972d1c96d2dd95ff67b52bd3349154801bd215e554a380385ebe7,4b3682c65ab2bed95cb449d7e3a2cb229f1ea81f3944d7c9036cde7b4790dec9,f92c016b1f84a0fd3dfb301ca79ef2bceea77d38,True,True,2026-05-30T05:43:45Z
M1-MVTEC-V3-MULTISPLIT_random_forest_test_seed44_1279ea1d,M1-MVTEC-V3-MULTISPLIT,MVTec 3D-AD,PatchCore supervised-paired,44,random_forest,test,elara_master_c/predictions/v3_multisplit/M1-MVTEC-V3-MULTISPLIT__MVTec_3D-AD__PatchCore_supervised-paired/random_forest/test/seed_44.parquet,646,1279ea1da4de14dbd11ded9a0f963b83b000a049a00ae1ec2ddc8302e5db1b29,4b3682c65ab2bed95cb449d7e3a2cb229f1ea81f3944d7c9036cde7b4790dec9,f92c016b1f84a0fd3dfb301ca79ef2bceea77d38,True,True,2026-05-30T05:43:45Z
M1-MVTEC-V3-MULTISPLIT_confidence_weighted_mean_test_seed44_88722136,M1-MVTEC-V3-MULTISPLIT,MVTec 3D-AD,PatchCore supervised-paired,44,confidence_weighted_mean,test,elara_master_c/predictions/v3_multisplit/M1-MVTEC-V3-MULTISPLIT__MVTec_3D-AD__PatchCore_supervised-paired/confidence_weighted_mean/test/seed_44.parquet,646,887221369f34583c9e62b71cd3709868ed862a119307ea507c41fa734d0b1240,4b3682c65ab2bed95cb449d7e3a2cb229f1ea81f3944d7c9036cde7b4790dec9,f92c016b1f84a0fd3dfb301ca79ef2bceea77d38,True,True,2026-05-30T05:43:45Z
M1-MVTEC-V3-MULTISPLIT_tent_score_adapter_test_seed44_4177eb12,M1-MVTEC-V3-MULTISPLIT,MVTec 3D-AD,PatchCore supervised-paired,44,tent_score_adapter,test,elara_master_c/predictions/v3_multisplit/M1-MVTEC-V3-MULTISPLIT__MVTec_3D-AD__PatchCore_supervised-paired/tent_score_adapter/test/seed_44.parquet,646,4177eb12f0c990abd17620d835c7e4a7839999ea4376bf5b7f8560e4aef50d9f,4b3682c65ab2bed95cb449d7e3a2cb229f1ea81f3944d7c9036cde7b4790dec9,f92c016b1f84a0fd3dfb301ca79ef2bceea77d38,True,True,2026-05-30T05:43:45Z
M1-MVTEC-V3-MULTISPLIT_ttt_pseudo_label_adapter_test_seed44_a29cf38d,M1-MVTEC-V3-MULTISPLIT,MVTec 3D-AD,PatchCore supervised-paired,44,ttt_pseudo_label_adapter,test,elara_master_c/predictions/v3_multisplit/M1-MVTEC-V3-MULTISPLIT__MVTec_3D-AD__PatchCore_supervised-paired/ttt_pseudo_label_adapter/test/seed_44.parquet,646,a29cf38df81c23d059eff20c9b0923c0dc3453a83239925d5afe013532bba691,4b3682c65ab2bed95cb449d7e3a2cb229f1ea81f3944d7c9036cde7b4790dec9,f92c016b1f84a0fd3dfb301ca79ef2bceea77d38,True,True,2026-05-30T05:43:45Z
M1-MVTEC-V3-MULTISPLIT_eata_score_adapter_test_seed44_4cd3dacf,M1-MVTEC-V3-MULTISPLIT,MVTec 3D-AD,PatchCore supervised-paired,44,eata_score_adapter,test,elara_master_c/predictions/v3_multisplit/M1-MVTEC-V3-MULTISPLIT__MVTec_3D-AD__PatchCore_supervised-paired/eata_score_adapter/test/seed_44.parquet,646,4cd3dacf734d371efd020dea4ff99660f397c8997c684bf37709cac410d7c5ce,4b3682c65ab2bed95cb449d7e3a2cb229f1ea81f3944d7c9036cde7b4790dec9,f92c016b1f84a0fd3dfb301ca79ef2bceea77d38,True,True,2026-05-30T05:43:45Z
M1-MVTEC-V3-MULTISPLIT_sar_score_adapter_test_seed44_1a70f685,M1-MVTEC-V3-MULTISPLIT,MVTec 3D-AD,PatchCore supervised-paired,44,sar_score_adapter,test,elara_master_c/predictions/v3_multisplit/M1-MVTEC-V3-MULTISPLIT__MVTec_3D-AD__PatchCore_supervised-paired/sar_score_adapter/test/seed_44.parquet,646,1a70f685dbe49305814b925743d172fd35a27b6bbeb9964f12e018456354ba84,4b3682c65ab2bed95cb449d7e3a2cb229f1ea81f3944d7c9036cde7b4790dec9,f92c016b1f84a0fd3dfb301ca79ef2bceea77d38,True,True,2026-05-30T05:43:45Z
M1-MVTEC-V3-MULTISPLIT_static_attention_test_seed42_785e16e4,M1-MVTEC-V3-MULTISPLIT,MVTec 3D-AD,PatchCore supervised-paired,42,static_attention,test,elara_master_c/predictions/v3_multisplit/M1-MVTEC-V3-MULTISPLIT__MVTec_3D-AD__PatchCore_supervised-paired/static_attention/test/seed_42__rerun_1.parquet,646,785e16e4e085e727f8ba52e4ec6b484f839e9a122f9386f2b6a040f378c7fbb4,4b3682c65ab2bed95cb449d7e3a2cb229f1ea81f3944d7c9036cde7b4790dec9,f92c016b1f84a0fd3dfb301ca79ef2bceea77d38,True,True,2026-05-30T05:44:24Z
M1-MVTEC-V3-MULTISPLIT_craf_attention_test_seed42_658b2a48,M1-MVTEC-V3-MULTISPLIT,MVTec 3D-AD,PatchCore supervised-paired,42,craf_attention,test,elara_master_c/predictions/v3_multisplit/M1-MVTEC-V3-MULTISPLIT__MVTec_3D-AD__PatchCore_supervised-paired/craf_attention/test/seed_42__rerun_1.parquet,646,658b2a48ec21637653668b12e649facde00d33208c05200c606696f6445e5f4e,4b3682c65ab2bed95cb449d7e3a2cb229f1ea81f3944d7c9036cde7b4790dec9,f92c016b1f84a0fd3dfb301ca79ef2bceea77d38,True,True,2026-05-30T05:44:24Z
M1-MVTEC-V3-MULTISPLIT_rga_boosted_fusion_test_seed42_c093d17b,M1-MVTEC-V3-MULTISPLIT,MVTec 3D-AD,PatchCore supervised-paired,42,rga_boosted_fusion,test,elara_master_c/predictions/v3_multisplit/M1-MVTEC-V3-MULTISPLIT__MVTec_3D-AD__PatchCore_supervised-paired/rga_boosted_fusion/test/seed_42__rerun_1.parquet,646,c093d17b9524c0edc19a34cb38e08d7f37e1ef7f889fb1a296e1466457c95469,4b3682c65ab2bed95cb449d7e3a2cb229f1ea81f3944d7c9036cde7b4790dec9,f92c016b1f84a0fd3dfb301ca79ef2bceea77d38,True,True,2026-05-30T05:44:24Z
M1-MVTEC-V3-MULTISPLIT_rga_meta_router_test_seed42_5a925a20,M1-MVTEC-V3-MULTISPLIT,MVTec 3D-AD,PatchCore supervised-paired,42,rga_meta_router,test,elara_master_c/predictions/v3_multisplit/M1-MVTEC-V3-MULTISPLIT__MVTec_3D-AD__PatchCore_supervised-paired/rga_meta_router/test/seed_42__rerun_1.parquet,646,5a925a20e7e36789d427c7ec51536dc9f4bf7c4f2be32e86e432c9bdec7f9593,4b3682c65ab2bed95cb449d7e3a2cb229f1ea81f3944d7c9036cde7b4790dec9,f92c016b1f84a0fd3dfb301ca79ef2bceea77d38,True,True,2026-05-30T05:44:24Z
M1-MVTEC-V3-MULTISPLIT_early_fusion_mlp_test_seed42_d1dbe812,M1-MVTEC-V3-MULTISPLIT,MVTec 3D-AD,PatchCore supervised-paired,42,early_fusion_mlp,test,elara_master_c/predictions/v3_multisplit/M1-MVTEC-V3-MULTISPLIT__MVTec_3D-AD__PatchCore_supervised-paired/early_fusion_mlp/test/seed_42__rerun_1.parquet,646,d1dbe8120e9806baa7303b94d571a969bca14211fda566a0e6a2b3a535463f70,4b3682c65ab2bed95cb449d7e3a2cb229f1ea81f3944d7c9036cde7b4790dec9,f92c016b1f84a0fd3dfb301ca79ef2bceea77d38,True,True,2026-05-30T05:44:24Z
M1-MVTEC-V3-MULTISPLIT_late_fusion_ensemble_test_seed42_f8b8b7da,M1-MVTEC-V3-MULTISPLIT,MVTec 3D-AD,PatchCore supervised-paired,42,late_fusion_ensemble,test,elara_master_c/predictions/v3_multisplit/M1-MVTEC-V3-MULTISPLIT__MVTec_3D-AD__PatchCore_supervised-paired/late_fusion_ensemble/test/seed_42__rerun_1.parquet,646,f8b8b7da577bc86fd3a2c6e5c674c50cf807f75daf1b1ecd0900ea17c5f461b4,4b3682c65ab2bed95cb449d7e3a2cb229f1ea81f3944d7c9036cde7b4790dec9,f92c016b1f84a0fd3dfb301ca79ef2bceea77d38,True,True,2026-05-30T05:44:24Z
M1-MVTEC-V3-MULTISPLIT_random_forest_test_seed42_75a1158f,M1-MVTEC-V3-MULTISPLIT,MVTec 3D-AD,PatchCore supervised-paired,42,random_forest,test,elara_master_c/predictions/v3_multisplit/M1-MVTEC-V3-MULTISPLIT__MVTec_3D-AD__PatchCore_supervised-paired/random_forest/test/seed_42__rerun_1.parquet,646,75a1158ff280e8ac21ee6ba0dc74fafc188f06d79d805496999e5ca289bdbc29,4b3682c65ab2bed95cb449d7e3a2cb229f1ea81f3944d7c9036cde7b4790dec9,f92c016b1f84a0fd3dfb301ca79ef2bceea77d38,True,True,2026-05-30T05:44:24Z
M1-MVTEC-V3-MULTISPLIT_confidence_weighted_mean_test_seed42_07b7ae01,M1-MVTEC-V3-MULTISPLIT,MVTec 3D-AD,PatchCore supervised-paired,42,confidence_weighted_mean,test,elara_master_c/predictions/v3_multisplit/M1-MVTEC-V3-MULTISPLIT__MVTec_3D-AD__PatchCore_supervised-paired/confidence_weighted_mean/test/seed_42__rerun_1.parquet,646,07b7ae0139a398900b236dbc06e0fa9760364ba5e9955155632cd4e6086ad387,4b3682c65ab2bed95cb449d7e3a2cb229f1ea81f3944d7c9036cde7b4790dec9,f92c016b1f84a0fd3dfb301ca79ef2bceea77d38,True,True,2026-05-30T05:44:24Z
M1-MVTEC-V3-MULTISPLIT_tent_score_adapter_test_seed42_6000b784,M1-MVTEC-V3-MULTISPLIT,MVTec 3D-AD,PatchCore supervised-paired,42,tent_score_adapter,test,elara_master_c/predictions/v3_multisplit/M1-MVTEC-V3-MULTISPLIT__MVTec_3D-AD__PatchCore_supervised-paired/tent_score_adapter/test/seed_42__rerun_1.parquet,646,6000b784581bf43b1ab8443e42384de3eb5932cea0851f3d3312bb73ec8275b0,4b3682c65ab2bed95cb449d7e3a2cb229f1ea81f3944d7c9036cde7b4790dec9,f92c016b1f84a0fd3dfb301ca79ef2bceea77d38,True,True,2026-05-30T05:44:24Z
M1-MVTEC-V3-MULTISPLIT_ttt_pseudo_label_adapter_test_seed42_f0d84a19,M1-MVTEC-V3-MULTISPLIT,MVTec 3D-AD,PatchCore supervised-paired,42,ttt_pseudo_label_adapter,test,elara_master_c/predictions/v3_multisplit/M1-MVTEC-V3-MULTISPLIT__MVTec_3D-AD__PatchCore_supervised-paired/ttt_pseudo_label_adapter/test/seed_42__rerun_1.parquet,646,f0d84a19e2ebfb5f8900e69cab00878542657e295d584f814aed49dbd07079d0,4b3682c65ab2bed95cb449d7e3a2cb229f1ea81f3944d7c9036cde7b4790dec9,f92c016b1f84a0fd3dfb301ca79ef2bceea77d38,True,True,2026-05-30T05:44:24Z
M1-MVTEC-V3-MULTISPLIT_eata_score_adapter_test_seed42_ca0a103a,M1-MVTEC-V3-MULTISPLIT,MVTec 3D-AD,PatchCore supervised-paired,42,eata_score_adapter,test,elara_master_c/predictions/v3_multisplit/M1-MVTEC-V3-MULTISPLIT__MVTec_3D-AD__PatchCore_supervised-paired/eata_score_adapter/test/seed_42__rerun_1.parquet,646,ca0a103a82634fbb4f8fb5093a8797f3bf0e0a9fc6b844b4cf60e3112fe3126b,4b3682c65ab2bed95cb449d7e3a2cb229f1ea81f3944d7c9036cde7b4790dec9,f92c016b1f84a0fd3dfb301ca79ef2bceea77d38,True,True,2026-05-30T05:44:24Z
M1-MVTEC-V3-MULTISPLIT_sar_score_adapter_test_seed42_29bea8f5,M1-MVTEC-V3-MULTISPLIT,MVTec 3D-AD,PatchCore supervised-paired,42,sar_score_adapter,test,elara_master_c/predictions/v3_multisplit/M1-MVTEC-V3-MULTISPLIT__MVTec_3D-AD__PatchCore_supervised-paired/sar_score_adapter/test/seed_42__rerun_1.parquet,646,29bea8f5c6fd2092a1d0f410d555baf2b375f2e4ba1c1211def3987bff4ed5f0,4b3682c65ab2bed95cb449d7e3a2cb229f1ea81f3944d7c9036cde7b4790dec9,f92c016b1f84a0fd3dfb301ca79ef2bceea77d38,True,True,2026-05-30T05:44:24Z
M1-MVTEC-V3-MULTISPLIT_static_attention_test_seed43_b6183ce3,M1-MVTEC-V3-MULTISPLIT,MVTec 3D-AD,PatchCore supervised-paired,43,static_attention,test,elara_master_c/predictions/v3_multisplit/M1-MVTEC-V3-MULTISPLIT__MVTec_3D-AD__PatchCore_supervised-paired/static_attention/test/seed_43__rerun_1.parquet,646,b6183ce31f291ab9fa7246fd94537304286e34291463bf36e710280c1a69267c,4b3682c65ab2bed95cb449d7e3a2cb229f1ea81f3944d7c9036cde7b4790dec9,f92c016b1f84a0fd3dfb301ca79ef2bceea77d38,True,True,2026-05-30T05:44:39Z
M1-MVTEC-V3-MULTISPLIT_craf_attention_test_seed43_d39f4883,M1-MVTEC-V3-MULTISPLIT,MVTec 3D-AD,PatchCore supervised-paired,43,craf_attention,test,elara_master_c/predictions/v3_multisplit/M1-MVTEC-V3-MULTISPLIT__MVTec_3D-AD__PatchCore_supervised-paired/craf_attention/test/seed_43__rerun_1.parquet,646,d39f4883c00f73991f38f82e8235027bb7e279f0b9a12e2df64f0a59d5a3b18b,4b3682c65ab2bed95cb449d7e3a2cb229f1ea81f3944d7c9036cde7b4790dec9,f92c016b1f84a0fd3dfb301ca79ef2bceea77d38,True,True,2026-05-30T05:44:39Z
M1-MVTEC-V3-MULTISPLIT_rga_boosted_fusion_test_seed43_c963a61c,M1-MVTEC-V3-MULTISPLIT,MVTec 3D-AD,PatchCore supervised-paired,43,rga_boosted_fusion,test,elara_master_c/predictions/v3_multisplit/M1-MVTEC-V3-MULTISPLIT__MVTec_3D-AD__PatchCore_supervised-paired/rga_boosted_fusion/test/seed_43__rerun_1.parquet,646,c963a61c6052c0ebd685ceca8c2e0ef5b2c78e9a1dccd65c91cc124f0ae65cdf,4b3682c65ab2bed95cb449d7e3a2cb229f1ea81f3944d7c9036cde7b4790dec9,f92c016b1f84a0fd3dfb301ca79ef2bceea77d38,True,True,2026-05-30T05:44:39Z
M1-MVTEC-V3-MULTISPLIT_rga_meta_router_test_seed43_0423472c,M1-MVTEC-V3-MULTISPLIT,MVTec 3D-AD,PatchCore supervised-paired,43,rga_meta_router,test,elara_master_c/predictions/v3_multisplit/M1-MVTEC-V3-MULTISPLIT__MVTec_3D-AD__PatchCore_supervised-paired/rga_meta_router/test/seed_43__rerun_1.parquet,646,0423472c422b12436d9697c7e825deb9ad509cb633667043291607c69d849d8f,4b3682c65ab2bed95cb449d7e3a2cb229f1ea81f3944d7c9036cde7b4790dec9,f92c016b1f84a0fd3dfb301ca79ef2bceea77d38,True,True,2026-05-30T05:44:39Z
M1-MVTEC-V3-MULTISPLIT_early_fusion_mlp_test_seed43_14262fe6,M1-MVTEC-V3-MULTISPLIT,MVTec 3D-AD,PatchCore supervised-paired,43,early_fusion_mlp,test,elara_master_c/predictions/v3_multisplit/M1-MVTEC-V3-MULTISPLIT__MVTec_3D-AD__PatchCore_supervised-paired/early_fusion_mlp/test/seed_43__rerun_1.parquet,646,14262fe694ca38cf356dc747326594faf0eaa24688ed997f7c84732806e91657,4b3682c65ab2bed95cb449d7e3a2cb229f1ea81f3944d7c9036cde7b4790dec9,f92c016b1f84a0fd3dfb301ca79ef2bceea77d38,True,True,2026-05-30T05:44:39Z
M1-MVTEC-V3-MULTISPLIT_late_fusion_ensemble_test_seed43_79051a27,M1-MVTEC-V3-MULTISPLIT,MVTec 3D-AD,PatchCore supervised-paired,43,late_fusion_ensemble,test,elara_master_c/predictions/v3_multisplit/M1-MVTEC-V3-MULTISPLIT__MVTec_3D-AD__PatchCore_supervised-paired/late_fusion_ensemble/test/seed_43__rerun_1.parquet,646,79051a27acd64900ed215c890b737c5b39f0740c2b576649556e5779a33682f8,4b3682c65ab2bed95cb449d7e3a2cb229f1ea81f3944d7c9036cde7b4790dec9,f92c016b1f84a0fd3dfb301ca79ef2bceea77d38,True,True,2026-05-30T05:44:39Z
M1-MVTEC-V3-MULTISPLIT_random_forest_test_seed43_b507ad97,M1-MVTEC-V3-MULTISPLIT,MVTec 3D-AD,PatchCore supervised-paired,43,random_forest,test,elara_master_c/predictions/v3_multisplit/M1-MVTEC-V3-MULTISPLIT__MVTec_3D-AD__PatchCore_supervised-paired/random_forest/test/seed_43__rerun_1.parquet,646,b507ad9764b9fc9a847cd1ad7bc73cd2dd24fa8ebc156104c943444e7ef7ffc3,4b3682c65ab2bed95cb449d7e3a2cb229f1ea81f3944d7c9036cde7b4790dec9,f92c016b1f84a0fd3dfb301ca79ef2bceea77d38,True,True,2026-05-30T05:44:39Z
M1-MVTEC-V3-MULTISPLIT_confidence_weighted_mean_test_seed43_ac124716,M1-MVTEC-V3-MULTISPLIT,MVTec 3D-AD,PatchCore supervised-paired,43,confidence_weighted_mean,test,elara_master_c/predictions/v3_multisplit/M1-MVTEC-V3-MULTISPLIT__MVTec_3D-AD__PatchCore_supervised-paired/confidence_weighted_mean/test/seed_43__rerun_1.parquet,646,ac1247160e13c5a7ddd252672eda324a8d89b6d9a2af81d7befe4c6e7e347137,4b3682c65ab2bed95cb449d7e3a2cb229f1ea81f3944d7c9036cde7b4790dec9,f92c016b1f84a0fd3dfb301ca79ef2bceea77d38,True,True,2026-05-30T05:44:39Z
M1-MVTEC-V3-MULTISPLIT_tent_score_adapter_test_seed43_644f0c8d,M1-MVTEC-V3-MULTISPLIT,MVTec 3D-AD,PatchCore supervised-paired,43,tent_score_adapter,test,elara_master_c/predictions/v3_multisplit/M1-MVTEC-V3-MULTISPLIT__MVTec_3D-AD__PatchCore_supervised-paired/tent_score_adapter/test/seed_43__rerun_1.parquet,646,644f0c8dcb9edc5d1d4fe9c4b6e5d9765208c8efc30f2e5e318f096384bb4c8e,4b3682c65ab2bed95cb449d7e3a2cb229f1ea81f3944d7c9036cde7b4790dec9,f92c016b1f84a0fd3dfb301ca79ef2bceea77d38,True,True,2026-05-30T05:44:39Z
M1-MVTEC-V3-MULTISPLIT_ttt_pseudo_label_adapter_test_seed43_6f2c2821,M1-MVTEC-V3-MULTISPLIT,MVTec 3D-AD,PatchCore supervised-paired,43,ttt_pseudo_label_adapter,test,elara_master_c/predictions/v3_multisplit/M1-MVTEC-V3-MULTISPLIT__MVTec_3D-AD__PatchCore_supervised-paired/ttt_pseudo_label_adapter/test/seed_43__rerun_1.parquet,646,6f2c2821b23dd93f871102d622b9a3d13f41f9204dd3bf20309f5042eac1a447,4b3682c65ab2bed95cb449d7e3a2cb229f1ea81f3944d7c9036cde7b4790dec9,f92c016b1f84a0fd3dfb301ca79ef2bceea77d38,True,True,2026-05-30T05:44:39Z
M1-MVTEC-V3-MULTISPLIT_eata_score_adapter_test_seed43_043d2cc6,M1-MVTEC-V3-MULTISPLIT,MVTec 3D-AD,PatchCore supervised-paired,43,eata_score_adapter,test,elara_master_c/predictions/v3_multisplit/M1-MVTEC-V3-MULTISPLIT__MVTec_3D-AD__PatchCore_supervised-paired/eata_score_adapter/test/seed_43__rerun_1.parquet,646,043d2cc61a4d505373697dcf32b3e97fe9a95386a0dc48f65e83b906393667e3,4b3682c65ab2bed95cb449d7e3a2cb229f1ea81f3944d7c9036cde7b4790dec9,f92c016b1f84a0fd3dfb301ca79ef2bceea77d38,True,True,2026-05-30T05:44:39Z
M1-MVTEC-V3-MULTISPLIT_sar_score_adapter_test_seed43_bb447001,M1-MVTEC-V3-MULTISPLIT,MVTec 3D-AD,PatchCore supervised-paired,43,sar_score_adapter,test,elara_master_c/predictions/v3_multisplit/M1-MVTEC-V3-MULTISPLIT__MVTec_3D-AD__PatchCore_supervised-paired/sar_score_adapter/test/seed_43__rerun_1.parquet,646,bb447001ff0b2bc006ebb970c6f8abae8a17fdba1de7b88ccde492c6ce19e26c,4b3682c65ab2bed95cb449d7e3a2cb229f1ea81f3944d7c9036cde7b4790dec9,f92c016b1f84a0fd3dfb301ca79ef2bceea77d38,True,True,2026-05-30T05:44:39Z
M1-MVTEC-V3-MULTISPLIT_static_attention_test_seed44_290b5787,M1-MVTEC-V3-MULTISPLIT,MVTec 3D-AD,PatchCore supervised-paired,44,static_attention,test,elara_master_c/predictions/v3_multisplit/M1-MVTEC-V3-MULTISPLIT__MVTec_3D-AD__PatchCore_supervised-paired/static_attention/test/seed_44__rerun_1.parquet,646,290b57876cb8a1c0ea366ad1e905362f5703603e4d60079efaa6eec635a121ff,4b3682c65ab2bed95cb449d7e3a2cb229f1ea81f3944d7c9036cde7b4790dec9,f92c016b1f84a0fd3dfb301ca79ef2bceea77d38,True,True,2026-05-30T05:44:53Z
M1-MVTEC-V3-MULTISPLIT_craf_attention_test_seed44_ebfbe77d,M1-MVTEC-V3-MULTISPLIT,MVTec 3D-AD,PatchCore supervised-paired,44,craf_attention,test,elara_master_c/predictions/v3_multisplit/M1-MVTEC-V3-MULTISPLIT__MVTec_3D-AD__PatchCore_supervised-paired/craf_attention/test/seed_44__rerun_1.parquet,646,ebfbe77df4a9066e1d730c76e2f26f5f6571c2534ff2ad07b1d91ee18ca1190e,4b3682c65ab2bed95cb449d7e3a2cb229f1ea81f3944d7c9036cde7b4790dec9,f92c016b1f84a0fd3dfb301ca79ef2bceea77d38,True,True,2026-05-30T05:44:53Z
M1-MVTEC-V3-MULTISPLIT_rga_boosted_fusion_test_seed44_116829dd,M1-MVTEC-V3-MULTISPLIT,MVTec 3D-AD,PatchCore supervised-paired,44,rga_boosted_fusion,test,elara_master_c/predictions/v3_multisplit/M1-MVTEC-V3-MULTISPLIT__MVTec_3D-AD__PatchCore_supervised-paired/rga_boosted_fusion/test/seed_44__rerun_1.parquet,646,116829dd221b239d0cd9e28fced94bdc29f8475a6d02a2a830e1acff845c8194,4b3682c65ab2bed95cb449d7e3a2cb229f1ea81f3944d7c9036cde7b4790dec9,f92c016b1f84a0fd3dfb301ca79ef2bceea77d38,True,True,2026-05-30T05:44:53Z
M1-MVTEC-V3-MULTISPLIT_rga_meta_router_test_seed44_5d04ec4e,M1-MVTEC-V3-MULTISPLIT,MVTec 3D-AD,PatchCore supervised-paired,44,rga_meta_router,test,elara_master_c/predictions/v3_multisplit/M1-MVTEC-V3-MULTISPLIT__MVTec_3D-AD__PatchCore_supervised-paired/rga_meta_router/test/seed_44__rerun_1.parquet,646,5d04ec4ec0877a2856b047c1bfe5039caba8854d7c18bfd9f7e5578cd86a6141,4b3682c65ab2bed95cb449d7e3a2cb229f1ea81f3944d7c9036cde7b4790dec9,f92c016b1f84a0fd3dfb301ca79ef2bceea77d38,True,True,2026-05-30T05:44:53Z
M1-MVTEC-V3-MULTISPLIT_early_fusion_mlp_test_seed44_8a4b1e6f,M1-MVTEC-V3-MULTISPLIT,MVTec 3D-AD,PatchCore supervised-paired,44,early_fusion_mlp,test,elara_master_c/predictions/v3_multisplit/M1-MVTEC-V3-MULTISPLIT__MVTec_3D-AD__PatchCore_supervised-paired/early_fusion_mlp/test/seed_44__rerun_1.parquet,646,8a4b1e6f9528631075cfff929ffde5f5c55a119d4188eea22ece655a258f6a6a,4b3682c65ab2bed95cb449d7e3a2cb229f1ea81f3944d7c9036cde7b4790dec9,f92c016b1f84a0fd3dfb301ca79ef2bceea77d38,True,True,2026-05-30T05:44:53Z
M1-MVTEC-V3-MULTISPLIT_late_fusion_ensemble_test_seed44_5f3056ea,M1-MVTEC-V3-MULTISPLIT,MVTec 3D-AD,PatchCore supervised-paired,44,late_fusion_ensemble,test,elara_master_c/predictions/v3_multisplit/M1-MVTEC-V3-MULTISPLIT__MVTec_3D-AD__PatchCore_supervised-paired/late_fusion_ensemble/test/seed_44__rerun_1.parquet,646,5f3056ea363972d1c96d2dd95ff67b52bd3349154801bd215e554a380385ebe7,4b3682c65ab2bed95cb449d7e3a2cb229f1ea81f3944d7c9036cde7b4790dec9,f92c016b1f84a0fd3dfb301ca79ef2bceea77d38,True,True,2026-05-30T05:44:53Z
M1-MVTEC-V3-MULTISPLIT_random_forest_test_seed44_1279ea1d,M1-MVTEC-V3-MULTISPLIT,MVTec 3D-AD,PatchCore supervised-paired,44,random_forest,test,elara_master_c/predictions/v3_multisplit/M1-MVTEC-V3-MULTISPLIT__MVTec_3D-AD__PatchCore_supervised-paired/random_forest/test/seed_44__rerun_1.parquet,646,1279ea1da4de14dbd11ded9a0f963b83b000a049a00ae1ec2ddc8302e5db1b29,4b3682c65ab2bed95cb449d7e3a2cb229f1ea81f3944d7c9036cde7b4790dec9,f92c016b1f84a0fd3dfb301ca79ef2bceea77d38,True,True,2026-05-30T05:44:53Z
M1-MVTEC-V3-MULTISPLIT_confidence_weighted_mean_test_seed44_88722136,M1-MVTEC-V3-MULTISPLIT,MVTec 3D-AD,PatchCore supervised-paired,44,confidence_weighted_mean,test,elara_master_c/predictions/v3_multisplit/M1-MVTEC-V3-MULTISPLIT__MVTec_3D-AD__PatchCore_supervised-paired/confidence_weighted_mean/test/seed_44__rerun_1.parquet,646,887221369f34583c9e62b71cd3709868ed862a119307ea507c41fa734d0b1240,4b3682c65ab2bed95cb449d7e3a2cb229f1ea81f3944d7c9036cde7b4790dec9,f92c016b1f84a0fd3dfb301ca79ef2bceea77d38,True,True,2026-05-30T05:44:53Z
M1-MVTEC-V3-MULTISPLIT_tent_score_adapter_test_seed44_4177eb12,M1-MVTEC-V3-MULTISPLIT,MVTec 3D-AD,PatchCore supervised-paired,44,tent_score_adapter,test,elara_master_c/predictions/v3_multisplit/M1-MVTEC-V3-MULTISPLIT__MVTec_3D-AD__PatchCore_supervised-paired/tent_score_adapter/test/seed_44__rerun_1.parquet,646,4177eb12f0c990abd17620d835c7e4a7839999ea4376bf5b7f8560e4aef50d9f,4b3682c65ab2bed95cb449d7e3a2cb229f1ea81f3944d7c9036cde7b4790dec9,f92c016b1f84a0fd3dfb301ca79ef2bceea77d38,True,True,2026-05-30T05:44:54Z
M1-MVTEC-V3-MULTISPLIT_ttt_pseudo_label_adapter_test_seed44_a29cf38d,M1-MVTEC-V3-MULTISPLIT,MVTec 3D-AD,PatchCore supervised-paired,44,ttt_pseudo_label_adapter,test,elara_master_c/predictions/v3_multisplit/M1-MVTEC-V3-MULTISPLIT__MVTec_3D-AD__PatchCore_supervised-paired/ttt_pseudo_label_adapter/test/seed_44__rerun_1.parquet,646,a29cf38df81c23d059eff20c9b0923c0dc3453a83239925d5afe013532bba691,4b3682c65ab2bed95cb449d7e3a2cb229f1ea81f3944d7c9036cde7b4790dec9,f92c016b1f84a0fd3dfb301ca79ef2bceea77d38,True,True,2026-05-30T05:44:54Z
M1-MVTEC-V3-MULTISPLIT_eata_score_adapter_test_seed44_4cd3dacf,M1-MVTEC-V3-MULTISPLIT,MVTec 3D-AD,PatchCore supervised-paired,44,eata_score_adapter,test,elara_master_c/predictions/v3_multisplit/M1-MVTEC-V3-MULTISPLIT__MVTec_3D-AD__PatchCore_supervised-paired/eata_score_adapter/test/seed_44__rerun_1.parquet,646,4cd3dacf734d371efd020dea4ff99660f397c8997c684bf37709cac410d7c5ce,4b3682c65ab2bed95cb449d7e3a2cb229f1ea81f3944d7c9036cde7b4790dec9,f92c016b1f84a0fd3dfb301ca79ef2bceea77d38,True,True,2026-05-30T05:44:54Z
M1-MVTEC-V3-MULTISPLIT_sar_score_adapter_test_seed44_1a70f685,M1-MVTEC-V3-MULTISPLIT,MVTec 3D-AD,PatchCore supervised-paired,44,sar_score_adapter,test,elara_master_c/predictions/v3_multisplit/M1-MVTEC-V3-MULTISPLIT__MVTec_3D-AD__PatchCore_supervised-paired/sar_score_adapter/test/seed_44__rerun_1.parquet,646,1a70f685dbe49305814b925743d172fd35a27b6bbeb9964f12e018456354ba84,4b3682c65ab2bed95cb449d7e3a2cb229f1ea81f3944d7c9036cde7b4790dec9,f92c016b1f84a0fd3dfb301ca79ef2bceea77d38,True,True,2026-05-30T05:44:54Z
M1-MVTEC-V3-MULTISPLIT_static_attention_test_seed45_afddb1c3,M1-MVTEC-V3-MULTISPLIT,MVTec 3D-AD,PatchCore supervised-paired,45,static_attention,test,elara_master_c/predictions/v3_multisplit/M1-MVTEC-V3-MULTISPLIT__MVTec_3D-AD__PatchCore_supervised-paired/static_attention/test/seed_45.parquet,646,afddb1c330d2c14df5d6c69f2f68a25b7d8eac1fdc0309170335ab5e1e21a5ba,4b3682c65ab2bed95cb449d7e3a2cb229f1ea81f3944d7c9036cde7b4790dec9,f92c016b1f84a0fd3dfb301ca79ef2bceea77d38,True,True,2026-05-30T05:45:08Z
M1-MVTEC-V3-MULTISPLIT_craf_attention_test_seed45_885a5c23,M1-MVTEC-V3-MULTISPLIT,MVTec 3D-AD,PatchCore supervised-paired,45,craf_attention,test,elara_master_c/predictions/v3_multisplit/M1-MVTEC-V3-MULTISPLIT__MVTec_3D-AD__PatchCore_supervised-paired/craf_attention/test/seed_45.parquet,646,885a5c23e86a95738c781453270a892f19eebcd37773f3e11c32ab157378fd7c,4b3682c65ab2bed95cb449d7e3a2cb229f1ea81f3944d7c9036cde7b4790dec9,f92c016b1f84a0fd3dfb301ca79ef2bceea77d38,True,True,2026-05-30T05:45:08Z
M1-MVTEC-V3-MULTISPLIT_rga_boosted_fusion_test_seed45_7b64dcdc,M1-MVTEC-V3-MULTISPLIT,MVTec 3D-AD,PatchCore supervised-paired,45,rga_boosted_fusion,test,elara_master_c/predictions/v3_multisplit/M1-MVTEC-V3-MULTISPLIT__MVTec_3D-AD__PatchCore_supervised-paired/rga_boosted_fusion/test/seed_45.parquet,646,7b64dcdcd873d0e76f7db0873671dca660244ec0d988c687a6e44ef22cf5557f,4b3682c65ab2bed95cb449d7e3a2cb229f1ea81f3944d7c9036cde7b4790dec9,f92c016b1f84a0fd3dfb301ca79ef2bceea77d38,True,True,2026-05-30T05:45:08Z
M1-MVTEC-V3-MULTISPLIT_rga_meta_router_test_seed45_7931bdf0,M1-MVTEC-V3-MULTISPLIT,MVTec 3D-AD,PatchCore supervised-paired,45,rga_meta_router,test,elara_master_c/predictions/v3_multisplit/M1-MVTEC-V3-MULTISPLIT__MVTec_3D-AD__PatchCore_supervised-paired/rga_meta_router/test/seed_45.parquet,646,7931bdf014c4660432572d03520c6eaae375deb37dbe4bc4e18ea5207a3b2bc5,4b3682c65ab2bed95cb449d7e3a2cb229f1ea81f3944d7c9036cde7b4790dec9,f92c016b1f84a0fd3dfb301ca79ef2bceea77d38,True,True,2026-05-30T05:45:08Z
M1-MVTEC-V3-MULTISPLIT_early_fusion_mlp_test_seed45_7e213f4e,M1-MVTEC-V3-MULTISPLIT,MVTec 3D-AD,PatchCore supervised-paired,45,early_fusion_mlp,test,elara_master_c/predictions/v3_multisplit/M1-MVTEC-V3-MULTISPLIT__MVTec_3D-AD__PatchCore_supervised-paired/early_fusion_mlp/test/seed_45.parquet,646,7e213f4ebfde2f7384ac1b707427543b9adac731cbc6e0665ec1f1e598666b1a,4b3682c65ab2bed95cb449d7e3a2cb229f1ea81f3944d7c9036cde7b4790dec9,f92c016b1f84a0fd3dfb301ca79ef2bceea77d38,True,True,2026-05-30T05:45:08Z
M1-MVTEC-V3-MULTISPLIT_late_fusion_ensemble_test_seed45_75ed0a18,M1-MVTEC-V3-MULTISPLIT,MVTec 3D-AD,PatchCore supervised-paired,45,late_fusion_ensemble,test,elara_master_c/predictions/v3_multisplit/M1-MVTEC-V3-MULTISPLIT__MVTec_3D-AD__PatchCore_supervised-paired/late_fusion_ensemble/test/seed_45.parquet,646,75ed0a181b77677c35e829cd46abbd8699125a0e7fc3b59c6bcd2de0d2cb7b46,4b3682c65ab2bed95cb449d7e3a2cb229f1ea81f3944d7c9036cde7b4790dec9,f92c016b1f84a0fd3dfb301ca79ef2bceea77d38,True,True,2026-05-30T05:45:08Z
M1-MVTEC-V3-MULTISPLIT_random_forest_test_seed45_c276459f,M1-MVTEC-V3-MULTISPLIT,MVTec 3D-AD,PatchCore supervised-paired,45,random_forest,test,elara_master_c/predictions/v3_multisplit/M1-MVTEC-V3-MULTISPLIT__MVTec_3D-AD__PatchCore_supervised-paired/random_forest/test/seed_45.parquet,646,c276459f1f228735ce73e42dafbdcb1ce1f93e15b05461deb08f3ba721271352,4b3682c65ab2bed95cb449d7e3a2cb229f1ea81f3944d7c9036cde7b4790dec9,f92c016b1f84a0fd3dfb301ca79ef2bceea77d38,True,True,2026-05-30T05:45:08Z
M1-MVTEC-V3-MULTISPLIT_confidence_weighted_mean_test_seed45_2e724b61,M1-MVTEC-V3-MULTISPLIT,MVTec 3D-AD,PatchCore supervised-paired,45,confidence_weighted_mean,test,elara_master_c/predictions/v3_multisplit/M1-MVTEC-V3-MULTISPLIT__MVTec_3D-AD__PatchCore_supervised-paired/confidence_weighted_mean/test/seed_45.parquet,646,2e724b618f17182d3b07d2228fc1e0b2e3d63cc5438e2c5af58ba99b0b53f0ae,4b3682c65ab2bed95cb449d7e3a2cb229f1ea81f3944d7c9036cde7b4790dec9,f92c016b1f84a0fd3dfb301ca79ef2bceea77d38,True,True,2026-05-30T05:45:09Z
M1-MVTEC-V3-MULTISPLIT_tent_score_adapter_test_seed45_60450cb9,M1-MVTEC-V3-MULTISPLIT,MVTec 3D-AD,PatchCore supervised-paired,45,tent_score_adapter,test,elara_master_c/predictions/v3_multisplit/M1-MVTEC-V3-MULTISPLIT__MVTec_3D-AD__PatchCore_supervised-paired/tent_score_adapter/test/seed_45.parquet,646,60450cb926f97ba00554a2689e16e1b5afff91930e906d565eead031b4026f07,4b3682c65ab2bed95cb449d7e3a2cb229f1ea81f3944d7c9036cde7b4790dec9,f92c016b1f84a0fd3dfb301ca79ef2bceea77d38,True,True,2026-05-30T05:45:09Z
M1-MVTEC-V3-MULTISPLIT_ttt_pseudo_label_adapter_test_seed45_7ed91010,M1-MVTEC-V3-MULTISPLIT,MVTec 3D-AD,PatchCore supervised-paired,45,ttt_pseudo_label_adapter,test,elara_master_c/predictions/v3_multisplit/M1-MVTEC-V3-MULTISPLIT__MVTec_3D-AD__PatchCore_supervised-paired/ttt_pseudo_label_adapter/test/seed_45.parquet,646,7ed9101021af5ecab0a16642bd9727e3b86780d831e760b84c95569cc33877e2,4b3682c65ab2bed95cb449d7e3a2cb229f1ea81f3944d7c9036cde7b4790dec9,f92c016b1f84a0fd3dfb301ca79ef2bceea77d38,True,True,2026-05-30T05:45:09Z
M1-MVTEC-V3-MULTISPLIT_eata_score_adapter_test_seed45_a225a775,M1-MVTEC-V3-MULTISPLIT,MVTec 3D-AD,PatchCore supervised-paired,45,eata_score_adapter,test,elara_master_c/predictions/v3_multisplit/M1-MVTEC-V3-MULTISPLIT__MVTec_3D-AD__PatchCore_supervised-paired/eata_score_adapter/test/seed_45.parquet,646,a225a7755e0a9d6eb69db8c916e770bd0a87ec1a506dddddc66c50897bdccb17,4b3682c65ab2bed95cb449d7e3a2cb229f1ea81f3944d7c9036cde7b4790dec9,f92c016b1f84a0fd3dfb301ca79ef2bceea77d38,True,True,2026-05-30T05:45:09Z
M1-MVTEC-V3-MULTISPLIT_sar_score_adapter_test_seed45_a8f8ed78,M1-MVTEC-V3-MULTISPLIT,MVTec 3D-AD,PatchCore supervised-paired,45,sar_score_adapter,test,elara_master_c/predictions/v3_multisplit/M1-MVTEC-V3-MULTISPLIT__MVTec_3D-AD__PatchCore_supervised-paired/sar_score_adapter/test/seed_45.parquet,646,a8f8ed78bbf5bfa5948dfde000bafeeac927f8c7c51af37ef4036da59408196a,4b3682c65ab2bed95cb449d7e3a2cb229f1ea81f3944d7c9036cde7b4790dec9,f92c016b1f84a0fd3dfb301ca79ef2bceea77d38,True,True,2026-05-30T05:45:09Z
M1-MVTEC-V3-MULTISPLIT_static_attention_test_seed46_5f92d9ec,M1-MVTEC-V3-MULTISPLIT,MVTec 3D-AD,PatchCore supervised-paired,46,static_attention,test,elara_master_c/predictions/v3_multisplit/M1-MVTEC-V3-MULTISPLIT__MVTec_3D-AD__PatchCore_supervised-paired/static_attention/test/seed_46.parquet,646,5f92d9ec9df8702f38a93b62d1e12e527d46115e4613f20ddd374f574c91e1b2,4b3682c65ab2bed95cb449d7e3a2cb229f1ea81f3944d7c9036cde7b4790dec9,f92c016b1f84a0fd3dfb301ca79ef2bceea77d38,True,True,2026-05-30T05:45:23Z
M1-MVTEC-V3-MULTISPLIT_craf_attention_test_seed46_320cb313,M1-MVTEC-V3-MULTISPLIT,MVTec 3D-AD,PatchCore supervised-paired,46,craf_attention,test,elara_master_c/predictions/v3_multisplit/M1-MVTEC-V3-MULTISPLIT__MVTec_3D-AD__PatchCore_supervised-paired/craf_attention/test/seed_46.parquet,646,320cb313bcfce35f243f1e62102f461edbfc89c038ba34e3134e76f51b695d11,4b3682c65ab2bed95cb449d7e3a2cb229f1ea81f3944d7c9036cde7b4790dec9,f92c016b1f84a0fd3dfb301ca79ef2bceea77d38,True,True,2026-05-30T05:45:23Z
M1-MVTEC-V3-MULTISPLIT_rga_boosted_fusion_test_seed46_1d658a92,M1-MVTEC-V3-MULTISPLIT,MVTec 3D-AD,PatchCore supervised-paired,46,rga_boosted_fusion,test,elara_master_c/predictions/v3_multisplit/M1-MVTEC-V3-MULTISPLIT__MVTec_3D-AD__PatchCore_supervised-paired/rga_boosted_fusion/test/seed_46.parquet,646,1d658a92e98316ea41756a88d3b84ab2842f85d6aa42546d76820382a885f85b,4b3682c65ab2bed95cb449d7e3a2cb229f1ea81f3944d7c9036cde7b4790dec9,f92c016b1f84a0fd3dfb301ca79ef2bceea77d38,True,True,2026-05-30T05:45:23Z
M1-MVTEC-V3-MULTISPLIT_rga_meta_router_test_seed46_8979b6a1,M1-MVTEC-V3-MULTISPLIT,MVTec 3D-AD,PatchCore supervised-paired,46,rga_meta_router,test,elara_master_c/predictions/v3_multisplit/M1-MVTEC-V3-MULTISPLIT__MVTec_3D-AD__PatchCore_supervised-paired/rga_meta_router/test/seed_46.parquet,646,8979b6a1c65c7fd6400ba9f3cd34640c106e11294604ca0fc94ed0fdac9c34fa,4b3682c65ab2bed95cb449d7e3a2cb229f1ea81f3944d7c9036cde7b4790dec9,f92c016b1f84a0fd3dfb301ca79ef2bceea77d38,True,True,2026-05-30T05:45:23Z
M1-MVTEC-V3-MULTISPLIT_early_fusion_mlp_test_seed46_d43f55c3,M1-MVTEC-V3-MULTISPLIT,MVTec 3D-AD,PatchCore supervised-paired,46,early_fusion_mlp,test,elara_master_c/predictions/v3_multisplit/M1-MVTEC-V3-MULTISPLIT__MVTec_3D-AD__PatchCore_supervised-paired/early_fusion_mlp/test/seed_46.parquet,646,d43f55c33c6d307cd5fc5fde16e9dbcc1810f9b3b1f6ef1e8ad6280029c7d9cb,4b3682c65ab2bed95cb449d7e3a2cb229f1ea81f3944d7c9036cde7b4790dec9,f92c016b1f84a0fd3dfb301ca79ef2bceea77d38,True,True,2026-05-30T05:45:23Z
M1-MVTEC-V3-MULTISPLIT_late_fusion_ensemble_test_seed46_64e76944,M1-MVTEC-V3-MULTISPLIT,MVTec 3D-AD,PatchCore supervised-paired,46,late_fusion_ensemble,test,elara_master_c/predictions/v3_multisplit/M1-MVTEC-V3-MULTISPLIT__MVTec_3D-AD__PatchCore_supervised-paired/late_fusion_ensemble/test/seed_46.parquet,646,64e76944aac2468f21ec3228b10b239cf4169120c6710e95e7021a3b91ac95ef,4b3682c65ab2bed95cb449d7e3a2cb229f1ea81f3944d7c9036cde7b4790dec9,f92c016b1f84a0fd3dfb301ca79ef2bceea77d38,True,True,2026-05-30T05:45:23Z
M1-MVTEC-V3-MULTISPLIT_random_forest_test_seed46_8a065fbf,M1-MVTEC-V3-MULTISPLIT,MVTec 3D-AD,PatchCore supervised-paired,46,random_forest,test,elara_master_c/predictions/v3_multisplit/M1-MVTEC-V3-MULTISPLIT__MVTec_3D-AD__PatchCore_supervised-paired/random_forest/test/seed_46.parquet,646,8a065fbf1ddc86ff1f7ffef581cc7fe835d79522f091e0e879007fa40843da01,4b3682c65ab2bed95cb449d7e3a2cb229f1ea81f3944d7c9036cde7b4790dec9,f92c016b1f84a0fd3dfb301ca79ef2bceea77d38,True,True,2026-05-30T05:45:23Z
M1-MVTEC-V3-MULTISPLIT_confidence_weighted_mean_test_seed46_1415c84f,M1-MVTEC-V3-MULTISPLIT,MVTec 3D-AD,PatchCore supervised-paired,46,confidence_weighted_mean,test,elara_master_c/predictions/v3_multisplit/M1-MVTEC-V3-MULTISPLIT__MVTec_3D-AD__PatchCore_supervised-paired/confidence_weighted_mean/test/seed_46.parquet,646,1415c84f537530847394658bce47564626810d1a2b613f409e01867e8a424214,4b3682c65ab2bed95cb449d7e3a2cb229f1ea81f3944d7c9036cde7b4790dec9,f92c016b1f84a0fd3dfb301ca79ef2bceea77d38,True,True,2026-05-30T05:45:23Z
M1-MVTEC-V3-MULTISPLIT_tent_score_adapter_test_seed46_63ea9213,M1-MVTEC-V3-MULTISPLIT,MVTec 3D-AD,PatchCore supervised-paired,46,tent_score_adapter,test,elara_master_c/predictions/v3_multisplit/M1-MVTEC-V3-MULTISPLIT__MVTec_3D-AD__PatchCore_supervised-paired/tent_score_adapter/test/seed_46.parquet,646,63ea9213b1da42ac3fdbab6d59c0923e38b2e3db28fc91aa100319d20c26d794,4b3682c65ab2bed95cb449d7e3a2cb229f1ea81f3944d7c9036cde7b4790dec9,f92c016b1f84a0fd3dfb301ca79ef2bceea77d38,True,True,2026-05-30T05:45:24Z
M1-MVTEC-V3-MULTISPLIT_ttt_pseudo_label_adapter_test_seed46_cdca010c,M1-MVTEC-V3-MULTISPLIT,MVTec 3D-AD,PatchCore supervised-paired,46,ttt_pseudo_label_adapter,test,elara_master_c/predictions/v3_multisplit/M1-MVTEC-V3-MULTISPLIT__MVTec_3D-AD__PatchCore_supervised-paired/ttt_pseudo_label_adapter/test/seed_46.parquet,646,cdca010c5efcb03319ef1053bbe08e8409dc102d002e7c5fb46aeb60b6116c15,4b3682c65ab2bed95cb449d7e3a2cb229f1ea81f3944d7c9036cde7b4790dec9,f92c016b1f84a0fd3dfb301ca79ef2bceea77d38,True,True,2026-05-30T05:45:24Z
M1-MVTEC-V3-MULTISPLIT_eata_score_adapter_test_seed46_c126188c,M1-MVTEC-V3-MULTISPLIT,MVTec 3D-AD,PatchCore supervised-paired,46,eata_score_adapter,test,elara_master_c/predictions/v3_multisplit/M1-MVTEC-V3-MULTISPLIT__MVTec_3D-AD__PatchCore_supervised-paired/eata_score_adapter/test/seed_46.parquet,646,c126188c2f64564be7a55f05fe60096616b8d391f548bc035532f19b28db9588,4b3682c65ab2bed95cb449d7e3a2cb229f1ea81f3944d7c9036cde7b4790dec9,f92c016b1f84a0fd3dfb301ca79ef2bceea77d38,True,True,2026-05-30T05:45:24Z
M1-MVTEC-V3-MULTISPLIT_sar_score_adapter_test_seed46_afd0ba66,M1-MVTEC-V3-MULTISPLIT,MVTec 3D-AD,PatchCore supervised-paired,46,sar_score_adapter,test,elara_master_c/predictions/v3_multisplit/M1-MVTEC-V3-MULTISPLIT__MVTec_3D-AD__PatchCore_supervised-paired/sar_score_adapter/test/seed_46.parquet,646,afd0ba66c64120ee5870be301243faba73a78053ec33c3319bff28dc6558e5cb,4b3682c65ab2bed95cb449d7e3a2cb229f1ea81f3944d7c9036cde7b4790dec9,f92c016b1f84a0fd3dfb301ca79ef2bceea77d38,True,True,2026-05-30T05:45:24Z
M1-MVTEC-V3-MULTISPLIT_static_attention_test_seed47_ae31c61e,M1-MVTEC-V3-MULTISPLIT,MVTec 3D-AD,PatchCore supervised-paired,47,static_attention,test,elara_master_c/predictions/v3_multisplit/M1-MVTEC-V3-MULTISPLIT__MVTec_3D-AD__PatchCore_supervised-paired/static_attention/test/seed_47.parquet,646,ae31c61e7ffa199bc97199b55577f1786a41b4c71a679e4471abdb12148338fe,4b3682c65ab2bed95cb449d7e3a2cb229f1ea81f3944d7c9036cde7b4790dec9,f92c016b1f84a0fd3dfb301ca79ef2bceea77d38,True,True,2026-05-30T05:45:38Z
M1-MVTEC-V3-MULTISPLIT_craf_attention_test_seed47_1e54885f,M1-MVTEC-V3-MULTISPLIT,MVTec 3D-AD,PatchCore supervised-paired,47,craf_attention,test,elara_master_c/predictions/v3_multisplit/M1-MVTEC-V3-MULTISPLIT__MVTec_3D-AD__PatchCore_supervised-paired/craf_attention/test/seed_47.parquet,646,1e54885fe258ee8a693fa63628da02f9024112d114363cc5c150772cc9341940,4b3682c65ab2bed95cb449d7e3a2cb229f1ea81f3944d7c9036cde7b4790dec9,f92c016b1f84a0fd3dfb301ca79ef2bceea77d38,True,True,2026-05-30T05:45:38Z
M1-MVTEC-V3-MULTISPLIT_rga_boosted_fusion_test_seed47_b1cf99c7,M1-MVTEC-V3-MULTISPLIT,MVTec 3D-AD,PatchCore supervised-paired,47,rga_boosted_fusion,test,elara_master_c/predictions/v3_multisplit/M1-MVTEC-V3-MULTISPLIT__MVTec_3D-AD__PatchCore_supervised-paired/rga_boosted_fusion/test/seed_47.parquet,646,b1cf99c764b20610f197aad9e844cd8d870bad13827e051954aec1ef6a40ed39,4b3682c65ab2bed95cb449d7e3a2cb229f1ea81f3944d7c9036cde7b4790dec9,f92c016b1f84a0fd3dfb301ca79ef2bceea77d38,True,True,2026-05-30T05:45:38Z
M1-MVTEC-V3-MULTISPLIT_rga_meta_router_test_seed47_81d68c43,M1-MVTEC-V3-MULTISPLIT,MVTec 3D-AD,PatchCore supervised-paired,47,rga_meta_router,test,elara_master_c/predictions/v3_multisplit/M1-MVTEC-V3-MULTISPLIT__MVTec_3D-AD__PatchCore_supervised-paired/rga_meta_router/test/seed_47.parquet,646,81d68c43b3e7dff3e9f15f5275041058f0ef336218b18d2134924315808d7d53,4b3682c65ab2bed95cb449d7e3a2cb229f1ea81f3944d7c9036cde7b4790dec9,f92c016b1f84a0fd3dfb301ca79ef2bceea77d38,True,True,2026-05-30T05:45:38Z
M1-MVTEC-V3-MULTISPLIT_early_fusion_mlp_test_seed47_ac2aaea4,M1-MVTEC-V3-MULTISPLIT,MVTec 3D-AD,PatchCore supervised-paired,47,early_fusion_mlp,test,elara_master_c/predictions/v3_multisplit/M1-MVTEC-V3-MULTISPLIT__MVTec_3D-AD__PatchCore_supervised-paired/early_fusion_mlp/test/seed_47.parquet,646,ac2aaea4b1ff2e623d151a3ccb6e2e5cb4f6f8032d4867f2bda7ee54c9a86b9b,4b3682c65ab2bed95cb449d7e3a2cb229f1ea81f3944d7c9036cde7b4790dec9,f92c016b1f84a0fd3dfb301ca79ef2bceea77d38,True,True,2026-05-30T05:45:38Z
M1-MVTEC-V3-MULTISPLIT_late_fusion_ensemble_test_seed47_0e409cb3,M1-MVTEC-V3-MULTISPLIT,MVTec 3D-AD,PatchCore supervised-paired,47,late_fusion_ensemble,test,elara_master_c/predictions/v3_multisplit/M1-MVTEC-V3-MULTISPLIT__MVTec_3D-AD__PatchCore_supervised-paired/late_fusion_ensemble/test/seed_47.parquet,646,0e409cb3beb17653061241e32dded817fa6709fa044a5a5f95e814ec47c75044,4b3682c65ab2bed95cb449d7e3a2cb229f1ea81f3944d7c9036cde7b4790dec9,f92c016b1f84a0fd3dfb301ca79ef2bceea77d38,True,True,2026-05-30T05:45:38Z
M1-MVTEC-V3-MULTISPLIT_random_forest_test_seed47_582afdca,M1-MVTEC-V3-MULTISPLIT,MVTec 3D-AD,PatchCore supervised-paired,47,random_forest,test,elara_master_c/predictions/v3_multisplit/M1-MVTEC-V3-MULTISPLIT__MVTec_3D-AD__PatchCore_supervised-paired/random_forest/test/seed_47.parquet,646,582afdcacf496e2ab4d5e5a9890e620fc38480f3710ac9ac5a75d0b50017915e,4b3682c65ab2bed95cb449d7e3a2cb229f1ea81f3944d7c9036cde7b4790dec9,f92c016b1f84a0fd3dfb301ca79ef2bceea77d38,True,True,2026-05-30T05:45:38Z
M1-MVTEC-V3-MULTISPLIT_confidence_weighted_mean_test_seed47_23566feb,M1-MVTEC-V3-MULTISPLIT,MVTec 3D-AD,PatchCore supervised-paired,47,confidence_weighted_mean,test,elara_master_c/predictions/v3_multisplit/M1-MVTEC-V3-MULTISPLIT__MVTec_3D-AD__PatchCore_supervised-paired/confidence_weighted_mean/test/seed_47.parquet,646,23566feb8a56d2050b8a5de0e6cc509268d9868fa680ace94decfea92e4141b9,4b3682c65ab2bed95cb449d7e3a2cb229f1ea81f3944d7c9036cde7b4790dec9,f92c016b1f84a0fd3dfb301ca79ef2bceea77d38,True,True,2026-05-30T05:45:38Z
M1-MVTEC-V3-MULTISPLIT_tent_score_adapter_test_seed47_a16ca106,M1-MVTEC-V3-MULTISPLIT,MVTec 3D-AD,PatchCore supervised-paired,47,tent_score_adapter,test,elara_master_c/predictions/v3_multisplit/M1-MVTEC-V3-MULTISPLIT__MVTec_3D-AD__PatchCore_supervised-paired/tent_score_adapter/test/seed_47.parquet,646,a16ca106e4b9adfdb8f6df08af3b5743d69506d7f49e0ebd9de41511da78f354,4b3682c65ab2bed95cb449d7e3a2cb229f1ea81f3944d7c9036cde7b4790dec9,f92c016b1f84a0fd3dfb301ca79ef2bceea77d38,True,True,2026-05-30T05:45:38Z
M1-MVTEC-V3-MULTISPLIT_ttt_pseudo_label_adapter_test_seed47_ab57c84a,M1-MVTEC-V3-MULTISPLIT,MVTec 3D-AD,PatchCore supervised-paired,47,ttt_pseudo_label_adapter,test,elara_master_c/predictions/v3_multisplit/M1-MVTEC-V3-MULTISPLIT__MVTec_3D-AD__PatchCore_supervised-paired/ttt_pseudo_label_adapter/test/seed_47.parquet,646,ab57c84af68467d5dac6cb41fd8c7f2f7c7b48f01a43e2ad1c74a93213929166,4b3682c65ab2bed95cb449d7e3a2cb229f1ea81f3944d7c9036cde7b4790dec9,f92c016b1f84a0fd3dfb301ca79ef2bceea77d38,True,True,2026-05-30T05:45:38Z
M1-MVTEC-V3-MULTISPLIT_eata_score_adapter_test_seed47_cfccee58,M1-MVTEC-V3-MULTISPLIT,MVTec 3D-AD,PatchCore supervised-paired,47,eata_score_adapter,test,elara_master_c/predictions/v3_multisplit/M1-MVTEC-V3-MULTISPLIT__MVTec_3D-AD__PatchCore_supervised-paired/eata_score_adapter/test/seed_47.parquet,646,cfccee58a293c15bd24eb5066e5f6161496e2e40d50ce68be4894bafcfb84cae,4b3682c65ab2bed95cb449d7e3a2cb229f1ea81f3944d7c9036cde7b4790dec9,f92c016b1f84a0fd3dfb301ca79ef2bceea77d38,True,True,2026-05-30T05:45:38Z
M1-MVTEC-V3-MULTISPLIT_sar_score_adapter_test_seed47_eaf49037,M1-MVTEC-V3-MULTISPLIT,MVTec 3D-AD,PatchCore supervised-paired,47,sar_score_adapter,test,elara_master_c/predictions/v3_multisplit/M1-MVTEC-V3-MULTISPLIT__MVTec_3D-AD__PatchCore_supervised-paired/sar_score_adapter/test/seed_47.parquet,646,eaf490372c1778c46c7c19f237a4a69a524d83b189cf417cc3dbb62bf699a487,4b3682c65ab2bed95cb449d7e3a2cb229f1ea81f3944d7c9036cde7b4790dec9,f92c016b1f84a0fd3dfb301ca79ef2bceea77d38,True,True,2026-05-30T05:45:38Z
M1-MVTEC-V3-MULTISPLIT_static_attention_test_seed48_44485e7b,M1-MVTEC-V3-MULTISPLIT,MVTec 3D-AD,PatchCore supervised-paired,48,static_attention,test,elara_master_c/predictions/v3_multisplit/M1-MVTEC-V3-MULTISPLIT__MVTec_3D-AD__PatchCore_supervised-paired/static_attention/test/seed_48.parquet,646,44485e7bd1d2abefcca3433620339326340836ba191e7909eb2da46252d9e306,4b3682c65ab2bed95cb449d7e3a2cb229f1ea81f3944d7c9036cde7b4790dec9,f92c016b1f84a0fd3dfb301ca79ef2bceea77d38,True,True,2026-05-30T05:45:52Z
M1-MVTEC-V3-MULTISPLIT_craf_attention_test_seed48_20de41db,M1-MVTEC-V3-MULTISPLIT,MVTec 3D-AD,PatchCore supervised-paired,48,craf_attention,test,elara_master_c/predictions/v3_multisplit/M1-MVTEC-V3-MULTISPLIT__MVTec_3D-AD__PatchCore_supervised-paired/craf_attention/test/seed_48.parquet,646,20de41db785a42529ab25c59c49bdafc20aed57610654c53a775f135e3e26752,4b3682c65ab2bed95cb449d7e3a2cb229f1ea81f3944d7c9036cde7b4790dec9,f92c016b1f84a0fd3dfb301ca79ef2bceea77d38,True,True,2026-05-30T05:45:52Z
M1-MVTEC-V3-MULTISPLIT_rga_boosted_fusion_test_seed48_853375a1,M1-MVTEC-V3-MULTISPLIT,MVTec 3D-AD,PatchCore supervised-paired,48,rga_boosted_fusion,test,elara_master_c/predictions/v3_multisplit/M1-MVTEC-V3-MULTISPLIT__MVTec_3D-AD__PatchCore_supervised-paired/rga_boosted_fusion/test/seed_48.parquet,646,853375a1ae28ac8cc7e0f8f289577a142ddb0276dfc2ac3407b5233a88b6f9fb,4b3682c65ab2bed95cb449d7e3a2cb229f1ea81f3944d7c9036cde7b4790dec9,f92c016b1f84a0fd3dfb301ca79ef2bceea77d38,True,True,2026-05-30T05:45:52Z
M1-MVTEC-V3-MULTISPLIT_rga_meta_router_test_seed48_100077ab,M1-MVTEC-V3-MULTISPLIT,MVTec 3D-AD,PatchCore supervised-paired,48,rga_meta_router,test,elara_master_c/predictions/v3_multisplit/M1-MVTEC-V3-MULTISPLIT__MVTec_3D-AD__PatchCore_supervised-paired/rga_meta_router/test/seed_48.parquet,646,100077ab1096dea66ba0258227217b85df8e98c2f65b79adeb2614e75af78644,4b3682c65ab2bed95cb449d7e3a2cb229f1ea81f3944d7c9036cde7b4790dec9,f92c016b1f84a0fd3dfb301ca79ef2bceea77d38,True,True,2026-05-30T05:45:52Z
M1-MVTEC-V3-MULTISPLIT_early_fusion_mlp_test_seed48_027fd9a9,M1-MVTEC-V3-MULTISPLIT,MVTec 3D-AD,PatchCore supervised-paired,48,early_fusion_mlp,test,elara_master_c/predictions/v3_multisplit/M1-MVTEC-V3-MULTISPLIT__MVTec_3D-AD__PatchCore_supervised-paired/early_fusion_mlp/test/seed_48.parquet,646,027fd9a9ef50928002009c2f9bb33e92f0a303a1133a2e38bf083f86f73ec686,4b3682c65ab2bed95cb449d7e3a2cb229f1ea81f3944d7c9036cde7b4790dec9,f92c016b1f84a0fd3dfb301ca79ef2bceea77d38,True,True,2026-05-30T05:45:53Z
M1-MVTEC-V3-MULTISPLIT_late_fusion_ensemble_test_seed48_fe4b7cc0,M1-MVTEC-V3-MULTISPLIT,MVTec 3D-AD,PatchCore supervised-paired,48,late_fusion_ensemble,test,elara_master_c/predictions/v3_multisplit/M1-MVTEC-V3-MULTISPLIT__MVTec_3D-AD__PatchCore_supervised-paired/late_fusion_ensemble/test/seed_48.parquet,646,fe4b7cc0e2a006d76a481d7310324517b90c549e96368ee47721497998e8f29b,4b3682c65ab2bed95cb449d7e3a2cb229f1ea81f3944d7c9036cde7b4790dec9,f92c016b1f84a0fd3dfb301ca79ef2bceea77d38,True,True,2026-05-30T05:45:53Z
M1-MVTEC-V3-MULTISPLIT_random_forest_test_seed48_49d7593d,M1-MVTEC-V3-MULTISPLIT,MVTec 3D-AD,PatchCore supervised-paired,48,random_forest,test,elara_master_c/predictions/v3_multisplit/M1-MVTEC-V3-MULTISPLIT__MVTec_3D-AD__PatchCore_supervised-paired/random_forest/test/seed_48.parquet,646,49d7593d9f47143f160715576f90f582a3662577584b6be717df7cafe0257fd3,4b3682c65ab2bed95cb449d7e3a2cb229f1ea81f3944d7c9036cde7b4790dec9,f92c016b1f84a0fd3dfb301ca79ef2bceea77d38,True,True,2026-05-30T05:45:53Z
M1-MVTEC-V3-MULTISPLIT_confidence_weighted_mean_test_seed48_6eefa99f,M1-MVTEC-V3-MULTISPLIT,MVTec 3D-AD,PatchCore supervised-paired,48,confidence_weighted_mean,test,elara_master_c/predictions/v3_multisplit/M1-MVTEC-V3-MULTISPLIT__MVTec_3D-AD__PatchCore_supervised-paired/confidence_weighted_mean/test/seed_48.parquet,646,6eefa99f14f0ac0034588b32f667fb576b1e98cb99d82624a99c5ba601ab0192,4b3682c65ab2bed95cb449d7e3a2cb229f1ea81f3944d7c9036cde7b4790dec9,f92c016b1f84a0fd3dfb301ca79ef2bceea77d38,True,True,2026-05-30T05:45:53Z
M1-MVTEC-V3-MULTISPLIT_tent_score_adapter_test_seed48_82969164,M1-MVTEC-V3-MULTISPLIT,MVTec 3D-AD,PatchCore supervised-paired,48,tent_score_adapter,test,elara_master_c/predictions/v3_multisplit/M1-MVTEC-V3-MULTISPLIT__MVTec_3D-AD__PatchCore_supervised-paired/tent_score_adapter/test/seed_48.parquet,646,82969164d99a3ad966a3bd090b4cceadade1850a520fe3c45fdbdfe759a72c69,4b3682c65ab2bed95cb449d7e3a2cb229f1ea81f3944d7c9036cde7b4790dec9,f92c016b1f84a0fd3dfb301ca79ef2bceea77d38,True,True,2026-05-30T05:45:53Z
M1-MVTEC-V3-MULTISPLIT_ttt_pseudo_label_adapter_test_seed48_ac297042,M1-MVTEC-V3-MULTISPLIT,MVTec 3D-AD,PatchCore supervised-paired,48,ttt_pseudo_label_adapter,test,elara_master_c/predictions/v3_multisplit/M1-MVTEC-V3-MULTISPLIT__MVTec_3D-AD__PatchCore_supervised-paired/ttt_pseudo_label_adapter/test/seed_48.parquet,646,ac297042800277a2a21e31ab5c70f9dba220e328bff223451e3f7f89aac1e393,4b3682c65ab2bed95cb449d7e3a2cb229f1ea81f3944d7c9036cde7b4790dec9,f92c016b1f84a0fd3dfb301ca79ef2bceea77d38,True,True,2026-05-30T05:45:53Z
M1-MVTEC-V3-MULTISPLIT_eata_score_adapter_test_seed48_e6b9c03f,M1-MVTEC-V3-MULTISPLIT,MVTec 3D-AD,PatchCore supervised-paired,48,eata_score_adapter,test,elara_master_c/predictions/v3_multisplit/M1-MVTEC-V3-MULTISPLIT__MVTec_3D-AD__PatchCore_supervised-paired/eata_score_adapter/test/seed_48.parquet,646,e6b9c03f7997511b62140e1abc11daa3e18172c2d0954036bda5fb1b6101444c,4b3682c65ab2bed95cb449d7e3a2cb229f1ea81f3944d7c9036cde7b4790dec9,f92c016b1f84a0fd3dfb301ca79ef2bceea77d38,True,True,2026-05-30T05:45:53Z
M1-MVTEC-V3-MULTISPLIT_sar_score_adapter_test_seed48_6a7e36f2,M1-MVTEC-V3-MULTISPLIT,MVTec 3D-AD,PatchCore supervised-paired,48,sar_score_adapter,test,elara_master_c/predictions/v3_multisplit/M1-MVTEC-V3-MULTISPLIT__MVTec_3D-AD__PatchCore_supervised-paired/sar_score_adapter/test/seed_48.parquet,646,6a7e36f217d34bd9d98e9e5dfa544908a32e01b025c4c914f5a1b55dde072f96,4b3682c65ab2bed95cb449d7e3a2cb229f1ea81f3944d7c9036cde7b4790dec9,f92c016b1f84a0fd3dfb301ca79ef2bceea77d38,True,True,2026-05-30T05:45:53Z
M1-MVTEC-V3-MULTISPLIT_static_attention_test_seed49_8249447a,M1-MVTEC-V3-MULTISPLIT,MVTec 3D-AD,PatchCore supervised-paired,49,static_attention,test,elara_master_c/predictions/v3_multisplit/M1-MVTEC-V3-MULTISPLIT__MVTec_3D-AD__PatchCore_supervised-paired/static_attention/test/seed_49.parquet,646,8249447aba2970ef37cd22d4471ba66b8821dd9d7bcca75e10d41e7935b7a39e,4b3682c65ab2bed95cb449d7e3a2cb229f1ea81f3944d7c9036cde7b4790dec9,f92c016b1f84a0fd3dfb301ca79ef2bceea77d38,True,True,2026-05-30T05:46:07Z
M1-MVTEC-V3-MULTISPLIT_craf_attention_test_seed49_a199f398,M1-MVTEC-V3-MULTISPLIT,MVTec 3D-AD,PatchCore supervised-paired,49,craf_attention,test,elara_master_c/predictions/v3_multisplit/M1-MVTEC-V3-MULTISPLIT__MVTec_3D-AD__PatchCore_supervised-paired/craf_attention/test/seed_49.parquet,646,a199f39839d2bfa7db79288ced7a3d0cade15bbb3e104361eb831d8a67442924,4b3682c65ab2bed95cb449d7e3a2cb229f1ea81f3944d7c9036cde7b4790dec9,f92c016b1f84a0fd3dfb301ca79ef2bceea77d38,True,True,2026-05-30T05:46:07Z
M1-MVTEC-V3-MULTISPLIT_rga_boosted_fusion_test_seed49_80d74bf9,M1-MVTEC-V3-MULTISPLIT,MVTec 3D-AD,PatchCore supervised-paired,49,rga_boosted_fusion,test,elara_master_c/predictions/v3_multisplit/M1-MVTEC-V3-MULTISPLIT__MVTec_3D-AD__PatchCore_supervised-paired/rga_boosted_fusion/test/seed_49.parquet,646,80d74bf973c51b3eabfae8f3c04b945e0de73a2f47d31b066225b7c60f7e193e,4b3682c65ab2bed95cb449d7e3a2cb229f1ea81f3944d7c9036cde7b4790dec9,f92c016b1f84a0fd3dfb301ca79ef2bceea77d38,True,True,2026-05-30T05:46:07Z
M1-MVTEC-V3-MULTISPLIT_rga_meta_router_test_seed49_a87b0525,M1-MVTEC-V3-MULTISPLIT,MVTec 3D-AD,PatchCore supervised-paired,49,rga_meta_router,test,elara_master_c/predictions/v3_multisplit/M1-MVTEC-V3-MULTISPLIT__MVTec_3D-AD__PatchCore_supervised-paired/rga_meta_router/test/seed_49.parquet,646,a87b0525b244f34a62154bf60b4b9b797bd8f33a0a34b74d1a6f886ed9667e1e,4b3682c65ab2bed95cb449d7e3a2cb229f1ea81f3944d7c9036cde7b4790dec9,f92c016b1f84a0fd3dfb301ca79ef2bceea77d38,True,True,2026-05-30T05:46:07Z
M1-MVTEC-V3-MULTISPLIT_early_fusion_mlp_test_seed49_4e62f484,M1-MVTEC-V3-MULTISPLIT,MVTec 3D-AD,PatchCore supervised-paired,49,early_fusion_mlp,test,elara_master_c/predictions/v3_multisplit/M1-MVTEC-V3-MULTISPLIT__MVTec_3D-AD__PatchCore_supervised-paired/early_fusion_mlp/test/seed_49.parquet,646,4e62f48496a48505b6883ce53179010e6ebc465b3878a4bd81ebdd167398c7e5,4b3682c65ab2bed95cb449d7e3a2cb229f1ea81f3944d7c9036cde7b4790dec9,f92c016b1f84a0fd3dfb301ca79ef2bceea77d38,True,True,2026-05-30T05:46:08Z
M1-MVTEC-V3-MULTISPLIT_late_fusion_ensemble_test_seed49_e62201bc,M1-MVTEC-V3-MULTISPLIT,MVTec 3D-AD,PatchCore supervised-paired,49,late_fusion_ensemble,test,elara_master_c/predictions/v3_multisplit/M1-MVTEC-V3-MULTISPLIT__MVTec_3D-AD__PatchCore_supervised-paired/late_fusion_ensemble/test/seed_49.parquet,646,e62201bc6cd56adc34b79affdeb2055aa5bc11f66ca2161ddf3b082bd514f13c,4b3682c65ab2bed95cb449d7e3a2cb229f1ea81f3944d7c9036cde7b4790dec9,f92c016b1f84a0fd3dfb301ca79ef2bceea77d38,True,True,2026-05-30T05:46:08Z
M1-MVTEC-V3-MULTISPLIT_random_forest_test_seed49_859d0132,M1-MVTEC-V3-MULTISPLIT,MVTec 3D-AD,PatchCore supervised-paired,49,random_forest,test,elara_master_c/predictions/v3_multisplit/M1-MVTEC-V3-MULTISPLIT__MVTec_3D-AD__PatchCore_supervised-paired/random_forest/test/seed_49.parquet,646,859d0132d573d81448faf456ff55f6107682fcee19ef9fd2615efaa7a8ca6250,4b3682c65ab2bed95cb449d7e3a2cb229f1ea81f3944d7c9036cde7b4790dec9,f92c016b1f84a0fd3dfb301ca79ef2bceea77d38,True,True,2026-05-30T05:46:08Z
M1-MVTEC-V3-MULTISPLIT_confidence_weighted_mean_test_seed49_ff63d727,M1-MVTEC-V3-MULTISPLIT,MVTec 3D-AD,PatchCore supervised-paired,49,confidence_weighted_mean,test,elara_master_c/predictions/v3_multisplit/M1-MVTEC-V3-MULTISPLIT__MVTec_3D-AD__PatchCore_supervised-paired/confidence_weighted_mean/test/seed_49.parquet,646,ff63d727cc4f1fdc8c29cb2e909c0b83458885cbd9a5eb86f97ad065f9ae12de,4b3682c65ab2bed95cb449d7e3a2cb229f1ea81f3944d7c9036cde7b4790dec9,f92c016b1f84a0fd3dfb301ca79ef2bceea77d38,True,True,2026-05-30T05:46:08Z
M1-MVTEC-V3-MULTISPLIT_tent_score_adapter_test_seed49_170e76ce,M1-MVTEC-V3-MULTISPLIT,MVTec 3D-AD,PatchCore supervised-paired,49,tent_score_adapter,test,elara_master_c/predictions/v3_multisplit/M1-MVTEC-V3-MULTISPLIT__MVTec_3D-AD__PatchCore_supervised-paired/tent_score_adapter/test/seed_49.parquet,646,170e76ceef10d576c018b3e99e0e13d7e6db918864c5ccd31f24d1a86d6e2755,4b3682c65ab2bed95cb449d7e3a2cb229f1ea81f3944d7c9036cde7b4790dec9,f92c016b1f84a0fd3dfb301ca79ef2bceea77d38,True,True,2026-05-30T05:46:08Z
M1-MVTEC-V3-MULTISPLIT_ttt_pseudo_label_adapter_test_seed49_82fdb4f1,M1-MVTEC-V3-MULTISPLIT,MVTec 3D-AD,PatchCore supervised-paired,49,ttt_pseudo_label_adapter,test,elara_master_c/predictions/v3_multisplit/M1-MVTEC-V3-MULTISPLIT__MVTec_3D-AD__PatchCore_supervised-paired/ttt_pseudo_label_adapter/test/seed_49.parquet,646,82fdb4f199c5e70010e8be23ea03823da612b4a41cd30989046a7b666d801109,4b3682c65ab2bed95cb449d7e3a2cb229f1ea81f3944d7c9036cde7b4790dec9,f92c016b1f84a0fd3dfb301ca79ef2bceea77d38,True,True,2026-05-30T05:46:08Z
M1-MVTEC-V3-MULTISPLIT_eata_score_adapter_test_seed49_a3a76996,M1-MVTEC-V3-MULTISPLIT,MVTec 3D-AD,PatchCore supervised-paired,49,eata_score_adapter,test,elara_master_c/predictions/v3_multisplit/M1-MVTEC-V3-MULTISPLIT__MVTec_3D-AD__PatchCore_supervised-paired/eata_score_adapter/test/seed_49.parquet,646,a3a769961a9361171237d412c1766dedcd721ee9447970a7fb53bb7db22e26e9,4b3682c65ab2bed95cb449d7e3a2cb229f1ea81f3944d7c9036cde7b4790dec9,f92c016b1f84a0fd3dfb301ca79ef2bceea77d38,True,True,2026-05-30T05:46:08Z
M1-MVTEC-V3-MULTISPLIT_sar_score_adapter_test_seed49_a2b4f2b9,M1-MVTEC-V3-MULTISPLIT,MVTec 3D-AD,PatchCore supervised-paired,49,sar_score_adapter,test,elara_master_c/predictions/v3_multisplit/M1-MVTEC-V3-MULTISPLIT__MVTec_3D-AD__PatchCore_supervised-paired/sar_score_adapter/test/seed_49.parquet,646,a2b4f2b948af3649c53db788b6daeb6dc462d69cbfbd7bd687ed2042c8d0ecf7,4b3682c65ab2bed95cb449d7e3a2cb229f1ea81f3944d7c9036cde7b4790dec9,f92c016b1f84a0fd3dfb301ca79ef2bceea77d38,True,True,2026-05-30T05:46:08Z
M1-MVTEC-V3-MULTISPLIT_static_attention_test_seed50_643a6d4b,M1-MVTEC-V3-MULTISPLIT,MVTec 3D-AD,PatchCore supervised-paired,50,static_attention,test,elara_master_c/predictions/v3_multisplit/M1-MVTEC-V3-MULTISPLIT__MVTec_3D-AD__PatchCore_supervised-paired/static_attention/test/seed_50.parquet,646,643a6d4b85c298d2993e48073dc1470d010777d750bfb11cb40fa8de63982a27,4b3682c65ab2bed95cb449d7e3a2cb229f1ea81f3944d7c9036cde7b4790dec9,f92c016b1f84a0fd3dfb301ca79ef2bceea77d38,True,True,2026-05-30T05:46:23Z
M1-MVTEC-V3-MULTISPLIT_craf_attention_test_seed50_f4c721cf,M1-MVTEC-V3-MULTISPLIT,MVTec 3D-AD,PatchCore supervised-paired,50,craf_attention,test,elara_master_c/predictions/v3_multisplit/M1-MVTEC-V3-MULTISPLIT__MVTec_3D-AD__PatchCore_supervised-paired/craf_attention/test/seed_50.parquet,646,f4c721cf22559c1d28727504808dc4510709435b1bd2f1ae7bbb3fe721d4a0b9,4b3682c65ab2bed95cb449d7e3a2cb229f1ea81f3944d7c9036cde7b4790dec9,f92c016b1f84a0fd3dfb301ca79ef2bceea77d38,True,True,2026-05-30T05:46:23Z
M1-MVTEC-V3-MULTISPLIT_rga_boosted_fusion_test_seed50_7c1a2121,M1-MVTEC-V3-MULTISPLIT,MVTec 3D-AD,PatchCore supervised-paired,50,rga_boosted_fusion,test,elara_master_c/predictions/v3_multisplit/M1-MVTEC-V3-MULTISPLIT__MVTec_3D-AD__PatchCore_supervised-paired/rga_boosted_fusion/test/seed_50.parquet,646,7c1a2121a73b678a6d420f4563d6d0b1191e3b83e3bb703e30f9c63161273649,4b3682c65ab2bed95cb449d7e3a2cb229f1ea81f3944d7c9036cde7b4790dec9,f92c016b1f84a0fd3dfb301ca79ef2bceea77d38,True,True,2026-05-30T05:46:23Z
M1-MVTEC-V3-MULTISPLIT_rga_meta_router_test_seed50_f7140cbc,M1-MVTEC-V3-MULTISPLIT,MVTec 3D-AD,PatchCore supervised-paired,50,rga_meta_router,test,elara_master_c/predictions/v3_multisplit/M1-MVTEC-V3-MULTISPLIT__MVTec_3D-AD__PatchCore_supervised-paired/rga_meta_router/test/seed_50.parquet,646,f7140cbceca52c0abce40d0d10781fa50e90b19ad4580ad232f67c76e1d74ba6,4b3682c65ab2bed95cb449d7e3a2cb229f1ea81f3944d7c9036cde7b4790dec9,f92c016b1f84a0fd3dfb301ca79ef2bceea77d38,True,True,2026-05-30T05:46:23Z
M1-MVTEC-V3-MULTISPLIT_early_fusion_mlp_test_seed50_02a40996,M1-MVTEC-V3-MULTISPLIT,MVTec 3D-AD,PatchCore supervised-paired,50,early_fusion_mlp,test,elara_master_c/predictions/v3_multisplit/M1-MVTEC-V3-MULTISPLIT__MVTec_3D-AD__PatchCore_supervised-paired/early_fusion_mlp/test/seed_50.parquet,646,02a409964ba4248071668c74a0e7718226419e3ee148086e22588b0255f770de,4b3682c65ab2bed95cb449d7e3a2cb229f1ea81f3944d7c9036cde7b4790dec9,f92c016b1f84a0fd3dfb301ca79ef2bceea77d38,True,True,2026-05-30T05:46:23Z
M1-MVTEC-V3-MULTISPLIT_late_fusion_ensemble_test_seed50_a71fef29,M1-MVTEC-V3-MULTISPLIT,MVTec 3D-AD,PatchCore supervised-paired,50,late_fusion_ensemble,test,elara_master_c/predictions/v3_multisplit/M1-MVTEC-V3-MULTISPLIT__MVTec_3D-AD__PatchCore_supervised-paired/late_fusion_ensemble/test/seed_50.parquet,646,a71fef29a98ee16782b9ab43cbfd1cd8afa4a9b1431825359b6bb80e8a32edc6,4b3682c65ab2bed95cb449d7e3a2cb229f1ea81f3944d7c9036cde7b4790dec9,f92c016b1f84a0fd3dfb301ca79ef2bceea77d38,True,True,2026-05-30T05:46:23Z
M1-MVTEC-V3-MULTISPLIT_random_forest_test_seed50_4aa64ed9,M1-MVTEC-V3-MULTISPLIT,MVTec 3D-AD,PatchCore supervised-paired,50,random_forest,test,elara_master_c/predictions/v3_multisplit/M1-MVTEC-V3-MULTISPLIT__MVTec_3D-AD__PatchCore_supervised-paired/random_forest/test/seed_50.parquet,646,4aa64ed943b9008ff389d0910064354290a455c9a8512c6a287b0f811f7d25df,4b3682c65ab2bed95cb449d7e3a2cb229f1ea81f3944d7c9036cde7b4790dec9,f92c016b1f84a0fd3dfb301ca79ef2bceea77d38,True,True,2026-05-30T05:46:23Z
M1-MVTEC-V3-MULTISPLIT_confidence_weighted_mean_test_seed50_0e27bffc,M1-MVTEC-V3-MULTISPLIT,MVTec 3D-AD,PatchCore supervised-paired,50,confidence_weighted_mean,test,elara_master_c/predictions/v3_multisplit/M1-MVTEC-V3-MULTISPLIT__MVTec_3D-AD__PatchCore_supervised-paired/confidence_weighted_mean/test/seed_50.parquet,646,0e27bffc8f6b44f23958be7934a16e2a9ca0557742e41ebf35080958d20051e7,4b3682c65ab2bed95cb449d7e3a2cb229f1ea81f3944d7c9036cde7b4790dec9,f92c016b1f84a0fd3dfb301ca79ef2bceea77d38,True,True,2026-05-30T05:46:23Z
M1-MVTEC-V3-MULTISPLIT_tent_score_adapter_test_seed50_9466d970,M1-MVTEC-V3-MULTISPLIT,MVTec 3D-AD,PatchCore supervised-paired,50,tent_score_adapter,test,elara_master_c/predictions/v3_multisplit/M1-MVTEC-V3-MULTISPLIT__MVTec_3D-AD__PatchCore_supervised-paired/tent_score_adapter/test/seed_50.parquet,646,9466d97010070c6be6c59edbaf7a0bd33bf3992058d95713f1a9f234be59a74f,4b3682c65ab2bed95cb449d7e3a2cb229f1ea81f3944d7c9036cde7b4790dec9,f92c016b1f84a0fd3dfb301ca79ef2bceea77d38,True,True,2026-05-30T05:46:23Z
M1-MVTEC-V3-MULTISPLIT_ttt_pseudo_label_adapter_test_seed50_b87ffee2,M1-MVTEC-V3-MULTISPLIT,MVTec 3D-AD,PatchCore supervised-paired,50,ttt_pseudo_label_adapter,test,elara_master_c/predictions/v3_multisplit/M1-MVTEC-V3-MULTISPLIT__MVTec_3D-AD__PatchCore_supervised-paired/ttt_pseudo_label_adapter/test/seed_50.parquet,646,b87ffee21ec34d2ca0489b905b5de943625a251f4fc73b44013e95aa77fc6434,4b3682c65ab2bed95cb449d7e3a2cb229f1ea81f3944d7c9036cde7b4790dec9,f92c016b1f84a0fd3dfb301ca79ef2bceea77d38,True,True,2026-05-30T05:46:24Z
M1-MVTEC-V3-MULTISPLIT_eata_score_adapter_test_seed50_cddab767,M1-MVTEC-V3-MULTISPLIT,MVTec 3D-AD,PatchCore supervised-paired,50,eata_score_adapter,test,elara_master_c/predictions/v3_multisplit/M1-MVTEC-V3-MULTISPLIT__MVTec_3D-AD__PatchCore_supervised-paired/eata_score_adapter/test/seed_50.parquet,646,cddab7671d15a2d2ad8694a04ee80b01df9043a161b9461836ae6fe8d0937f78,4b3682c65ab2bed95cb449d7e3a2cb229f1ea81f3944d7c9036cde7b4790dec9,f92c016b1f84a0fd3dfb301ca79ef2bceea77d38,True,True,2026-05-30T05:46:24Z
M1-MVTEC-V3-MULTISPLIT_sar_score_adapter_test_seed50_be73ea7e,M1-MVTEC-V3-MULTISPLIT,MVTec 3D-AD,PatchCore supervised-paired,50,sar_score_adapter,test,elara_master_c/predictions/v3_multisplit/M1-MVTEC-V3-MULTISPLIT__MVTec_3D-AD__PatchCore_supervised-paired/sar_score_adapter/test/seed_50.parquet,646,be73ea7eb9bb6da792a4ef741422ed4019e34d5fd4f0007343499d6bcb6c07c1,4b3682c65ab2bed95cb449d7e3a2cb229f1ea81f3944d7c9036cde7b4790dec9,f92c016b1f84a0fd3dfb301ca79ef2bceea77d38,True,True,2026-05-30T05:46:24Z
M1-MVTEC-V3-MULTISPLIT_static_attention_test_seed51_aef233a3,M1-MVTEC-V3-MULTISPLIT,MVTec 3D-AD,PatchCore supervised-paired,51,static_attention,test,elara_master_c/predictions/v3_multisplit/M1-MVTEC-V3-MULTISPLIT__MVTec_3D-AD__PatchCore_supervised-paired/static_attention/test/seed_51.parquet,646,aef233a3c24d21bdc12d49f3fe50b219385af8b17edf9aff6b79dfbff39e1997,4b3682c65ab2bed95cb449d7e3a2cb229f1ea81f3944d7c9036cde7b4790dec9,f92c016b1f84a0fd3dfb301ca79ef2bceea77d38,True,True,2026-05-30T05:46:38Z
M1-MVTEC-V3-MULTISPLIT_craf_attention_test_seed51_ee977243,M1-MVTEC-V3-MULTISPLIT,MVTec 3D-AD,PatchCore supervised-paired,51,craf_attention,test,elara_master_c/predictions/v3_multisplit/M1-MVTEC-V3-MULTISPLIT__MVTec_3D-AD__PatchCore_supervised-paired/craf_attention/test/seed_51.parquet,646,ee9772436a474f32d00f91ee3e1f75f46169724b05cbabf3a669cca9c181641d,4b3682c65ab2bed95cb449d7e3a2cb229f1ea81f3944d7c9036cde7b4790dec9,f92c016b1f84a0fd3dfb301ca79ef2bceea77d38,True,True,2026-05-30T05:46:38Z
M1-MVTEC-V3-MULTISPLIT_rga_boosted_fusion_test_seed51_ab7b68f6,M1-MVTEC-V3-MULTISPLIT,MVTec 3D-AD,PatchCore supervised-paired,51,rga_boosted_fusion,test,elara_master_c/predictions/v3_multisplit/M1-MVTEC-V3-MULTISPLIT__MVTec_3D-AD__PatchCore_supervised-paired/rga_boosted_fusion/test/seed_51.parquet,646,ab7b68f686eb2b80cfd40172f92352b5ca43ca07573c4c84265696338249d980,4b3682c65ab2bed95cb449d7e3a2cb229f1ea81f3944d7c9036cde7b4790dec9,f92c016b1f84a0fd3dfb301ca79ef2bceea77d38,True,True,2026-05-30T05:46:38Z
M1-MVTEC-V3-MULTISPLIT_rga_meta_router_test_seed51_834fd4e9,M1-MVTEC-V3-MULTISPLIT,MVTec 3D-AD,PatchCore supervised-paired,51,rga_meta_router,test,elara_master_c/predictions/v3_multisplit/M1-MVTEC-V3-MULTISPLIT__MVTec_3D-AD__PatchCore_supervised-paired/rga_meta_router/test/seed_51.parquet,646,834fd4e953056529d3d8f06193cff773d1e4bbfd56367ea0f7e340111804afa2,4b3682c65ab2bed95cb449d7e3a2cb229f1ea81f3944d7c9036cde7b4790dec9,f92c016b1f84a0fd3dfb301ca79ef2bceea77d38,True,True,2026-05-30T05:46:38Z
M1-MVTEC-V3-MULTISPLIT_early_fusion_mlp_test_seed51_dcc6c92b,M1-MVTEC-V3-MULTISPLIT,MVTec 3D-AD,PatchCore supervised-paired,51,early_fusion_mlp,test,elara_master_c/predictions/v3_multisplit/M1-MVTEC-V3-MULTISPLIT__MVTec_3D-AD__PatchCore_supervised-paired/early_fusion_mlp/test/seed_51.parquet,646,dcc6c92bff75e7cccad8e2297f9951610d339ef65153cf8b0b6ce9a70d30064a,4b3682c65ab2bed95cb449d7e3a2cb229f1ea81f3944d7c9036cde7b4790dec9,f92c016b1f84a0fd3dfb301ca79ef2bceea77d38,True,True,2026-05-30T05:46:38Z
M1-MVTEC-V3-MULTISPLIT_late_fusion_ensemble_test_seed51_e142e5e8,M1-MVTEC-V3-MULTISPLIT,MVTec 3D-AD,PatchCore supervised-paired,51,late_fusion_ensemble,test,elara_master_c/predictions/v3_multisplit/M1-MVTEC-V3-MULTISPLIT__MVTec_3D-AD__PatchCore_supervised-paired/late_fusion_ensemble/test/seed_51.parquet,646,e142e5e82a05398e7266b4d301378c2d5c98fb092ac8efdde045a0555b0043d3,4b3682c65ab2bed95cb449d7e3a2cb229f1ea81f3944d7c9036cde7b4790dec9,f92c016b1f84a0fd3dfb301ca79ef2bceea77d38,True,True,2026-05-30T05:46:38Z
M1-MVTEC-V3-MULTISPLIT_random_forest_test_seed51_3d9e9ecb,M1-MVTEC-V3-MULTISPLIT,MVTec 3D-AD,PatchCore supervised-paired,51,random_forest,test,elara_master_c/predictions/v3_multisplit/M1-MVTEC-V3-MULTISPLIT__MVTec_3D-AD__PatchCore_supervised-paired/random_forest/test/seed_51.parquet,646,3d9e9ecbe947843315fcc3b8267352b8a96724533a70d5836f2886f3f570e6a6,4b3682c65ab2bed95cb449d7e3a2cb229f1ea81f3944d7c9036cde7b4790dec9,f92c016b1f84a0fd3dfb301ca79ef2bceea77d38,True,True,2026-05-30T05:46:38Z
M1-MVTEC-V3-MULTISPLIT_confidence_weighted_mean_test_seed51_910e662d,M1-MVTEC-V3-MULTISPLIT,MVTec 3D-AD,PatchCore supervised-paired,51,confidence_weighted_mean,test,elara_master_c/predictions/v3_multisplit/M1-MVTEC-V3-MULTISPLIT__MVTec_3D-AD__PatchCore_supervised-paired/confidence_weighted_mean/test/seed_51.parquet,646,910e662d5327c127109ec9ed764e0f21b7f3ee8b95fc4f2900b6c29dfac3ed28,4b3682c65ab2bed95cb449d7e3a2cb229f1ea81f3944d7c9036cde7b4790dec9,f92c016b1f84a0fd3dfb301ca79ef2bceea77d38,True,True,2026-05-30T05:46:38Z
M1-MVTEC-V3-MULTISPLIT_tent_score_adapter_test_seed51_f5f2302d,M1-MVTEC-V3-MULTISPLIT,MVTec 3D-AD,PatchCore supervised-paired,51,tent_score_adapter,test,elara_master_c/predictions/v3_multisplit/M1-MVTEC-V3-MULTISPLIT__MVTec_3D-AD__PatchCore_supervised-paired/tent_score_adapter/test/seed_51.parquet,646,f5f2302d28c6c45d9272d052dd93ac944759fe2523742507fb6dc3d463fe3248,4b3682c65ab2bed95cb449d7e3a2cb229f1ea81f3944d7c9036cde7b4790dec9,f92c016b1f84a0fd3dfb301ca79ef2bceea77d38,True,True,2026-05-30T05:46:38Z
M1-MVTEC-V3-MULTISPLIT_ttt_pseudo_label_adapter_test_seed51_c7c4d399,M1-MVTEC-V3-MULTISPLIT,MVTec 3D-AD,PatchCore supervised-paired,51,ttt_pseudo_label_adapter,test,elara_master_c/predictions/v3_multisplit/M1-MVTEC-V3-MULTISPLIT__MVTec_3D-AD__PatchCore_supervised-paired/ttt_pseudo_label_adapter/test/seed_51.parquet,646,c7c4d39991a23d46e0c3f74715184ce3e974ee2ea09bb87fb6c281e1dbfc3dd1,4b3682c65ab2bed95cb449d7e3a2cb229f1ea81f3944d7c9036cde7b4790dec9,f92c016b1f84a0fd3dfb301ca79ef2bceea77d38,True,True,2026-05-30T05:46:38Z
M1-MVTEC-V3-MULTISPLIT_eata_score_adapter_test_seed51_7d80702a,M1-MVTEC-V3-MULTISPLIT,MVTec 3D-AD,PatchCore supervised-paired,51,eata_score_adapter,test,elara_master_c/predictions/v3_multisplit/M1-MVTEC-V3-MULTISPLIT__MVTec_3D-AD__PatchCore_supervised-paired/eata_score_adapter/test/seed_51.parquet,646,7d80702aa88adb3744ffdb0de246127abd4c91e75daf52ab4e494c536b3e5fb6,4b3682c65ab2bed95cb449d7e3a2cb229f1ea81f3944d7c9036cde7b4790dec9,f92c016b1f84a0fd3dfb301ca79ef2bceea77d38,True,True,2026-05-30T05:46:38Z
M1-MVTEC-V3-MULTISPLIT_sar_score_adapter_test_seed51_c8635bc4,M1-MVTEC-V3-MULTISPLIT,MVTec 3D-AD,PatchCore supervised-paired,51,sar_score_adapter,test,elara_master_c/predictions/v3_multisplit/M1-MVTEC-V3-MULTISPLIT__MVTec_3D-AD__PatchCore_supervised-paired/sar_score_adapter/test/seed_51.parquet,646,c8635bc4f1dcde07ceacd6171725afe56c42b34c7196c97a8c036d4f40731772,4b3682c65ab2bed95cb449d7e3a2cb229f1ea81f3944d7c9036cde7b4790dec9,f92c016b1f84a0fd3dfb301ca79ef2bceea77d38,True,True,2026-05-30T05:46:38Z
M1-MVTEC-V3-MULTISPLIT_static_attention_test_seed52_f4e56ae8,M1-MVTEC-V3-MULTISPLIT,MVTec 3D-AD,PatchCore supervised-paired,52,static_attention,test,elara_master_c/predictions/v3_multisplit/M1-MVTEC-V3-MULTISPLIT__MVTec_3D-AD__PatchCore_supervised-paired/static_attention/test/seed_52.parquet,646,f4e56ae892df8f568816d976ec3c67e0a03175b4d6edcc1cb245debd6c617086,4b3682c65ab2bed95cb449d7e3a2cb229f1ea81f3944d7c9036cde7b4790dec9,f92c016b1f84a0fd3dfb301ca79ef2bceea77d38,True,True,2026-05-30T05:46:53Z
M1-MVTEC-V3-MULTISPLIT_craf_attention_test_seed52_5f972b5a,M1-MVTEC-V3-MULTISPLIT,MVTec 3D-AD,PatchCore supervised-paired,52,craf_attention,test,elara_master_c/predictions/v3_multisplit/M1-MVTEC-V3-MULTISPLIT__MVTec_3D-AD__PatchCore_supervised-paired/craf_attention/test/seed_52.parquet,646,5f972b5a51a090c97506ef6b5b0a1227e60680e20704f11abbeed3c856fb307d,4b3682c65ab2bed95cb449d7e3a2cb229f1ea81f3944d7c9036cde7b4790dec9,f92c016b1f84a0fd3dfb301ca79ef2bceea77d38,True,True,2026-05-30T05:46:53Z
M1-MVTEC-V3-MULTISPLIT_rga_boosted_fusion_test_seed52_bd7c8ae2,M1-MVTEC-V3-MULTISPLIT,MVTec 3D-AD,PatchCore supervised-paired,52,rga_boosted_fusion,test,elara_master_c/predictions/v3_multisplit/M1-MVTEC-V3-MULTISPLIT__MVTec_3D-AD__PatchCore_supervised-paired/rga_boosted_fusion/test/seed_52.parquet,646,bd7c8ae24cb2c0a2d9bb87b6889dc921bbe8a973d002f5a067ea009f5379f392,4b3682c65ab2bed95cb449d7e3a2cb229f1ea81f3944d7c9036cde7b4790dec9,f92c016b1f84a0fd3dfb301ca79ef2bceea77d38,True,True,2026-05-30T05:46:53Z
M1-MVTEC-V3-MULTISPLIT_rga_meta_router_test_seed52_f9305d4a,M1-MVTEC-V3-MULTISPLIT,MVTec 3D-AD,PatchCore supervised-paired,52,rga_meta_router,test,elara_master_c/predictions/v3_multisplit/M1-MVTEC-V3-MULTISPLIT__MVTec_3D-AD__PatchCore_supervised-paired/rga_meta_router/test/seed_52.parquet,646,f9305d4ab77f0c9b8b29def7364cc1b3231901f7a16f7754d247726c331f498b,4b3682c65ab2bed95cb449d7e3a2cb229f1ea81f3944d7c9036cde7b4790dec9,f92c016b1f84a0fd3dfb301ca79ef2bceea77d38,True,True,2026-05-30T05:46:53Z
M1-MVTEC-V3-MULTISPLIT_early_fusion_mlp_test_seed52_2d72eab3,M1-MVTEC-V3-MULTISPLIT,MVTec 3D-AD,PatchCore supervised-paired,52,early_fusion_mlp,test,elara_master_c/predictions/v3_multisplit/M1-MVTEC-V3-MULTISPLIT__MVTec_3D-AD__PatchCore_supervised-paired/early_fusion_mlp/test/seed_52.parquet,646,2d72eab3d97fb17d1ae8def4e7a85b94ced931a277270d4674f57ddc7327e84e,4b3682c65ab2bed95cb449d7e3a2cb229f1ea81f3944d7c9036cde7b4790dec9,f92c016b1f84a0fd3dfb301ca79ef2bceea77d38,True,True,2026-05-30T05:46:53Z
M1-MVTEC-V3-MULTISPLIT_late_fusion_ensemble_test_seed52_6fc0991b,M1-MVTEC-V3-MULTISPLIT,MVTec 3D-AD,PatchCore supervised-paired,52,late_fusion_ensemble,test,elara_master_c/predictions/v3_multisplit/M1-MVTEC-V3-MULTISPLIT__MVTec_3D-AD__PatchCore_supervised-paired/late_fusion_ensemble/test/seed_52.parquet,646,6fc0991b094f587a611aefb8f385914def5a294085f9f60cbb631f99b8486ccd,4b3682c65ab2bed95cb449d7e3a2cb229f1ea81f3944d7c9036cde7b4790dec9,f92c016b1f84a0fd3dfb301ca79ef2bceea77d38,True,True,2026-05-30T05:46:53Z
M1-MVTEC-V3-MULTISPLIT_random_forest_test_seed52_cdfd4e93,M1-MVTEC-V3-MULTISPLIT,MVTec 3D-AD,PatchCore supervised-paired,52,random_forest,test,elara_master_c/predictions/v3_multisplit/M1-MVTEC-V3-MULTISPLIT__MVTec_3D-AD__PatchCore_supervised-paired/random_forest/test/seed_52.parquet,646,cdfd4e93afc3f45bc509925a42b6d59f726d00a234b919c4294028f5f0acd551,4b3682c65ab2bed95cb449d7e3a2cb229f1ea81f3944d7c9036cde7b4790dec9,f92c016b1f84a0fd3dfb301ca79ef2bceea77d38,True,True,2026-05-30T05:46:53Z
M1-MVTEC-V3-MULTISPLIT_confidence_weighted_mean_test_seed52_49707e95,M1-MVTEC-V3-MULTISPLIT,MVTec 3D-AD,PatchCore supervised-paired,52,confidence_weighted_mean,test,elara_master_c/predictions/v3_multisplit/M1-MVTEC-V3-MULTISPLIT__MVTec_3D-AD__PatchCore_supervised-paired/confidence_weighted_mean/test/seed_52.parquet,646,49707e95543718a93dfc8466bff9dc0f6f4f60a3405527396954a2f50bc7d1f0,4b3682c65ab2bed95cb449d7e3a2cb229f1ea81f3944d7c9036cde7b4790dec9,f92c016b1f84a0fd3dfb301ca79ef2bceea77d38,True,True,2026-05-30T05:46:53Z
M1-MVTEC-V3-MULTISPLIT_tent_score_adapter_test_seed52_6583e8d8,M1-MVTEC-V3-MULTISPLIT,MVTec 3D-AD,PatchCore supervised-paired,52,tent_score_adapter,test,elara_master_c/predictions/v3_multisplit/M1-MVTEC-V3-MULTISPLIT__MVTec_3D-AD__PatchCore_supervised-paired/tent_score_adapter/test/seed_52.parquet,646,6583e8d837acf383bc35f22dc72ed37e8ca07d28774e8cee4d43083e1361f421,4b3682c65ab2bed95cb449d7e3a2cb229f1ea81f3944d7c9036cde7b4790dec9,f92c016b1f84a0fd3dfb301ca79ef2bceea77d38,True,True,2026-05-30T05:46:53Z
M1-MVTEC-V3-MULTISPLIT_ttt_pseudo_label_adapter_test_seed52_20bb383d,M1-MVTEC-V3-MULTISPLIT,MVTec 3D-AD,PatchCore supervised-paired,52,ttt_pseudo_label_adapter,test,elara_master_c/predictions/v3_multisplit/M1-MVTEC-V3-MULTISPLIT__MVTec_3D-AD__PatchCore_supervised-paired/ttt_pseudo_label_adapter/test/seed_52.parquet,646,20bb383ddcc13d497e401a327f21c4fc9b2809a1fc4be1812832b289d48a7997,4b3682c65ab2bed95cb449d7e3a2cb229f1ea81f3944d7c9036cde7b4790dec9,f92c016b1f84a0fd3dfb301ca79ef2bceea77d38,True,True,2026-05-30T05:46:53Z
M1-MVTEC-V3-MULTISPLIT_eata_score_adapter_test_seed52_f667da37,M1-MVTEC-V3-MULTISPLIT,MVTec 3D-AD,PatchCore supervised-paired,52,eata_score_adapter,test,elara_master_c/predictions/v3_multisplit/M1-MVTEC-V3-MULTISPLIT__MVTec_3D-AD__PatchCore_supervised-paired/eata_score_adapter/test/seed_52.parquet,646,f667da37e61e54bd2a53f8010bc137c813373d2f7352a50760cb5ce22ca27c23,4b3682c65ab2bed95cb449d7e3a2cb229f1ea81f3944d7c9036cde7b4790dec9,f92c016b1f84a0fd3dfb301ca79ef2bceea77d38,True,True,2026-05-30T05:46:53Z
M1-MVTEC-V3-MULTISPLIT_sar_score_adapter_test_seed52_0c5bfbc0,M1-MVTEC-V3-MULTISPLIT,MVTec 3D-AD,PatchCore supervised-paired,52,sar_score_adapter,test,elara_master_c/predictions/v3_multisplit/M1-MVTEC-V3-MULTISPLIT__MVTec_3D-AD__PatchCore_supervised-paired/sar_score_adapter/test/seed_52.parquet,646,0c5bfbc053be3ca412626a09aa240fdfdf5c98b76347bc61836c0fd56d4b1ecb,4b3682c65ab2bed95cb449d7e3a2cb229f1ea81f3944d7c9036cde7b4790dec9,f92c016b1f84a0fd3dfb301ca79ef2bceea77d38,True,True,2026-05-30T05:46:53Z
M1-MVTEC-V3-MULTISPLIT_static_attention_test_seed53_04a51614,M1-MVTEC-V3-MULTISPLIT,MVTec 3D-AD,PatchCore supervised-paired,53,static_attention,test,elara_master_c/predictions/v3_multisplit/M1-MVTEC-V3-MULTISPLIT__MVTec_3D-AD__PatchCore_supervised-paired/static_attention/test/seed_53.parquet,646,04a5161411457c4e95515d0e08531be28ccbcdb0b9bd71dc8fae786a691f2f6f,4b3682c65ab2bed95cb449d7e3a2cb229f1ea81f3944d7c9036cde7b4790dec9,f92c016b1f84a0fd3dfb301ca79ef2bceea77d38,True,True,2026-05-30T05:47:08Z
M1-MVTEC-V3-MULTISPLIT_craf_attention_test_seed53_e5defa8d,M1-MVTEC-V3-MULTISPLIT,MVTec 3D-AD,PatchCore supervised-paired,53,craf_attention,test,elara_master_c/predictions/v3_multisplit/M1-MVTEC-V3-MULTISPLIT__MVTec_3D-AD__PatchCore_supervised-paired/craf_attention/test/seed_53.parquet,646,e5defa8d41396bdf32ddcd91ca517003291897a438ad8c7456cf5ac36ede080d,4b3682c65ab2bed95cb449d7e3a2cb229f1ea81f3944d7c9036cde7b4790dec9,f92c016b1f84a0fd3dfb301ca79ef2bceea77d38,True,True,2026-05-30T05:47:08Z
M1-MVTEC-V3-MULTISPLIT_rga_boosted_fusion_test_seed53_d4492f5f,M1-MVTEC-V3-MULTISPLIT,MVTec 3D-AD,PatchCore supervised-paired,53,rga_boosted_fusion,test,elara_master_c/predictions/v3_multisplit/M1-MVTEC-V3-MULTISPLIT__MVTec_3D-AD__PatchCore_supervised-paired/rga_boosted_fusion/test/seed_53.parquet,646,d4492f5f2976a2c151a28f5908f7fc68afa2b3b8aa60d29677166607ed901b8c,4b3682c65ab2bed95cb449d7e3a2cb229f1ea81f3944d7c9036cde7b4790dec9,f92c016b1f84a0fd3dfb301ca79ef2bceea77d38,True,True,2026-05-30T05:47:08Z
M1-MVTEC-V3-MULTISPLIT_rga_meta_router_test_seed53_6da61938,M1-MVTEC-V3-MULTISPLIT,MVTec 3D-AD,PatchCore supervised-paired,53,rga_meta_router,test,elara_master_c/predictions/v3_multisplit/M1-MVTEC-V3-MULTISPLIT__MVTec_3D-AD__PatchCore_supervised-paired/rga_meta_router/test/seed_53.parquet,646,6da619383c9112e1b25e01431ac471359b2db595df478ac02bdeaf1ed7cc97b7,4b3682c65ab2bed95cb449d7e3a2cb229f1ea81f3944d7c9036cde7b4790dec9,f92c016b1f84a0fd3dfb301ca79ef2bceea77d38,True,True,2026-05-30T05:47:08Z
M1-MVTEC-V3-MULTISPLIT_early_fusion_mlp_test_seed53_3d7722bd,M1-MVTEC-V3-MULTISPLIT,MVTec 3D-AD,PatchCore supervised-paired,53,early_fusion_mlp,test,elara_master_c/predictions/v3_multisplit/M1-MVTEC-V3-MULTISPLIT__MVTec_3D-AD__PatchCore_supervised-paired/early_fusion_mlp/test/seed_53.parquet,646,3d7722bd30b61d22849a1a533f110979ea169d494d7f89be4a4b3e83c37034cb,4b3682c65ab2bed95cb449d7e3a2cb229f1ea81f3944d7c9036cde7b4790dec9,f92c016b1f84a0fd3dfb301ca79ef2bceea77d38,True,True,2026-05-30T05:47:08Z
M1-MVTEC-V3-MULTISPLIT_late_fusion_ensemble_test_seed53_41618f08,M1-MVTEC-V3-MULTISPLIT,MVTec 3D-AD,PatchCore supervised-paired,53,late_fusion_ensemble,test,elara_master_c/predictions/v3_multisplit/M1-MVTEC-V3-MULTISPLIT__MVTec_3D-AD__PatchCore_supervised-paired/late_fusion_ensemble/test/seed_53.parquet,646,41618f087c8eadad9d6cdd55bcc4d21504856d6b9a3704bf433fd15f674dc7aa,4b3682c65ab2bed95cb449d7e3a2cb229f1ea81f3944d7c9036cde7b4790dec9,f92c016b1f84a0fd3dfb301ca79ef2bceea77d38,True,True,2026-05-30T05:47:08Z
M1-MVTEC-V3-MULTISPLIT_random_forest_test_seed53_f9c864a9,M1-MVTEC-V3-MULTISPLIT,MVTec 3D-AD,PatchCore supervised-paired,53,random_forest,test,elara_master_c/predictions/v3_multisplit/M1-MVTEC-V3-MULTISPLIT__MVTec_3D-AD__PatchCore_supervised-paired/random_forest/test/seed_53.parquet,646,f9c864a91ac06554bb3c4f867ad0fa501f47fdd57240d89b2de921d02e9e0061,4b3682c65ab2bed95cb449d7e3a2cb229f1ea81f3944d7c9036cde7b4790dec9,f92c016b1f84a0fd3dfb301ca79ef2bceea77d38,True,True,2026-05-30T05:47:08Z
M1-MVTEC-V3-MULTISPLIT_confidence_weighted_mean_test_seed53_2c0a3c23,M1-MVTEC-V3-MULTISPLIT,MVTec 3D-AD,PatchCore supervised-paired,53,confidence_weighted_mean,test,elara_master_c/predictions/v3_multisplit/M1-MVTEC-V3-MULTISPLIT__MVTec_3D-AD__PatchCore_supervised-paired/confidence_weighted_mean/test/seed_53.parquet,646,2c0a3c23d675cc2984877805ce6a9730424e005cf202ce1d62e80196bc5ff4aa,4b3682c65ab2bed95cb449d7e3a2cb229f1ea81f3944d7c9036cde7b4790dec9,f92c016b1f84a0fd3dfb301ca79ef2bceea77d38,True,True,2026-05-30T05:47:08Z
M1-MVTEC-V3-MULTISPLIT_tent_score_adapter_test_seed53_c5e57ead,M1-MVTEC-V3-MULTISPLIT,MVTec 3D-AD,PatchCore supervised-paired,53,tent_score_adapter,test,elara_master_c/predictions/v3_multisplit/M1-MVTEC-V3-MULTISPLIT__MVTec_3D-AD__PatchCore_supervised-paired/tent_score_adapter/test/seed_53.parquet,646,c5e57ead788d1a80c6dcab0031c72ac427e7986491ffcd3cea9290d9bc2b27dd,4b3682c65ab2bed95cb449d7e3a2cb229f1ea81f3944d7c9036cde7b4790dec9,f92c016b1f84a0fd3dfb301ca79ef2bceea77d38,True,True,2026-05-30T05:47:08Z
M1-MVTEC-V3-MULTISPLIT_ttt_pseudo_label_adapter_test_seed53_868b4011,M1-MVTEC-V3-MULTISPLIT,MVTec 3D-AD,PatchCore supervised-paired,53,ttt_pseudo_label_adapter,test,elara_master_c/predictions/v3_multisplit/M1-MVTEC-V3-MULTISPLIT__MVTec_3D-AD__PatchCore_supervised-paired/ttt_pseudo_label_adapter/test/seed_53.parquet,646,868b4011fbe366754d92db28b62c6df2b7ddc8fe6ed1ecc1e9304466fde8712d,4b3682c65ab2bed95cb449d7e3a2cb229f1ea81f3944d7c9036cde7b4790dec9,f92c016b1f84a0fd3dfb301ca79ef2bceea77d38,True,True,2026-05-30T05:47:08Z
M1-MVTEC-V3-MULTISPLIT_eata_score_adapter_test_seed53_4dacf502,M1-MVTEC-V3-MULTISPLIT,MVTec 3D-AD,PatchCore supervised-paired,53,eata_score_adapter,test,elara_master_c/predictions/v3_multisplit/M1-MVTEC-V3-MULTISPLIT__MVTec_3D-AD__PatchCore_supervised-paired/eata_score_adapter/test/seed_53.parquet,646,4dacf502714c09c7e61b533fd264515b3b6091b68e05b357a3d662389a82b411,4b3682c65ab2bed95cb449d7e3a2cb229f1ea81f3944d7c9036cde7b4790dec9,f92c016b1f84a0fd3dfb301ca79ef2bceea77d38,True,True,2026-05-30T05:47:08Z
M1-MVTEC-V3-MULTISPLIT_sar_score_adapter_test_seed53_19187668,M1-MVTEC-V3-MULTISPLIT,MVTec 3D-AD,PatchCore supervised-paired,53,sar_score_adapter,test,elara_master_c/predictions/v3_multisplit/M1-MVTEC-V3-MULTISPLIT__MVTec_3D-AD__PatchCore_supervised-paired/sar_score_adapter/test/seed_53.parquet,646,19187668171f5c32fbc3fb975731214db45e1cf6440bd65dbc418a876d4439b5,4b3682c65ab2bed95cb449d7e3a2cb229f1ea81f3944d7c9036cde7b4790dec9,f92c016b1f84a0fd3dfb301ca79ef2bceea77d38,True,True,2026-05-30T05:47:08Z
M1-MVTEC-V3-MULTISPLIT_static_attention_test_seed54_15fa8ed0,M1-MVTEC-V3-MULTISPLIT,MVTec 3D-AD,PatchCore supervised-paired,54,static_attention,test,elara_master_c/predictions/v3_multisplit/M1-MVTEC-V3-MULTISPLIT__MVTec_3D-AD__PatchCore_supervised-paired/static_attention/test/seed_54.parquet,646,15fa8ed046db9027a1ad841020c6377a5b8b1e8fabe76d4507e711643342f679,4b3682c65ab2bed95cb449d7e3a2cb229f1ea81f3944d7c9036cde7b4790dec9,f92c016b1f84a0fd3dfb301ca79ef2bceea77d38,True,True,2026-05-30T05:47:22Z
M1-MVTEC-V3-MULTISPLIT_craf_attention_test_seed54_1963e47c,M1-MVTEC-V3-MULTISPLIT,MVTec 3D-AD,PatchCore supervised-paired,54,craf_attention,test,elara_master_c/predictions/v3_multisplit/M1-MVTEC-V3-MULTISPLIT__MVTec_3D-AD__PatchCore_supervised-paired/craf_attention/test/seed_54.parquet,646,1963e47c3e14d9bda3ce7ceecbb35f22816c8d740e5062781ddc0a81c6028f55,4b3682c65ab2bed95cb449d7e3a2cb229f1ea81f3944d7c9036cde7b4790dec9,f92c016b1f84a0fd3dfb301ca79ef2bceea77d38,True,True,2026-05-30T05:47:22Z
M1-MVTEC-V3-MULTISPLIT_rga_boosted_fusion_test_seed54_a730b8e3,M1-MVTEC-V3-MULTISPLIT,MVTec 3D-AD,PatchCore supervised-paired,54,rga_boosted_fusion,test,elara_master_c/predictions/v3_multisplit/M1-MVTEC-V3-MULTISPLIT__MVTec_3D-AD__PatchCore_supervised-paired/rga_boosted_fusion/test/seed_54.parquet,646,a730b8e36a2af4d54be1ddd03e1046b00dbc16418621ec7b3a47ee72885d78e9,4b3682c65ab2bed95cb449d7e3a2cb229f1ea81f3944d7c9036cde7b4790dec9,f92c016b1f84a0fd3dfb301ca79ef2bceea77d38,True,True,2026-05-30T05:47:22Z
M1-MVTEC-V3-MULTISPLIT_rga_meta_router_test_seed54_b63b475c,M1-MVTEC-V3-MULTISPLIT,MVTec 3D-AD,PatchCore supervised-paired,54,rga_meta_router,test,elara_master_c/predictions/v3_multisplit/M1-MVTEC-V3-MULTISPLIT__MVTec_3D-AD__PatchCore_supervised-paired/rga_meta_router/test/seed_54.parquet,646,b63b475c9c5d099f6b30df08e60f344547c47f05e1f041c4f4c9ca3c33a1a094,4b3682c65ab2bed95cb449d7e3a2cb229f1ea81f3944d7c9036cde7b4790dec9,f92c016b1f84a0fd3dfb301ca79ef2bceea77d38,True,True,2026-05-30T05:47:22Z
M1-MVTEC-V3-MULTISPLIT_early_fusion_mlp_test_seed54_7f233d54,M1-MVTEC-V3-MULTISPLIT,MVTec 3D-AD,PatchCore supervised-paired,54,early_fusion_mlp,test,elara_master_c/predictions/v3_multisplit/M1-MVTEC-V3-MULTISPLIT__MVTec_3D-AD__PatchCore_supervised-paired/early_fusion_mlp/test/seed_54.parquet,646,7f233d54fb904282a642b0111ec2d50e884d7e75c975d87849b423d018134f68,4b3682c65ab2bed95cb449d7e3a2cb229f1ea81f3944d7c9036cde7b4790dec9,f92c016b1f84a0fd3dfb301ca79ef2bceea77d38,True,True,2026-05-30T05:47:22Z
M1-MVTEC-V3-MULTISPLIT_late_fusion_ensemble_test_seed54_6e9ebf7f,M1-MVTEC-V3-MULTISPLIT,MVTec 3D-AD,PatchCore supervised-paired,54,late_fusion_ensemble,test,elara_master_c/predictions/v3_multisplit/M1-MVTEC-V3-MULTISPLIT__MVTec_3D-AD__PatchCore_supervised-paired/late_fusion_ensemble/test/seed_54.parquet,646,6e9ebf7fab3521b3d4bca57b7b64a3ceeb2174c397334ab3726346e93795bd0e,4b3682c65ab2bed95cb449d7e3a2cb229f1ea81f3944d7c9036cde7b4790dec9,f92c016b1f84a0fd3dfb301ca79ef2bceea77d38,True,True,2026-05-30T05:47:22Z
M1-MVTEC-V3-MULTISPLIT_random_forest_test_seed54_b87c1889,M1-MVTEC-V3-MULTISPLIT,MVTec 3D-AD,PatchCore supervised-paired,54,random_forest,test,elara_master_c/predictions/v3_multisplit/M1-MVTEC-V3-MULTISPLIT__MVTec_3D-AD__PatchCore_supervised-paired/random_forest/test/seed_54.parquet,646,b87c1889c57e6cf55eb90a9b808ebfa7cdd8b9f237e64cda4a21f73406be6143,4b3682c65ab2bed95cb449d7e3a2cb229f1ea81f3944d7c9036cde7b4790dec9,f92c016b1f84a0fd3dfb301ca79ef2bceea77d38,True,True,2026-05-30T05:47:22Z
M1-MVTEC-V3-MULTISPLIT_confidence_weighted_mean_test_seed54_7c67b438,M1-MVTEC-V3-MULTISPLIT,MVTec 3D-AD,PatchCore supervised-paired,54,confidence_weighted_mean,test,elara_master_c/predictions/v3_multisplit/M1-MVTEC-V3-MULTISPLIT__MVTec_3D-AD__PatchCore_supervised-paired/confidence_weighted_mean/test/seed_54.parquet,646,7c67b4388810f805a04213396a93b9f2301d859c770ff0faf3216c38c66a1be9,4b3682c65ab2bed95cb449d7e3a2cb229f1ea81f3944d7c9036cde7b4790dec9,f92c016b1f84a0fd3dfb301ca79ef2bceea77d38,True,True,2026-05-30T05:47:22Z
M1-MVTEC-V3-MULTISPLIT_tent_score_adapter_test_seed54_a79647df,M1-MVTEC-V3-MULTISPLIT,MVTec 3D-AD,PatchCore supervised-paired,54,tent_score_adapter,test,elara_master_c/predictions/v3_multisplit/M1-MVTEC-V3-MULTISPLIT__MVTec_3D-AD__PatchCore_supervised-paired/tent_score_adapter/test/seed_54.parquet,646,a79647dffe2044361c365310a673e90fae4383d40531eb8d59626efa1b9e97ee,4b3682c65ab2bed95cb449d7e3a2cb229f1ea81f3944d7c9036cde7b4790dec9,f92c016b1f84a0fd3dfb301ca79ef2bceea77d38,True,True,2026-05-30T05:47:22Z
M1-MVTEC-V3-MULTISPLIT_ttt_pseudo_label_adapter_test_seed54_6f5de886,M1-MVTEC-V3-MULTISPLIT,MVTec 3D-AD,PatchCore supervised-paired,54,ttt_pseudo_label_adapter,test,elara_master_c/predictions/v3_multisplit/M1-MVTEC-V3-MULTISPLIT__MVTec_3D-AD__PatchCore_supervised-paired/ttt_pseudo_label_adapter/test/seed_54.parquet,646,6f5de88687005daecf897914274b80139469fcf53e3b97d1ad4b98203a6af20a,4b3682c65ab2bed95cb449d7e3a2cb229f1ea81f3944d7c9036cde7b4790dec9,f92c016b1f84a0fd3dfb301ca79ef2bceea77d38,True,True,2026-05-30T05:47:22Z
M1-MVTEC-V3-MULTISPLIT_eata_score_adapter_test_seed54_4e2bcd2c,M1-MVTEC-V3-MULTISPLIT,MVTec 3D-AD,PatchCore supervised-paired,54,eata_score_adapter,test,elara_master_c/predictions/v3_multisplit/M1-MVTEC-V3-MULTISPLIT__MVTec_3D-AD__PatchCore_supervised-paired/eata_score_adapter/test/seed_54.parquet,646,4e2bcd2cb43e8da03d9ebb9d82c59df572cff55c0180d7ef38031666f8191ca1,4b3682c65ab2bed95cb449d7e3a2cb229f1ea81f3944d7c9036cde7b4790dec9,f92c016b1f84a0fd3dfb301ca79ef2bceea77d38,True,True,2026-05-30T05:47:22Z
M1-MVTEC-V3-MULTISPLIT_sar_score_adapter_test_seed54_df2f89b5,M1-MVTEC-V3-MULTISPLIT,MVTec 3D-AD,PatchCore supervised-paired,54,sar_score_adapter,test,elara_master_c/predictions/v3_multisplit/M1-MVTEC-V3-MULTISPLIT__MVTec_3D-AD__PatchCore_supervised-paired/sar_score_adapter/test/seed_54.parquet,646,df2f89b584e1503e9c248cd34b0fcb12f4715e825becf230e992b59b2aaeeaf6,4b3682c65ab2bed95cb449d7e3a2cb229f1ea81f3944d7c9036cde7b4790dec9,f92c016b1f84a0fd3dfb301ca79ef2bceea77d38,True,True,2026-05-30T05:47:23Z
M1-MVTEC-V3-MULTISPLIT_static_attention_test_seed55_e113002d,M1-MVTEC-V3-MULTISPLIT,MVTec 3D-AD,PatchCore supervised-paired,55,static_attention,test,elara_master_c/predictions/v3_multisplit/M1-MVTEC-V3-MULTISPLIT__MVTec_3D-AD__PatchCore_supervised-paired/static_attention/test/seed_55.parquet,646,e113002d9271732d681f3fa498b7524ebc3da07e0131c23319c66395d6b705c6,4b3682c65ab2bed95cb449d7e3a2cb229f1ea81f3944d7c9036cde7b4790dec9,f92c016b1f84a0fd3dfb301ca79ef2bceea77d38,True,True,2026-05-30T05:47:37Z
M1-MVTEC-V3-MULTISPLIT_craf_attention_test_seed55_28ca1e30,M1-MVTEC-V3-MULTISPLIT,MVTec 3D-AD,PatchCore supervised-paired,55,craf_attention,test,elara_master_c/predictions/v3_multisplit/M1-MVTEC-V3-MULTISPLIT__MVTec_3D-AD__PatchCore_supervised-paired/craf_attention/test/seed_55.parquet,646,28ca1e3029b03c6b8b9d0263197b8a5f5259bc1fb0db0a8178b109a89a678263,4b3682c65ab2bed95cb449d7e3a2cb229f1ea81f3944d7c9036cde7b4790dec9,f92c016b1f84a0fd3dfb301ca79ef2bceea77d38,True,True,2026-05-30T05:47:37Z
M1-MVTEC-V3-MULTISPLIT_rga_boosted_fusion_test_seed55_87ba8cb8,M1-MVTEC-V3-MULTISPLIT,MVTec 3D-AD,PatchCore supervised-paired,55,rga_boosted_fusion,test,elara_master_c/predictions/v3_multisplit/M1-MVTEC-V3-MULTISPLIT__MVTec_3D-AD__PatchCore_supervised-paired/rga_boosted_fusion/test/seed_55.parquet,646,87ba8cb8042f726869104ee90d538f7ef6abcbb64ce6f08610400f4b763b23ce,4b3682c65ab2bed95cb449d7e3a2cb229f1ea81f3944d7c9036cde7b4790dec9,f92c016b1f84a0fd3dfb301ca79ef2bceea77d38,True,True,2026-05-30T05:47:37Z
M1-MVTEC-V3-MULTISPLIT_rga_meta_router_test_seed55_e1de79ab,M1-MVTEC-V3-MULTISPLIT,MVTec 3D-AD,PatchCore supervised-paired,55,rga_meta_router,test,elara_master_c/predictions/v3_multisplit/M1-MVTEC-V3-MULTISPLIT__MVTec_3D-AD__PatchCore_supervised-paired/rga_meta_router/test/seed_55.parquet,646,e1de79aba6f45f54623d97c093287dc194eb2b8433b81e9e0dd90d414f99d55b,4b3682c65ab2bed95cb449d7e3a2cb229f1ea81f3944d7c9036cde7b4790dec9,f92c016b1f84a0fd3dfb301ca79ef2bceea77d38,True,True,2026-05-30T05:47:37Z
M1-MVTEC-V3-MULTISPLIT_early_fusion_mlp_test_seed55_3d4cf6a6,M1-MVTEC-V3-MULTISPLIT,MVTec 3D-AD,PatchCore supervised-paired,55,early_fusion_mlp,test,elara_master_c/predictions/v3_multisplit/M1-MVTEC-V3-MULTISPLIT__MVTec_3D-AD__PatchCore_supervised-paired/early_fusion_mlp/test/seed_55.parquet,646,3d4cf6a6286f4233fcfeba9f848e1c9af6c9f63eeb1472993368bf67a9d030c3,4b3682c65ab2bed95cb449d7e3a2cb229f1ea81f3944d7c9036cde7b4790dec9,f92c016b1f84a0fd3dfb301ca79ef2bceea77d38,True,True,2026-05-30T05:47:37Z
M1-MVTEC-V3-MULTISPLIT_late_fusion_ensemble_test_seed55_eeb3dd40,M1-MVTEC-V3-MULTISPLIT,MVTec 3D-AD,PatchCore supervised-paired,55,late_fusion_ensemble,test,elara_master_c/predictions/v3_multisplit/M1-MVTEC-V3-MULTISPLIT__MVTec_3D-AD__PatchCore_supervised-paired/late_fusion_ensemble/test/seed_55.parquet,646,eeb3dd4016968ef1f1cae18cf933db7b6fb5cd955e4a4f2cf1b40d5caf4d71fd,4b3682c65ab2bed95cb449d7e3a2cb229f1ea81f3944d7c9036cde7b4790dec9,f92c016b1f84a0fd3dfb301ca79ef2bceea77d38,True,True,2026-05-30T05:47:37Z
M1-MVTEC-V3-MULTISPLIT_random_forest_test_seed55_0e83d8b0,M1-MVTEC-V3-MULTISPLIT,MVTec 3D-AD,PatchCore supervised-paired,55,random_forest,test,elara_master_c/predictions/v3_multisplit/M1-MVTEC-V3-MULTISPLIT__MVTec_3D-AD__PatchCore_supervised-paired/random_forest/test/seed_55.parquet,646,0e83d8b09c80b76b731fcf2805f6c8d8a9fa8e2bade4afe71e3255f8f25c50be,4b3682c65ab2bed95cb449d7e3a2cb229f1ea81f3944d7c9036cde7b4790dec9,f92c016b1f84a0fd3dfb301ca79ef2bceea77d38,True,True,2026-05-30T05:47:37Z
M1-MVTEC-V3-MULTISPLIT_confidence_weighted_mean_test_seed55_bb533a19,M1-MVTEC-V3-MULTISPLIT,MVTec 3D-AD,PatchCore supervised-paired,55,confidence_weighted_mean,test,elara_master_c/predictions/v3_multisplit/M1-MVTEC-V3-MULTISPLIT__MVTec_3D-AD__PatchCore_supervised-paired/confidence_weighted_mean/test/seed_55.parquet,646,bb533a19dcd97155b6b816d3bbb06c79affa00a6641dae7c939fc25b6fe8b2f2,4b3682c65ab2bed95cb449d7e3a2cb229f1ea81f3944d7c9036cde7b4790dec9,f92c016b1f84a0fd3dfb301ca79ef2bceea77d38,True,True,2026-05-30T05:47:37Z
M1-MVTEC-V3-MULTISPLIT_tent_score_adapter_test_seed55_f6c054be,M1-MVTEC-V3-MULTISPLIT,MVTec 3D-AD,PatchCore supervised-paired,55,tent_score_adapter,test,elara_master_c/predictions/v3_multisplit/M1-MVTEC-V3-MULTISPLIT__MVTec_3D-AD__PatchCore_supervised-paired/tent_score_adapter/test/seed_55.parquet,646,f6c054be35d7f0e10d10c7ff6ab205bda8dc1c96433e3263b78870e54600ee53,4b3682c65ab2bed95cb449d7e3a2cb229f1ea81f3944d7c9036cde7b4790dec9,f92c016b1f84a0fd3dfb301ca79ef2bceea77d38,True,True,2026-05-30T05:47:37Z
M1-MVTEC-V3-MULTISPLIT_ttt_pseudo_label_adapter_test_seed55_7523db68,M1-MVTEC-V3-MULTISPLIT,MVTec 3D-AD,PatchCore supervised-paired,55,ttt_pseudo_label_adapter,test,elara_master_c/predictions/v3_multisplit/M1-MVTEC-V3-MULTISPLIT__MVTec_3D-AD__PatchCore_supervised-paired/ttt_pseudo_label_adapter/test/seed_55.parquet,646,7523db689944989b0d2e383be4e469600618604d05822bd59f5ef4dc599875ee,4b3682c65ab2bed95cb449d7e3a2cb229f1ea81f3944d7c9036cde7b4790dec9,f92c016b1f84a0fd3dfb301ca79ef2bceea77d38,True,True,2026-05-30T05:47:37Z
M1-MVTEC-V3-MULTISPLIT_eata_score_adapter_test_seed55_46af0c89,M1-MVTEC-V3-MULTISPLIT,MVTec 3D-AD,PatchCore supervised-paired,55,eata_score_adapter,test,elara_master_c/predictions/v3_multisplit/M1-MVTEC-V3-MULTISPLIT__MVTec_3D-AD__PatchCore_supervised-paired/eata_score_adapter/test/seed_55.parquet,646,46af0c89f22539d9489674e4a86c1438bc93c0013c72213fc57a3fee0bd9501c,4b3682c65ab2bed95cb449d7e3a2cb229f1ea81f3944d7c9036cde7b4790dec9,f92c016b1f84a0fd3dfb301ca79ef2bceea77d38,True,True,2026-05-30T05:47:37Z
M1-MVTEC-V3-MULTISPLIT_sar_score_adapter_test_seed55_fa0391f7,M1-MVTEC-V3-MULTISPLIT,MVTec 3D-AD,PatchCore supervised-paired,55,sar_score_adapter,test,elara_master_c/predictions/v3_multisplit/M1-MVTEC-V3-MULTISPLIT__MVTec_3D-AD__PatchCore_supervised-paired/sar_score_adapter/test/seed_55.parquet,646,fa0391f7d5b931dd77c96fc00de932f2ba1dd0c7626fbdaaff6cd0e93fa7a720,4b3682c65ab2bed95cb449d7e3a2cb229f1ea81f3944d7c9036cde7b4790dec9,f92c016b1f84a0fd3dfb301ca79ef2bceea77d38,True,True,2026-05-30T05:47:37Z
M1-MVTEC-V3-MULTISPLIT_static_attention_test_seed56_23460030,M1-MVTEC-V3-MULTISPLIT,MVTec 3D-AD,PatchCore supervised-paired,56,static_attention,test,elara_master_c/predictions/v3_multisplit/M1-MVTEC-V3-MULTISPLIT__MVTec_3D-AD__PatchCore_supervised-paired/static_attention/test/seed_56.parquet,646,23460030ccff7e45d8e253747f205850f5711a387d869a8c7d116be067766c82,4b3682c65ab2bed95cb449d7e3a2cb229f1ea81f3944d7c9036cde7b4790dec9,f92c016b1f84a0fd3dfb301ca79ef2bceea77d38,True,True,2026-05-30T05:47:51Z
M1-MVTEC-V3-MULTISPLIT_craf_attention_test_seed56_a1428e87,M1-MVTEC-V3-MULTISPLIT,MVTec 3D-AD,PatchCore supervised-paired,56,craf_attention,test,elara_master_c/predictions/v3_multisplit/M1-MVTEC-V3-MULTISPLIT__MVTec_3D-AD__PatchCore_supervised-paired/craf_attention/test/seed_56.parquet,646,a1428e87982a40383373de2f0a3cc00f0468f48415c445306c545661b348a6c9,4b3682c65ab2bed95cb449d7e3a2cb229f1ea81f3944d7c9036cde7b4790dec9,f92c016b1f84a0fd3dfb301ca79ef2bceea77d38,True,True,2026-05-30T05:47:51Z
M1-MVTEC-V3-MULTISPLIT_rga_boosted_fusion_test_seed56_c1aca678,M1-MVTEC-V3-MULTISPLIT,MVTec 3D-AD,PatchCore supervised-paired,56,rga_boosted_fusion,test,elara_master_c/predictions/v3_multisplit/M1-MVTEC-V3-MULTISPLIT__MVTec_3D-AD__PatchCore_supervised-paired/rga_boosted_fusion/test/seed_56.parquet,646,c1aca678faa765311f88d1c68a1617dbfa171f930fd429ad485b954845a03db4,4b3682c65ab2bed95cb449d7e3a2cb229f1ea81f3944d7c9036cde7b4790dec9,f92c016b1f84a0fd3dfb301ca79ef2bceea77d38,True,True,2026-05-30T05:47:51Z
M1-MVTEC-V3-MULTISPLIT_rga_meta_router_test_seed56_9509f9ac,M1-MVTEC-V3-MULTISPLIT,MVTec 3D-AD,PatchCore supervised-paired,56,rga_meta_router,test,elara_master_c/predictions/v3_multisplit/M1-MVTEC-V3-MULTISPLIT__MVTec_3D-AD__PatchCore_supervised-paired/rga_meta_router/test/seed_56.parquet,646,9509f9ac74102485d088d910c0d206737620db5a9291414b69ac67fada9f7e8c,4b3682c65ab2bed95cb449d7e3a2cb229f1ea81f3944d7c9036cde7b4790dec9,f92c016b1f84a0fd3dfb301ca79ef2bceea77d38,True,True,2026-05-30T05:47:51Z
M1-MVTEC-V3-MULTISPLIT_early_fusion_mlp_test_seed56_c5e6da43,M1-MVTEC-V3-MULTISPLIT,MVTec 3D-AD,PatchCore supervised-paired,56,early_fusion_mlp,test,elara_master_c/predictions/v3_multisplit/M1-MVTEC-V3-MULTISPLIT__MVTec_3D-AD__PatchCore_supervised-paired/early_fusion_mlp/test/seed_56.parquet,646,c5e6da437f79c73a5ddce7ca62f44a51a4c9bcda9b2d959afd9fa1826057b963,4b3682c65ab2bed95cb449d7e3a2cb229f1ea81f3944d7c9036cde7b4790dec9,f92c016b1f84a0fd3dfb301ca79ef2bceea77d38,True,True,2026-05-30T05:47:51Z
M1-MVTEC-V3-MULTISPLIT_late_fusion_ensemble_test_seed56_bd18809a,M1-MVTEC-V3-MULTISPLIT,MVTec 3D-AD,PatchCore supervised-paired,56,late_fusion_ensemble,test,elara_master_c/predictions/v3_multisplit/M1-MVTEC-V3-MULTISPLIT__MVTec_3D-AD__PatchCore_supervised-paired/late_fusion_ensemble/test/seed_56.parquet,646,bd18809a89530480d84a8743be9acd9cc9fa12cf544f4bff62fd70cf461f88a3,4b3682c65ab2bed95cb449d7e3a2cb229f1ea81f3944d7c9036cde7b4790dec9,f92c016b1f84a0fd3dfb301ca79ef2bceea77d38,True,True,2026-05-30T05:47:51Z
M1-MVTEC-V3-MULTISPLIT_random_forest_test_seed56_29cdebfe,M1-MVTEC-V3-MULTISPLIT,MVTec 3D-AD,PatchCore supervised-paired,56,random_forest,test,elara_master_c/predictions/v3_multisplit/M1-MVTEC-V3-MULTISPLIT__MVTec_3D-AD__PatchCore_supervised-paired/random_forest/test/seed_56.parquet,646,29cdebfe8edc091fcee9bff1eb75cdb505a53ff353d932025cc3194f77a3c00e,4b3682c65ab2bed95cb449d7e3a2cb229f1ea81f3944d7c9036cde7b4790dec9,f92c016b1f84a0fd3dfb301ca79ef2bceea77d38,True,True,2026-05-30T05:47:51Z
M1-MVTEC-V3-MULTISPLIT_confidence_weighted_mean_test_seed56_60eb22fb,M1-MVTEC-V3-MULTISPLIT,MVTec 3D-AD,PatchCore supervised-paired,56,confidence_weighted_mean,test,elara_master_c/predictions/v3_multisplit/M1-MVTEC-V3-MULTISPLIT__MVTec_3D-AD__PatchCore_supervised-paired/confidence_weighted_mean/test/seed_56.parquet,646,60eb22fbcfa243fd6ef870d5f58df468381271c9bae6f2012a88ede4c7f9e125,4b3682c65ab2bed95cb449d7e3a2cb229f1ea81f3944d7c9036cde7b4790dec9,f92c016b1f84a0fd3dfb301ca79ef2bceea77d38,True,True,2026-05-30T05:47:51Z
M1-MVTEC-V3-MULTISPLIT_tent_score_adapter_test_seed56_0178d8bf,M1-MVTEC-V3-MULTISPLIT,MVTec 3D-AD,PatchCore supervised-paired,56,tent_score_adapter,test,elara_master_c/predictions/v3_multisplit/M1-MVTEC-V3-MULTISPLIT__MVTec_3D-AD__PatchCore_supervised-paired/tent_score_adapter/test/seed_56.parquet,646,0178d8bf022746c69fd128043186e27ec5add200ee64bd135af0d8d68c05784d,4b3682c65ab2bed95cb449d7e3a2cb229f1ea81f3944d7c9036cde7b4790dec9,f92c016b1f84a0fd3dfb301ca79ef2bceea77d38,True,True,2026-05-30T05:47:51Z
M1-MVTEC-V3-MULTISPLIT_ttt_pseudo_label_adapter_test_seed56_8a7bddf0,M1-MVTEC-V3-MULTISPLIT,MVTec 3D-AD,PatchCore supervised-paired,56,ttt_pseudo_label_adapter,test,elara_master_c/predictions/v3_multisplit/M1-MVTEC-V3-MULTISPLIT__MVTec_3D-AD__PatchCore_supervised-paired/ttt_pseudo_label_adapter/test/seed_56.parquet,646,8a7bddf04d101457c0bca2213818894cb2fd05dadaa382840b425f4b7379a32c,4b3682c65ab2bed95cb449d7e3a2cb229f1ea81f3944d7c9036cde7b4790dec9,f92c016b1f84a0fd3dfb301ca79ef2bceea77d38,True,True,2026-05-30T05:47:51Z
M1-MVTEC-V3-MULTISPLIT_eata_score_adapter_test_seed56_e500a1f7,M1-MVTEC-V3-MULTISPLIT,MVTec 3D-AD,PatchCore supervised-paired,56,eata_score_adapter,test,elara_master_c/predictions/v3_multisplit/M1-MVTEC-V3-MULTISPLIT__MVTec_3D-AD__PatchCore_supervised-paired/eata_score_adapter/test/seed_56.parquet,646,e500a1f775633f45de7ed65553f7a240901720eb6bd3f30d458689ef16bcf798,4b3682c65ab2bed95cb449d7e3a2cb229f1ea81f3944d7c9036cde7b4790dec9,f92c016b1f84a0fd3dfb301ca79ef2bceea77d38,True,True,2026-05-30T05:47:51Z
M1-MVTEC-V3-MULTISPLIT_sar_score_adapter_test_seed56_de2205f6,M1-MVTEC-V3-MULTISPLIT,MVTec 3D-AD,PatchCore supervised-paired,56,sar_score_adapter,test,elara_master_c/predictions/v3_multisplit/M1-MVTEC-V3-MULTISPLIT__MVTec_3D-AD__PatchCore_supervised-paired/sar_score_adapter/test/seed_56.parquet,646,de2205f62770a10fb64c36c5f9eafd53e4687ed06b3ae9e077d579f4dc6117b1,4b3682c65ab2bed95cb449d7e3a2cb229f1ea81f3944d7c9036cde7b4790dec9,f92c016b1f84a0fd3dfb301ca79ef2bceea77d38,True,True,2026-05-30T05:47:51Z
M1-MVTEC-V3-MULTISPLIT_static_attention_test_seed57_638d036e,M1-MVTEC-V3-MULTISPLIT,MVTec 3D-AD,PatchCore supervised-paired,57,static_attention,test,elara_master_c/predictions/v3_multisplit/M1-MVTEC-V3-MULTISPLIT__MVTec_3D-AD__PatchCore_supervised-paired/static_attention/test/seed_57.parquet,646,638d036ee6bc258c4c830adac6db709e5c2dec17cd6d75ac9fb84d583eab9fe9,4b3682c65ab2bed95cb449d7e3a2cb229f1ea81f3944d7c9036cde7b4790dec9,f92c016b1f84a0fd3dfb301ca79ef2bceea77d38,True,True,2026-05-30T05:48:06Z
M1-MVTEC-V3-MULTISPLIT_craf_attention_test_seed57_3285fbfb,M1-MVTEC-V3-MULTISPLIT,MVTec 3D-AD,PatchCore supervised-paired,57,craf_attention,test,elara_master_c/predictions/v3_multisplit/M1-MVTEC-V3-MULTISPLIT__MVTec_3D-AD__PatchCore_supervised-paired/craf_attention/test/seed_57.parquet,646,3285fbfbc9a5e20a47e9139cacf2308fd130b87ca73c5f64afa2b2b4ea37a375,4b3682c65ab2bed95cb449d7e3a2cb229f1ea81f3944d7c9036cde7b4790dec9,f92c016b1f84a0fd3dfb301ca79ef2bceea77d38,True,True,2026-05-30T05:48:06Z
M1-MVTEC-V3-MULTISPLIT_rga_boosted_fusion_test_seed57_85462c8b,M1-MVTEC-V3-MULTISPLIT,MVTec 3D-AD,PatchCore supervised-paired,57,rga_boosted_fusion,test,elara_master_c/predictions/v3_multisplit/M1-MVTEC-V3-MULTISPLIT__MVTec_3D-AD__PatchCore_supervised-paired/rga_boosted_fusion/test/seed_57.parquet,646,85462c8b78fe625ccd2857d0c2937c76e5b48c0fa2123eaa91428b9dd3d11f05,4b3682c65ab2bed95cb449d7e3a2cb229f1ea81f3944d7c9036cde7b4790dec9,f92c016b1f84a0fd3dfb301ca79ef2bceea77d38,True,True,2026-05-30T05:48:06Z
M1-MVTEC-V3-MULTISPLIT_rga_meta_router_test_seed57_bf52b308,M1-MVTEC-V3-MULTISPLIT,MVTec 3D-AD,PatchCore supervised-paired,57,rga_meta_router,test,elara_master_c/predictions/v3_multisplit/M1-MVTEC-V3-MULTISPLIT__MVTec_3D-AD__PatchCore_supervised-paired/rga_meta_router/test/seed_57.parquet,646,bf52b30840e0a787c3834483a1b3fb55056fdf6d62d6995e3955969504e11098,4b3682c65ab2bed95cb449d7e3a2cb229f1ea81f3944d7c9036cde7b4790dec9,f92c016b1f84a0fd3dfb301ca79ef2bceea77d38,True,True,2026-05-30T05:48:06Z
M1-MVTEC-V3-MULTISPLIT_early_fusion_mlp_test_seed57_9f2ec483,M1-MVTEC-V3-MULTISPLIT,MVTec 3D-AD,PatchCore supervised-paired,57,early_fusion_mlp,test,elara_master_c/predictions/v3_multisplit/M1-MVTEC-V3-MULTISPLIT__MVTec_3D-AD__PatchCore_supervised-paired/early_fusion_mlp/test/seed_57.parquet,646,9f2ec4837408f76dc01f067ceb9640e20dce018db88c3380c718046c82e44135,4b3682c65ab2bed95cb449d7e3a2cb229f1ea81f3944d7c9036cde7b4790dec9,f92c016b1f84a0fd3dfb301ca79ef2bceea77d38,True,True,2026-05-30T05:48:06Z
M1-MVTEC-V3-MULTISPLIT_late_fusion_ensemble_test_seed57_816e3690,M1-MVTEC-V3-MULTISPLIT,MVTec 3D-AD,PatchCore supervised-paired,57,late_fusion_ensemble,test,elara_master_c/predictions/v3_multisplit/M1-MVTEC-V3-MULTISPLIT__MVTec_3D-AD__PatchCore_supervised-paired/late_fusion_ensemble/test/seed_57.parquet,646,816e369007858299d0804ea81c42a36be5c3b01dd8dbee386c62406c4247072e,4b3682c65ab2bed95cb449d7e3a2cb229f1ea81f3944d7c9036cde7b4790dec9,f92c016b1f84a0fd3dfb301ca79ef2bceea77d38,True,True,2026-05-30T05:48:06Z
M1-MVTEC-V3-MULTISPLIT_random_forest_test_seed57_354006c8,M1-MVTEC-V3-MULTISPLIT,MVTec 3D-AD,PatchCore supervised-paired,57,random_forest,test,elara_master_c/predictions/v3_multisplit/M1-MVTEC-V3-MULTISPLIT__MVTec_3D-AD__PatchCore_supervised-paired/random_forest/test/seed_57.parquet,646,354006c863363ffe14f561388d268bbeb2bceacba9afe3e93602218718bcb1be,4b3682c65ab2bed95cb449d7e3a2cb229f1ea81f3944d7c9036cde7b4790dec9,f92c016b1f84a0fd3dfb301ca79ef2bceea77d38,True,True,2026-05-30T05:48:06Z
M1-MVTEC-V3-MULTISPLIT_confidence_weighted_mean_test_seed57_a0d3cdaa,M1-MVTEC-V3-MULTISPLIT,MVTec 3D-AD,PatchCore supervised-paired,57,confidence_weighted_mean,test,elara_master_c/predictions/v3_multisplit/M1-MVTEC-V3-MULTISPLIT__MVTec_3D-AD__PatchCore_supervised-paired/confidence_weighted_mean/test/seed_57.parquet,646,a0d3cdaa159cbf76a6c7bca8f985811eac63cc078424775266891455c2f27594,4b3682c65ab2bed95cb449d7e3a2cb229f1ea81f3944d7c9036cde7b4790dec9,f92c016b1f84a0fd3dfb301ca79ef2bceea77d38,True,True,2026-05-30T05:48:06Z
M1-MVTEC-V3-MULTISPLIT_tent_score_adapter_test_seed57_dfbfd26b,M1-MVTEC-V3-MULTISPLIT,MVTec 3D-AD,PatchCore supervised-paired,57,tent_score_adapter,test,elara_master_c/predictions/v3_multisplit/M1-MVTEC-V3-MULTISPLIT__MVTec_3D-AD__PatchCore_supervised-paired/tent_score_adapter/test/seed_57.parquet,646,dfbfd26bc294365d1adb0e48d119e3074a36a647452a609097e4418f90b1c07e,4b3682c65ab2bed95cb449d7e3a2cb229f1ea81f3944d7c9036cde7b4790dec9,f92c016b1f84a0fd3dfb301ca79ef2bceea77d38,True,True,2026-05-30T05:48:06Z
M1-MVTEC-V3-MULTISPLIT_ttt_pseudo_label_adapter_test_seed57_ec52d6a7,M1-MVTEC-V3-MULTISPLIT,MVTec 3D-AD,PatchCore supervised-paired,57,ttt_pseudo_label_adapter,test,elara_master_c/predictions/v3_multisplit/M1-MVTEC-V3-MULTISPLIT__MVTec_3D-AD__PatchCore_supervised-paired/ttt_pseudo_label_adapter/test/seed_57.parquet,646,ec52d6a745e32e093798377a79d0c3eaa31c050055d8e3085f2e860f18be5ddd,4b3682c65ab2bed95cb449d7e3a2cb229f1ea81f3944d7c9036cde7b4790dec9,f92c016b1f84a0fd3dfb301ca79ef2bceea77d38,True,True,2026-05-30T05:48:06Z
M1-MVTEC-V3-MULTISPLIT_eata_score_adapter_test_seed57_f54b2660,M1-MVTEC-V3-MULTISPLIT,MVTec 3D-AD,PatchCore supervised-paired,57,eata_score_adapter,test,elara_master_c/predictions/v3_multisplit/M1-MVTEC-V3-MULTISPLIT__MVTec_3D-AD__PatchCore_supervised-paired/eata_score_adapter/test/seed_57.parquet,646,f54b26608ec745e1b98d76c3b5c201b1a0e98eca6ad76373fd60631c7f4d7e80,4b3682c65ab2bed95cb449d7e3a2cb229f1ea81f3944d7c9036cde7b4790dec9,f92c016b1f84a0fd3dfb301ca79ef2bceea77d38,True,True,2026-05-30T05:48:06Z
M1-MVTEC-V3-MULTISPLIT_sar_score_adapter_test_seed57_28b80ed5,M1-MVTEC-V3-MULTISPLIT,MVTec 3D-AD,PatchCore supervised-paired,57,sar_score_adapter,test,elara_master_c/predictions/v3_multisplit/M1-MVTEC-V3-MULTISPLIT__MVTec_3D-AD__PatchCore_supervised-paired/sar_score_adapter/test/seed_57.parquet,646,28b80ed583d407729ad7c9247fd1297a8a6bc91b9a69917f8d4aef5c5554e638,4b3682c65ab2bed95cb449d7e3a2cb229f1ea81f3944d7c9036cde7b4790dec9,f92c016b1f84a0fd3dfb301ca79ef2bceea77d38,True,True,2026-05-30T05:48:06Z
M1-MVTEC-V3-MULTISPLIT_static_attention_test_seed58_130ae67e,M1-MVTEC-V3-MULTISPLIT,MVTec 3D-AD,PatchCore supervised-paired,58,static_attention,test,elara_master_c/predictions/v3_multisplit/M1-MVTEC-V3-MULTISPLIT__MVTec_3D-AD__PatchCore_supervised-paired/static_attention/test/seed_58.parquet,646,130ae67e3f397dbc7389a52fb22eae96a310a741abe30332e48d88107dc940e1,4b3682c65ab2bed95cb449d7e3a2cb229f1ea81f3944d7c9036cde7b4790dec9,f92c016b1f84a0fd3dfb301ca79ef2bceea77d38,True,True,2026-05-30T05:48:21Z
M1-MVTEC-V3-MULTISPLIT_craf_attention_test_seed58_13b85cac,M1-MVTEC-V3-MULTISPLIT,MVTec 3D-AD,PatchCore supervised-paired,58,craf_attention,test,elara_master_c/predictions/v3_multisplit/M1-MVTEC-V3-MULTISPLIT__MVTec_3D-AD__PatchCore_supervised-paired/craf_attention/test/seed_58.parquet,646,13b85cac2b23b68c2c933825bf1331b7de4692aade79954b8a601a6e5a704b3b,4b3682c65ab2bed95cb449d7e3a2cb229f1ea81f3944d7c9036cde7b4790dec9,f92c016b1f84a0fd3dfb301ca79ef2bceea77d38,True,True,2026-05-30T05:48:21Z
M1-MVTEC-V3-MULTISPLIT_rga_boosted_fusion_test_seed58_bffa0dfb,M1-MVTEC-V3-MULTISPLIT,MVTec 3D-AD,PatchCore supervised-paired,58,rga_boosted_fusion,test,elara_master_c/predictions/v3_multisplit/M1-MVTEC-V3-MULTISPLIT__MVTec_3D-AD__PatchCore_supervised-paired/rga_boosted_fusion/test/seed_58.parquet,646,bffa0dfb032b95cc00dea635ea80010d7d741ec6b74fecca03ec546ff92e027f,4b3682c65ab2bed95cb449d7e3a2cb229f1ea81f3944d7c9036cde7b4790dec9,f92c016b1f84a0fd3dfb301ca79ef2bceea77d38,True,True,2026-05-30T05:48:21Z
M1-MVTEC-V3-MULTISPLIT_rga_meta_router_test_seed58_6e20c39c,M1-MVTEC-V3-MULTISPLIT,MVTec 3D-AD,PatchCore supervised-paired,58,rga_meta_router,test,elara_master_c/predictions/v3_multisplit/M1-MVTEC-V3-MULTISPLIT__MVTec_3D-AD__PatchCore_supervised-paired/rga_meta_router/test/seed_58.parquet,646,6e20c39cafb5bf2513f906061677bee3b81010f210f6f92c492652e256d08e33,4b3682c65ab2bed95cb449d7e3a2cb229f1ea81f3944d7c9036cde7b4790dec9,f92c016b1f84a0fd3dfb301ca79ef2bceea77d38,True,True,2026-05-30T05:48:21Z
M1-MVTEC-V3-MULTISPLIT_early_fusion_mlp_test_seed58_97a48f82,M1-MVTEC-V3-MULTISPLIT,MVTec 3D-AD,PatchCore supervised-paired,58,early_fusion_mlp,test,elara_master_c/predictions/v3_multisplit/M1-MVTEC-V3-MULTISPLIT__MVTec_3D-AD__PatchCore_supervised-paired/early_fusion_mlp/test/seed_58.parquet,646,97a48f82e840fb4dca2e7b253f40481479f257f23939ef6dd4ec0e86845a738f,4b3682c65ab2bed95cb449d7e3a2cb229f1ea81f3944d7c9036cde7b4790dec9,f92c016b1f84a0fd3dfb301ca79ef2bceea77d38,True,True,2026-05-30T05:48:21Z
M1-MVTEC-V3-MULTISPLIT_late_fusion_ensemble_test_seed58_40e3e177,M1-MVTEC-V3-MULTISPLIT,MVTec 3D-AD,PatchCore supervised-paired,58,late_fusion_ensemble,test,elara_master_c/predictions/v3_multisplit/M1-MVTEC-V3-MULTISPLIT__MVTec_3D-AD__PatchCore_supervised-paired/late_fusion_ensemble/test/seed_58.parquet,646,40e3e1774d0c3ed38c42753a58483ccd834bf1915186ec5389339ddd407607be,4b3682c65ab2bed95cb449d7e3a2cb229f1ea81f3944d7c9036cde7b4790dec9,f92c016b1f84a0fd3dfb301ca79ef2bceea77d38,True,True,2026-05-30T05:48:21Z
M1-MVTEC-V3-MULTISPLIT_random_forest_test_seed58_4d64ea5a,M1-MVTEC-V3-MULTISPLIT,MVTec 3D-AD,PatchCore supervised-paired,58,random_forest,test,elara_master_c/predictions/v3_multisplit/M1-MVTEC-V3-MULTISPLIT__MVTec_3D-AD__PatchCore_supervised-paired/random_forest/test/seed_58.parquet,646,4d64ea5acedaabd0769eeb2ea0745bd45abd244f179e28d15fc79b1d3e5e8254,4b3682c65ab2bed95cb449d7e3a2cb229f1ea81f3944d7c9036cde7b4790dec9,f92c016b1f84a0fd3dfb301ca79ef2bceea77d38,True,True,2026-05-30T05:48:21Z
M1-MVTEC-V3-MULTISPLIT_confidence_weighted_mean_test_seed58_378795b5,M1-MVTEC-V3-MULTISPLIT,MVTec 3D-AD,PatchCore supervised-paired,58,confidence_weighted_mean,test,elara_master_c/predictions/v3_multisplit/M1-MVTEC-V3-MULTISPLIT__MVTec_3D-AD__PatchCore_supervised-paired/confidence_weighted_mean/test/seed_58.parquet,646,378795b58b3d048fef27ef2bd32af3bb1b2e5143fba56b01dcf091b56c888cbf,4b3682c65ab2bed95cb449d7e3a2cb229f1ea81f3944d7c9036cde7b4790dec9,f92c016b1f84a0fd3dfb301ca79ef2bceea77d38,True,True,2026-05-30T05:48:21Z
M1-MVTEC-V3-MULTISPLIT_tent_score_adapter_test_seed58_ac05233e,M1-MVTEC-V3-MULTISPLIT,MVTec 3D-AD,PatchCore supervised-paired,58,tent_score_adapter,test,elara_master_c/predictions/v3_multisplit/M1-MVTEC-V3-MULTISPLIT__MVTec_3D-AD__PatchCore_supervised-paired/tent_score_adapter/test/seed_58.parquet,646,ac05233e627afb9032433634d5e7b929199d1e9ad91d58d77ba5fd0ff2860200,4b3682c65ab2bed95cb449d7e3a2cb229f1ea81f3944d7c9036cde7b4790dec9,f92c016b1f84a0fd3dfb301ca79ef2bceea77d38,True,True,2026-05-30T05:48:21Z
M1-MVTEC-V3-MULTISPLIT_ttt_pseudo_label_adapter_test_seed58_feb65887,M1-MVTEC-V3-MULTISPLIT,MVTec 3D-AD,PatchCore supervised-paired,58,ttt_pseudo_label_adapter,test,elara_master_c/predictions/v3_multisplit/M1-MVTEC-V3-MULTISPLIT__MVTec_3D-AD__PatchCore_supervised-paired/ttt_pseudo_label_adapter/test/seed_58.parquet,646,feb65887a70b09c8223ec3f969fcfd3fc877540b417aea1dc9f6240b23036c96,4b3682c65ab2bed95cb449d7e3a2cb229f1ea81f3944d7c9036cde7b4790dec9,f92c016b1f84a0fd3dfb301ca79ef2bceea77d38,True,True,2026-05-30T05:48:21Z
M1-MVTEC-V3-MULTISPLIT_eata_score_adapter_test_seed58_b33b7a3d,M1-MVTEC-V3-MULTISPLIT,MVTec 3D-AD,PatchCore supervised-paired,58,eata_score_adapter,test,elara_master_c/predictions/v3_multisplit/M1-MVTEC-V3-MULTISPLIT__MVTec_3D-AD__PatchCore_supervised-paired/eata_score_adapter/test/seed_58.parquet,646,b33b7a3d714846fb24f06b6a8ecc0f3e3c7e4d9f02d2fe5a0f240aa282a94851,4b3682c65ab2bed95cb449d7e3a2cb229f1ea81f3944d7c9036cde7b4790dec9,f92c016b1f84a0fd3dfb301ca79ef2bceea77d38,True,True,2026-05-30T05:48:21Z
M1-MVTEC-V3-MULTISPLIT_sar_score_adapter_test_seed58_f9ff34e8,M1-MVTEC-V3-MULTISPLIT,MVTec 3D-AD,PatchCore supervised-paired,58,sar_score_adapter,test,elara_master_c/predictions/v3_multisplit/M1-MVTEC-V3-MULTISPLIT__MVTec_3D-AD__PatchCore_supervised-paired/sar_score_adapter/test/seed_58.parquet,646,f9ff34e87382db4d7147eb5ed2ba62369468ea719fc14e8bde316c5576c2b824,4b3682c65ab2bed95cb449d7e3a2cb229f1ea81f3944d7c9036cde7b4790dec9,f92c016b1f84a0fd3dfb301ca79ef2bceea77d38,True,True,2026-05-30T05:48:21Z
M1-MVTEC-V3-MULTISPLIT_static_attention_test_seed59_0d8425a9,M1-MVTEC-V3-MULTISPLIT,MVTec 3D-AD,PatchCore supervised-paired,59,static_attention,test,elara_master_c/predictions/v3_multisplit/M1-MVTEC-V3-MULTISPLIT__MVTec_3D-AD__PatchCore_supervised-paired/static_attention/test/seed_59.parquet,646,0d8425a96423c7d6bfadacb120bd2f98e79a03e92538293c64410682e9e6f005,4b3682c65ab2bed95cb449d7e3a2cb229f1ea81f3944d7c9036cde7b4790dec9,f92c016b1f84a0fd3dfb301ca79ef2bceea77d38,True,True,2026-05-30T05:48:36Z
M1-MVTEC-V3-MULTISPLIT_craf_attention_test_seed59_2ee45b84,M1-MVTEC-V3-MULTISPLIT,MVTec 3D-AD,PatchCore supervised-paired,59,craf_attention,test,elara_master_c/predictions/v3_multisplit/M1-MVTEC-V3-MULTISPLIT__MVTec_3D-AD__PatchCore_supervised-paired/craf_attention/test/seed_59.parquet,646,2ee45b84ea826aabdf1c385f0afba4b2ba50f86e91474c758b16d8ded03aa181,4b3682c65ab2bed95cb449d7e3a2cb229f1ea81f3944d7c9036cde7b4790dec9,f92c016b1f84a0fd3dfb301ca79ef2bceea77d38,True,True,2026-05-30T05:48:36Z
M1-MVTEC-V3-MULTISPLIT_rga_boosted_fusion_test_seed59_4d764327,M1-MVTEC-V3-MULTISPLIT,MVTec 3D-AD,PatchCore supervised-paired,59,rga_boosted_fusion,test,elara_master_c/predictions/v3_multisplit/M1-MVTEC-V3-MULTISPLIT__MVTec_3D-AD__PatchCore_supervised-paired/rga_boosted_fusion/test/seed_59.parquet,646,4d7643273abe61d48ff82cadf0fbab814be65c5ed0cedfad90f759afe22c35f7,4b3682c65ab2bed95cb449d7e3a2cb229f1ea81f3944d7c9036cde7b4790dec9,f92c016b1f84a0fd3dfb301ca79ef2bceea77d38,True,True,2026-05-30T05:48:36Z
M1-MVTEC-V3-MULTISPLIT_rga_meta_router_test_seed59_c9250112,M1-MVTEC-V3-MULTISPLIT,MVTec 3D-AD,PatchCore supervised-paired,59,rga_meta_router,test,elara_master_c/predictions/v3_multisplit/M1-MVTEC-V3-MULTISPLIT__MVTec_3D-AD__PatchCore_supervised-paired/rga_meta_router/test/seed_59.parquet,646,c925011205e0bd492d1df7c2eac89655d351e7f00b12515eda0b9f0d9a2e7383,4b3682c65ab2bed95cb449d7e3a2cb229f1ea81f3944d7c9036cde7b4790dec9,f92c016b1f84a0fd3dfb301ca79ef2bceea77d38,True,True,2026-05-30T05:48:36Z
M1-MVTEC-V3-MULTISPLIT_early_fusion_mlp_test_seed59_e4560ddc,M1-MVTEC-V3-MULTISPLIT,MVTec 3D-AD,PatchCore supervised-paired,59,early_fusion_mlp,test,elara_master_c/predictions/v3_multisplit/M1-MVTEC-V3-MULTISPLIT__MVTec_3D-AD__PatchCore_supervised-paired/early_fusion_mlp/test/seed_59.parquet,646,e4560ddca5023c79ca2fcae74daa317776d4ba24b3d8240a2ec2b784fc2103ec,4b3682c65ab2bed95cb449d7e3a2cb229f1ea81f3944d7c9036cde7b4790dec9,f92c016b1f84a0fd3dfb301ca79ef2bceea77d38,True,True,2026-05-30T05:48:36Z
M1-MVTEC-V3-MULTISPLIT_late_fusion_ensemble_test_seed59_1f59b5c4,M1-MVTEC-V3-MULTISPLIT,MVTec 3D-AD,PatchCore supervised-paired,59,late_fusion_ensemble,test,elara_master_c/predictions/v3_multisplit/M1-MVTEC-V3-MULTISPLIT__MVTec_3D-AD__PatchCore_supervised-paired/late_fusion_ensemble/test/seed_59.parquet,646,1f59b5c43c0a43325c163f86709489dad04ce66c688ed6d2aa8562d63761585c,4b3682c65ab2bed95cb449d7e3a2cb229f1ea81f3944d7c9036cde7b4790dec9,f92c016b1f84a0fd3dfb301ca79ef2bceea77d38,True,True,2026-05-30T05:48:36Z
M1-MVTEC-V3-MULTISPLIT_random_forest_test_seed59_e636a87a,M1-MVTEC-V3-MULTISPLIT,MVTec 3D-AD,PatchCore supervised-paired,59,random_forest,test,elara_master_c/predictions/v3_multisplit/M1-MVTEC-V3-MULTISPLIT__MVTec_3D-AD__PatchCore_supervised-paired/random_forest/test/seed_59.parquet,646,e636a87a14a5013b8c4ba0348baf91b9cb6e2598eeba246a129eba768fe853b9,4b3682c65ab2bed95cb449d7e3a2cb229f1ea81f3944d7c9036cde7b4790dec9,f92c016b1f84a0fd3dfb301ca79ef2bceea77d38,True,True,2026-05-30T05:48:36Z
M1-MVTEC-V3-MULTISPLIT_confidence_weighted_mean_test_seed59_e4aba833,M1-MVTEC-V3-MULTISPLIT,MVTec 3D-AD,PatchCore supervised-paired,59,confidence_weighted_mean,test,elara_master_c/predictions/v3_multisplit/M1-MVTEC-V3-MULTISPLIT__MVTec_3D-AD__PatchCore_supervised-paired/confidence_weighted_mean/test/seed_59.parquet,646,e4aba8338962cfd97e4801307d3702f85523be6db5ad35e973a01f15cf594c7c,4b3682c65ab2bed95cb449d7e3a2cb229f1ea81f3944d7c9036cde7b4790dec9,f92c016b1f84a0fd3dfb301ca79ef2bceea77d38,True,True,2026-05-30T05:48:36Z
M1-MVTEC-V3-MULTISPLIT_tent_score_adapter_test_seed59_0c98d18c,M1-MVTEC-V3-MULTISPLIT,MVTec 3D-AD,PatchCore supervised-paired,59,tent_score_adapter,test,elara_master_c/predictions/v3_multisplit/M1-MVTEC-V3-MULTISPLIT__MVTec_3D-AD__PatchCore_supervised-paired/tent_score_adapter/test/seed_59.parquet,646,0c98d18cc6eabf67ec3c752c008d7c598303145a6401e61fa74599c721fc2726,4b3682c65ab2bed95cb449d7e3a2cb229f1ea81f3944d7c9036cde7b4790dec9,f92c016b1f84a0fd3dfb301ca79ef2bceea77d38,True,True,2026-05-30T05:48:36Z
M1-MVTEC-V3-MULTISPLIT_ttt_pseudo_label_adapter_test_seed59_51f17166,M1-MVTEC-V3-MULTISPLIT,MVTec 3D-AD,PatchCore supervised-paired,59,ttt_pseudo_label_adapter,test,elara_master_c/predictions/v3_multisplit/M1-MVTEC-V3-MULTISPLIT__MVTec_3D-AD__PatchCore_supervised-paired/ttt_pseudo_label_adapter/test/seed_59.parquet,646,51f171666427521ba55a75184e3f2d70e1f5fb9c916d81b5930d41eab902c716,4b3682c65ab2bed95cb449d7e3a2cb229f1ea81f3944d7c9036cde7b4790dec9,f92c016b1f84a0fd3dfb301ca79ef2bceea77d38,True,True,2026-05-30T05:48:36Z
M1-MVTEC-V3-MULTISPLIT_eata_score_adapter_test_seed59_54d73aed,M1-MVTEC-V3-MULTISPLIT,MVTec 3D-AD,PatchCore supervised-paired,59,eata_score_adapter,test,elara_master_c/predictions/v3_multisplit/M1-MVTEC-V3-MULTISPLIT__MVTec_3D-AD__PatchCore_supervised-paired/eata_score_adapter/test/seed_59.parquet,646,54d73aed00b990b9a40d9a8e101735628ee1f45aa3c35e93997458bbb4319ad9,4b3682c65ab2bed95cb449d7e3a2cb229f1ea81f3944d7c9036cde7b4790dec9,f92c016b1f84a0fd3dfb301ca79ef2bceea77d38,True,True,2026-05-30T05:48:36Z
M1-MVTEC-V3-MULTISPLIT_sar_score_adapter_test_seed59_27fc69a1,M1-MVTEC-V3-MULTISPLIT,MVTec 3D-AD,PatchCore supervised-paired,59,sar_score_adapter,test,elara_master_c/predictions/v3_multisplit/M1-MVTEC-V3-MULTISPLIT__MVTec_3D-AD__PatchCore_supervised-paired/sar_score_adapter/test/seed_59.parquet,646,27fc69a1aa2ccdcdcbdd7c3fdd9a97171a2a7ca90f38f761a1d10489db76a041,4b3682c65ab2bed95cb449d7e3a2cb229f1ea81f3944d7c9036cde7b4790dec9,f92c016b1f84a0fd3dfb301ca79ef2bceea77d38,True,True,2026-05-30T05:48:36Z
M1-MVTEC-V3-MULTISPLIT_static_attention_test_seed60_03e546b8,M1-MVTEC-V3-MULTISPLIT,MVTec 3D-AD,PatchCore supervised-paired,60,static_attention,test,elara_master_c/predictions/v3_multisplit/M1-MVTEC-V3-MULTISPLIT__MVTec_3D-AD__PatchCore_supervised-paired/static_attention/test/seed_60.parquet,646,03e546b8b108dfba78bd6d0d5a5a3fb7c06024cd279ceefd957f27922364bb07,4b3682c65ab2bed95cb449d7e3a2cb229f1ea81f3944d7c9036cde7b4790dec9,f92c016b1f84a0fd3dfb301ca79ef2bceea77d38,True,True,2026-05-30T05:48:51Z
M1-MVTEC-V3-MULTISPLIT_craf_attention_test_seed60_31cc85e6,M1-MVTEC-V3-MULTISPLIT,MVTec 3D-AD,PatchCore supervised-paired,60,craf_attention,test,elara_master_c/predictions/v3_multisplit/M1-MVTEC-V3-MULTISPLIT__MVTec_3D-AD__PatchCore_supervised-paired/craf_attention/test/seed_60.parquet,646,31cc85e64aa6a299f14c3b12ac4c84cb8732c43ab2218685d7dd1f19dc90c9d2,4b3682c65ab2bed95cb449d7e3a2cb229f1ea81f3944d7c9036cde7b4790dec9,f92c016b1f84a0fd3dfb301ca79ef2bceea77d38,True,True,2026-05-30T05:48:51Z
M1-MVTEC-V3-MULTISPLIT_rga_boosted_fusion_test_seed60_118ec519,M1-MVTEC-V3-MULTISPLIT,MVTec 3D-AD,PatchCore supervised-paired,60,rga_boosted_fusion,test,elara_master_c/predictions/v3_multisplit/M1-MVTEC-V3-MULTISPLIT__MVTec_3D-AD__PatchCore_supervised-paired/rga_boosted_fusion/test/seed_60.parquet,646,118ec51942dc495141e62fdfeb7c3b033ed4ec32aa39974479ab499b0ac2d4aa,4b3682c65ab2bed95cb449d7e3a2cb229f1ea81f3944d7c9036cde7b4790dec9,f92c016b1f84a0fd3dfb301ca79ef2bceea77d38,True,True,2026-05-30T05:48:51Z
M1-MVTEC-V3-MULTISPLIT_rga_meta_router_test_seed60_99f59f63,M1-MVTEC-V3-MULTISPLIT,MVTec 3D-AD,PatchCore supervised-paired,60,rga_meta_router,test,elara_master_c/predictions/v3_multisplit/M1-MVTEC-V3-MULTISPLIT__MVTec_3D-AD__PatchCore_supervised-paired/rga_meta_router/test/seed_60.parquet,646,99f59f6333db00bb8396b4999ef3c1236da723c5ee85e9e1d5179f78097f2f0b,4b3682c65ab2bed95cb449d7e3a2cb229f1ea81f3944d7c9036cde7b4790dec9,f92c016b1f84a0fd3dfb301ca79ef2bceea77d38,True,True,2026-05-30T05:48:51Z
M1-MVTEC-V3-MULTISPLIT_early_fusion_mlp_test_seed60_c168cb3f,M1-MVTEC-V3-MULTISPLIT,MVTec 3D-AD,PatchCore supervised-paired,60,early_fusion_mlp,test,elara_master_c/predictions/v3_multisplit/M1-MVTEC-V3-MULTISPLIT__MVTec_3D-AD__PatchCore_supervised-paired/early_fusion_mlp/test/seed_60.parquet,646,c168cb3f520254ea66b4cf8efb1307f0c7e606c03757866b62e853265f8e8173,4b3682c65ab2bed95cb449d7e3a2cb229f1ea81f3944d7c9036cde7b4790dec9,f92c016b1f84a0fd3dfb301ca79ef2bceea77d38,True,True,2026-05-30T05:48:51Z
M1-MVTEC-V3-MULTISPLIT_late_fusion_ensemble_test_seed60_19808e7f,M1-MVTEC-V3-MULTISPLIT,MVTec 3D-AD,PatchCore supervised-paired,60,late_fusion_ensemble,test,elara_master_c/predictions/v3_multisplit/M1-MVTEC-V3-MULTISPLIT__MVTec_3D-AD__PatchCore_supervised-paired/late_fusion_ensemble/test/seed_60.parquet,646,19808e7f317c4c229abfb0fc24d9e0eb24de35a347758b15abfd4da9c4665ece,4b3682c65ab2bed95cb449d7e3a2cb229f1ea81f3944d7c9036cde7b4790dec9,f92c016b1f84a0fd3dfb301ca79ef2bceea77d38,True,True,2026-05-30T05:48:51Z
M1-MVTEC-V3-MULTISPLIT_random_forest_test_seed60_7564c037,M1-MVTEC-V3-MULTISPLIT,MVTec 3D-AD,PatchCore supervised-paired,60,random_forest,test,elara_master_c/predictions/v3_multisplit/M1-MVTEC-V3-MULTISPLIT__MVTec_3D-AD__PatchCore_supervised-paired/random_forest/test/seed_60.parquet,646,7564c03761e8bcbbcdbb523821551e09f3703c52d2d53abd10d0047bd98cda90,4b3682c65ab2bed95cb449d7e3a2cb229f1ea81f3944d7c9036cde7b4790dec9,f92c016b1f84a0fd3dfb301ca79ef2bceea77d38,True,True,2026-05-30T05:48:51Z
M1-MVTEC-V3-MULTISPLIT_confidence_weighted_mean_test_seed60_46f918b2,M1-MVTEC-V3-MULTISPLIT,MVTec 3D-AD,PatchCore supervised-paired,60,confidence_weighted_mean,test,elara_master_c/predictions/v3_multisplit/M1-MVTEC-V3-MULTISPLIT__MVTec_3D-AD__PatchCore_supervised-paired/confidence_weighted_mean/test/seed_60.parquet,646,46f918b275f3ae13a93746dc4679b1b5648a38d12a08c6a9d1b934334aeca823,4b3682c65ab2bed95cb449d7e3a2cb229f1ea81f3944d7c9036cde7b4790dec9,f92c016b1f84a0fd3dfb301ca79ef2bceea77d38,True,True,2026-05-30T05:48:51Z
M1-MVTEC-V3-MULTISPLIT_tent_score_adapter_test_seed60_e65c5e21,M1-MVTEC-V3-MULTISPLIT,MVTec 3D-AD,PatchCore supervised-paired,60,tent_score_adapter,test,elara_master_c/predictions/v3_multisplit/M1-MVTEC-V3-MULTISPLIT__MVTec_3D-AD__PatchCore_supervised-paired/tent_score_adapter/test/seed_60.parquet,646,e65c5e2127c6a4820db448bb07d7bd170d172860d32aed95ca8011bcd3e99466,4b3682c65ab2bed95cb449d7e3a2cb229f1ea81f3944d7c9036cde7b4790dec9,f92c016b1f84a0fd3dfb301ca79ef2bceea77d38,True,True,2026-05-30T05:48:51Z
M1-MVTEC-V3-MULTISPLIT_ttt_pseudo_label_adapter_test_seed60_c536e6e8,M1-MVTEC-V3-MULTISPLIT,MVTec 3D-AD,PatchCore supervised-paired,60,ttt_pseudo_label_adapter,test,elara_master_c/predictions/v3_multisplit/M1-MVTEC-V3-MULTISPLIT__MVTec_3D-AD__PatchCore_supervised-paired/ttt_pseudo_label_adapter/test/seed_60.parquet,646,c536e6e8244c4f5406c239ee3eddccf4b13c2728e02fa4ed378ed03b151d3ded,4b3682c65ab2bed95cb449d7e3a2cb229f1ea81f3944d7c9036cde7b4790dec9,f92c016b1f84a0fd3dfb301ca79ef2bceea77d38,True,True,2026-05-30T05:48:51Z
M1-MVTEC-V3-MULTISPLIT_eata_score_adapter_test_seed60_12ca1ebb,M1-MVTEC-V3-MULTISPLIT,MVTec 3D-AD,PatchCore supervised-paired,60,eata_score_adapter,test,elara_master_c/predictions/v3_multisplit/M1-MVTEC-V3-MULTISPLIT__MVTec_3D-AD__PatchCore_supervised-paired/eata_score_adapter/test/seed_60.parquet,646,12ca1ebba8561e32d14c2ab9c80ce41fb2cac037c5135142c342d0e04a5a1a35,4b3682c65ab2bed95cb449d7e3a2cb229f1ea81f3944d7c9036cde7b4790dec9,f92c016b1f84a0fd3dfb301ca79ef2bceea77d38,True,True,2026-05-30T05:48:51Z
M1-MVTEC-V3-MULTISPLIT_sar_score_adapter_test_seed60_eb8be399,M1-MVTEC-V3-MULTISPLIT,MVTec 3D-AD,PatchCore supervised-paired,60,sar_score_adapter,test,elara_master_c/predictions/v3_multisplit/M1-MVTEC-V3-MULTISPLIT__MVTec_3D-AD__PatchCore_supervised-paired/sar_score_adapter/test/seed_60.parquet,646,eb8be399a850546734ab6a654b80dbabff0961c5899b969b2c6dd7dd23435034,4b3682c65ab2bed95cb449d7e3a2cb229f1ea81f3944d7c9036cde7b4790dec9,f92c016b1f84a0fd3dfb301ca79ef2bceea77d38,True,True,2026-05-30T05:48:51Z
M1-MVTEC-V3-MULTISPLIT_static_attention_test_seed61_1916d53c,M1-MVTEC-V3-MULTISPLIT,MVTec 3D-AD,PatchCore supervised-paired,61,static_attention,test,elara_master_c/predictions/v3_multisplit/M1-MVTEC-V3-MULTISPLIT__MVTec_3D-AD__PatchCore_supervised-paired/static_attention/test/seed_61.parquet,646,1916d53ca6d2e4266f47c5f5fe2d45ecb655738b5616a3135e23686745069982,4b3682c65ab2bed95cb449d7e3a2cb229f1ea81f3944d7c9036cde7b4790dec9,f92c016b1f84a0fd3dfb301ca79ef2bceea77d38,True,True,2026-05-30T05:49:05Z
M1-MVTEC-V3-MULTISPLIT_craf_attention_test_seed61_48777fc3,M1-MVTEC-V3-MULTISPLIT,MVTec 3D-AD,PatchCore supervised-paired,61,craf_attention,test,elara_master_c/predictions/v3_multisplit/M1-MVTEC-V3-MULTISPLIT__MVTec_3D-AD__PatchCore_supervised-paired/craf_attention/test/seed_61.parquet,646,48777fc305bdcd1837920a0f90353a73c64dc698e5ac53305671d7220b9daf16,4b3682c65ab2bed95cb449d7e3a2cb229f1ea81f3944d7c9036cde7b4790dec9,f92c016b1f84a0fd3dfb301ca79ef2bceea77d38,True,True,2026-05-30T05:49:05Z
M1-MVTEC-V3-MULTISPLIT_rga_boosted_fusion_test_seed61_fe6b8840,M1-MVTEC-V3-MULTISPLIT,MVTec 3D-AD,PatchCore supervised-paired,61,rga_boosted_fusion,test,elara_master_c/predictions/v3_multisplit/M1-MVTEC-V3-MULTISPLIT__MVTec_3D-AD__PatchCore_supervised-paired/rga_boosted_fusion/test/seed_61.parquet,646,fe6b8840d1e10c8343e8274819bc0dc721c4b7365f88f2a64cba60c9bacea45a,4b3682c65ab2bed95cb449d7e3a2cb229f1ea81f3944d7c9036cde7b4790dec9,f92c016b1f84a0fd3dfb301ca79ef2bceea77d38,True,True,2026-05-30T05:49:05Z
M1-MVTEC-V3-MULTISPLIT_rga_meta_router_test_seed61_6c0c22be,M1-MVTEC-V3-MULTISPLIT,MVTec 3D-AD,PatchCore supervised-paired,61,rga_meta_router,test,elara_master_c/predictions/v3_multisplit/M1-MVTEC-V3-MULTISPLIT__MVTec_3D-AD__PatchCore_supervised-paired/rga_meta_router/test/seed_61.parquet,646,6c0c22be863026820c0db258a0f283189c1bb025b4c221d17b9e9e1179d94449,4b3682c65ab2bed95cb449d7e3a2cb229f1ea81f3944d7c9036cde7b4790dec9,f92c016b1f84a0fd3dfb301ca79ef2bceea77d38,True,True,2026-05-30T05:49:05Z
M1-MVTEC-V3-MULTISPLIT_early_fusion_mlp_test_seed61_0e031880,M1-MVTEC-V3-MULTISPLIT,MVTec 3D-AD,PatchCore supervised-paired,61,early_fusion_mlp,test,elara_master_c/predictions/v3_multisplit/M1-MVTEC-V3-MULTISPLIT__MVTec_3D-AD__PatchCore_supervised-paired/early_fusion_mlp/test/seed_61.parquet,646,0e0318808a4cb3b9acd2a0751322ebfc864cee867732233b69ce98cc6a6bc8a9,4b3682c65ab2bed95cb449d7e3a2cb229f1ea81f3944d7c9036cde7b4790dec9,f92c016b1f84a0fd3dfb301ca79ef2bceea77d38,True,True,2026-05-30T05:49:05Z
M1-MVTEC-V3-MULTISPLIT_late_fusion_ensemble_test_seed61_aa4e71f2,M1-MVTEC-V3-MULTISPLIT,MVTec 3D-AD,PatchCore supervised-paired,61,late_fusion_ensemble,test,elara_master_c/predictions/v3_multisplit/M1-MVTEC-V3-MULTISPLIT__MVTec_3D-AD__PatchCore_supervised-paired/late_fusion_ensemble/test/seed_61.parquet,646,aa4e71f290641502ae04eb9ca82fc6e45d53212deb681d840d1287988e4eeee8,4b3682c65ab2bed95cb449d7e3a2cb229f1ea81f3944d7c9036cde7b4790dec9,f92c016b1f84a0fd3dfb301ca79ef2bceea77d38,True,True,2026-05-30T05:49:05Z
M1-MVTEC-V3-MULTISPLIT_random_forest_test_seed61_c31d333c,M1-MVTEC-V3-MULTISPLIT,MVTec 3D-AD,PatchCore supervised-paired,61,random_forest,test,elara_master_c/predictions/v3_multisplit/M1-MVTEC-V3-MULTISPLIT__MVTec_3D-AD__PatchCore_supervised-paired/random_forest/test/seed_61.parquet,646,c31d333cfd046c6f1c9d900b1ff24937587979f306c54e159ec3ccbd2a82f428,4b3682c65ab2bed95cb449d7e3a2cb229f1ea81f3944d7c9036cde7b4790dec9,f92c016b1f84a0fd3dfb301ca79ef2bceea77d38,True,True,2026-05-30T05:49:05Z
M1-MVTEC-V3-MULTISPLIT_confidence_weighted_mean_test_seed61_82feb74d,M1-MVTEC-V3-MULTISPLIT,MVTec 3D-AD,PatchCore supervised-paired,61,confidence_weighted_mean,test,elara_master_c/predictions/v3_multisplit/M1-MVTEC-V3-MULTISPLIT__MVTec_3D-AD__PatchCore_supervised-paired/confidence_weighted_mean/test/seed_61.parquet,646,82feb74d3644ce60f8257679a7106010adbe65f9486f811759647f8a5123b1c7,4b3682c65ab2bed95cb449d7e3a2cb229f1ea81f3944d7c9036cde7b4790dec9,f92c016b1f84a0fd3dfb301ca79ef2bceea77d38,True,True,2026-05-30T05:49:05Z
M1-MVTEC-V3-MULTISPLIT_tent_score_adapter_test_seed61_dfb7daee,M1-MVTEC-V3-MULTISPLIT,MVTec 3D-AD,PatchCore supervised-paired,61,tent_score_adapter,test,elara_master_c/predictions/v3_multisplit/M1-MVTEC-V3-MULTISPLIT__MVTec_3D-AD__PatchCore_supervised-paired/tent_score_adapter/test/seed_61.parquet,646,dfb7daee5f3588d66a42772add6fc60ffc2a81ca6d2540412ba9353194c6f0e2,4b3682c65ab2bed95cb449d7e3a2cb229f1ea81f3944d7c9036cde7b4790dec9,f92c016b1f84a0fd3dfb301ca79ef2bceea77d38,True,True,2026-05-30T05:49:06Z
M1-MVTEC-V3-MULTISPLIT_ttt_pseudo_label_adapter_test_seed61_4407679a,M1-MVTEC-V3-MULTISPLIT,MVTec 3D-AD,PatchCore supervised-paired,61,ttt_pseudo_label_adapter,test,elara_master_c/predictions/v3_multisplit/M1-MVTEC-V3-MULTISPLIT__MVTec_3D-AD__PatchCore_supervised-paired/ttt_pseudo_label_adapter/test/seed_61.parquet,646,4407679a9e5ed14e95636a8f2eb4ccf30fc2b471d98a884c0b0704ccb46980fc,4b3682c65ab2bed95cb449d7e3a2cb229f1ea81f3944d7c9036cde7b4790dec9,f92c016b1f84a0fd3dfb301ca79ef2bceea77d38,True,True,2026-05-30T05:49:06Z
M1-MVTEC-V3-MULTISPLIT_eata_score_adapter_test_seed61_ff3a6cd8,M1-MVTEC-V3-MULTISPLIT,MVTec 3D-AD,PatchCore supervised-paired,61,eata_score_adapter,test,elara_master_c/predictions/v3_multisplit/M1-MVTEC-V3-MULTISPLIT__MVTec_3D-AD__PatchCore_supervised-paired/eata_score_adapter/test/seed_61.parquet,646,ff3a6cd85ac8dae6b8531af31aa8770d4f48c5ebe43bbd605b34de2748e3cf92,4b3682c65ab2bed95cb449d7e3a2cb229f1ea81f3944d7c9036cde7b4790dec9,f92c016b1f84a0fd3dfb301ca79ef2bceea77d38,True,True,2026-05-30T05:49:06Z
M1-MVTEC-V3-MULTISPLIT_sar_score_adapter_test_seed61_542e599d,M1-MVTEC-V3-MULTISPLIT,MVTec 3D-AD,PatchCore supervised-paired,61,sar_score_adapter,test,elara_master_c/predictions/v3_multisplit/M1-MVTEC-V3-MULTISPLIT__MVTec_3D-AD__PatchCore_supervised-paired/sar_score_adapter/test/seed_61.parquet,646,542e599ded6d2168497396eaa087d9f7955bfa648ca95f06f0915d0317391167,4b3682c65ab2bed95cb449d7e3a2cb229f1ea81f3944d7c9036cde7b4790dec9,f92c016b1f84a0fd3dfb301ca79ef2bceea77d38,True,True,2026-05-30T05:49:06Z
M1-MVTEC-V3-MULTISPLIT_static_attention_test_seed62_46cb9833,M1-MVTEC-V3-MULTISPLIT,MVTec 3D-AD,PatchCore supervised-paired,62,static_attention,test,elara_master_c/predictions/v3_multisplit/M1-MVTEC-V3-MULTISPLIT__MVTec_3D-AD__PatchCore_supervised-paired/static_attention/test/seed_62.parquet,646,46cb98334337b338d44a65e2974c393b03570bfa2efcf704fca3d83ed24dda1d,4b3682c65ab2bed95cb449d7e3a2cb229f1ea81f3944d7c9036cde7b4790dec9,f92c016b1f84a0fd3dfb301ca79ef2bceea77d38,True,True,2026-05-30T05:49:20Z
M1-MVTEC-V3-MULTISPLIT_craf_attention_test_seed62_abe47711,M1-MVTEC-V3-MULTISPLIT,MVTec 3D-AD,PatchCore supervised-paired,62,craf_attention,test,elara_master_c/predictions/v3_multisplit/M1-MVTEC-V3-MULTISPLIT__MVTec_3D-AD__PatchCore_supervised-paired/craf_attention/test/seed_62.parquet,646,abe477119a193e229a3bb07d6f4b9ab27cc39ffd0a87723a6f9e0ed54cb30812,4b3682c65ab2bed95cb449d7e3a2cb229f1ea81f3944d7c9036cde7b4790dec9,f92c016b1f84a0fd3dfb301ca79ef2bceea77d38,True,True,2026-05-30T05:49:20Z
M1-MVTEC-V3-MULTISPLIT_rga_boosted_fusion_test_seed62_112dbdef,M1-MVTEC-V3-MULTISPLIT,MVTec 3D-AD,PatchCore supervised-paired,62,rga_boosted_fusion,test,elara_master_c/predictions/v3_multisplit/M1-MVTEC-V3-MULTISPLIT__MVTec_3D-AD__PatchCore_supervised-paired/rga_boosted_fusion/test/seed_62.parquet,646,112dbdef7eace43f7cfdda3c98720854b9ab8b981279b56f3a9b8ece95e92c31,4b3682c65ab2bed95cb449d7e3a2cb229f1ea81f3944d7c9036cde7b4790dec9,f92c016b1f84a0fd3dfb301ca79ef2bceea77d38,True,True,2026-05-30T05:49:20Z
M1-MVTEC-V3-MULTISPLIT_rga_meta_router_test_seed62_b7268e93,M1-MVTEC-V3-MULTISPLIT,MVTec 3D-AD,PatchCore supervised-paired,62,rga_meta_router,test,elara_master_c/predictions/v3_multisplit/M1-MVTEC-V3-MULTISPLIT__MVTec_3D-AD__PatchCore_supervised-paired/rga_meta_router/test/seed_62.parquet,646,b7268e93e17cc257b444e5ca283a8a39877e1225ccedb1137e0caa8179f3f296,4b3682c65ab2bed95cb449d7e3a2cb229f1ea81f3944d7c9036cde7b4790dec9,f92c016b1f84a0fd3dfb301ca79ef2bceea77d38,True,True,2026-05-30T05:49:20Z
M1-MVTEC-V3-MULTISPLIT_early_fusion_mlp_test_seed62_25e65686,M1-MVTEC-V3-MULTISPLIT,MVTec 3D-AD,PatchCore supervised-paired,62,early_fusion_mlp,test,elara_master_c/predictions/v3_multisplit/M1-MVTEC-V3-MULTISPLIT__MVTec_3D-AD__PatchCore_supervised-paired/early_fusion_mlp/test/seed_62.parquet,646,25e65686a3557b73dd6c956c1abe7ac1eb43052836155a30d96a7ead11f535e7,4b3682c65ab2bed95cb449d7e3a2cb229f1ea81f3944d7c9036cde7b4790dec9,f92c016b1f84a0fd3dfb301ca79ef2bceea77d38,True,True,2026-05-30T05:49:20Z
M1-MVTEC-V3-MULTISPLIT_late_fusion_ensemble_test_seed62_9497288a,M1-MVTEC-V3-MULTISPLIT,MVTec 3D-AD,PatchCore supervised-paired,62,late_fusion_ensemble,test,elara_master_c/predictions/v3_multisplit/M1-MVTEC-V3-MULTISPLIT__MVTec_3D-AD__PatchCore_supervised-paired/late_fusion_ensemble/test/seed_62.parquet,646,9497288a60c5d0bea80c12c339166583cce126a95f28f5a67a7c3059ee377573,4b3682c65ab2bed95cb449d7e3a2cb229f1ea81f3944d7c9036cde7b4790dec9,f92c016b1f84a0fd3dfb301ca79ef2bceea77d38,True,True,2026-05-30T05:49:20Z
M1-MVTEC-V3-MULTISPLIT_random_forest_test_seed62_45a1b13a,M1-MVTEC-V3-MULTISPLIT,MVTec 3D-AD,PatchCore supervised-paired,62,random_forest,test,elara_master_c/predictions/v3_multisplit/M1-MVTEC-V3-MULTISPLIT__MVTec_3D-AD__PatchCore_supervised-paired/random_forest/test/seed_62.parquet,646,45a1b13a650fbb7e74ac31b3f24465e6fcb820f54c7bfa79aee20a737fc7ac18,4b3682c65ab2bed95cb449d7e3a2cb229f1ea81f3944d7c9036cde7b4790dec9,f92c016b1f84a0fd3dfb301ca79ef2bceea77d38,True,True,2026-05-30T05:49:20Z
M1-MVTEC-V3-MULTISPLIT_confidence_weighted_mean_test_seed62_382bc2f1,M1-MVTEC-V3-MULTISPLIT,MVTec 3D-AD,PatchCore supervised-paired,62,confidence_weighted_mean,test,elara_master_c/predictions/v3_multisplit/M1-MVTEC-V3-MULTISPLIT__MVTec_3D-AD__PatchCore_supervised-paired/confidence_weighted_mean/test/seed_62.parquet,646,382bc2f17c18b1cd790696c090fbdff498edcc08ad3fbd198719ce2d14d65530,4b3682c65ab2bed95cb449d7e3a2cb229f1ea81f3944d7c9036cde7b4790dec9,f92c016b1f84a0fd3dfb301ca79ef2bceea77d38,True,True,2026-05-30T05:49:20Z
M1-MVTEC-V3-MULTISPLIT_tent_score_adapter_test_seed62_c50d8639,M1-MVTEC-V3-MULTISPLIT,MVTec 3D-AD,PatchCore supervised-paired,62,tent_score_adapter,test,elara_master_c/predictions/v3_multisplit/M1-MVTEC-V3-MULTISPLIT__MVTec_3D-AD__PatchCore_supervised-paired/tent_score_adapter/test/seed_62.parquet,646,c50d8639ee7a9146a4e0f71a93bb3d538ea889fe541997c0bc00ca18fd456100,4b3682c65ab2bed95cb449d7e3a2cb229f1ea81f3944d7c9036cde7b4790dec9,f92c016b1f84a0fd3dfb301ca79ef2bceea77d38,True,True,2026-05-30T05:49:20Z
M1-MVTEC-V3-MULTISPLIT_ttt_pseudo_label_adapter_test_seed62_f6dcbd6e,M1-MVTEC-V3-MULTISPLIT,MVTec 3D-AD,PatchCore supervised-paired,62,ttt_pseudo_label_adapter,test,elara_master_c/predictions/v3_multisplit/M1-MVTEC-V3-MULTISPLIT__MVTec_3D-AD__PatchCore_supervised-paired/ttt_pseudo_label_adapter/test/seed_62.parquet,646,f6dcbd6e43df3833f7feb828cadb47a05926263ccdc84e958b98c4a67a377ff1,4b3682c65ab2bed95cb449d7e3a2cb229f1ea81f3944d7c9036cde7b4790dec9,f92c016b1f84a0fd3dfb301ca79ef2bceea77d38,True,True,2026-05-30T05:49:20Z
M1-MVTEC-V3-MULTISPLIT_eata_score_adapter_test_seed62_23353e98,M1-MVTEC-V3-MULTISPLIT,MVTec 3D-AD,PatchCore supervised-paired,62,eata_score_adapter,test,elara_master_c/predictions/v3_multisplit/M1-MVTEC-V3-MULTISPLIT__MVTec_3D-AD__PatchCore_supervised-paired/eata_score_adapter/test/seed_62.parquet,646,23353e9899a63431c2fe40ff990f4e233e1b950b71a1fc5953b4d78d89d69955,4b3682c65ab2bed95cb449d7e3a2cb229f1ea81f3944d7c9036cde7b4790dec9,f92c016b1f84a0fd3dfb301ca79ef2bceea77d38,True,True,2026-05-30T05:49:20Z
M1-MVTEC-V3-MULTISPLIT_sar_score_adapter_test_seed62_0f3857dc,M1-MVTEC-V3-MULTISPLIT,MVTec 3D-AD,PatchCore supervised-paired,62,sar_score_adapter,test,elara_master_c/predictions/v3_multisplit/M1-MVTEC-V3-MULTISPLIT__MVTec_3D-AD__PatchCore_supervised-paired/sar_score_adapter/test/seed_62.parquet,646,0f3857dc102f666d6c7340e73ef60ea14fbcba33a62854917ce46690e79082f7,4b3682c65ab2bed95cb449d7e3a2cb229f1ea81f3944d7c9036cde7b4790dec9,f92c016b1f84a0fd3dfb301ca79ef2bceea77d38,True,True,2026-05-30T05:49:20Z
M1-MVTEC-V3-MULTISPLIT_static_attention_test_seed63_4915815f,M1-MVTEC-V3-MULTISPLIT,MVTec 3D-AD,PatchCore supervised-paired,63,static_attention,test,elara_master_c/predictions/v3_multisplit/M1-MVTEC-V3-MULTISPLIT__MVTec_3D-AD__PatchCore_supervised-paired/static_attention/test/seed_63.parquet,646,4915815fe574f0d58e4acacd221eaebed8226144fdb29f6bb15892a0463575eb,4b3682c65ab2bed95cb449d7e3a2cb229f1ea81f3944d7c9036cde7b4790dec9,f92c016b1f84a0fd3dfb301ca79ef2bceea77d38,True,True,2026-05-30T05:49:35Z
M1-MVTEC-V3-MULTISPLIT_craf_attention_test_seed63_a5787877,M1-MVTEC-V3-MULTISPLIT,MVTec 3D-AD,PatchCore supervised-paired,63,craf_attention,test,elara_master_c/predictions/v3_multisplit/M1-MVTEC-V3-MULTISPLIT__MVTec_3D-AD__PatchCore_supervised-paired/craf_attention/test/seed_63.parquet,646,a5787877adde1a7eca659c96a3cc7c19f743222f1925d7d15acea31e409eaded,4b3682c65ab2bed95cb449d7e3a2cb229f1ea81f3944d7c9036cde7b4790dec9,f92c016b1f84a0fd3dfb301ca79ef2bceea77d38,True,True,2026-05-30T05:49:35Z
M1-MVTEC-V3-MULTISPLIT_rga_boosted_fusion_test_seed63_e5c60f6b,M1-MVTEC-V3-MULTISPLIT,MVTec 3D-AD,PatchCore supervised-paired,63,rga_boosted_fusion,test,elara_master_c/predictions/v3_multisplit/M1-MVTEC-V3-MULTISPLIT__MVTec_3D-AD__PatchCore_supervised-paired/rga_boosted_fusion/test/seed_63.parquet,646,e5c60f6b27186745c94b3d840ff7177b1ad51e52b182db3fe9c746aaf53300d9,4b3682c65ab2bed95cb449d7e3a2cb229f1ea81f3944d7c9036cde7b4790dec9,f92c016b1f84a0fd3dfb301ca79ef2bceea77d38,True,True,2026-05-30T05:49:35Z
M1-MVTEC-V3-MULTISPLIT_rga_meta_router_test_seed63_4d5bf8ed,M1-MVTEC-V3-MULTISPLIT,MVTec 3D-AD,PatchCore supervised-paired,63,rga_meta_router,test,elara_master_c/predictions/v3_multisplit/M1-MVTEC-V3-MULTISPLIT__MVTec_3D-AD__PatchCore_supervised-paired/rga_meta_router/test/seed_63.parquet,646,4d5bf8ed9d606ecc74ab3a39cb7fee6c299ed38be3d47c59e9a2098d1754b0d2,4b3682c65ab2bed95cb449d7e3a2cb229f1ea81f3944d7c9036cde7b4790dec9,f92c016b1f84a0fd3dfb301ca79ef2bceea77d38,True,True,2026-05-30T05:49:35Z
M1-MVTEC-V3-MULTISPLIT_early_fusion_mlp_test_seed63_a3a742ce,M1-MVTEC-V3-MULTISPLIT,MVTec 3D-AD,PatchCore supervised-paired,63,early_fusion_mlp,test,elara_master_c/predictions/v3_multisplit/M1-MVTEC-V3-MULTISPLIT__MVTec_3D-AD__PatchCore_supervised-paired/early_fusion_mlp/test/seed_63.parquet,646,a3a742ce69e9e6f9ca9ec260e3cb13745c6babb4eb6fdb2abf79fbf0c8250084,4b3682c65ab2bed95cb449d7e3a2cb229f1ea81f3944d7c9036cde7b4790dec9,f92c016b1f84a0fd3dfb301ca79ef2bceea77d38,True,True,2026-05-30T05:49:35Z
M1-MVTEC-V3-MULTISPLIT_late_fusion_ensemble_test_seed63_533e7139,M1-MVTEC-V3-MULTISPLIT,MVTec 3D-AD,PatchCore supervised-paired,63,late_fusion_ensemble,test,elara_master_c/predictions/v3_multisplit/M1-MVTEC-V3-MULTISPLIT__MVTec_3D-AD__PatchCore_supervised-paired/late_fusion_ensemble/test/seed_63.parquet,646,533e71393e847ee99f775e8af37f6143f6524a7e99d951db85ca1f48bfbc9f04,4b3682c65ab2bed95cb449d7e3a2cb229f1ea81f3944d7c9036cde7b4790dec9,f92c016b1f84a0fd3dfb301ca79ef2bceea77d38,True,True,2026-05-30T05:49:35Z
M1-MVTEC-V3-MULTISPLIT_random_forest_test_seed63_3bff760d,M1-MVTEC-V3-MULTISPLIT,MVTec 3D-AD,PatchCore supervised-paired,63,random_forest,test,elara_master_c/predictions/v3_multisplit/M1-MVTEC-V3-MULTISPLIT__MVTec_3D-AD__PatchCore_supervised-paired/random_forest/test/seed_63.parquet,646,3bff760decee3e773d28ec9a2effe64cdf4da52f4b6d6710816d33e1a9a9dbbe,4b3682c65ab2bed95cb449d7e3a2cb229f1ea81f3944d7c9036cde7b4790dec9,f92c016b1f84a0fd3dfb301ca79ef2bceea77d38,True,True,2026-05-30T05:49:35Z
M1-MVTEC-V3-MULTISPLIT_confidence_weighted_mean_test_seed63_d8321617,M1-MVTEC-V3-MULTISPLIT,MVTec 3D-AD,PatchCore supervised-paired,63,confidence_weighted_mean,test,elara_master_c/predictions/v3_multisplit/M1-MVTEC-V3-MULTISPLIT__MVTec_3D-AD__PatchCore_supervised-paired/confidence_weighted_mean/test/seed_63.parquet,646,d83216176e4dfcae0a14750129ff3414cd7ed2fe266e955b38f3d76c6c341aa8,4b3682c65ab2bed95cb449d7e3a2cb229f1ea81f3944d7c9036cde7b4790dec9,f92c016b1f84a0fd3dfb301ca79ef2bceea77d38,True,True,2026-05-30T05:49:35Z
M1-MVTEC-V3-MULTISPLIT_tent_score_adapter_test_seed63_3cbc2f70,M1-MVTEC-V3-MULTISPLIT,MVTec 3D-AD,PatchCore supervised-paired,63,tent_score_adapter,test,elara_master_c/predictions/v3_multisplit/M1-MVTEC-V3-MULTISPLIT__MVTec_3D-AD__PatchCore_supervised-paired/tent_score_adapter/test/seed_63.parquet,646,3cbc2f70697ec737d4b2831ea7d88c8a5222ab05be1695b99fa1e42f51493885,4b3682c65ab2bed95cb449d7e3a2cb229f1ea81f3944d7c9036cde7b4790dec9,f92c016b1f84a0fd3dfb301ca79ef2bceea77d38,True,True,2026-05-30T05:49:35Z
M1-MVTEC-V3-MULTISPLIT_ttt_pseudo_label_adapter_test_seed63_d8252be0,M1-MVTEC-V3-MULTISPLIT,MVTec 3D-AD,PatchCore supervised-paired,63,ttt_pseudo_label_adapter,test,elara_master_c/predictions/v3_multisplit/M1-MVTEC-V3-MULTISPLIT__MVTec_3D-AD__PatchCore_supervised-paired/ttt_pseudo_label_adapter/test/seed_63.parquet,646,d8252be071e59bf335f610693511f2b2fd77df46ba79d7109ab4077e264d1198,4b3682c65ab2bed95cb449d7e3a2cb229f1ea81f3944d7c9036cde7b4790dec9,f92c016b1f84a0fd3dfb301ca79ef2bceea77d38,True,True,2026-05-30T05:49:35Z
M1-MVTEC-V3-MULTISPLIT_eata_score_adapter_test_seed63_7926d5a9,M1-MVTEC-V3-MULTISPLIT,MVTec 3D-AD,PatchCore supervised-paired,63,eata_score_adapter,test,elara_master_c/predictions/v3_multisplit/M1-MVTEC-V3-MULTISPLIT__MVTec_3D-AD__PatchCore_supervised-paired/eata_score_adapter/test/seed_63.parquet,646,7926d5a93e4b2f0b3606c378dc554e786eb861feae253886be6f53e41e86fcd8,4b3682c65ab2bed95cb449d7e3a2cb229f1ea81f3944d7c9036cde7b4790dec9,f92c016b1f84a0fd3dfb301ca79ef2bceea77d38,True,True,2026-05-30T05:49:35Z
M1-MVTEC-V3-MULTISPLIT_sar_score_adapter_test_seed63_86a47531,M1-MVTEC-V3-MULTISPLIT,MVTec 3D-AD,PatchCore supervised-paired,63,sar_score_adapter,test,elara_master_c/predictions/v3_multisplit/M1-MVTEC-V3-MULTISPLIT__MVTec_3D-AD__PatchCore_supervised-paired/sar_score_adapter/test/seed_63.parquet,646,86a47531eae1cccf28c4a45fd94e471436e01313299254b747c37682da69970f,4b3682c65ab2bed95cb449d7e3a2cb229f1ea81f3944d7c9036cde7b4790dec9,f92c016b1f84a0fd3dfb301ca79ef2bceea77d38,True,True,2026-05-30T05:49:35Z
M1-MVTEC-V3-MULTISPLIT_static_attention_test_seed64_7ba61d74,M1-MVTEC-V3-MULTISPLIT,MVTec 3D-AD,PatchCore supervised-paired,64,static_attention,test,elara_master_c/predictions/v3_multisplit/M1-MVTEC-V3-MULTISPLIT__MVTec_3D-AD__PatchCore_supervised-paired/static_attention/test/seed_64.parquet,646,7ba61d74fc35d91455935cd239d2f453e8ec1398a2e17ba7d0d43f6b5f13b1f8,4b3682c65ab2bed95cb449d7e3a2cb229f1ea81f3944d7c9036cde7b4790dec9,f92c016b1f84a0fd3dfb301ca79ef2bceea77d38,True,True,2026-05-30T05:49:50Z
M1-MVTEC-V3-MULTISPLIT_craf_attention_test_seed64_5c433a8d,M1-MVTEC-V3-MULTISPLIT,MVTec 3D-AD,PatchCore supervised-paired,64,craf_attention,test,elara_master_c/predictions/v3_multisplit/M1-MVTEC-V3-MULTISPLIT__MVTec_3D-AD__PatchCore_supervised-paired/craf_attention/test/seed_64.parquet,646,5c433a8dbb804bb1e4cb0936238e804f8b44a0b0ab1b96c4a39db561016ae15d,4b3682c65ab2bed95cb449d7e3a2cb229f1ea81f3944d7c9036cde7b4790dec9,f92c016b1f84a0fd3dfb301ca79ef2bceea77d38,True,True,2026-05-30T05:49:50Z
M1-MVTEC-V3-MULTISPLIT_rga_boosted_fusion_test_seed64_aff25419,M1-MVTEC-V3-MULTISPLIT,MVTec 3D-AD,PatchCore supervised-paired,64,rga_boosted_fusion,test,elara_master_c/predictions/v3_multisplit/M1-MVTEC-V3-MULTISPLIT__MVTec_3D-AD__PatchCore_supervised-paired/rga_boosted_fusion/test/seed_64.parquet,646,aff254194dadc0e104e0f762c49aa6f2d06767e5bbf9d897b933ed913a785bad,4b3682c65ab2bed95cb449d7e3a2cb229f1ea81f3944d7c9036cde7b4790dec9,f92c016b1f84a0fd3dfb301ca79ef2bceea77d38,True,True,2026-05-30T05:49:50Z
M1-MVTEC-V3-MULTISPLIT_rga_meta_router_test_seed64_7e89d4d4,M1-MVTEC-V3-MULTISPLIT,MVTec 3D-AD,PatchCore supervised-paired,64,rga_meta_router,test,elara_master_c/predictions/v3_multisplit/M1-MVTEC-V3-MULTISPLIT__MVTec_3D-AD__PatchCore_supervised-paired/rga_meta_router/test/seed_64.parquet,646,7e89d4d438c291d30fdb40c2407a2acf24c59daa73b149513c272c6737aee6b7,4b3682c65ab2bed95cb449d7e3a2cb229f1ea81f3944d7c9036cde7b4790dec9,f92c016b1f84a0fd3dfb301ca79ef2bceea77d38,True,True,2026-05-30T05:49:50Z
M1-MVTEC-V3-MULTISPLIT_early_fusion_mlp_test_seed64_a3972232,M1-MVTEC-V3-MULTISPLIT,MVTec 3D-AD,PatchCore supervised-paired,64,early_fusion_mlp,test,elara_master_c/predictions/v3_multisplit/M1-MVTEC-V3-MULTISPLIT__MVTec_3D-AD__PatchCore_supervised-paired/early_fusion_mlp/test/seed_64.parquet,646,a3972232442232e4c5f1f3fc1b3839e78aa02064949f7dcee1b37bf8f20c2ee3,4b3682c65ab2bed95cb449d7e3a2cb229f1ea81f3944d7c9036cde7b4790dec9,f92c016b1f84a0fd3dfb301ca79ef2bceea77d38,True,True,2026-05-30T05:49:50Z
M1-MVTEC-V3-MULTISPLIT_late_fusion_ensemble_test_seed64_45fb40cf,M1-MVTEC-V3-MULTISPLIT,MVTec 3D-AD,PatchCore supervised-paired,64,late_fusion_ensemble,test,elara_master_c/predictions/v3_multisplit/M1-MVTEC-V3-MULTISPLIT__MVTec_3D-AD__PatchCore_supervised-paired/late_fusion_ensemble/test/seed_64.parquet,646,45fb40cf6815d379e97e9c66549a71dc2e34691836b94cf8e1cafcad2431566f,4b3682c65ab2bed95cb449d7e3a2cb229f1ea81f3944d7c9036cde7b4790dec9,f92c016b1f84a0fd3dfb301ca79ef2bceea77d38,True,True,2026-05-30T05:49:50Z
M1-MVTEC-V3-MULTISPLIT_random_forest_test_seed64_55e02b56,M1-MVTEC-V3-MULTISPLIT,MVTec 3D-AD,PatchCore supervised-paired,64,random_forest,test,elara_master_c/predictions/v3_multisplit/M1-MVTEC-V3-MULTISPLIT__MVTec_3D-AD__PatchCore_supervised-paired/random_forest/test/seed_64.parquet,646,55e02b5693a3055343fe93edec05addd25e665bbc705ec78de4a1c7fb80f4d14,4b3682c65ab2bed95cb449d7e3a2cb229f1ea81f3944d7c9036cde7b4790dec9,f92c016b1f84a0fd3dfb301ca79ef2bceea77d38,True,True,2026-05-30T05:49:50Z
M1-MVTEC-V3-MULTISPLIT_confidence_weighted_mean_test_seed64_a6fbf2d8,M1-MVTEC-V3-MULTISPLIT,MVTec 3D-AD,PatchCore supervised-paired,64,confidence_weighted_mean,test,elara_master_c/predictions/v3_multisplit/M1-MVTEC-V3-MULTISPLIT__MVTec_3D-AD__PatchCore_supervised-paired/confidence_weighted_mean/test/seed_64.parquet,646,a6fbf2d8af8073e55459960fcb7106d69740a76cb45068ec0546dd3018303bee,4b3682c65ab2bed95cb449d7e3a2cb229f1ea81f3944d7c9036cde7b4790dec9,f92c016b1f84a0fd3dfb301ca79ef2bceea77d38,True,True,2026-05-30T05:49:50Z
M1-MVTEC-V3-MULTISPLIT_tent_score_adapter_test_seed64_bcf1942d,M1-MVTEC-V3-MULTISPLIT,MVTec 3D-AD,PatchCore supervised-paired,64,tent_score_adapter,test,elara_master_c/predictions/v3_multisplit/M1-MVTEC-V3-MULTISPLIT__MVTec_3D-AD__PatchCore_supervised-paired/tent_score_adapter/test/seed_64.parquet,646,bcf1942dae15d554897e92fcba78876b484f69c78b70a985e1c5a0c0551c661a,4b3682c65ab2bed95cb449d7e3a2cb229f1ea81f3944d7c9036cde7b4790dec9,f92c016b1f84a0fd3dfb301ca79ef2bceea77d38,True,True,2026-05-30T05:49:50Z
M1-MVTEC-V3-MULTISPLIT_ttt_pseudo_label_adapter_test_seed64_11d7f240,M1-MVTEC-V3-MULTISPLIT,MVTec 3D-AD,PatchCore supervised-paired,64,ttt_pseudo_label_adapter,test,elara_master_c/predictions/v3_multisplit/M1-MVTEC-V3-MULTISPLIT__MVTec_3D-AD__PatchCore_supervised-paired/ttt_pseudo_label_adapter/test/seed_64.parquet,646,11d7f240bd5f9ae31e93e9eca6b4f103b14b65a7dbf850003b2d0c73c80af1cc,4b3682c65ab2bed95cb449d7e3a2cb229f1ea81f3944d7c9036cde7b4790dec9,f92c016b1f84a0fd3dfb301ca79ef2bceea77d38,True,True,2026-05-30T05:49:50Z
M1-MVTEC-V3-MULTISPLIT_eata_score_adapter_test_seed64_ce5ddaff,M1-MVTEC-V3-MULTISPLIT,MVTec 3D-AD,PatchCore supervised-paired,64,eata_score_adapter,test,elara_master_c/predictions/v3_multisplit/M1-MVTEC-V3-MULTISPLIT__MVTec_3D-AD__PatchCore_supervised-paired/eata_score_adapter/test/seed_64.parquet,646,ce5ddaffe937475efef6c9c159406310c77f5ae3b1fdbcda7a8c91fe3fa920c8,4b3682c65ab2bed95cb449d7e3a2cb229f1ea81f3944d7c9036cde7b4790dec9,f92c016b1f84a0fd3dfb301ca79ef2bceea77d38,True,True,2026-05-30T05:49:50Z
M1-MVTEC-V3-MULTISPLIT_sar_score_adapter_test_seed64_d226501a,M1-MVTEC-V3-MULTISPLIT,MVTec 3D-AD,PatchCore supervised-paired,64,sar_score_adapter,test,elara_master_c/predictions/v3_multisplit/M1-MVTEC-V3-MULTISPLIT__MVTec_3D-AD__PatchCore_supervised-paired/sar_score_adapter/test/seed_64.parquet,646,d226501a750d2d5a7c66c0b856f60971feb79521f9fb5831e4df9e268eaa0dcd,4b3682c65ab2bed95cb449d7e3a2cb229f1ea81f3944d7c9036cde7b4790dec9,f92c016b1f84a0fd3dfb301ca79ef2bceea77d38,True,True,2026-05-30T05:49:50Z
M1-MVTEC-V3-MULTISPLIT_static_attention_test_seed65_c5298ad6,M1-MVTEC-V3-MULTISPLIT,MVTec 3D-AD,PatchCore supervised-paired,65,static_attention,test,elara_master_c/predictions/v3_multisplit/M1-MVTEC-V3-MULTISPLIT__MVTec_3D-AD__PatchCore_supervised-paired/static_attention/test/seed_65.parquet,646,c5298ad6f1b74db3bcfe5dad7254fc583f3b326e7b9f3426f0c2435105a71e97,4b3682c65ab2bed95cb449d7e3a2cb229f1ea81f3944d7c9036cde7b4790dec9,f92c016b1f84a0fd3dfb301ca79ef2bceea77d38,True,True,2026-05-30T05:50:04Z
M1-MVTEC-V3-MULTISPLIT_craf_attention_test_seed65_d980ff78,M1-MVTEC-V3-MULTISPLIT,MVTec 3D-AD,PatchCore supervised-paired,65,craf_attention,test,elara_master_c/predictions/v3_multisplit/M1-MVTEC-V3-MULTISPLIT__MVTec_3D-AD__PatchCore_supervised-paired/craf_attention/test/seed_65.parquet,646,d980ff781e6121c02f7d8ec3c8a531b794cb9db68b9aa7b34819c5cb3800efaf,4b3682c65ab2bed95cb449d7e3a2cb229f1ea81f3944d7c9036cde7b4790dec9,f92c016b1f84a0fd3dfb301ca79ef2bceea77d38,True,True,2026-05-30T05:50:04Z
M1-MVTEC-V3-MULTISPLIT_rga_boosted_fusion_test_seed65_68c9f128,M1-MVTEC-V3-MULTISPLIT,MVTec 3D-AD,PatchCore supervised-paired,65,rga_boosted_fusion,test,elara_master_c/predictions/v3_multisplit/M1-MVTEC-V3-MULTISPLIT__MVTec_3D-AD__PatchCore_supervised-paired/rga_boosted_fusion/test/seed_65.parquet,646,68c9f12810b80cafd4e90958a1caae8fb85819458739809c6118bb4ce6a8ffbe,4b3682c65ab2bed95cb449d7e3a2cb229f1ea81f3944d7c9036cde7b4790dec9,f92c016b1f84a0fd3dfb301ca79ef2bceea77d38,True,True,2026-05-30T05:50:04Z
M1-MVTEC-V3-MULTISPLIT_rga_meta_router_test_seed65_d0b06995,M1-MVTEC-V3-MULTISPLIT,MVTec 3D-AD,PatchCore supervised-paired,65,rga_meta_router,test,elara_master_c/predictions/v3_multisplit/M1-MVTEC-V3-MULTISPLIT__MVTec_3D-AD__PatchCore_supervised-paired/rga_meta_router/test/seed_65.parquet,646,d0b06995e8638ef98e547df59a97b4b18d9fa7f02dbc8500d8ae3ee79f3e75f7,4b3682c65ab2bed95cb449d7e3a2cb229f1ea81f3944d7c9036cde7b4790dec9,f92c016b1f84a0fd3dfb301ca79ef2bceea77d38,True,True,2026-05-30T05:50:05Z
M1-MVTEC-V3-MULTISPLIT_early_fusion_mlp_test_seed65_e95fd62a,M1-MVTEC-V3-MULTISPLIT,MVTec 3D-AD,PatchCore supervised-paired,65,early_fusion_mlp,test,elara_master_c/predictions/v3_multisplit/M1-MVTEC-V3-MULTISPLIT__MVTec_3D-AD__PatchCore_supervised-paired/early_fusion_mlp/test/seed_65.parquet,646,e95fd62a5908bdd7b1835dc9b4f6bbdc55c0026c78a6f3ccd005084c81647026,4b3682c65ab2bed95cb449d7e3a2cb229f1ea81f3944d7c9036cde7b4790dec9,f92c016b1f84a0fd3dfb301ca79ef2bceea77d38,True,True,2026-05-30T05:50:05Z
M1-MVTEC-V3-MULTISPLIT_late_fusion_ensemble_test_seed65_35a72dd5,M1-MVTEC-V3-MULTISPLIT,MVTec 3D-AD,PatchCore supervised-paired,65,late_fusion_ensemble,test,elara_master_c/predictions/v3_multisplit/M1-MVTEC-V3-MULTISPLIT__MVTec_3D-AD__PatchCore_supervised-paired/late_fusion_ensemble/test/seed_65.parquet,646,35a72dd53c52bc6f32b52e0937551ef48219db44be555f1ff9f81a3c2223468c,4b3682c65ab2bed95cb449d7e3a2cb229f1ea81f3944d7c9036cde7b4790dec9,f92c016b1f84a0fd3dfb301ca79ef2bceea77d38,True,True,2026-05-30T05:50:05Z
M1-MVTEC-V3-MULTISPLIT_random_forest_test_seed65_60dc7201,M1-MVTEC-V3-MULTISPLIT,MVTec 3D-AD,PatchCore supervised-paired,65,random_forest,test,elara_master_c/predictions/v3_multisplit/M1-MVTEC-V3-MULTISPLIT__MVTec_3D-AD__PatchCore_supervised-paired/random_forest/test/seed_65.parquet,646,60dc7201cb95da39b3d5f3f1b697c649f037c98f560dab58a00e0595d19d0afa,4b3682c65ab2bed95cb449d7e3a2cb229f1ea81f3944d7c9036cde7b4790dec9,f92c016b1f84a0fd3dfb301ca79ef2bceea77d38,True,True,2026-05-30T05:50:05Z
M1-MVTEC-V3-MULTISPLIT_confidence_weighted_mean_test_seed65_35b45651,M1-MVTEC-V3-MULTISPLIT,MVTec 3D-AD,PatchCore supervised-paired,65,confidence_weighted_mean,test,elara_master_c/predictions/v3_multisplit/M1-MVTEC-V3-MULTISPLIT__MVTec_3D-AD__PatchCore_supervised-paired/confidence_weighted_mean/test/seed_65.parquet,646,35b45651883fb70316d741490cc75386476c8a789b1ddc2d96286a0f57e510ec,4b3682c65ab2bed95cb449d7e3a2cb229f1ea81f3944d7c9036cde7b4790dec9,f92c016b1f84a0fd3dfb301ca79ef2bceea77d38,True,True,2026-05-30T05:50:05Z
M1-MVTEC-V3-MULTISPLIT_tent_score_adapter_test_seed65_6d726db4,M1-MVTEC-V3-MULTISPLIT,MVTec 3D-AD,PatchCore supervised-paired,65,tent_score_adapter,test,elara_master_c/predictions/v3_multisplit/M1-MVTEC-V3-MULTISPLIT__MVTec_3D-AD__PatchCore_supervised-paired/tent_score_adapter/test/seed_65.parquet,646,6d726db49da4184aa2367054d3a402bcf14f131b1e1eb201fe49a74ceb802b17,4b3682c65ab2bed95cb449d7e3a2cb229f1ea81f3944d7c9036cde7b4790dec9,f92c016b1f84a0fd3dfb301ca79ef2bceea77d38,True,True,2026-05-30T05:50:05Z
M1-MVTEC-V3-MULTISPLIT_ttt_pseudo_label_adapter_test_seed65_271cfeeb,M1-MVTEC-V3-MULTISPLIT,MVTec 3D-AD,PatchCore supervised-paired,65,ttt_pseudo_label_adapter,test,elara_master_c/predictions/v3_multisplit/M1-MVTEC-V3-MULTISPLIT__MVTec_3D-AD__PatchCore_supervised-paired/ttt_pseudo_label_adapter/test/seed_65.parquet,646,271cfeeb749bd6276056b2bd9b95182ba23b702019e92cb58fa5e65094e91470,4b3682c65ab2bed95cb449d7e3a2cb229f1ea81f3944d7c9036cde7b4790dec9,f92c016b1f84a0fd3dfb301ca79ef2bceea77d38,True,True,2026-05-30T05:50:05Z
M1-MVTEC-V3-MULTISPLIT_eata_score_adapter_test_seed65_12758821,M1-MVTEC-V3-MULTISPLIT,MVTec 3D-AD,PatchCore supervised-paired,65,eata_score_adapter,test,elara_master_c/predictions/v3_multisplit/M1-MVTEC-V3-MULTISPLIT__MVTec_3D-AD__PatchCore_supervised-paired/eata_score_adapter/test/seed_65.parquet,646,127588217205b9702fba5b300f618279a4779f38be1abfeb59a4e1b22fd71ece,4b3682c65ab2bed95cb449d7e3a2cb229f1ea81f3944d7c9036cde7b4790dec9,f92c016b1f84a0fd3dfb301ca79ef2bceea77d38,True,True,2026-05-30T05:50:05Z
M1-MVTEC-V3-MULTISPLIT_sar_score_adapter_test_seed65_2c3714b0,M1-MVTEC-V3-MULTISPLIT,MVTec 3D-AD,PatchCore supervised-paired,65,sar_score_adapter,test,elara_master_c/predictions/v3_multisplit/M1-MVTEC-V3-MULTISPLIT__MVTec_3D-AD__PatchCore_supervised-paired/sar_score_adapter/test/seed_65.parquet,646,2c3714b064d8874a041335ff276f0d71168b454267685e0805e0b0f0a477f2e4,4b3682c65ab2bed95cb449d7e3a2cb229f1ea81f3944d7c9036cde7b4790dec9,f92c016b1f84a0fd3dfb301ca79ef2bceea77d38,True,True,2026-05-30T05:50:05Z
M1-MVTEC-V3-MULTISPLIT_static_attention_test_seed66_54cbf607,M1-MVTEC-V3-MULTISPLIT,MVTec 3D-AD,PatchCore supervised-paired,66,static_attention,test,elara_master_c/predictions/v3_multisplit/M1-MVTEC-V3-MULTISPLIT__MVTec_3D-AD__PatchCore_supervised-paired/static_attention/test/seed_66.parquet,646,54cbf6070f86ab5fff5b89f1222b7bda2afc8408997b5c1855a4f4fd4330d27d,4b3682c65ab2bed95cb449d7e3a2cb229f1ea81f3944d7c9036cde7b4790dec9,f92c016b1f84a0fd3dfb301ca79ef2bceea77d38,True,True,2026-05-30T05:50:19Z
M1-MVTEC-V3-MULTISPLIT_craf_attention_test_seed66_75fd13e3,M1-MVTEC-V3-MULTISPLIT,MVTec 3D-AD,PatchCore supervised-paired,66,craf_attention,test,elara_master_c/predictions/v3_multisplit/M1-MVTEC-V3-MULTISPLIT__MVTec_3D-AD__PatchCore_supervised-paired/craf_attention/test/seed_66.parquet,646,75fd13e33b227edb9996a54eca2cdcb6f3983ecf1fc8eaa6a398a781863aa985,4b3682c65ab2bed95cb449d7e3a2cb229f1ea81f3944d7c9036cde7b4790dec9,f92c016b1f84a0fd3dfb301ca79ef2bceea77d38,True,True,2026-05-30T05:50:19Z
M1-MVTEC-V3-MULTISPLIT_rga_boosted_fusion_test_seed66_1d599cc8,M1-MVTEC-V3-MULTISPLIT,MVTec 3D-AD,PatchCore supervised-paired,66,rga_boosted_fusion,test,elara_master_c/predictions/v3_multisplit/M1-MVTEC-V3-MULTISPLIT__MVTec_3D-AD__PatchCore_supervised-paired/rga_boosted_fusion/test/seed_66.parquet,646,1d599cc8ad21b132712a5199f4b577cb2d490784ae86c884a31721e767066405,4b3682c65ab2bed95cb449d7e3a2cb229f1ea81f3944d7c9036cde7b4790dec9,f92c016b1f84a0fd3dfb301ca79ef2bceea77d38,True,True,2026-05-30T05:50:19Z
M1-MVTEC-V3-MULTISPLIT_rga_meta_router_test_seed66_ce936c97,M1-MVTEC-V3-MULTISPLIT,MVTec 3D-AD,PatchCore supervised-paired,66,rga_meta_router,test,elara_master_c/predictions/v3_multisplit/M1-MVTEC-V3-MULTISPLIT__MVTec_3D-AD__PatchCore_supervised-paired/rga_meta_router/test/seed_66.parquet,646,ce936c977da1d09e2843234a6282ed6c71fb0741d86ee15f20678c7736152122,4b3682c65ab2bed95cb449d7e3a2cb229f1ea81f3944d7c9036cde7b4790dec9,f92c016b1f84a0fd3dfb301ca79ef2bceea77d38,True,True,2026-05-30T05:50:19Z
M1-MVTEC-V3-MULTISPLIT_early_fusion_mlp_test_seed66_8f62b79b,M1-MVTEC-V3-MULTISPLIT,MVTec 3D-AD,PatchCore supervised-paired,66,early_fusion_mlp,test,elara_master_c/predictions/v3_multisplit/M1-MVTEC-V3-MULTISPLIT__MVTec_3D-AD__PatchCore_supervised-paired/early_fusion_mlp/test/seed_66.parquet,646,8f62b79bb92194c62775995b23e6211f2059ddbf918260d29fb600cdf863a70f,4b3682c65ab2bed95cb449d7e3a2cb229f1ea81f3944d7c9036cde7b4790dec9,f92c016b1f84a0fd3dfb301ca79ef2bceea77d38,True,True,2026-05-30T05:50:19Z
M1-MVTEC-V3-MULTISPLIT_late_fusion_ensemble_test_seed66_b1866b09,M1-MVTEC-V3-MULTISPLIT,MVTec 3D-AD,PatchCore supervised-paired,66,late_fusion_ensemble,test,elara_master_c/predictions/v3_multisplit/M1-MVTEC-V3-MULTISPLIT__MVTec_3D-AD__PatchCore_supervised-paired/late_fusion_ensemble/test/seed_66.parquet,646,b1866b0948639b4852acf3f6c6baf1db5016d44e8e303245c58655efa93a9d29,4b3682c65ab2bed95cb449d7e3a2cb229f1ea81f3944d7c9036cde7b4790dec9,f92c016b1f84a0fd3dfb301ca79ef2bceea77d38,True,True,2026-05-30T05:50:19Z
M1-MVTEC-V3-MULTISPLIT_random_forest_test_seed66_02801703,M1-MVTEC-V3-MULTISPLIT,MVTec 3D-AD,PatchCore supervised-paired,66,random_forest,test,elara_master_c/predictions/v3_multisplit/M1-MVTEC-V3-MULTISPLIT__MVTec_3D-AD__PatchCore_supervised-paired/random_forest/test/seed_66.parquet,646,02801703bc2f5fb5ffc8c6a6253b117566c9afc5b6d4050c8654c0dcfe7fd0da,4b3682c65ab2bed95cb449d7e3a2cb229f1ea81f3944d7c9036cde7b4790dec9,f92c016b1f84a0fd3dfb301ca79ef2bceea77d38,True,True,2026-05-30T05:50:19Z
M1-MVTEC-V3-MULTISPLIT_confidence_weighted_mean_test_seed66_458a4b9c,M1-MVTEC-V3-MULTISPLIT,MVTec 3D-AD,PatchCore supervised-paired,66,confidence_weighted_mean,test,elara_master_c/predictions/v3_multisplit/M1-MVTEC-V3-MULTISPLIT__MVTec_3D-AD__PatchCore_supervised-paired/confidence_weighted_mean/test/seed_66.parquet,646,458a4b9caab41668e5a9d7f9d26d7dff3a149aae55688793cb06772fdd18678b,4b3682c65ab2bed95cb449d7e3a2cb229f1ea81f3944d7c9036cde7b4790dec9,f92c016b1f84a0fd3dfb301ca79ef2bceea77d38,True,True,2026-05-30T05:50:19Z
M1-MVTEC-V3-MULTISPLIT_tent_score_adapter_test_seed66_61694a71,M1-MVTEC-V3-MULTISPLIT,MVTec 3D-AD,PatchCore supervised-paired,66,tent_score_adapter,test,elara_master_c/predictions/v3_multisplit/M1-MVTEC-V3-MULTISPLIT__MVTec_3D-AD__PatchCore_supervised-paired/tent_score_adapter/test/seed_66.parquet,646,61694a71ee5f5670765acbc1bdad08a0bc1485fb63905b27cd3d8f4bed27b767,4b3682c65ab2bed95cb449d7e3a2cb229f1ea81f3944d7c9036cde7b4790dec9,f92c016b1f84a0fd3dfb301ca79ef2bceea77d38,True,True,2026-05-30T05:50:19Z
M1-MVTEC-V3-MULTISPLIT_ttt_pseudo_label_adapter_test_seed66_74dd0e86,M1-MVTEC-V3-MULTISPLIT,MVTec 3D-AD,PatchCore supervised-paired,66,ttt_pseudo_label_adapter,test,elara_master_c/predictions/v3_multisplit/M1-MVTEC-V3-MULTISPLIT__MVTec_3D-AD__PatchCore_supervised-paired/ttt_pseudo_label_adapter/test/seed_66.parquet,646,74dd0e86a83a5722f1c7f04d849def719c6aee32130d7d0d4b533cf5a8fb4170,4b3682c65ab2bed95cb449d7e3a2cb229f1ea81f3944d7c9036cde7b4790dec9,f92c016b1f84a0fd3dfb301ca79ef2bceea77d38,True,True,2026-05-30T05:50:19Z
M1-MVTEC-V3-MULTISPLIT_eata_score_adapter_test_seed66_7e3ecc82,M1-MVTEC-V3-MULTISPLIT,MVTec 3D-AD,PatchCore supervised-paired,66,eata_score_adapter,test,elara_master_c/predictions/v3_multisplit/M1-MVTEC-V3-MULTISPLIT__MVTec_3D-AD__PatchCore_supervised-paired/eata_score_adapter/test/seed_66.parquet,646,7e3ecc82019edcc48a052ee87310f417a6221d8cde03d4ffa30f65b2a76254ef,4b3682c65ab2bed95cb449d7e3a2cb229f1ea81f3944d7c9036cde7b4790dec9,f92c016b1f84a0fd3dfb301ca79ef2bceea77d38,True,True,2026-05-30T05:50:19Z
M1-MVTEC-V3-MULTISPLIT_sar_score_adapter_test_seed66_2862828d,M1-MVTEC-V3-MULTISPLIT,MVTec 3D-AD,PatchCore supervised-paired,66,sar_score_adapter,test,elara_master_c/predictions/v3_multisplit/M1-MVTEC-V3-MULTISPLIT__MVTec_3D-AD__PatchCore_supervised-paired/sar_score_adapter/test/seed_66.parquet,646,2862828d612d13e001c322d5fa4dece96c9e6c86db373e7ed727df386d312201,4b3682c65ab2bed95cb449d7e3a2cb229f1ea81f3944d7c9036cde7b4790dec9,f92c016b1f84a0fd3dfb301ca79ef2bceea77d38,True,True,2026-05-30T05:50:19Z
M1-MVTEC-V3-MULTISPLIT_static_attention_test_seed67_495d13d0,M1-MVTEC-V3-MULTISPLIT,MVTec 3D-AD,PatchCore supervised-paired,67,static_attention,test,elara_master_c/predictions/v3_multisplit/M1-MVTEC-V3-MULTISPLIT__MVTec_3D-AD__PatchCore_supervised-paired/static_attention/test/seed_67.parquet,646,495d13d004955dd01d45ada455db63330253e6c3565c60a9af43099b5e07b3df,4b3682c65ab2bed95cb449d7e3a2cb229f1ea81f3944d7c9036cde7b4790dec9,f92c016b1f84a0fd3dfb301ca79ef2bceea77d38,True,True,2026-05-30T05:50:34Z
M1-MVTEC-V3-MULTISPLIT_craf_attention_test_seed67_73e2afce,M1-MVTEC-V3-MULTISPLIT,MVTec 3D-AD,PatchCore supervised-paired,67,craf_attention,test,elara_master_c/predictions/v3_multisplit/M1-MVTEC-V3-MULTISPLIT__MVTec_3D-AD__PatchCore_supervised-paired/craf_attention/test/seed_67.parquet,646,73e2afceb66fe5f73c9335acae6ff864918a9ec33b321c8501a2aa0683151103,4b3682c65ab2bed95cb449d7e3a2cb229f1ea81f3944d7c9036cde7b4790dec9,f92c016b1f84a0fd3dfb301ca79ef2bceea77d38,True,True,2026-05-30T05:50:34Z
M1-MVTEC-V3-MULTISPLIT_rga_boosted_fusion_test_seed67_65b92ee9,M1-MVTEC-V3-MULTISPLIT,MVTec 3D-AD,PatchCore supervised-paired,67,rga_boosted_fusion,test,elara_master_c/predictions/v3_multisplit/M1-MVTEC-V3-MULTISPLIT__MVTec_3D-AD__PatchCore_supervised-paired/rga_boosted_fusion/test/seed_67.parquet,646,65b92ee9850b793cc0bde4eb40f7a5402db73c826819479c6414a6f1640f7e4e,4b3682c65ab2bed95cb449d7e3a2cb229f1ea81f3944d7c9036cde7b4790dec9,f92c016b1f84a0fd3dfb301ca79ef2bceea77d38,True,True,2026-05-30T05:50:34Z
M1-MVTEC-V3-MULTISPLIT_rga_meta_router_test_seed67_d735c7c1,M1-MVTEC-V3-MULTISPLIT,MVTec 3D-AD,PatchCore supervised-paired,67,rga_meta_router,test,elara_master_c/predictions/v3_multisplit/M1-MVTEC-V3-MULTISPLIT__MVTec_3D-AD__PatchCore_supervised-paired/rga_meta_router/test/seed_67.parquet,646,d735c7c111b583ccbab1f26f7b8443e733f99e5b3815221bde42f19a4c7b26b1,4b3682c65ab2bed95cb449d7e3a2cb229f1ea81f3944d7c9036cde7b4790dec9,f92c016b1f84a0fd3dfb301ca79ef2bceea77d38,True,True,2026-05-30T05:50:34Z
M1-MVTEC-V3-MULTISPLIT_early_fusion_mlp_test_seed67_11f23e2a,M1-MVTEC-V3-MULTISPLIT,MVTec 3D-AD,PatchCore supervised-paired,67,early_fusion_mlp,test,elara_master_c/predictions/v3_multisplit/M1-MVTEC-V3-MULTISPLIT__MVTec_3D-AD__PatchCore_supervised-paired/early_fusion_mlp/test/seed_67.parquet,646,11f23e2ae0dbe0871c276e6af3aef69595a029fb3ba97da0ce10b04f9da95cd2,4b3682c65ab2bed95cb449d7e3a2cb229f1ea81f3944d7c9036cde7b4790dec9,f92c016b1f84a0fd3dfb301ca79ef2bceea77d38,True,True,2026-05-30T05:50:34Z
M1-MVTEC-V3-MULTISPLIT_late_fusion_ensemble_test_seed67_17f508cc,M1-MVTEC-V3-MULTISPLIT,MVTec 3D-AD,PatchCore supervised-paired,67,late_fusion_ensemble,test,elara_master_c/predictions/v3_multisplit/M1-MVTEC-V3-MULTISPLIT__MVTec_3D-AD__PatchCore_supervised-paired/late_fusion_ensemble/test/seed_67.parquet,646,17f508cc02d8716c92fc0d743cccbd25263e938cbc859f45ce26fbde3e56dc41,4b3682c65ab2bed95cb449d7e3a2cb229f1ea81f3944d7c9036cde7b4790dec9,f92c016b1f84a0fd3dfb301ca79ef2bceea77d38,True,True,2026-05-30T05:50:34Z
M1-MVTEC-V3-MULTISPLIT_random_forest_test_seed67_572589c6,M1-MVTEC-V3-MULTISPLIT,MVTec 3D-AD,PatchCore supervised-paired,67,random_forest,test,elara_master_c/predictions/v3_multisplit/M1-MVTEC-V3-MULTISPLIT__MVTec_3D-AD__PatchCore_supervised-paired/random_forest/test/seed_67.parquet,646,572589c6b4e74bc598fab09260728bd44f609a1f3e96ebafd26a1e28c6c5e0e1,4b3682c65ab2bed95cb449d7e3a2cb229f1ea81f3944d7c9036cde7b4790dec9,f92c016b1f84a0fd3dfb301ca79ef2bceea77d38,True,True,2026-05-30T05:50:34Z
M1-MVTEC-V3-MULTISPLIT_confidence_weighted_mean_test_seed67_364b7ffd,M1-MVTEC-V3-MULTISPLIT,MVTec 3D-AD,PatchCore supervised-paired,67,confidence_weighted_mean,test,elara_master_c/predictions/v3_multisplit/M1-MVTEC-V3-MULTISPLIT__MVTec_3D-AD__PatchCore_supervised-paired/confidence_weighted_mean/test/seed_67.parquet,646,364b7ffd57fdf116697f0d10ec8bc965fc6a9b6dcb2d583a4ea474419ac89673,4b3682c65ab2bed95cb449d7e3a2cb229f1ea81f3944d7c9036cde7b4790dec9,f92c016b1f84a0fd3dfb301ca79ef2bceea77d38,True,True,2026-05-30T05:50:34Z
M1-MVTEC-V3-MULTISPLIT_tent_score_adapter_test_seed67_c3ff0194,M1-MVTEC-V3-MULTISPLIT,MVTec 3D-AD,PatchCore supervised-paired,67,tent_score_adapter,test,elara_master_c/predictions/v3_multisplit/M1-MVTEC-V3-MULTISPLIT__MVTec_3D-AD__PatchCore_supervised-paired/tent_score_adapter/test/seed_67.parquet,646,c3ff0194439b9729389a29d5a8c5db6ae62cb4279e5f83e04861253f8df6eaf9,4b3682c65ab2bed95cb449d7e3a2cb229f1ea81f3944d7c9036cde7b4790dec9,f92c016b1f84a0fd3dfb301ca79ef2bceea77d38,True,True,2026-05-30T05:50:34Z
M1-MVTEC-V3-MULTISPLIT_ttt_pseudo_label_adapter_test_seed67_2b7f8ada,M1-MVTEC-V3-MULTISPLIT,MVTec 3D-AD,PatchCore supervised-paired,67,ttt_pseudo_label_adapter,test,elara_master_c/predictions/v3_multisplit/M1-MVTEC-V3-MULTISPLIT__MVTec_3D-AD__PatchCore_supervised-paired/ttt_pseudo_label_adapter/test/seed_67.parquet,646,2b7f8adadd9056c2125e7538fa60110acb6764d3d074a29b68d3b35ca9f3a84a,4b3682c65ab2bed95cb449d7e3a2cb229f1ea81f3944d7c9036cde7b4790dec9,f92c016b1f84a0fd3dfb301ca79ef2bceea77d38,True,True,2026-05-30T05:50:34Z
M1-MVTEC-V3-MULTISPLIT_eata_score_adapter_test_seed67_81399008,M1-MVTEC-V3-MULTISPLIT,MVTec 3D-AD,PatchCore supervised-paired,67,eata_score_adapter,test,elara_master_c/predictions/v3_multisplit/M1-MVTEC-V3-MULTISPLIT__MVTec_3D-AD__PatchCore_supervised-paired/eata_score_adapter/test/seed_67.parquet,646,813990080ec6fad2717d2019f2f075af50d2370a1b5735c8b35c0754fb3a5440,4b3682c65ab2bed95cb449d7e3a2cb229f1ea81f3944d7c9036cde7b4790dec9,f92c016b1f84a0fd3dfb301ca79ef2bceea77d38,True,True,2026-05-30T05:50:34Z
M1-MVTEC-V3-MULTISPLIT_sar_score_adapter_test_seed67_452ea59f,M1-MVTEC-V3-MULTISPLIT,MVTec 3D-AD,PatchCore supervised-paired,67,sar_score_adapter,test,elara_master_c/predictions/v3_multisplit/M1-MVTEC-V3-MULTISPLIT__MVTec_3D-AD__PatchCore_supervised-paired/sar_score_adapter/test/seed_67.parquet,646,452ea59f7b941a4bbddbb735036af714c4a4641aca616c5188f86c3322042063,4b3682c65ab2bed95cb449d7e3a2cb229f1ea81f3944d7c9036cde7b4790dec9,f92c016b1f84a0fd3dfb301ca79ef2bceea77d38,True,True,2026-05-30T05:50:34Z
M1-MVTEC-V3-MULTISPLIT_static_attention_test_seed68_b14ef582,M1-MVTEC-V3-MULTISPLIT,MVTec 3D-AD,PatchCore supervised-paired,68,static_attention,test,elara_master_c/predictions/v3_multisplit/M1-MVTEC-V3-MULTISPLIT__MVTec_3D-AD__PatchCore_supervised-paired/static_attention/test/seed_68.parquet,646,b14ef5827c8af6dd644afce8e75996c700e8f034b388f7d760a1b1170fde2cf9,4b3682c65ab2bed95cb449d7e3a2cb229f1ea81f3944d7c9036cde7b4790dec9,f92c016b1f84a0fd3dfb301ca79ef2bceea77d38,True,True,2026-05-30T05:50:49Z
M1-MVTEC-V3-MULTISPLIT_craf_attention_test_seed68_4b45c3de,M1-MVTEC-V3-MULTISPLIT,MVTec 3D-AD,PatchCore supervised-paired,68,craf_attention,test,elara_master_c/predictions/v3_multisplit/M1-MVTEC-V3-MULTISPLIT__MVTec_3D-AD__PatchCore_supervised-paired/craf_attention/test/seed_68.parquet,646,4b45c3de1c9472baf06fb7b4af15134fae0f7ac3a82c45036f3da1f4d0edece6,4b3682c65ab2bed95cb449d7e3a2cb229f1ea81f3944d7c9036cde7b4790dec9,f92c016b1f84a0fd3dfb301ca79ef2bceea77d38,True,True,2026-05-30T05:50:49Z
M1-MVTEC-V3-MULTISPLIT_rga_boosted_fusion_test_seed68_7bbcfe2a,M1-MVTEC-V3-MULTISPLIT,MVTec 3D-AD,PatchCore supervised-paired,68,rga_boosted_fusion,test,elara_master_c/predictions/v3_multisplit/M1-MVTEC-V3-MULTISPLIT__MVTec_3D-AD__PatchCore_supervised-paired/rga_boosted_fusion/test/seed_68.parquet,646,7bbcfe2ad70cdc38c09356f7eb5d4f1f9a7ad96798e3580cc4cee9464e686494,4b3682c65ab2bed95cb449d7e3a2cb229f1ea81f3944d7c9036cde7b4790dec9,f92c016b1f84a0fd3dfb301ca79ef2bceea77d38,True,True,2026-05-30T05:50:49Z
M1-MVTEC-V3-MULTISPLIT_rga_meta_router_test_seed68_7e2b28fe,M1-MVTEC-V3-MULTISPLIT,MVTec 3D-AD,PatchCore supervised-paired,68,rga_meta_router,test,elara_master_c/predictions/v3_multisplit/M1-MVTEC-V3-MULTISPLIT__MVTec_3D-AD__PatchCore_supervised-paired/rga_meta_router/test/seed_68.parquet,646,7e2b28fe75c50df0f3a617aa9cccc840cbe61c6fe95e347d561d59949be7c4af,4b3682c65ab2bed95cb449d7e3a2cb229f1ea81f3944d7c9036cde7b4790dec9,f92c016b1f84a0fd3dfb301ca79ef2bceea77d38,True,True,2026-05-30T05:50:49Z
M1-MVTEC-V3-MULTISPLIT_early_fusion_mlp_test_seed68_152b4966,M1-MVTEC-V3-MULTISPLIT,MVTec 3D-AD,PatchCore supervised-paired,68,early_fusion_mlp,test,elara_master_c/predictions/v3_multisplit/M1-MVTEC-V3-MULTISPLIT__MVTec_3D-AD__PatchCore_supervised-paired/early_fusion_mlp/test/seed_68.parquet,646,152b4966a9bb7ae55a205ca7012fcca479f6ec551d1f4468e496fe902fe4ef71,4b3682c65ab2bed95cb449d7e3a2cb229f1ea81f3944d7c9036cde7b4790dec9,f92c016b1f84a0fd3dfb301ca79ef2bceea77d38,True,True,2026-05-30T05:50:49Z
M1-MVTEC-V3-MULTISPLIT_late_fusion_ensemble_test_seed68_f00abd11,M1-MVTEC-V3-MULTISPLIT,MVTec 3D-AD,PatchCore supervised-paired,68,late_fusion_ensemble,test,elara_master_c/predictions/v3_multisplit/M1-MVTEC-V3-MULTISPLIT__MVTec_3D-AD__PatchCore_supervised-paired/late_fusion_ensemble/test/seed_68.parquet,646,f00abd1124fd76ddb771b7618d6226874c9d33f03fdb9b7d0bcc5728de96a339,4b3682c65ab2bed95cb449d7e3a2cb229f1ea81f3944d7c9036cde7b4790dec9,f92c016b1f84a0fd3dfb301ca79ef2bceea77d38,True,True,2026-05-30T05:50:49Z
M1-MVTEC-V3-MULTISPLIT_random_forest_test_seed68_705b44d4,M1-MVTEC-V3-MULTISPLIT,MVTec 3D-AD,PatchCore supervised-paired,68,random_forest,test,elara_master_c/predictions/v3_multisplit/M1-MVTEC-V3-MULTISPLIT__MVTec_3D-AD__PatchCore_supervised-paired/random_forest/test/seed_68.parquet,646,705b44d48fc9c426092b03d488e74e2a6949197a81cc259a977bc7cbce4b2b07,4b3682c65ab2bed95cb449d7e3a2cb229f1ea81f3944d7c9036cde7b4790dec9,f92c016b1f84a0fd3dfb301ca79ef2bceea77d38,True,True,2026-05-30T05:50:49Z
M1-MVTEC-V3-MULTISPLIT_confidence_weighted_mean_test_seed68_8969479f,M1-MVTEC-V3-MULTISPLIT,MVTec 3D-AD,PatchCore supervised-paired,68,confidence_weighted_mean,test,elara_master_c/predictions/v3_multisplit/M1-MVTEC-V3-MULTISPLIT__MVTec_3D-AD__PatchCore_supervised-paired/confidence_weighted_mean/test/seed_68.parquet,646,8969479fde9a930e22a203ad469585b8fefb52b1e8f176d5aecc706a841410ca,4b3682c65ab2bed95cb449d7e3a2cb229f1ea81f3944d7c9036cde7b4790dec9,f92c016b1f84a0fd3dfb301ca79ef2bceea77d38,True,True,2026-05-30T05:50:49Z
M1-MVTEC-V3-MULTISPLIT_tent_score_adapter_test_seed68_d9f2a1a8,M1-MVTEC-V3-MULTISPLIT,MVTec 3D-AD,PatchCore supervised-paired,68,tent_score_adapter,test,elara_master_c/predictions/v3_multisplit/M1-MVTEC-V3-MULTISPLIT__MVTec_3D-AD__PatchCore_supervised-paired/tent_score_adapter/test/seed_68.parquet,646,d9f2a1a8496844c69415720ffcb69d2cefe41c81adb794753de06786b6a697d7,4b3682c65ab2bed95cb449d7e3a2cb229f1ea81f3944d7c9036cde7b4790dec9,f92c016b1f84a0fd3dfb301ca79ef2bceea77d38,True,True,2026-05-30T05:50:49Z
M1-MVTEC-V3-MULTISPLIT_ttt_pseudo_label_adapter_test_seed68_80e5a445,M1-MVTEC-V3-MULTISPLIT,MVTec 3D-AD,PatchCore supervised-paired,68,ttt_pseudo_label_adapter,test,elara_master_c/predictions/v3_multisplit/M1-MVTEC-V3-MULTISPLIT__MVTec_3D-AD__PatchCore_supervised-paired/ttt_pseudo_label_adapter/test/seed_68.parquet,646,80e5a445680264df4e40f9563fcb7c11071403ca59d0d62375bd08afa035abd8,4b3682c65ab2bed95cb449d7e3a2cb229f1ea81f3944d7c9036cde7b4790dec9,f92c016b1f84a0fd3dfb301ca79ef2bceea77d38,True,True,2026-05-30T05:50:49Z
M1-MVTEC-V3-MULTISPLIT_eata_score_adapter_test_seed68_0cd337c7,M1-MVTEC-V3-MULTISPLIT,MVTec 3D-AD,PatchCore supervised-paired,68,eata_score_adapter,test,elara_master_c/predictions/v3_multisplit/M1-MVTEC-V3-MULTISPLIT__MVTec_3D-AD__PatchCore_supervised-paired/eata_score_adapter/test/seed_68.parquet,646,0cd337c7116c9dcb59a8c491ec910f23b6a7e7c1c102756401e60ede10deca83,4b3682c65ab2bed95cb449d7e3a2cb229f1ea81f3944d7c9036cde7b4790dec9,f92c016b1f84a0fd3dfb301ca79ef2bceea77d38,True,True,2026-05-30T05:50:49Z
M1-MVTEC-V3-MULTISPLIT_sar_score_adapter_test_seed68_ab4db238,M1-MVTEC-V3-MULTISPLIT,MVTec 3D-AD,PatchCore supervised-paired,68,sar_score_adapter,test,elara_master_c/predictions/v3_multisplit/M1-MVTEC-V3-MULTISPLIT__MVTec_3D-AD__PatchCore_supervised-paired/sar_score_adapter/test/seed_68.parquet,646,ab4db2382576c98984aa14eb41593beb63840d9a56465e85810ef171614d038d,4b3682c65ab2bed95cb449d7e3a2cb229f1ea81f3944d7c9036cde7b4790dec9,f92c016b1f84a0fd3dfb301ca79ef2bceea77d38,True,True,2026-05-30T05:50:49Z
M1-MVTEC-V3-MULTISPLIT_static_attention_test_seed69_c3f42328,M1-MVTEC-V3-MULTISPLIT,MVTec 3D-AD,PatchCore supervised-paired,69,static_attention,test,elara_master_c/predictions/v3_multisplit/M1-MVTEC-V3-MULTISPLIT__MVTec_3D-AD__PatchCore_supervised-paired/static_attention/test/seed_69.parquet,646,c3f42328010f8b82ba07f8f0f4e63e458736406d6705fb8ef2a5db5e9dc09fb9,4b3682c65ab2bed95cb449d7e3a2cb229f1ea81f3944d7c9036cde7b4790dec9,f92c016b1f84a0fd3dfb301ca79ef2bceea77d38,True,True,2026-05-30T05:51:04Z
M1-MVTEC-V3-MULTISPLIT_craf_attention_test_seed69_43d550b5,M1-MVTEC-V3-MULTISPLIT,MVTec 3D-AD,PatchCore supervised-paired,69,craf_attention,test,elara_master_c/predictions/v3_multisplit/M1-MVTEC-V3-MULTISPLIT__MVTec_3D-AD__PatchCore_supervised-paired/craf_attention/test/seed_69.parquet,646,43d550b5df2cb0c747f9cde7ad737db3329d372d5e54c0885702b1c98f1ddf21,4b3682c65ab2bed95cb449d7e3a2cb229f1ea81f3944d7c9036cde7b4790dec9,f92c016b1f84a0fd3dfb301ca79ef2bceea77d38,True,True,2026-05-30T05:51:04Z
M1-MVTEC-V3-MULTISPLIT_rga_boosted_fusion_test_seed69_63921ed1,M1-MVTEC-V3-MULTISPLIT,MVTec 3D-AD,PatchCore supervised-paired,69,rga_boosted_fusion,test,elara_master_c/predictions/v3_multisplit/M1-MVTEC-V3-MULTISPLIT__MVTec_3D-AD__PatchCore_supervised-paired/rga_boosted_fusion/test/seed_69.parquet,646,63921ed13432b573a43b3a0e23ad442a3150e43535b0ef22b2b1df0876cc06da,4b3682c65ab2bed95cb449d7e3a2cb229f1ea81f3944d7c9036cde7b4790dec9,f92c016b1f84a0fd3dfb301ca79ef2bceea77d38,True,True,2026-05-30T05:51:04Z
M1-MVTEC-V3-MULTISPLIT_rga_meta_router_test_seed69_28a5f213,M1-MVTEC-V3-MULTISPLIT,MVTec 3D-AD,PatchCore supervised-paired,69,rga_meta_router,test,elara_master_c/predictions/v3_multisplit/M1-MVTEC-V3-MULTISPLIT__MVTec_3D-AD__PatchCore_supervised-paired/rga_meta_router/test/seed_69.parquet,646,28a5f213b771232e101f8bed8bda7797d8ec936b881c3fc5537e333d5fec41b2,4b3682c65ab2bed95cb449d7e3a2cb229f1ea81f3944d7c9036cde7b4790dec9,f92c016b1f84a0fd3dfb301ca79ef2bceea77d38,True,True,2026-05-30T05:51:04Z
M1-MVTEC-V3-MULTISPLIT_early_fusion_mlp_test_seed69_16a3a50c,M1-MVTEC-V3-MULTISPLIT,MVTec 3D-AD,PatchCore supervised-paired,69,early_fusion_mlp,test,elara_master_c/predictions/v3_multisplit/M1-MVTEC-V3-MULTISPLIT__MVTec_3D-AD__PatchCore_supervised-paired/early_fusion_mlp/test/seed_69.parquet,646,16a3a50c67635354b5af92949bf69f471e89a0cab54e9a1b0a78ba459176fb78,4b3682c65ab2bed95cb449d7e3a2cb229f1ea81f3944d7c9036cde7b4790dec9,f92c016b1f84a0fd3dfb301ca79ef2bceea77d38,True,True,2026-05-30T05:51:04Z
M1-MVTEC-V3-MULTISPLIT_late_fusion_ensemble_test_seed69_bbb58559,M1-MVTEC-V3-MULTISPLIT,MVTec 3D-AD,PatchCore supervised-paired,69,late_fusion_ensemble,test,elara_master_c/predictions/v3_multisplit/M1-MVTEC-V3-MULTISPLIT__MVTec_3D-AD__PatchCore_supervised-paired/late_fusion_ensemble/test/seed_69.parquet,646,bbb5855978e7951636f889875af322dc377dc1ef65e6c537c6a29bab8334651a,4b3682c65ab2bed95cb449d7e3a2cb229f1ea81f3944d7c9036cde7b4790dec9,f92c016b1f84a0fd3dfb301ca79ef2bceea77d38,True,True,2026-05-30T05:51:04Z
M1-MVTEC-V3-MULTISPLIT_random_forest_test_seed69_ed4a89f6,M1-MVTEC-V3-MULTISPLIT,MVTec 3D-AD,PatchCore supervised-paired,69,random_forest,test,elara_master_c/predictions/v3_multisplit/M1-MVTEC-V3-MULTISPLIT__MVTec_3D-AD__PatchCore_supervised-paired/random_forest/test/seed_69.parquet,646,ed4a89f63cf188e8f8639ac2006f30f75f832d55ee23f80a3682b06d8f902b9b,4b3682c65ab2bed95cb449d7e3a2cb229f1ea81f3944d7c9036cde7b4790dec9,f92c016b1f84a0fd3dfb301ca79ef2bceea77d38,True,True,2026-05-30T05:51:04Z
M1-MVTEC-V3-MULTISPLIT_confidence_weighted_mean_test_seed69_f922574e,M1-MVTEC-V3-MULTISPLIT,MVTec 3D-AD,PatchCore supervised-paired,69,confidence_weighted_mean,test,elara_master_c/predictions/v3_multisplit/M1-MVTEC-V3-MULTISPLIT__MVTec_3D-AD__PatchCore_supervised-paired/confidence_weighted_mean/test/seed_69.parquet,646,f922574e919c866d5c262604ebaf8343f3a17501fc0a6776a2dac547d716b2be,4b3682c65ab2bed95cb449d7e3a2cb229f1ea81f3944d7c9036cde7b4790dec9,f92c016b1f84a0fd3dfb301ca79ef2bceea77d38,True,True,2026-05-30T05:51:04Z
M1-MVTEC-V3-MULTISPLIT_tent_score_adapter_test_seed69_762b9cf4,M1-MVTEC-V3-MULTISPLIT,MVTec 3D-AD,PatchCore supervised-paired,69,tent_score_adapter,test,elara_master_c/predictions/v3_multisplit/M1-MVTEC-V3-MULTISPLIT__MVTec_3D-AD__PatchCore_supervised-paired/tent_score_adapter/test/seed_69.parquet,646,762b9cf4bee739de02ef1bd2363c5ff29a953ad612db054f188d942cee11e7e2,4b3682c65ab2bed95cb449d7e3a2cb229f1ea81f3944d7c9036cde7b4790dec9,f92c016b1f84a0fd3dfb301ca79ef2bceea77d38,True,True,2026-05-30T05:51:04Z
M1-MVTEC-V3-MULTISPLIT_ttt_pseudo_label_adapter_test_seed69_6327341e,M1-MVTEC-V3-MULTISPLIT,MVTec 3D-AD,PatchCore supervised-paired,69,ttt_pseudo_label_adapter,test,elara_master_c/predictions/v3_multisplit/M1-MVTEC-V3-MULTISPLIT__MVTec_3D-AD__PatchCore_supervised-paired/ttt_pseudo_label_adapter/test/seed_69.parquet,646,6327341ee19cf340d69120998c459750044f76ee4bcb45701cd98a16ba447c71,4b3682c65ab2bed95cb449d7e3a2cb229f1ea81f3944d7c9036cde7b4790dec9,f92c016b1f84a0fd3dfb301ca79ef2bceea77d38,True,True,2026-05-30T05:51:04Z
M1-MVTEC-V3-MULTISPLIT_eata_score_adapter_test_seed69_d9d6fd48,M1-MVTEC-V3-MULTISPLIT,MVTec 3D-AD,PatchCore supervised-paired,69,eata_score_adapter,test,elara_master_c/predictions/v3_multisplit/M1-MVTEC-V3-MULTISPLIT__MVTec_3D-AD__PatchCore_supervised-paired/eata_score_adapter/test/seed_69.parquet,646,d9d6fd489c43b97c83b1bf6813924c4668168031049d955d0b403e9fa5245f30,4b3682c65ab2bed95cb449d7e3a2cb229f1ea81f3944d7c9036cde7b4790dec9,f92c016b1f84a0fd3dfb301ca79ef2bceea77d38,True,True,2026-05-30T05:51:04Z
M1-MVTEC-V3-MULTISPLIT_sar_score_adapter_test_seed69_a6065e1f,M1-MVTEC-V3-MULTISPLIT,MVTec 3D-AD,PatchCore supervised-paired,69,sar_score_adapter,test,elara_master_c/predictions/v3_multisplit/M1-MVTEC-V3-MULTISPLIT__MVTec_3D-AD__PatchCore_supervised-paired/sar_score_adapter/test/seed_69.parquet,646,a6065e1fc1cb275992e3ec2e04f3cfee31ef726b3681ce909b8489f0eede9b84,4b3682c65ab2bed95cb449d7e3a2cb229f1ea81f3944d7c9036cde7b4790dec9,f92c016b1f84a0fd3dfb301ca79ef2bceea77d38,True,True,2026-05-30T05:51:05Z
M1-MVTEC-V3-MULTISPLIT_static_attention_test_seed70_1aa092d8,M1-MVTEC-V3-MULTISPLIT,MVTec 3D-AD,PatchCore supervised-paired,70,static_attention,test,elara_master_c/predictions/v3_multisplit/M1-MVTEC-V3-MULTISPLIT__MVTec_3D-AD__PatchCore_supervised-paired/static_attention/test/seed_70.parquet,646,1aa092d8ed664d9bd96c2522336ba415400444b04f9182020d64d73c1ceb5f43,4b3682c65ab2bed95cb449d7e3a2cb229f1ea81f3944d7c9036cde7b4790dec9,f92c016b1f84a0fd3dfb301ca79ef2bceea77d38,True,True,2026-05-30T05:51:19Z
M1-MVTEC-V3-MULTISPLIT_craf_attention_test_seed70_ac1ab03a,M1-MVTEC-V3-MULTISPLIT,MVTec 3D-AD,PatchCore supervised-paired,70,craf_attention,test,elara_master_c/predictions/v3_multisplit/M1-MVTEC-V3-MULTISPLIT__MVTec_3D-AD__PatchCore_supervised-paired/craf_attention/test/seed_70.parquet,646,ac1ab03a94bd617ff7bd9855f1bd54f2c79d6b09bd8092107767049d0f740f96,4b3682c65ab2bed95cb449d7e3a2cb229f1ea81f3944d7c9036cde7b4790dec9,f92c016b1f84a0fd3dfb301ca79ef2bceea77d38,True,True,2026-05-30T05:51:19Z
M1-MVTEC-V3-MULTISPLIT_rga_boosted_fusion_test_seed70_ca0132cf,M1-MVTEC-V3-MULTISPLIT,MVTec 3D-AD,PatchCore supervised-paired,70,rga_boosted_fusion,test,elara_master_c/predictions/v3_multisplit/M1-MVTEC-V3-MULTISPLIT__MVTec_3D-AD__PatchCore_supervised-paired/rga_boosted_fusion/test/seed_70.parquet,646,ca0132cff3c62eb9fc827e2706ab1c14644338a0d1b277997d380c6195d982cf,4b3682c65ab2bed95cb449d7e3a2cb229f1ea81f3944d7c9036cde7b4790dec9,f92c016b1f84a0fd3dfb301ca79ef2bceea77d38,True,True,2026-05-30T05:51:19Z
M1-MVTEC-V3-MULTISPLIT_rga_meta_router_test_seed70_62bd24f2,M1-MVTEC-V3-MULTISPLIT,MVTec 3D-AD,PatchCore supervised-paired,70,rga_meta_router,test,elara_master_c/predictions/v3_multisplit/M1-MVTEC-V3-MULTISPLIT__MVTec_3D-AD__PatchCore_supervised-paired/rga_meta_router/test/seed_70.parquet,646,62bd24f2d1e06989543fe6b900afc0932ee44e2536fd5be2928988c27a577329,4b3682c65ab2bed95cb449d7e3a2cb229f1ea81f3944d7c9036cde7b4790dec9,f92c016b1f84a0fd3dfb301ca79ef2bceea77d38,True,True,2026-05-30T05:51:19Z
M1-MVTEC-V3-MULTISPLIT_early_fusion_mlp_test_seed70_20e61495,M1-MVTEC-V3-MULTISPLIT,MVTec 3D-AD,PatchCore supervised-paired,70,early_fusion_mlp,test,elara_master_c/predictions/v3_multisplit/M1-MVTEC-V3-MULTISPLIT__MVTec_3D-AD__PatchCore_supervised-paired/early_fusion_mlp/test/seed_70.parquet,646,20e61495c60446a0be2421d897d264899cc30bf9b768399ffa312fc8a7438177,4b3682c65ab2bed95cb449d7e3a2cb229f1ea81f3944d7c9036cde7b4790dec9,f92c016b1f84a0fd3dfb301ca79ef2bceea77d38,True,True,2026-05-30T05:51:19Z
M1-MVTEC-V3-MULTISPLIT_late_fusion_ensemble_test_seed70_72dd73a8,M1-MVTEC-V3-MULTISPLIT,MVTec 3D-AD,PatchCore supervised-paired,70,late_fusion_ensemble,test,elara_master_c/predictions/v3_multisplit/M1-MVTEC-V3-MULTISPLIT__MVTec_3D-AD__PatchCore_supervised-paired/late_fusion_ensemble/test/seed_70.parquet,646,72dd73a800486af64a088571cee409d46ce58cfafec0b46e843e7f79142905bc,4b3682c65ab2bed95cb449d7e3a2cb229f1ea81f3944d7c9036cde7b4790dec9,f92c016b1f84a0fd3dfb301ca79ef2bceea77d38,True,True,2026-05-30T05:51:19Z
M1-MVTEC-V3-MULTISPLIT_random_forest_test_seed70_69b5fd98,M1-MVTEC-V3-MULTISPLIT,MVTec 3D-AD,PatchCore supervised-paired,70,random_forest,test,elara_master_c/predictions/v3_multisplit/M1-MVTEC-V3-MULTISPLIT__MVTec_3D-AD__PatchCore_supervised-paired/random_forest/test/seed_70.parquet,646,69b5fd98db0488fffa797c43645f87fe6fcee8c82f1d6a1701537fe5f11650aa,4b3682c65ab2bed95cb449d7e3a2cb229f1ea81f3944d7c9036cde7b4790dec9,f92c016b1f84a0fd3dfb301ca79ef2bceea77d38,True,True,2026-05-30T05:51:19Z
M1-MVTEC-V3-MULTISPLIT_confidence_weighted_mean_test_seed70_1f9f9230,M1-MVTEC-V3-MULTISPLIT,MVTec 3D-AD,PatchCore supervised-paired,70,confidence_weighted_mean,test,elara_master_c/predictions/v3_multisplit/M1-MVTEC-V3-MULTISPLIT__MVTec_3D-AD__PatchCore_supervised-paired/confidence_weighted_mean/test/seed_70.parquet,646,1f9f923055ab75a89a6b154e75c714c537875e279b309f03742410c8205df076,4b3682c65ab2bed95cb449d7e3a2cb229f1ea81f3944d7c9036cde7b4790dec9,f92c016b1f84a0fd3dfb301ca79ef2bceea77d38,True,True,2026-05-30T05:51:19Z
M1-MVTEC-V3-MULTISPLIT_tent_score_adapter_test_seed70_d004425c,M1-MVTEC-V3-MULTISPLIT,MVTec 3D-AD,PatchCore supervised-paired,70,tent_score_adapter,test,elara_master_c/predictions/v3_multisplit/M1-MVTEC-V3-MULTISPLIT__MVTec_3D-AD__PatchCore_supervised-paired/tent_score_adapter/test/seed_70.parquet,646,d004425c408c935c2b6ef35341f0fed9e64e937f2664d159bfb7d532c21ec4b7,4b3682c65ab2bed95cb449d7e3a2cb229f1ea81f3944d7c9036cde7b4790dec9,f92c016b1f84a0fd3dfb301ca79ef2bceea77d38,True,True,2026-05-30T05:51:19Z
M1-MVTEC-V3-MULTISPLIT_ttt_pseudo_label_adapter_test_seed70_35ab252d,M1-MVTEC-V3-MULTISPLIT,MVTec 3D-AD,PatchCore supervised-paired,70,ttt_pseudo_label_adapter,test,elara_master_c/predictions/v3_multisplit/M1-MVTEC-V3-MULTISPLIT__MVTec_3D-AD__PatchCore_supervised-paired/ttt_pseudo_label_adapter/test/seed_70.parquet,646,35ab252d0014047d59131b7302fbde601e362a873b7af1449946cb06af9e2c60,4b3682c65ab2bed95cb449d7e3a2cb229f1ea81f3944d7c9036cde7b4790dec9,f92c016b1f84a0fd3dfb301ca79ef2bceea77d38,True,True,2026-05-30T05:51:19Z
M1-MVTEC-V3-MULTISPLIT_eata_score_adapter_test_seed70_51c68227,M1-MVTEC-V3-MULTISPLIT,MVTec 3D-AD,PatchCore supervised-paired,70,eata_score_adapter,test,elara_master_c/predictions/v3_multisplit/M1-MVTEC-V3-MULTISPLIT__MVTec_3D-AD__PatchCore_supervised-paired/eata_score_adapter/test/seed_70.parquet,646,51c68227ffab9a99468d0f8ff2eabfd2a610820b6c3c62e8ca1035f6c6d75d03,4b3682c65ab2bed95cb449d7e3a2cb229f1ea81f3944d7c9036cde7b4790dec9,f92c016b1f84a0fd3dfb301ca79ef2bceea77d38,True,True,2026-05-30T05:51:19Z
M1-MVTEC-V3-MULTISPLIT_sar_score_adapter_test_seed70_9d9f91cd,M1-MVTEC-V3-MULTISPLIT,MVTec 3D-AD,PatchCore supervised-paired,70,sar_score_adapter,test,elara_master_c/predictions/v3_multisplit/M1-MVTEC-V3-MULTISPLIT__MVTec_3D-AD__PatchCore_supervised-paired/sar_score_adapter/test/seed_70.parquet,646,9d9f91cdf1f1f5bec24cc7cc58b6ee8c27c3900178c01e9280cd5d10da6abb09,4b3682c65ab2bed95cb449d7e3a2cb229f1ea81f3944d7c9036cde7b4790dec9,f92c016b1f84a0fd3dfb301ca79ef2bceea77d38,True,True,2026-05-30T05:51:20Z
M1-MVTEC-V3-MULTISPLIT_static_attention_test_seed71_180628a5,M1-MVTEC-V3-MULTISPLIT,MVTec 3D-AD,PatchCore supervised-paired,71,static_attention,test,elara_master_c/predictions/v3_multisplit/M1-MVTEC-V3-MULTISPLIT__MVTec_3D-AD__PatchCore_supervised-paired/static_attention/test/seed_71.parquet,646,180628a556cc3446c82b5fc71e74af070f3c0c8b30e66aef02a3fd28351891f8,4b3682c65ab2bed95cb449d7e3a2cb229f1ea81f3944d7c9036cde7b4790dec9,f92c016b1f84a0fd3dfb301ca79ef2bceea77d38,True,True,2026-05-30T05:51:34Z
M1-MVTEC-V3-MULTISPLIT_craf_attention_test_seed71_83f3104d,M1-MVTEC-V3-MULTISPLIT,MVTec 3D-AD,PatchCore supervised-paired,71,craf_attention,test,elara_master_c/predictions/v3_multisplit/M1-MVTEC-V3-MULTISPLIT__MVTec_3D-AD__PatchCore_supervised-paired/craf_attention/test/seed_71.parquet,646,83f3104d814fc0871a92052d4f462d223c2cc43a3e07ab9e96c373cb5ac5adde,4b3682c65ab2bed95cb449d7e3a2cb229f1ea81f3944d7c9036cde7b4790dec9,f92c016b1f84a0fd3dfb301ca79ef2bceea77d38,True,True,2026-05-30T05:51:34Z
M1-MVTEC-V3-MULTISPLIT_rga_boosted_fusion_test_seed71_c3630156,M1-MVTEC-V3-MULTISPLIT,MVTec 3D-AD,PatchCore supervised-paired,71,rga_boosted_fusion,test,elara_master_c/predictions/v3_multisplit/M1-MVTEC-V3-MULTISPLIT__MVTec_3D-AD__PatchCore_supervised-paired/rga_boosted_fusion/test/seed_71.parquet,646,c363015654a0dfeee9d872919d42dc93bfdb6f0e2ba6ebc97ecd05ce30eb6a77,4b3682c65ab2bed95cb449d7e3a2cb229f1ea81f3944d7c9036cde7b4790dec9,f92c016b1f84a0fd3dfb301ca79ef2bceea77d38,True,True,2026-05-30T05:51:34Z
M1-MVTEC-V3-MULTISPLIT_rga_meta_router_test_seed71_eff7d745,M1-MVTEC-V3-MULTISPLIT,MVTec 3D-AD,PatchCore supervised-paired,71,rga_meta_router,test,elara_master_c/predictions/v3_multisplit/M1-MVTEC-V3-MULTISPLIT__MVTec_3D-AD__PatchCore_supervised-paired/rga_meta_router/test/seed_71.parquet,646,eff7d7452abefdb6007650616bb2477c4c8fae0fa38ccb322f94fb43c56ba67c,4b3682c65ab2bed95cb449d7e3a2cb229f1ea81f3944d7c9036cde7b4790dec9,f92c016b1f84a0fd3dfb301ca79ef2bceea77d38,True,True,2026-05-30T05:51:34Z
M1-MVTEC-V3-MULTISPLIT_early_fusion_mlp_test_seed71_7b6fe17a,M1-MVTEC-V3-MULTISPLIT,MVTec 3D-AD,PatchCore supervised-paired,71,early_fusion_mlp,test,elara_master_c/predictions/v3_multisplit/M1-MVTEC-V3-MULTISPLIT__MVTec_3D-AD__PatchCore_supervised-paired/early_fusion_mlp/test/seed_71.parquet,646,7b6fe17af94d53d00d3b0567e992ae6c9df27e6df6da4a9662ef3c1303eba7a7,4b3682c65ab2bed95cb449d7e3a2cb229f1ea81f3944d7c9036cde7b4790dec9,f92c016b1f84a0fd3dfb301ca79ef2bceea77d38,True,True,2026-05-30T05:51:34Z
M1-MVTEC-V3-MULTISPLIT_late_fusion_ensemble_test_seed71_d45b733f,M1-MVTEC-V3-MULTISPLIT,MVTec 3D-AD,PatchCore supervised-paired,71,late_fusion_ensemble,test,elara_master_c/predictions/v3_multisplit/M1-MVTEC-V3-MULTISPLIT__MVTec_3D-AD__PatchCore_supervised-paired/late_fusion_ensemble/test/seed_71.parquet,646,d45b733ff70fe288bd6679e48d18e61b4d5bbc354e202ed98fbbf55d1bd1e4ca,4b3682c65ab2bed95cb449d7e3a2cb229f1ea81f3944d7c9036cde7b4790dec9,f92c016b1f84a0fd3dfb301ca79ef2bceea77d38,True,True,2026-05-30T05:51:34Z
M1-MVTEC-V3-MULTISPLIT_random_forest_test_seed71_53e00493,M1-MVTEC-V3-MULTISPLIT,MVTec 3D-AD,PatchCore supervised-paired,71,random_forest,test,elara_master_c/predictions/v3_multisplit/M1-MVTEC-V3-MULTISPLIT__MVTec_3D-AD__PatchCore_supervised-paired/random_forest/test/seed_71.parquet,646,53e004933ab54adcc941dca4645f36ddb8100cb12427b0737949cf6841d91132,4b3682c65ab2bed95cb449d7e3a2cb229f1ea81f3944d7c9036cde7b4790dec9,f92c016b1f84a0fd3dfb301ca79ef2bceea77d38,True,True,2026-05-30T05:51:34Z
M1-MVTEC-V3-MULTISPLIT_confidence_weighted_mean_test_seed71_6a6be8f6,M1-MVTEC-V3-MULTISPLIT,MVTec 3D-AD,PatchCore supervised-paired,71,confidence_weighted_mean,test,elara_master_c/predictions/v3_multisplit/M1-MVTEC-V3-MULTISPLIT__MVTec_3D-AD__PatchCore_supervised-paired/confidence_weighted_mean/test/seed_71.parquet,646,6a6be8f6148edd4930fac30ffd272fbef9dc26e62f78e406b52b9e06347fca65,4b3682c65ab2bed95cb449d7e3a2cb229f1ea81f3944d7c9036cde7b4790dec9,f92c016b1f84a0fd3dfb301ca79ef2bceea77d38,True,True,2026-05-30T05:51:34Z
M1-MVTEC-V3-MULTISPLIT_tent_score_adapter_test_seed71_1627df60,M1-MVTEC-V3-MULTISPLIT,MVTec 3D-AD,PatchCore supervised-paired,71,tent_score_adapter,test,elara_master_c/predictions/v3_multisplit/M1-MVTEC-V3-MULTISPLIT__MVTec_3D-AD__PatchCore_supervised-paired/tent_score_adapter/test/seed_71.parquet,646,1627df601f7e1e3bf1d862d8c544a6fba0b0817bdc3083322dddcae289083137,4b3682c65ab2bed95cb449d7e3a2cb229f1ea81f3944d7c9036cde7b4790dec9,f92c016b1f84a0fd3dfb301ca79ef2bceea77d38,True,True,2026-05-30T05:51:34Z
M1-MVTEC-V3-MULTISPLIT_ttt_pseudo_label_adapter_test_seed71_5c734cd0,M1-MVTEC-V3-MULTISPLIT,MVTec 3D-AD,PatchCore supervised-paired,71,ttt_pseudo_label_adapter,test,elara_master_c/predictions/v3_multisplit/M1-MVTEC-V3-MULTISPLIT__MVTec_3D-AD__PatchCore_supervised-paired/ttt_pseudo_label_adapter/test/seed_71.parquet,646,5c734cd0a6459f9e6a76b2c42b3f55f7edd3cefeea51b9e43554fd77b6dc7540,4b3682c65ab2bed95cb449d7e3a2cb229f1ea81f3944d7c9036cde7b4790dec9,f92c016b1f84a0fd3dfb301ca79ef2bceea77d38,True,True,2026-05-30T05:51:34Z
M1-MVTEC-V3-MULTISPLIT_eata_score_adapter_test_seed71_f926300c,M1-MVTEC-V3-MULTISPLIT,MVTec 3D-AD,PatchCore supervised-paired,71,eata_score_adapter,test,elara_master_c/predictions/v3_multisplit/M1-MVTEC-V3-MULTISPLIT__MVTec_3D-AD__PatchCore_supervised-paired/eata_score_adapter/test/seed_71.parquet,646,f926300c8fe5a5c3ff47532e13055c6582b4a1a1fe1db6d8bc3c44f7990e9c0d,4b3682c65ab2bed95cb449d7e3a2cb229f1ea81f3944d7c9036cde7b4790dec9,f92c016b1f84a0fd3dfb301ca79ef2bceea77d38,True,True,2026-05-30T05:51:34Z
M1-MVTEC-V3-MULTISPLIT_sar_score_adapter_test_seed71_02ad45ae,M1-MVTEC-V3-MULTISPLIT,MVTec 3D-AD,PatchCore supervised-paired,71,sar_score_adapter,test,elara_master_c/predictions/v3_multisplit/M1-MVTEC-V3-MULTISPLIT__MVTec_3D-AD__PatchCore_supervised-paired/sar_score_adapter/test/seed_71.parquet,646,02ad45ae4dee360db9bb7b694dc1b51f06147c23599b8e59377277fdd3423285,4b3682c65ab2bed95cb449d7e3a2cb229f1ea81f3944d7c9036cde7b4790dec9,f92c016b1f84a0fd3dfb301ca79ef2bceea77d38,True,True,2026-05-30T05:51:34Z
