fusion_score,label
0.23949238486885102,0
0.29417573110924894,0
0.255041437450789,0
0.25814515368313395,0
0.2517676626342638,0
0.286697861500153,0
0.20874268394741585,0
0.1694714912408803,0
0.14109185621234516,0
0.2680208871535334,0
0.2955939310028764,0
0.2846229754632722,0
0.2971370985097028,0
0.25575448418471153,0
0.2882381911124032,0
0.2617106639200168,0
0.26946733612468826,0
0.2708562964988602,0
0.28626072837756433,0
0.2685685976449315,0
0.24943438410707167,0
0.2576551487774887,0
0.2979185429690351,0
0.13920693269427295,0
0.26256514754832516,0
0.2742722077986797,0
0.2874134249230739,0
0.25645273180797135,0
0.22422534329156038,0
0.18300359626700166,0
0.29145369014441447,0
0.2866560182406581,0
0.29858620317363344,0
0.25970945037675147,0
0.29314397286090277,0
0.29253413735157263,0
0.2502980920417173,0
0.23386011719904112,0
0.22177586411845038,0
0.2906931106072334,0
0.19677138659258664,0
0.21346292401899436,0
0.300936156798984,0
0.1837488061058032,0
0.2603675533839904,0
0.27658639439177857,0
0.2679605659000751,0
0.16646645607440555,0
0.22312068603889004,0
0.1949244477905712,0
0.25536547816653365,0
0.27401111636047765,0
0.12422137384178866,0
0.26082838207555,0
0.031176402577514178,0
0.19235909480153213,0
0.20410797472529832,0
0.2387489982976764,0
0.2228123676450354,0
0.19856973671040218,0
0.2660256959285942,0
0.279971586448996,0
0.2517365948129652,0
0.25715883823710906,0
0.26833622809091356,0
0.26142096411130217,0
0.2563963276382208,0
0.20424562637157442,0
0.27483419132640313,0
0.22746931471569057,0
0.23127157637258008,0
0.2227364477401643,0
0.1531653885390253,0
0.3016107163921103,0
0.2688103473320858,0
0.276632310131508,0
0.15742930619105533,0
0.2168986120446216,0
0.18940915761428462,0
0.13385706682516232,0
0.2650033693124425,0
0.09373489007107191,0
0.3071290852691089,0
0.25878338626666597,0
0.1770854103031238,0
0.22986999730371366,0
0.26591100591474204,0
0.2726617650735983,0
0.15258153778969333,0
0.3039004931485075,0
0.2069315682710487,0
0.25306109030659735,0
0.2606679771370894,0
0.2685699182361202,0
0.2236642988674526,0
0.0875748169597698,0
0.08685568354092472,0
0.1534359709965143,0
0.06904484276680282,0
0.27825577959039804,0
0.24033209872517086,0
0.19468394026226093,0
0.2660941357721148,0
0.22119452704188403,0
0.30135629966498506,0
0.23457240994661815,0
0.1279286417455114,0
0.24050145481288726,0
0.16128033743835626,0
0.23951271297553037,0
0.25644335268889373,0
0.19716557653492678,0
0.14477330253184037,0
0.27027441673347036,0
0.1995438582253845,0
0.2604451255042124,0
0.26396113065190896,0
0.2886036234982295,0
0.2536098161118637,0
0.2874109633070388,0
0.29185792845502906,0
0.21922176231532503,0
0.17079711228141867,0
0.2850214774917406,0
0.2513968540776552,0
0.2629693917966618,0
0.20330764633651097,0
0.2515926521536322,0
0.1217144393608079,0
0.23555321844612767,0
0.2437351566279079,0
0.2523372624480121,0
0.2596833755572139,0
0.24028779183539167,0
0.248987465376217,0
0.2884523193070626,0
0.2642183516911941,0
0.2513210550703575,0
0.06936360987572548,0
0.2833419594193398,0
0.2613034736532029,0
0.28231665011359997,0
0.2816395852653366,0
0.2670810204985222,0
0.2828020367946679,0
0.25428308557569745,0
0.26170887368130297,0
0.27773176411717554,0
0.27624029630949015,0
0.25084085709994686,0
0.28028602933654473,0
0.21979877747011628,0
0.24393456321479295,0
0.2657522858850628,0
0.27675106172733477,0
0.2554380862190779,0
0.24022257906031186,0
0.22959615000493852,0
0.22983696060116118,0
0.25919023036046474,0
0.26608899782685597,0
0.21965464285582556,0
0.26724897697995154,0
0.27006063766734434,0
0.28326481782518204,0
0.2946722553427846,0
0.2977922262363284,0
0.2633208160186528,0
0.2623577050576806,0
0.23620764031625052,0
0.24486946830119286,0
0.25595053269999407,0
0.20691201914922086,0
0.21285268533072144,0
0.21719490959095397,0
0.3037964979448781,0
0.28724124014765023,0
0.2817027249694907,0
0.2591543977816682,0
0.1316259556757578,0
0.2702871368751081,0
0.19465745958291514,0
0.2549383468827157,0
0.24609545768155408,0
0.0011396038004725128,0
0.3065917916199625,0
0.29140523204006463,0
0.23237041523478724,0
0.27243800599844903,0
0.2777729048637439,0
0.30224579617935116,0
1.3443453417826686e-05,0
0.30108286657321703,0
0.2940368157737088,0
0.26576468784936524,0
0.25791343560035745,0
0.2721403794406718,0
0.11399257419778705,0
0.12873110417094258,0
0.21034243238140668,0
0.12366683789867014,0
0.19585259206832292,0
0.2954953125442411,0
0.26527151237903823,0
0.29312253954811773,0
0.2673903304104875,0
0.2855239624406633,0
0.2747584274976504,0
0.28031322933427977,0
0.2554191701930985,0
0.18730921029029557,0
0.21014776297335575,0
0.2594824841705912,0
0.2722607360136876,0
0.23357309214970734,0
0.2849426706021847,0
0.2767836816747078,0
0.2938911660678564,0
0.27945219959338197,0
0.26601011876906194,0
0.2933392571286309,0
0.271804218740262,0
0.2748371034460457,0
0.2967263052383689,0
0.20319801797987605,0
0.26419051175740904,0
0.2910926106222909,0
0.3048620754602773,0
0.27676946118261564,0
0.2862670893222761,0
0.2659483776568327,0
0.2571282003178285,0
0.2827067502275964,0
0.1274255952356328,0
0.16604876273195093,0
0.2413300035056254,0
0.22931031792196438,0
0.1968166052526113,0
0.26757478136598495,0
0.2788353295269882,0
0.2706503270029,0
0.2815528893255783,0
0.28740476534618103,0
0.07769228986921847,0
0.1858727148449679,0
0.2559320938873706,0
0.30088145139048283,0
0.26978516055031526,0
0.20457459045387502,0
0.25159121583508287,0
0.22750341023409304,0
0.0025318550742056928,0
0.24789231393885997,0
0.25294125643013,0
0.2865595423655689,0
0.290021498344094,0
0.2822483687247078,0
0.10411715590377738,0
0.29959750348661895,0
0.16833015021008668,0
0.13671739100501595,0
0.25390021532471274,0
0.25683124318480915,0
0.2857413658901313,0
0.2792757612389725,0
0.19989358161675005,0
0.2318337395005063,0
0.29572667151501547,0
0.2575427961235128,0
0.25991161930622125,0
0.2334096239461479,0
0.254019970280431,0
0.24622778399231934,0
0.2764546938694037,0
0.1781254642478658,0
0.29110529232632837,0
0.26055694975367516,0
0.0794986295565138,0
0.28539400569620343,0
0.29405642164958745,0
0.2489526050678544,0
0.19741496685107845,0
0.12814852744094327,0
0.3015595451190032,0
0.10504280499700525,0
0.2975601721253515,0
0.26857131906041465,0
0.2866547410855816,0
0.25586809601990246,0
0.2934451312317515,0
0.2995149614371551,0
0.28126721360136897,0
0.2819190442730546,0
0.2720201985015529,0
0.2451197513860749,0
0.20083731114317863,0
0.27102254205713316,0
0.19914244247043889,0
0.2838951916350392,0
0.3056405567852946,0
0.1209282878325301,0
0.25957604094003495,0
0.2557048477760772,0
0.30028424055879444,0
0.29080900297416296,0
0.137606538934473,0
0.29083795458443834,0
0.29837219662413256,0
0.2622138441780392,0
0.22455538059873878,0
0.26946069970637754,0
0.27902693535341255,0
0.16294511791087574,0
0.2870973685411497,0
0.2646755861771984,0
0.27386842231712416,0
0.21778978785589886,0
0.2327798211894457,0
0.27460084847943106,0
0.28643184999088706,0
0.2739115268958426,0
0.30143393649739864,0
0.2790678030611767,0
0.271090498039503,0
0.23841937533493368,0
0.2578955834613277,0
0.21276617609128637,0
0.2961735386745733,0
0.27847540191978426,0
0.2749010266705409,0
0.2552673222578655,0
0.22058991841879874,0
0.28759047089240314,0
0.29445285246913655,0
0.17360008113025618,0
0.2966709692484167,0
0.24173586820937137,0
0.30090331727165825,0
0.30617713948567316,0
0.3032645587698922,0
0.3000730121946246,0
0.2768883749858502,0
0.24955379566614927,0
0.2645573750178649,0
0.2810997305926508,0
0.24057616961793857,0
0.2995871872011688,0
0.28130773593326774,0
0.22271206518954514,0
0.26967453465925767,0
0.29360497571731264,0
0.2960122203073727,0
0.25684173471848953,0
0.2545085100236785,0
0.30256585913212203,0
0.29260678390170897,0
0.2751831695266455,0
0.2688631041966603,0
0.26731083979834536,0
0.26322524837861605,0
0.295220709195811,0
0.28633414228533155,0
0.28252869438070966,0
0.2883929034292009,0
0.26467300719143355,0
0.13998376346733857,0
0.29639559092633433,0
0.26467197392942693,0
0.26479599369957607,0
0.27757736420776996,0
0.2922051815870659,0
0.2880440786837465,0
0.24371048481012494,0
0.08996612914809138,0
0.25396361123666283,0
0.269108554429051,0
0.3040941125687748,0
0.23243910507397106,0
0.28094298693049874,0
0.2741688494141362,0
0.30157647952490757,0
0.28134195425699915,0
0.2907691469589305,0
0.27311565457204895,0
0.1852287317983668,0
0.2881382055724184,0
0.3042326016551979,0
0.2984674361161371,0
0.28096992493689327,0
0.2975021126039705,0
0.29384207083702313,0
0.2697266338820982,0
0.23088004618892574,0
0.22786979231926716,0
0.260980571261452,0
0.29040101659493656,0
0.262748979442518,0
0.2961868819604945,0
0.26327998325896373,0
0.1794401090052774,0
0.23656281184430922,0
0.30475102994378617,0
0.24938711121456847,0
0.29783667390834595,0
0.20394690774850135,0
0.2864323745317205,0
0.19223001242100507,0
0.2674662514063081,0
0.2132063025098106,0
0.299847592738359,0
0.28698075951980506,0
0.257640908120048,0
0.2686934659897719,0
0.14832184468961165,0
0.2680274235401124,0
0.291105629709228,0
0.27917353998543765,0
0.27504874624399317,0
0.2657184653549533,0
0.2801870935237884,0
0.2488435114070099,0
0.2613115107547413,0
0.3037353348553282,0
0.22415820954930454,0
0.2565271388854392,0
0.2809490042552562,0
0.26023931122796784,0
0.2402276102416863,0
0.29660964302363607,0
0.2524313928767643,0
0.26365761411490707,0
0.2788252664157197,0
0.297223222742148,0
0.28080963886791244,0
0.2322673144691475,0
0.2956973454048777,0
0.2771632231333931,0
0.2664637916484907,0
0.29729368002191964,0
0.3059345736607835,0
0.2708726036934719,0
0.21971927469502658,0
0.29665576031967933,0
0.22511987297177646,0
0.29391348684491403,0
0.046523601192498334,0
0.22860780050964424,0
0.11781519408640692,0
0.29318786288312676,0
0.29102328607544276,0
0.2848308325964342,0
0.28631438968062894,0
0.29947936183605045,0
0.2505119176663399,0
0.2992116183706063,0
0.23761861771475948,0
0.276851010050415,0
0.23866024815180076,0
0.26150385951856436,0
0.28831145476689024,0
0.2598153458578295,0
0.27332510134798466,0
0.1809426011740262,0
0.30300195869061447,0
0.16906381306799342,0
0.13969350831198113,0
0.29294751037108124,0
0.2957340177928565,0
0.2524740640824389,0
0.24745943753916075,0
0.07239218809033757,0
0.17723559079476756,0
0.9666085029628166,0
0.26030930354615345,0
0.270110012267711,0
0.2670507725268426,0
0.26169030911550195,0
0.1987025119857466,0
0.23214699445645032,0
0.27689137757925303,0
0.24571994165982067,0
0.29653780668737334,0
0.29537889289558017,0
0.2555397025556295,0
0.25642235012974735,0
0.2366160247980197,0
0.29709007326469034,0
0.27638834709605165,0
0.09807285067603597,0
0.2797586610106517,0
0.24362887315936174,0
0.2247318926001325,0
0.2676577963967512,0
0.2691279166532458,0
0.2679537620003409,0
0.21112382953117995,0
0.10559577289369063,0
0.22770184747751634,0
0.29586138351153773,0
0.004729136065148592,0
0.2821299519693605,0
0.24098055226728415,0
0.011603585827061138,0
0.28668502270958346,0
0.27005838303669283,0
0.28002577422644276,0
0.2658807342311203,0
0.25459312879375223,0
0.2648670035841115,0
0.288880719332249,0
0.0518926801506633,0
0.22969257763832734,0
0.26853465968053686,0
0.21850252679657453,0
0.28251970088579526,0
0.27510855577092946,0
0.30228813806245824,0
0.27818741368620303,0
0.2927765170374984,0
0.2311540360377283,0
0.28435624489080247,0
0.2892798857837571,0
0.23573264705773272,0
0.2567353465276275,0
0.21115163884133045,0
0.17814502463621323,0
0.2947049723172247,0
0.3035198277219223,0
0.28981315171487976,0
0.29381187517706425,0
0.2525234339198143,0
0.22909361733425318,0
0.2594892504136219,0
0.2703771444267797,0
0.28194687426692,0
0.29925618045832647,0
0.001082085976903504,0
0.2718124833882054,0
0.3016987541263528,0
0.2941194735109599,0
0.25542709013595866,0
0.999537470155665,1
0.275183945697505,0
0.25660183593817104,0
0.22903128088507033,0
0.2559242803145553,0
0.27148659088983185,0
0.27951083924936304,0
0.2621231267206838,0
0.269348227106097,0
0.2367547458582829,0
0.21268758091239007,0
0.17262830006889823,0
0.2870806992476413,0
0.26853465968053686,0
0.2044310409520085,0
0.25250954988680796,0
0.2949567122767211,0
0.2851203121449488,0
0.22940815889922322,0
0.2932132275981249,0
0.22855816009083046,0
0.28867151118748396,0
0.16011964822508623,0
0.247336200942808,0
0.252911707664581,0
0.2849917569729165,0
0.2521345974292025,0
0.22574899559195125,0
0.27549286539542445,0
0.2555427018041352,0
0.2602006752923517,0
0.30477658135689845,0
0.2746110562934429,0
0.2178737652206123,0
0.21021729546159737,0
0.2663053303868448,0
0.27142571275674204,0
0.2518898805343325,0
0.28339768624416756,0
0.26521381438827807,0
0.19776182352966107,0
0.27964570563036295,0
0.2816119670843329,0
0.29268547806931433,0
0.21743532340482247,0
0.2108732363836471,0
0.2641325214503723,0
0.3017216186498296,0
0.26853465968053686,0
0.2848550837927379,0
0.2680316524544057,0
0.2517512290271684,0
0.19663170162025698,0
0.2774438490061051,0
0.28091707143704814,0
0.3013110811670586,0
0.25401417402041065,0
0.30507286825650015,0
0.2358348601954775,0
0.27860040726149665,0
0.30164829943297367,0
0.25870562879145964,0
0.19162426304521815,0
0.2984676223604487,0
0.2900869716459863,0
0.286284076236227,0
0.2593233815013787,0
0.28782119871919964,0
0.25479127757866155,0
0.0357021727482956,0
0.12973165278199386,0
0.2087698164113877,0
0.27814096178456715,0
0.24504631312541492,0
0.2812420724755716,0
0.28489220989609415,0
0.2934782192134118,0
0.22829223292142364,0
0.19028876248925042,0
0.28543221295494947,0
0.29483781824366423,0
0.27301753574874976,0
0.26589180479201335,1
0.2523655706206265,0
0.29706819239680093,0
0.1963152546836933,0
0.29006587510064813,0
0.22280772432949306,0
0.26540992546743897,0
0.28288011423248527,0
0.28232419668701536,0
0.23619198584649145,0
0.27723807750837737,0
0.29454068895719265,0
0.1998190324898411,0
0.2457121793884666,0
0.27272192058130856,0
0.25416119096009887,0
0.28919409924778255,0
0.2653659983144884,0
0.2209011471288433,0
0.2828747641438807,0
0.2475562990859798,0
0.26538891542150644,0
0.3040942751105393,0
0.2734872309397936,0
0.3017214193855953,0
0.17805414491362728,0
0.29010672847015395,0
0.2628978428127127,0
0.2879503957884464,0
0.2986345271133676,0
0.2870118937552617,0
0.2754554232226156,0
0.22952264867039393,0
0.29747570129111256,0
0.27676365252511653,0
0.26454645724010567,0
0.25227845104904734,0
0.2782259932210587,0
0.29288573315968564,0
0.2498530196032344,0
0.2813407276662588,0
0.24849955525291453,0
0.26639760304403565,0
0.28066541819296414,0
0.27111668187504184,0
0.15521833519888784,0
0.3014593125178176,0
0.26515281469820884,0
0.29015535382696345,0
0.28600662010381994,0
0.28586292778644756,0
0.17164418691465544,0
0.25440405207669015,0
0.2972363518488911,0
0.27054910500914753,0
0.2883753520528542,0
0.2725688451907847,0
0.3084095141095109,0
0.2806976290398427,0
0.27922081656170455,0
0.29933519201934816,0
0.28162264396482334,0
0.2683191837778487,0
0.2907475179083678,0
0.25012105924430705,0
0.2864768340698509,0
0.29390036681059767,0
0.2769863772066871,0
0.262501465361686,0
0.24843123249628554,0
0.25090668832687685,0
0.2634466846659783,0
0.2517867867782124,0
0.22819224066680116,0
0.2577898754708297,0
0.24130371270102074,0
0.24606552208315272,0
0.26762304574761897,0
0.27602605160473576,0
0.2819261591143545,0
0.2827000962587884,0
0.1548402475233018,0
0.2841358152393857,0
0.27287545239069877,0
0.28831440172559675,0
0.26088495527121636,0
0.15091267307680978,0
0.2964315291574888,0
0.2907896272342743,0
0.00659490978245577,0
0.3077061647133535,0
0.2568408420510949,0
0.28748129099921826,0
0.26504679133752634,0
0.28924258348482346,0
0.2894550297476559,0
0.25224016695130064,0
0.26814782065091747,0
0.2924971334996825,0
0.20131200796434995,0
0.20388824171540898,0
0.26251918793445234,0
0.29430084527469064,0
0.24881225293929296,0
0.2610603084745898,0
0.2830340202393275,0
0.24147398537718262,0
0.26679146347980937,0
0.2873090384617724,0
0.27088003714716125,0
0.2928348911210277,0
0.1999042619226047,0
0.2732113086699378,0
0.27121119262622023,0
0.28817191153217364,0
0.2647073225294236,0
0.237374508613664,0
0.21308825079808819,0
0.2765863161956765,0
0.28884319500709693,0
0.1674889381563417,0
0.29482456938773266,0
0.2979463463125612,0
0.27838813551403585,0
0.20033538003514445,0
0.2946319454950404,0
0.30467616916384427,0
0.27781212206440586,0
0.2932231854249454,0
0.2739443587284496,0
0.27766708623478076,0
0.28406273921885683,0
0.2724397877761829,0
0.22209797827102465,0
0.2772714249633611,0
0.28468320000131914,0
0.3011619791395342,0
0.24112363546545618,0
0.2064768295498688,0
0.28952104020837266,0
0.2430179437111577,0
0.2482541914831587,0
0.23329779812658413,0
0.2561820888450111,0
0.29945565618200415,0
0.2774419872684382,0
0.09481407391177664,0
0.28766847158812564,0
0.26380772363036015,0
0.2400068637182652,0
0.2060393690182749,0
0.276851010050415,0
0.24008744805684124,0
0.2879159901886605,0
0.16233976283929244,0
0.24546707996562944,0
0.18939886377316392,0
0.3009489333929556,0
0.23969797385366218,0
0.29561651105265296,0
0.22613400193212715,0
0.2643427517027154,0
0.2501704047411595,0
0.2967414077869238,0
0.2890435003648255,0
0.28907711039369977,0
0.2833628927244709,0
0.29399342524256683,0
0.21778110966370298,0
0.20190141526751867,0
0.23155414074480132,0
0.285147629180848,0
0.2540032638362886,0
0.22151063229068765,0
0.2657185835453751,0
0.21396524524589441,0
0.06890009495321571,0
0.2519524891149156,0
0.2912164163897067,0
0.2360684324530257,0
0.2746729888724963,0
0.26322029201488367,0
0.25409116238141227,0
0.25055199936221073,0
0.27153951192939574,0
0.28496672247215477,0
0.2747061379426462,0
0.13756835312030255,0
0.276189524531443,0
0.2704300266072434,0
0.29895450744673835,0
0.12806657714934774,0
0.27297060014513813,0
0.21959359288508154,0
0.27201706550491284,0
0.2992280889032049,0
0.25099169874602806,0
0.28493703279121535,0
0.2830970016351658,0
0.2753662053215576,0
0.2813929243559218,0
0.28180787233317905,0
0.09935381033859644,0
0.24757814787529614,0
0.30169830577446966,0
0.2586365285059665,0
0.25283706701209824,0
0.2819456349276468,0
0.24513935718397742,0
0.2751698509858792,0
0.2810056174361109,0
0.25950346513772493,0
0.24078940109415217,0
0.2701840158463417,0
0.2780745482261099,0
0.28936143916482104,0
0.29810908573538164,0
0.24948520387828016,0
0.28910548054814506,0
0.29363507227179647,0
0.22600001354877225,0
0.054689045719576494,0
0.237970780336751,0
0.29422083478575906,0
0.26383594804526095,0
0.1526003274204665,0
0.22759914614172863,0
0.2869863392159003,0
0.2825660710958419,0
0.2228042222716848,0
0.19861291082109764,0
0.2869133039308955,0
0.21655753878833636,0
0.23674152589454356,0
0.283066433699938,0
0.2852422425232025,0
0.25409566640644626,0
0.2959943989929143,0
0.26691407560371916,0
0.2152491863593618,0
0.19104938204872482,0
0.28397589513307303,0
0.2980174017316143,0
0.2502113325139671,0
0.26278908608396667,0
0.27356536701004347,0
0.28526809365648886,0
0.2257693507381241,0
0.285283856368442,0
0.25542709013595866,0
0.2869635913863553,0
0.29939644401996723,0
0.2451167157169494,0
0.15157874067638716,0
0.2403062120684876,0
0.25454893672653134,0
0.2854281296606796,0
0.26736806849748673,0
0.2529262613391821,0
0.27194939285583053,0
0.2155871435396852,0
0.1823200729666018,0
0.2897566992887163,0
0.30466433174082747,0
0.25673567132090613,0
0.288216326305947,0
0.26263382420713965,0
0.30559249725746834,0
0.28943753281455337,0
0.29149507588447204,0
0.3017063078258581,0
0.1654011479662771,0
0.27332571781599174,0
0.15492307996195356,0
0.22953883679525103,0
0.29896441407815444,0
0.2993952100350558,0
0.29416763796727435,0
0.20948170179012934,0
0.27117981872184627,0
0.19745395946385358,0
0.25005878851004737,0
0.19045767964375224,0
0.17530988893138108,0
0.27029989831421986,0
0.2780869890502497,0
0.24883486603747948,0
0.22446174583955697,0
0.2685461200098625,0
0.27379926637204377,0
0.30494299679277637,0
0.2943493345478958,0
0.2214217125330441,0
0.26593237134232167,0
0.24988602557264938,0
0.27471702179611623,0
0.27747852212320934,0
0.29848250624767,0
0.28654864558224413,0
0.2604341693339889,0
0.23149457866664372,0
0.28806033541772363,0
0.2724825819501558,0
0.268844086763803,0
0.287660484091697,0
0.27703698302233826,0
0.2626907018594039,0
0.3003752908523815,0
0.15426369425054823,0
0.2601116522826821,0
0.22540195304901675,0
0.2812471828017819,0
0.2963234229499997,0
0.30066978708653963,0
0.2019173332820851,0
0.2960588767786536,0
0.2534441689501859,0
0.25223160933846184,0
0.2129996633549636,0
0.2650268663303821,0
0.29330036201250115,0
0.26576601784824005,0
0.23819804088974608,0
0.28120181274935074,0
0.26853465968053686,0
0.12823824601698897,0
0.14598066631582313,0
0.2865654114442831,0
0.29064956087485344,0
0.07127057300448207,0
0.2951118650499482,0
0.21818983803858202,0
0.15410714779046641,0
0.25436499409435565,0
0.2688659993195588,0
0.2935642834203532,0
0.2535854982851521,0
0.268000035241927,0
0.2644206256754671,0
0.27789631038055007,0
0.2951892713472317,0
0.27623921289595754,0
0.26628732028210844,0
0.2461522535004627,0
0.2660121907947137,0
0.10326318720468111,0
0.2941248929137582,0
0.25509190424115863,0
0.2791137425152557,0
0.28864379302484516,0
0.264504253486385,0
0.26853465968053686,0
0.2584151826547904,0
0.2723311580106852,0
0.3023988219259199,0
0.2956634866047211,0
0.10150396723614952,0
0.3012060434129063,0
0.30309233801459057,0
0.30423372949815236,0
0.2948409522373218,0
0.25803442316852426,0
0.24346342594565207,0
0.07530373011158813,0
0.2938948043378235,0
0.27920204293252154,0
0.29218866633321366,0
0.24921173910245012,0
0.2804790305060692,0
0.28430989625810926,0
0.2224305463761459,0
0.295054028227498,0
0.2700787755374276,0
0.2571607582865024,0
0.29868505654740546,0
0.3063280512976933,0
0.2589976502077835,0
0.3009807229230531,0
0.25802082070092125,0
0.2681629285987204,0
0.2390632545063644,0
0.25928848927141523,0
0.2758958268305886,0
0.27869589586743315,0
0.30627943219745213,0
0.2856278252612773,0
0.2594522362842985,0
0.24825368773298334,0
0.2903477684795325,0
0.2831981801483726,0
0.24553188631617404,0
0.2804823028718237,0
0.23911132426066375,0
0.29156471355570107,0
0.25566156742491203,0
0.27379616022983283,0
0.2562230431892348,0
0.29035218648493183,0
0.2687585425730317,0
0.26863878006731706,0
0.24854738834648563,0
0.2844951919586517,0
0.2639477297560883,0
0.2101691042661529,0
0.26677486392637806,0
0.281478554568152,0
0.2742174516478203,0
0.24882054447226054,0
0.2536237007767922,0
0.2638844809621347,0
0.16576672119775301,0
0.26853465968053686,0
0.2610027751869194,0
0.2037043187474585,0
0.10374499750550109,0
0.2824923434809568,0
0.29013825199309273,0
0.28903511627866113,0
0.2099996863315212,0
0.22142425865443963,0
0.276136584205521,0
0.2854472006609365,0
0.2531644826818384,0
0.280763050605435,0
0.2683257562637481,0
0.290632531944684,0
0.2631924762386639,0
0.12421091585646665,0
0.24435577364688624,0
0.28755237528791033,0
0.2675693606706418,0
0.2101163894032216,0
0.2308086568003212,0
0.303879378945992,0
0.27751159746069765,0
0.12188906112598658,0
0.2772519572781889,0
0.2902501434074407,0
0.2875286271401184,0
0.23999129097408545,0
0.2828352484298702,0
0.30242535060753456,0
0.2985611617596735,0
0.30123738624795415,0
0.2813132339076117,0
0.2939528206186582,0
0.22826597561378675,0
0.2767585562030073,0
0.27046791881041315,0
0.23548092452822272,0
0.28741009236869264,0
0.28670835778628906,0
0.2996070343910026,0
0.25364668061673423,0
0.28550577344376515,0
0.29167282016496926,0
0.2946777549052437,0
0.2868756488571379,0
0.23857379444200938,0
0.289071863611639,0
0.26461695366523486,0
0.2852172068999645,0
0.2937866668726384,0
0.29564330295692914,0
0.2736448045179401,0
0.20651580839732092,0
0.30019446767548985,0
0.2827802525892889,0
0.29394028927750565,0
0.283892201155295,0
0.2942115488578299,0
0.29666639547919726,0
0.2890515794297321,0
0.23399014496675008,0
0.27682107612123863,0
0.24727387760133843,0
0.2839738474455546,0
0.2755498552359975,0
0.2742333330633557,0
0.12509387240121575,0
0.2803962992852014,0
0.2542373397208532,0
0.1015274412304939,0
0.141541963770901,0
0.2162074256899957,0
0.2946949728653079,0
0.2979037618605708,0
0.29455985638774135,0
0.2846939423691416,0
0.15537395606202248,0
0.20320389302439457,0
0.2807649472639994,0
0.20379894122829434,0
0.29140334941812424,0
0.21082343028492811,0
0.22746462420969749,0
0.26853465968053686,0
0.23976342033413636,0
0.2670663893231991,0
0.2765365033067358,0
0.27019866749525073,0
0.29365984003451084,0
0.29849124048887277,0
0.28964659470658155,0
0.0993935815427402,0
0.28235960569918456,0
0.2814708862853139,0
0.3079710478847855,0
0.24411486262753587,0
0.2965893237871761,0
0.2612547443399513,0
0.29950983802966963,0
0.28368543607932656,0
0.30099529349362564,0
0.2567200192319599,0
0.25655419777633015,0
0.2614056628931701,0
0.2741656623635185,0
0.14540423383807585,0
0.20902750869539816,0
0.2746141623627049,0
0.2799670427541301,0
0.29235837649195645,0
0.13021397017960581,0
0.288417813129302,0
0.30003108498068787,0
0.2674848929873106,0
0.27171837124089887,0
0.29945824359176887,0
0.20764169457371423,0
0.28966284863079816,0
0.2140847615991835,0
0.275319165283263,0
0.289471198183091,0
0.27071470588697244,0
0.27895789311909225,0
0.27186049170998083,0
0.11717783445281163,0
0.2826074869106556,0
0.22294716681568677,0
0.25444847126898223,0
0.299877456047635,0
0.25911403240598974,0
0.2907605028771569,0
0.20798635475983754,0
0.2870886153412744,0
0.2624345616654919,0
0.26432805079390187,0
0.2887118726839934,0
0.19862780676426256,0
0.2478189619464459,0
0.29734912829355264,0
0.29489183731265145,0
0.2632437861922051,0
0.28918475716936876,0
0.30308262667788427,0
0.28772253284742383,0
0.26575766229348835,0
0.26073674277120684,0
0.18459017085856516,0
0.23908610487067758,0
0.2206032260076883,0
0.2732177609945449,0
0.28086679117840935,0
0.29628836818082727,0
0.14502771058764555,0
0.1270307499097576,0
0.1945885487707415,0
0.2913990074643984,0
0.2868959065479915,0
0.29500368328486887,0
0.2455698499475749,0
0.21049965853295166,0
0.2306821816295686,0
0.27251416707559173,0
0.2853736358417963,0
0.25783142617164917,0
0.266722704286665,0
0.2973775370509611,0
0.24360940832281572,0
0.2967537417035316,0
0.2919541586076851,0
0.2807475105181929,0
0.2937286334371005,0
0.0665262927517704,0
0.29056850876052553,0
0.2767694117212367,0
0.2654334137811613,0
0.27573557107139424,0
0.2368132554480659,0
0.2554625850609943,0
0.24349399621319442,0
0.29767314096477565,0
0.2709300741720468,0
0.25272732715180135,0
0.18056172628872613,0
0.21477328832577958,0
0.28546464041008013,0
0.2403133210488003,0
0.2861409634225548,0
0.29956232742574274,0
0.2877132549036688,0
0.2866456995896146,0
0.2547574025751606,0
0.29583560267165415,0
0.26849696784656685,0
0.26410870451488533,0
0.2987909678356041,0
0.27802181516532526,0
0.28826406839383556,0
0.22208373289172184,0
0.2901813347647911,0
0.27675756640702953,0
0.25503062704009044,0
0.2864320048999202,0
0.2528883632326995,0
0.2568976607900858,0
0.2698433635544343,0
0.29808794911429826,0
0.27026298667632026,0
0.3059627872554621,0
0.29564967259009906,0
0.24207540907358177,0
0.2988113129157386,0
0.28840324918911736,0
0.3005602821696464,0
0.3007448251841944,0
0.27729949093942924,0
0.134827493743762,0
0.1535148782174084,0
0.28041710099879114,0
0.2491843559163334,0
0.15758788342844823,0
0.27045579091905364,0
0.29028237431095477,0
0.2195551517603976,0
0.21328134557066097,0
0.28467844309294976,0
0.2645359743046234,0
0.24087130897232087,0
0.2634651746848916,0
0.2912573671677049,0
0.28131993302566405,0
0.2975634328074785,0
0.2471082867647547,0
0.19210866081199088,0
0.22317729445806272,0
0.3055931563493237,0
0.2945395833272089,0
0.2667012874995267,0
0.14397740797836578,0
0.29712149046397907,0
0.2998695095129586,0
0.25762168388311635,0
0.03854254424742393,0
0.29802163602530873,0
0.29747289403555194,0
0.29553590577849576,0
0.0775533491807001,0
0.27340387322003945,0
0.26705707605286516,0
0.29292110992244985,0
0.24739777749265351,0
0.276516176596962,0
0.2582654786907568,0
0.18368669481205582,0
0.25846283339841325,0
0.2828278049017083,0
0.2694188821459842,0
0.2971892408598365,0
0.29999301727325267,0
0.26838135379044564,0
0.28209442513891503,0
0.29385824993178145,0
0.29917942037630396,0
0.25674104372155043,0
0.2986890251758962,0
0.28562174911214966,0
0.23454610702283607,0
0.09777684460681256,0
0.14595698915014652,0
0.1407225078356846,0
0.21071582409957063,0
0.25045161760594314,0
0.2818145414081419,0
0.26949220256888284,0
0.28836082727301193,0
0.2804279951809913,0
0.2878151324376176,0
0.2060554308923082,0
0.3026371522955575,0
0.2673754296818207,0
0.25115957910871084,0
0.17527766751473725,0
0.06151325668353708,0
0.27486071757604397,0
0.26105390129632616,0
0.2579831018628699,0
0.2856209401798535,0
0.26160807718138973,0
0.26036930663728536,0
0.25456761895830937,0
0.26817759400215285,0
0.2043879676833177,0
0.2685408383467605,0
0.25686363746985186,0
0.27416107301538856,0
0.2805154875592523,0
0.29242467916445963,0
0.26086773166908234,0
0.19529231307649986,0
0.2766967887124889,0
0.09913584766594058,0
2.8145293311271534e-05,0
0.29362902094942517,0
0.2958270829921382,0
0.25010020664488025,0
0.25699851394973816,0
0.24422180148557823,0
0.02050536835016659,0
0.28147957251974,0
0.29841533517592267,0
0.28869641320892403,0
0.125219255061645,0
0.24660725910221018,0
0.2999464096459087,0
0.26366156945143404,0
0.29350958518478665,0
0.017538362110140142,0
0.2808097427187746,0
0.23667233588722777,0
0.30992449003803535,0
0.2550101535953689,0
0.24948300843356733,0
0.2800530105371149,0
0.2382687054236014,0
0.2731071329261464,0
0.2991557593513861,0
0.2799369125174918,0
0.17457932498130974,0
0.24808698096790652,0
0.2648573336061141,0
0.2930098699968076,0
0.2838951916350392,0
0.28237804002234956,0
0.20531209254366392,0
0.26246529526468193,0
0.2106651771530846,0
0.29943492806191246,0
0.209864639310485,0
0.27492327933581484,0
0.27560291854084473,0
0.30559648324057803,0
0.23167484090430432,0
0.27994628878552036,0
0.2950102769792012,0
0.2551373615309131,0
0.29448872409812654,0
0.2812002509544937,0
0.28729930213878524,0
0.27870284614492635,0
0.30174873311407263,0
0.28588636394579103,0
0.2663367627999454,0
0.29213905575925264,0
0.16930539140431872,0
0.2656391551847877,0
0.26853465968053686,0
0.3020902651789096,0
0.29792809392647496,0
0.2334704464118993,0
0.26853465968053686,0
0.2536499716617808,0
0.12655929318511577,0
0.2858621927627501,0
0.26248186028968473,0
0.29555167891531114,0
0.2860605003395983,0
0.2536126766000974,0
0.26802134159550467,0
0.23590146212775207,0
0.2979115485987827,0
0.2776168426522602,0
0.28853139023757507,0
0.22444330822169106,0
0.19718869244239842,0
0.25782105639136826,0
0.26346738183693735,0
0.30446721936670473,0
0.26767754665389787,0
0.2701465431722824,0
0.295269695462726,0
0.05758306888735075,0
0.28313636316824825,0
0.2612256351449824,0
0.25802692603085076,0
0.2694039100831164,0
0.26182479152556004,0
0.29497714805547176,0
0.2986000915299295,0
0.18509701234889145,0
0.2918532666529536,0
0.286991479686105,0
0.24450862782096003,0
0.24420670527227253,0
0.2635288889471983,0
0.2682258758362139,0
0.26273757956978383,0
0.2829868067948823,0
0.14395151499477044,0
0.2932115465374268,0
0.27895518506841,0
0.2530805414378362,0
0.25542709013595866,0
0.26426758980668524,0
0.2954280628178741,0
0.2912981864788155,0
0.25479046552903195,0
0.2983223787479286,0
0.29216271906768093,0
0.2897463314477409,0
0.257567748924579,0
0.2364938031351564,0
0.29386883264303615,0
0.26774166986473963,0
0.21711928885910714,0
0.29576492262001963,0
0.3003050922804146,0
0.2914447142798734,0
0.2580481460902796,0
0.26853465968053686,0
0.27785257528239843,0
0.2932469159835509,0
0.2987608980886593,0
0.2534120124493981,0
0.2851113725308267,0
0.27741912188675366,0
0.17661526174514214,0
0.28375855353987706,0
0.27683561945402557,0
0.07081347147298044,0
0.25696112785348424,0
0.21279078215063796,0
0.2811450278781216,0
0.2754068978846052,0
0.08517475373607657,0
0.3030867592292898,0
0.28976032902116056,0
0.28096436581125755,0
0.2858789083909019,0
0.2664252288565294,0
0.255756880787931,0
0.2788928540236291,0
0.29945618694528975,0
0.2848428798604412,0
0.3026341535639246,0
0.2854903454014887,0
0.27595165019223256,0
0.2726953736931068,0
0.2913416385476073,0
0.2312148352359692,0
0.24532524420970586,0
0.2586110332316573,0
0.24229156376536537,0
0.2539761467418631,0
0.2822652595659665,0
0.2683407219117161,0
0.2790433315980543,0
0.004906345492145509,0
0.23692905612193307,0
0.2982422143100431,0
0.2901593434728755,0
0.23010384087877936,0
0.26699191471974604,0
0.2534340703715295,0
0.2738373674344421,0
0.23639867191329902,0
0.2966729061902379,0
0.2759327039974683,0
0.27227847307612496,0
0.28973964756962245,0
0.286588191145978,0
0.2983931253575489,0
0.29969308054667054,0
0.2548505728011086,0
0.2892257207887362,0
0.11543313282167562,0
0.2949236999065308,0
0.27535668405895125,0
0.2802162998113704,0
0.28473890104710164,0
0.2915095837818569,0
0.25968905642599005,0
0.20177822364339607,0
0.27936643674562445,0
0.2632612836929908,0
0.16657878867251935,0
0.25962587252545344,0
0.28356245957545123,0
0.28387495356564557,0
0.29042460940231835,0
0.0865170529304892,0
0.29550835962178656,0
0.2593892684959694,0
0.293663638938026,0
0.2723921469732529,0
0.2235117138417108,0
0.2802411224549723,0
0.2889422364205549,0
0.2890121162729735,0
0.26962227852489956,0
0.2944939527707643,0
0.2153215955978246,0
0.2903986410562782,0
0.9995639338234729,0
0.28602943723613194,0
0.2654675834169919,0
0.2620091987794624,0
0.2845623465634819,0
0.2872152481431626,0
0.29193590679283293,0
0.2721108095365001,0
0.21989806760406388,0
0.30401070044488737,0
0.28720988754589355,0
0.24762790081860095,0
0.16543000775852956,0
0.2925102585652728,0
0.30125431535400726,0
0.24447407366083354,0
0.2671008665133084,0
0.14441919834482816,0
0.30295511399856195,0
0.1217357058263435,0
0.28726022237096954,0
0.26231660412780733,0
0.2934142665972116,0
0.2725257298286732,0
0.2981285995142772,0
0.25829037779359804,0
0.27690132065728135,0
0.04703269985812762,0
0.2980042058770814,0
0.23176516832105376,0
0.2727711864589148,0
0.2839896048725357,0
0.29611476363296435,0
0.20786182960373364,0
0.26887193709827184,0
0.0010150269683771003,0
0.26857131906041465,0
0.19974623232162525,0
0.2751809858218575,0
0.28458167149083285,0
0.29216690120768146,0
0.2906319300832786,0
0.2212996394808673,0
0.2864489169060763,0
0.28056425285257464,0
0.25063260629603856,0
0.2904070084072143,0
0.27169177500808833,0
0.29069045247536013,0
0.11031267298287799,0
0.26973783569872517,0
0.3020152173369282,0
0.2773033042717753,0
0.2868261723211775,0
0.28354926555267584,0
0.2606262226025977,0
0.2776187725081381,0
0.2883638284444548,0
0.3039470975615775,0
0.28544645480174424,0
0.2718471319104143,0
0.0424478444089619,0
0.2886552550916234,0
0.2690031902790547,0
0.30521907106025953,0
0.19050356828198983,0
0.30060619117969506,0
0.2984857838334205,0
0.10156536563740955,0
0.26718279884068374,0
0.2935528896787188,0
0.2878589315414404,0
0.20180998957807023,0
0.280060533454185,0
0.2809278912930403,0
0.23105725446712497,0
0.279581878783067,0
0.2767035095822303,0
0.24614820993318384,0
0.2873996379355294,0
0.29175637549495126,0
0.3011835044172724,0
0.29172952691291515,0
0.2827576069628919,0
0.24993914549531748,0
0.2928169886799719,0
0.2873913871345194,0
0.23984461773798083,0
0.07878349029735732,0
0.2472808644567759,0
0.055148865962485714,0
0.2871125006375094,0
0.2643363488638863,0
0.25923635396544736,0
0.2803569381956811,0
0.6012616893528627,0
0.2758028932585589,0
0.27596953637508453,0
0.28961875302323464,0
0.1646241751033709,0
0.21549833022237916,0
0.2189449287711003,0
0.1925234446990854,0
0.2536357556362419,0
0.29771447511139815,0
0.281587982158993,0
0.25444947320315087,0
0.1946915794274646,0
0.29658341157491497,0
0.19824229930343767,0
0.273718379532715,0
0.2963122346550241,0
0.2670684112847728,0
0.2829967528831144,0
0.28801868183436474,0
0.15029737005959828,0
0.2702876516421339,0
0.17264760978324728,0
0.27055217210929217,0
0.28333952160506815,0
0.2710817531105605,0
0.21419203291258826,0
0.1922851492870443,0
0.2863579843170421,0
0.252373099518795,0
0.2868810069153511,0
0.2689626586166154,0
0.08707502477848116,0
0.27028146571085765,0
0.17711893191668684,0
0.2904889200641241,0
0.30321819858563437,0
0.2650406218485104,0
0.26937984837378354,0
0.26792442843724634,0
0.18507900149898496,0
0.3044283588027627,0
0.29927763782283107,0
0.25722085019110896,0
0.2680825461177586,0
0.24928914726195944,0
0.06406631779108118,0
0.29740561766426515,0
0.3041677756037033,0
0.2233521389253837,0
0.2878342918166244,0
0.2626214949741067,0
0.26518443436968797,0
0.18684251627656986,0
0.2212251978802336,0
0.29026075653197403,0
0.2790230683228169,0
0.25782581561161144,0
0.24979467111600281,0
0.14228123306979532,0
0.29271940918445366,0
0.2771687968695909,0
0.2735410268374481,0
0.27887996662932985,0
0.21561866773213345,0
0.2771707269228683,0
0.24468665630298575,0
0.2606277799935294,0
0.2882247424720309,0
0.29789645634677536,0
0.28458691753973264,0
0.2149580686928446,0
0.22862019588433466,0
0.2889333577214905,0
0.291062510151216,0
0.25565443630784723,0
0.2984853341951886,0
0.27746803709677903,0
0.24597377796541542,0
0.2754515432890484,0
0.2810582399448137,0
0.2847310789587583,0
0.2838509469573334,0
0.27438155096864686,0
0.2782810731302191,0
0.29303926072005054,0
0.3013536332771635,0
0.1924835727417024,0
0.239952309276989,0
0.2909283129519379,0
0.2753630397214805,0
0.2924975107870325,0
0.2634525382501348,0
0.22661238761218894,0
0.28718509457336555,0
0.2930813331094112,0
0.2970638770302008,0
0.2420102868204314,0
0.29368512558047855,0
0.24067590679545803,0
0.18750649815404313,0
0.08017394901107723,0
0.29602195856564784,0
0.29048722126453075,0
0.2870066959237413,0
0.20136828163358214,0
0.2985317787403171,0
0.24386085684454165,0
0.2801149897737833,0
0.26510028433556904,0
0.2631120207375305,0
0.2877582055839493,0
0.23702846300515756,0
0.28703701265431636,0
0.28987794674977324,0
0.24479778342934624,0
0.29912617892056514,0
0.2984762583197833,0
0.2829590265181977,0
0.2735956926142805,0
0.2803095145193655,0
0.27068670020006524,0
0.2734301897452897,0
0.2692770974444467,0
0.3023642906382792,0
0.23667506980894662,0
0.2734123420446744,0
0.2745633227396137,0
0.29528008947507356,0
0.2151622366207134,0
0.2532731321861765,0
0.2924729540244132,0
0.2831013291417105,0
0.27931385875880055,0
0.24177310524590848,0
0.27823214582242967,0
0.3002997657036901,0
0.2893177859087227,0
0.22164656041163505,0
0.27432401760836256,0
0.2682127406847161,0
0.2698424666821449,0
0.14025145270978417,0
0.2631104460708532,0
0.2617474649190058,0
0.29019676629563435,0
0.27994639063402904,0
0.2928950028106755,0
0.18080435435429124,0
0.29081937755611326,0
0.23214403958106467,0
0.2423157906258061,0
0.30227341647918954,0
0.2437781855374749,0
0.149374767496594,0
0.24010848600616375,0
0.2874571532230419,0
0.20422649035691748,0
0.26672177173952666,0
0.2707364877220635,0
0.2816205839120704,0
0.197946121132694,0
0.29751497831264506,0
0.24194890851492182,0
0.17573629707959,0
0.26255537357047243,0
0.2790413861323596,0
0.27428043108113964,0
0.2672508430986968,0
0.2892082589013216,0
0.2523309446166835,0
0.2551470001360061,0
0.2838951916350392,0
0.2822348704991597,0
0.2800982073556266,0
0.2859764808440867,0
0.2750679818534311,0
0.26889993879763113,0
0.2793846543097745,0
0.2890696892255178,0
0.27682346949895537,0
0.2776345233359484,0
0.2762656753581683,0
0.2853246604658223,0
0.2572276996664326,0
0.23912591299510086,0
0.26919593978394074,0
0.2587470549728421,0
0.2917769288216185,0
0.27934957479396816,0
0.14083403308985357,0
0.20052417237585338,0
0.2889066633209089,0
0.24831507047277718,0
0.09220855072888008,0
0.2674072118902608,0
0.29737384033071795,0
0.2065251713565584,0
0.28314399493517595,0
0.29972253696887957,0
0.2289725594674091,0
0.23731367047474405,0
0.2688020567387342,0
0.2966681157565548,0
0.2911914242706395,0
0.22318528313658076,0
0.2941799059093772,0
0.2631906581219391,0
0.2988796215942901,0
0.3019799941890996,0
0.2165512849651268,0
0.2799664888073122,0
0.23312661225517411,0
0.22446763106884812,0
6.751461660091219e-06,0
0.3018046935665069,0
0.29375893546344556,0
0.25590470146131333,0
0.29078868776552863,0
0.2030930299131535,0
0.27277986321884334,0
0.30130698074022,0
0.2874366382457551,0
0.14234287621563202,0
0.25297547979096907,0
0.26378302744177695,0
0.26906047588671833,0
0.3039989110062321,0
0.2475283763257356,0
0.2872491523068468,0
0.29951025675986936,0
0.2509308239674567,0
0.27104997755535326,0
0.1643523453603111,0
0.2140847615991835,0
0.29467663493627505,0
0.2698271936308407,0
0.27175092367723735,0
0.2111077231168239,0
0.29249976612023787,0
0.28222511837802494,0
0.2721341097129047,0
0.2706411163928044,0
0.21329475236070647,0
0.25965065705106005,0
0.26299327330660904,0
0.2706624200726264,0
0.1520357210285558,0
0.2639349996762475,0
0.30671487538808834,0
0.27677523985210883,0
0.28093084386915596,0
0.293768773518856,0
0.2724238969567657,0
0.27369579276325906,0
0.27623427516933824,0
0.28565424321866384,0
0.2709984842838663,0
0.2852077293600092,0
0.30124442356890146,0
0.28025172677423626,0
0.2808515619996878,0
0.25907634026406867,0
0.22954026881439027,0
0.2579299444779325,0
0.28112242797447035,0
0.2591250290905968,0
0.25341763849411325,0
0.2609844360373034,0
0.20397985447787864,0
0.2776336125865006,0
0.24044713511169424,0
0.21572786631291618,0
0.28649838406658573,0
0.30356028197093965,0
0.2578148416422737,0
0.17900731483381688,0
0.29298987034071583,0
0.20408747988691636,0
0.29439389521195136,0
0.2750833646180724,0
0.1151870982834847,0
0.1631054987969115,0
0.025759393619749698,0
0.2832977119206644,0
0.23090015910107928,0
0.27210506619109964,0
0.1733711421702929,0
0.2800755983256387,0
0.24545687829477053,0
0.2659590354206353,0
0.2683539424118019,0
0.3009811978742176,0
0.2631104460708532,0
0.26479445496341036,0
0.29343821620893623,0
0.29683500873397933,0
0.23779780746623622,0
0.260388372397598,0
0.23106274846914052,0
0.258971070811561,0
0.26853465968053686,0
0.27809991428372355,0
0.16164007084001597,0
0.2490465121608018,0
0.29173976630627807,0
0.272133273682876,0
0.29371767945158106,0
0.2764488768353029,0
0.2502329634059707,0
0.2696056456417556,0
0.23901818171021608,0
0.263027026012702,0
0.28837745964017025,0
0.2924892356518151,0
0.2819160682153568,0
0.28999578726006486,0
0.26853465968053686,0
0.2605534093960091,0
0.2962804943877491,0
0.2793413279201354,0
0.2850096148048814,0
0.288035456557891,0
0.3027827582986167,0
0.21259422960654395,0
0.23667658097848485,0
0.1880536369709907,0
0.3016760753360156,0
0.28064262865346257,0
0.19578369865972514,0
0.30445777728812506,0
0.25084025663398857,0
0.2957745111751865,0
0.29483901515937466,0
0.29982131001317824,0
0.30117431375728526,0
0.29726790104897666,0
0.26902378214736516,0
0.2825547031754769,0
0.27635466248399687,0
0.19344412516557824,0
0.26985598468995003,0
0.30091613806565337,0
0.206428356546702,0
0.2999027141162634,0
0.26873813436711463,0
0.2769833072728365,0
0.28571223499466053,0
0.2924050894807066,0
0.26750704361569144,0
0.2689566860736259,0
0.26699528936375966,0
0.2998934359782554,0
0.301584771325216,0
0.20566343950427604,0
0.2732757015578666,0
0.27668717118831804,0
0.2755765964817892,0
0.08421790387749988,0
0.2993562898450752,0
0.2952218928201793,0
0.22413605926015076,0
0.29121220515596935,0
0.25698993365846146,0
0.25613725816371635,0
0.25128325653692785,0
0.14080734055738153,0
0.2609405355134516,0
0.13264051083913264,0
0.24867332307207565,0
0.2881285318936064,0
0.2930108590177771,0
0.2782881216630096,0
0.2722029182003806,0
0.19203917012995922,0
0.2875636837136539,0
0.24832992533082698,0
0.19984008832585587,0
0.1774496544499759,0
0.2620430270760348,0
0.23571942382674785,0
0.2278645115194159,0
0.2805479036717384,0
0.1367567023614274,0
0.2952874533662747,0
0.28841596576575396,0
0.290643657512719,0
0.20815333740012334,0
0.2880768696113792,0
0.28000185773334946,0
0.29228311242174077,0
0.24045253812080938,0
0.17469250196983677,0
0.3066021640944959,0
0.25859833426810525,0
0.2928002615950228,0
0.28482269695498114,0
0.2608868463873241,0
0.22273411660477196,0
0.2875928570571948,0
0.25715716303595415,0
0.26212319795578304,0
0.276138085221738,0
0.2974436628645798,0
0.2848599189984592,0
0.2583799506112194,0
0.08462164870131272,0
0.22627971721315399,0
0.24105000882820438,0
0.24871046448840747,0
0.28246070416772256,0
0.2902237415146206,0
0.29023982651632735,0
0.0794059410798295,0
0.27411983952072844,0
0.25924872447225755,0
0.2610546594530848,0
0.25796621203311043,0
0.27117313841058605,0
0.2615228884054164,0
0.2562321581355607,0
0.12389502297536566,0
0.3015266346826061,0
0.27984586019514723,0
0.2565185049436745,0
0.2632437861922051,0
0.227803070556422,0
0.3015403225361345,0
0.2699577180760986,0
0.23043962510680327,0
0.267776331965682,0
0.2744134476772473,0
0.2717949761955364,0
0.28515737523720697,0
0.27234515060026865,0
0.22453812477925075,0
0.273785872409446,0
0.2980754712631618,0
0.17317227339617572,0
0.14599221957655917,0
0.29261707087606464,0
0.24779505254597817,0
0.2804420316527064,0
0.28986724883729903,0
0.1294269395211581,0
0.26472771878077356,0
0.26498011371766206,0
0.2887447678631786,0
0.2634051000953935,0
0.2987012056430496,0
0.2830291740625455,0
0.28492052698246023,0
0.22719923876059114,0
0.10418125036525135,0
0.26502168315579683,0
0.2687200962899267,0
0.28275284514538745,0
0.2529407578397672,0
0.27372374423324924,0
0.23882877360909013,0
0.2593894129821033,0
0.2502006031337357,0
0.28401030214172257,0
0.25287922632739085,0
0.2534531752707535,0
0.24650309413213034,0
0.2920319965453788,0
0.24917725727720305,0
0.2503966242911122,0
0.1878619869493606,0
0.23959746195869333,0
0.13566752542789626,0
0.1743627718193283,0
0.2562812484636062,0
0.2262709743611604,0
0.21437841548803147,0
0.2421198887051233,0
0.20154295359206906,0
0.270992080299936,0
0.2706883959121101,0
0.031006912630204515,0
0.28048047548663674,0
0.16134786296666512,0
0.2812050697955145,0
0.2974864374975834,0
0.2948112036946015,0
0.3017936093013988,0
0.2876728028908767,0
0.25618671058013043,0
0.22644428725606053,0
0.26166633604167705,0
0.1065857687572396,0
0.2435146598071086,0
0.24230493107831846,0
0.2920631723045847,0
0.29040223323484426,0
0.283413284023519,0
0.19048925474733044,0
0.25793858309342904,0
0.24672338672663172,0
0.07976071629072724,0
0.0010823319839591663,0
0.2782929041980567,0
0.30529776199109937,0
0.3025570976892488,0
0.22913170523825857,0
0.30128150264332565,0
0.28360879073592915,0
0.21590231257535858,0
0.2724412673229362,0
0.2594007513089118,0
0.17166927628263776,0
0.2803643981328887,0
0.2645508428917135,0
0.26269258723949107,0
0.28594775392243793,0
0.2285728094624787,0
0.27936149666597393,0
0.008052125715503384,0
0.24619988445137095,0
0.2852721149607988,0
0.25760090255803075,0
0.28755839220074964,0
0.25598145699265856,0
0.2776687799571117,0
0.09346873871455436,0
0.18706986081689322,0
0.2640049142794779,0
0.28042799849874134,0
0.20423917321346038,0
0.2698662547810472,0
0.23528840707808613,0
0.25644909291017903,0
0.26067345761658206,0
0.2308459949054678,0
0.23655770500080664,0
0.28363782133198034,0
0.2337889276750376,0
0.27259818927452256,0
0.2814567939479931,0
0.22639344423741986,0
0.16084697004403045,0
0.2796928767096522,0
0.27952299131731645,0
0.19916071062967552,0
0.21983685592699254,0
0.04137075982868789,0
0.29628373584640016,0
0.29523548625047186,0
0.29822399115556175,0
0.25764104660165427,0
0.2633690315498375,0
0.17351792209239494,0
0.2718129239312113,0
0.239614535319402,0
0.11147305430096746,0
0.2239099906549733,0
0.21202811783172587,0
0.19967647991732324,0
0.14538985804529284,0
0.28281793261244587,0
0.27788261841186246,0
0.2990327950705126,0
0.22023044881392914,0
0.2448963179378118,0
0.25268004113520354,0
0.27773133811369566,0
0.24744805817374643,0
0.2666820265897394,0
0.2870399343958193,0
0.1844833772088919,0
0.28450900921508687,0
0.20280447104801833,0
0.2678881306083298,0
0.16140019901935507,0
0.19625077830838789,0
0.23701021058528862,0
0.10994148583894317,0
0.28189402312573125,0
0.19373414757940507,0
0.19420775694539422,0
0.2633095912397495,0
0.25973301725770753,0
0.2000981718146579,0
0.18334850901695887,0
0.23266539488437019,0
0.05816762397457401,0
0.10912848068554826,0
0.2703727465333538,0
0.13423339483120614,0
0.2774990531651059,0
0.270547041565012,0
0.30798966801457406,0
0.25634865375474175,0
0.16280769136274978,0
0.24422482062323567,0
0.3021686373403449,0
0.18905984221302538,0
0.2417325407385421,0
0.28377984789261534,0
0.219360116462725,0
0.22219185010832385,0
0.2665939822679622,0
0.2796422372483181,0
0.27082252226709086,0
0.12017920555016316,0
0.2457382158933501,0
0.27383121113278674,0
0.17291977049483584,0
0.2996466216151383,0
0.2510249720228301,0
0.24519874495104105,0
0.2578580791403131,0
0.24574810036571715,0
0.1883284318809352,0
0.24477935452503843,0
0.25475340966989984,0
0.2001234509820013,0
0.2617342190206693,0
0.17955848171906671,0
0.1707623775334344,0
0.1743675517139678,0
0.18802643462879556,0
0.21914448105768783,0
0.11020747922634211,0
0.25018340424435087,0
0.24895573587765427,0
0.13562497190349407,0
0.2831518594029203,0
0.3078340593380764,0
0.038959905280115344,0
0.2828202339772803,0
0.27007491357943475,0
0.3033537291008462,0
0.27313344672650813,0
0.2718358676707197,0
0.051510904079401544,0
0.26446799175583363,0
0.2907794768253142,0
0.25475378360403,0
0.25212798648608453,0
0.25077556060707795,0
0.28734152178214917,0
0.2723145736566488,0
0.20020526184194895,0
0.2706226883867733,0
0.2024779969494427,0
0.20079737139512036,0
0.2791950602766455,0
0.2721438287610929,0
0.2845537188066098,0
0.2039868665843635,0
0.2658201524216321,0
0.19280143997864382,0
0.27050900670765954,0
0.22142937554310335,0
0.25704809304695514,0
0.2754158094047672,0
0.2665010759915943,0
0.26441793240472666,0
0.22094968379667546,0
0.24205993132430415,0
0.27025911857588497,0
0.28552472053031036,0
0.30730531516621656,0
0.2673512281070439,0
0.2746136446329146,0
0.26693242792819116,0
0.28169134812230573,0
0.019293651613141307,0
0.21399692776246354,0
0.2947656056807517,0
0.21515252378851846,0
0.2303452487096343,0
0.26715681580802225,0
0.29712254577762276,0
0.2919883973306702,0
0.2991396727898767,0
0.21791613017432393,0
0.24075060589372196,0
0.05207281209614953,0
0.10591381038236677,0
0.29181667987319526,0
0.2677732321513666,0
0.2631889529887361,0
0.29583704482070294,0
0.2671436797089119,0
0.2644496190695571,0
0.23114932713157327,0
0.25817289688868594,0
0.009711904934586863,0
0.21556358546659485,0
0.10082001164711173,0
0.2506201813751706,0
0.2042227532362087,0
0.27577444565072246,0
0.2605633483560089,0
0.204674880670057,0
0.3025401087944077,0
0.27579778079357337,0
0.19090986873419102,0
0.2032991364406632,0
0.27598383473147675,0
0.26939885574131195,0
0.27794726838457473,0
0.23961718111299102,0
0.2771841792851259,0
0.229445824132643,0
0.20642677848251015,0
0.3012723032188012,0
0.2860741921881911,0
0.19922400524221717,0
0.2743148646471572,0
0.2724837265763246,0
0.20212778299584241,0
0.2506113744072694,0
0.22036072206828863,0
0.2168127701976943,0
0.28917239278329554,0
0.21236890614152704,0
0.2186187185163443,0
0.26910376561376187,0
0.3003877244497008,0
0.28349148441461053,0
0.22669568795082387,0
0.26378533565116574,0
0.2278668418146198,0
0.25543790505544356,0
0.2632460489247202,0
0.1877009460831722,0
0.3043309493006094,0
0.20431034950033292,0
0.29190131587650214,0
0.28694469884546137,0
0.23211456856740809,0
0.2314805836927458,0
0.27730462025375735,0
0.2270165973415618,0
0.27276332021782057,0
0.19351478072395312,0
0.03937102113981558,0
0.2816523819575531,0
0.2709720006473162,0
0.2934404489200852,0
0.27863392804761894,0
0.2112053598267214,0
0.2698466301467155,0
0.26205572919065295,0
0.02906837994783696,0
0.24936160754834508,0
0.21481173436116535,0
0.25869518334313474,0
0.2653778401926129,0
0.2523683028408584,0
0.30633712608359237,0
0.23491973037976083,0
0.23838989261953775,0
0.26878103703937817,0
0.2576534441480114,0
0.28530052995436794,0
0.06296899607594068,0
0.1760103717912377,0
0.28209652323506484,0
0.19575730067250377,0
0.27987851968497746,0
0.1592498642225952,0
0.24543128657603924,0
0.013977879327313364,0
0.26176904639526344,0
0.27296582143374726,0
0.27785263581538766,0
0.1774216752635117,0
0.2457704262541199,0
0.1874830312961137,0
0.1930841718316938,0
0.23109578975886988,0
0.16825092704920813,0
0.2924677228489422,0
0.2998341634112921,0
0.24598184315924085,0
0.20397577844474202,0
0.24707284606513027,0
0.07113142339342632,0
0.01681052607658436,0
0.19657477620501398,0
0.23157950968307764,0
0.23193958140178142,0
0.20437632043269016,0
0.1926802926568433,0
0.28673497916171575,0
0.16551117759093104,0
0.2756055778922028,0
0.2552189332761616,0
0.3024991462855467,0
0.28998419527200525,0
0.2870102656018917,0
0.18567584663888037,0
0.26785765624727176,0
0.26772935951955884,0
0.1950299429820725,0
0.16738399854751965,0
0.17953701013202036,0
0.26247153980110743,0
0.19482922749592532,0
0.3035588023054122,0
0.2663774558597569,0
0.16971696620025858,0
0.2908815502855422,0
0.2848617651717889,0
0.17740187097664728,0
0.28751611055264675,0
0.27466046020772106,0
0.26864382481552107,0
0.10950103739299293,0
0.07209081047576829,0
0.19394953422631797,0
0.28456295740963783,0
0.24214144245954744,0
0.17158114037583388,0
0.11556579399335717,0
0.22094263328044664,0
0.25752797152642176,0
0.23596887416664325,0
0.2921360169232231,0
0.0958663883790771,0
0.20193153548271955,0
0.21570801359348432,0
0.15211966627172357,0
0.2904039974020573,0
0.28753328147345875,0
0.2197406692273257,0
0.3016902539461119,0
0.25303494757972705,0
0.2901350952554589,0
0.16107745896688785,0
0.0666510665786969,0
0.26726894637746756,0
0.13737460761918943,0
0.28219361860399794,0
0.2535603528266844,0
0.16110464852429898,0
0.18393744464356385,0
0.29940906936871386,0
0.29357268077409754,0
0.23247300258651293,0
0.17976946018500534,0
0.19331491308567056,0
0.21153439356179785,0
0.2812361388564505,0
0.2857260233665195,0
0.2581819761355479,0
0.2907000816747262,0
0.2504100126591805,0
0.29752200145128765,0
0.1504102105117595,0
0.2590877860696094,0
0.2291203756516333,0
0.2798245880140945,0
0.29857121729078046,0
0.26308728579010576,0
0.2570208027177778,0
0.27506804709142413,0
0.2970358051154745,0
0.30208966648510793,0
0.3017342899899258,0
0.2095444451838706,0
0.2868256800199014,0
0.289068958395036,0
0.24656621685496224,0
0.2659800202079828,0
0.2861805420023819,0
0.28021882319005864,0
0.2722212598790543,0
0.21030607411330596,0
0.20749909946557488,0
0.289522592349967,0
0.2479871445320373,0
0.2927892585835794,0
0.3042060356772144,0
0.25056156257580564,0
0.22422738296490632,0
0.2259895743972751,0
0.2701800727057429,0
0.23974286392410196,0
0.2379768848823963,0
0.1956473922566006,0
0.25530502911688807,0
0.27496149946299514,0
0.25565965174532684,0
0.2436319940744258,0
0.12503880075065218,0
0.27489885434567884,0
0.17747977400545312,0
0.1902203337899516,0
0.1959313006414744,0
0.23974128870551742,0
0.15650829019645845,0
0.29242511153376854,0
0.26256587811845394,0
0.23045381057464073,0
0.28572792495112515,0
0.1735291429722292,0
0.2489266100424499,0
0.21262262170012305,0
0.22736704029659774,0
0.2504409578025974,0
0.23190106722510725,0
0.2654334921658388,0
0.24918277519528562,0
0.28432249776377017,0
0.1547532081505805,0
0.2859865567514399,0
0.11168934481194893,0
0.2765704873639621,0
0.2612233680950936,0
0.2999252939519634,0
0.2714679201932129,0
0.21405349121060394,0
0.2857625620567026,0
0.25694732570446666,0
0.26329616436788966,0
0.29548806719166054,0
0.2803965953731298,0
0.2740608400860107,0
0.2479556939741921,0
0.19500345641794342,0
0.2981698741631847,0
0.17394483980187547,0
0.1534379582209182,0
0.1469518211302781,0
0.20876853807472864,0
0.27147433912836827,0
0.012260117861435521,0
0.12339364533008453,0
0.27764121890095644,0
0.20937864460292407,0
0.2356964145521067,0
0.20905967245896287,0
0.25385913406032634,0
0.26192067234761296,0
0.27402179272656163,0
0.27053171699341694,0
0.29513653717795807,0
0.1506393730971844,0
0.20546847230453374,0
0.27140850213337103,0
0.25728708897275987,0
0.23866789137640335,0
0.29202580011839663,0
0.1508569773420413,0
0.2637193161894875,0
0.29118759019148366,0
0.2818307576213027,0
0.26466869851940406,0
0.2272643417112293,0
0.2872490153077529,0
0.2917481508288164,0
0.10565935492913732,0
0.06853787854228818,0
0.14596447623716924,0
0.28192066262743737,0
0.22661723107661536,0
0.2473921941523191,0
0.13853137157962506,0
0.23217809505278147,0
0.2225846108135591,0
0.2501796769250449,0
5.436101221108184e-06,0
0.26536163419201614,0
0.30714581892779264,0
0.2514144221174002,0
0.2412877558727658,0
0.19631033145419077,0
0.2838203588458508,0
0.20242574822647744,0
0.25997260607213396,0
0.12477969535205757,0
0.2491812249709372,0
0.2797583457821761,0
0.26970302927215684,0
0.27266030544335285,0
0.2840140278431195,0
0.2834660811463123,0
0.27829010139947724,0
0.24427632496608878,0
0.17703787497764953,0
0.25703070541383705,0
0.2806351143016379,0
0.25777794272089755,0
0.24650309413213034,0
0.22634610144463907,0
0.1498803720807851,0
0.24802906525917742,0
0.2750916526638428,0
0.2406406814241591,0
0.277857430903136,0
0.3019873985651936,0
0.2512513242601909,0
0.24159667174549343,0
0.20050328821529517,0
0.27256101545466593,0
0.1290442975447163,0
0.28720763372708086,0
0.22778677083269988,0
0.15747218545219005,0
0.2028400453482564,0
0.10417402313737628,0
0.2856628454496379,0
0.10191760612464423,0
0.2595103301037704,0
0.24278223562036894,0
0.29147993969557706,0
0.27043545817139114,0
0.1476112887720657,0
0.2831870844013644,0
0.2297117837883392,0
0.27043318630955204,0
0.2939526489554181,0
0.2687583466612869,0
0.2791470667394359,0
0.22905181826391183,0
0.17197562323349916,0
0.22772252993978875,0
0.271696977822337,0
0.1798489554660828,0
0.21574092224036345,0
0.26180552618314135,0
0.04810519999703418,0
0.2624023445179328,0
0.213833484258704,0
0.29326742427019825,0
0.13986424562087196,0
0.27676349409936424,0
0.18205372884119136,0
0.25835772273935265,0
0.2598429486541432,0
0.25084186181514784,0
0.1509593113824181,0
0.2933950945703672,0
0.28123732924687367,0
0.26438008021228265,0
0.28055045245637955,0
0.2191828648199294,0
0.28712551190318536,0
0.27159277697466894,0
0.20528130861276958,0
0.2853906251091299,0
0.18720133442394313,0
0.22808688361714755,0
0.227422359456173,0
0.2450881004898193,0
0.17065308341093688,0
0.2564240505968298,0
0.26023159758738146,0
0.24644526186515003,0
0.2237670516462188,0
0.2641961176203185,0
0.2656086895479383,0
0.29714453063145546,0
0.2756720387110225,0
0.24604728410705715,0
0.2933215410598154,0
0.21857810794670113,0
0.23714114711633014,0
0.29147863620042974,0
0.2977131635956622,0
0.2722499495579658,0
0.2569911913587544,0
0.30583572814243043,0
0.1596337290855364,0
0.22984980348021017,0
0.05443771271289906,0
0.1613094058624317,0
0.2772962446310028,0
0.263948781936015,0
0.27339333689849904,0
0.24084219228970527,0
0.23063395823648938,0
0.27098680250840235,0
0.2940499874960797,0
0.2250381772065625,0
0.20326867319885547,0
0.20059418580962288,0
0.20888884292400925,0
0.27588898621931546,0
0.29573194318763446,0
0.30587973889950915,0
0.2923364025464328,0
0.26419179464727327,0
0.18737190251450755,0
0.2266086645269714,0
0.27194516540064245,0
0.16214931430243118,0
0.22663340212492228,0
0.08677734311426004,0
0.2361192102972543,0
0.18892701273173468,0
0.28439390449485785,0
0.2992828354937399,0
0.20216932343800056,0
0.2838823140675325,0
0.1411787504128983,0
0.2375243759494029,0
0.2455149377149192,0
0.21926334903735217,0
0.2748514297541141,0
0.24389328262996945,0
0.27082252226709086,0
0.2739129584041163,0
0.276362582089555,0
0.25936104757991685,0
0.20697626761659632,0
0.2143454973887008,0
0.07335784568098562,0
0.2456894661260792,0
0.300429401385834,0
0.15181940044176867,0
0.25674151099936526,0
0.269312577869795,0
0.14612851387120274,0
0.21326178079307606,0
0.20687518902262014,0
0.27197197350249547,0
0.16076485836587784,0
0.2521814894263357,0
0.05573151237086478,0
0.26416363409998117,0
0.2653148210525979,0
0.2471337667609132,0
0.22991875301922687,0
0.14667795588314703,0
0.27363525311108,0
0.298688625556472,0
0.29207935885531855,0
0.17431464136371871,0
0.22359836029311553,0
0.1031745164240616,0
0.24143803431159094,0
0.2747015534497333,0
0.2256913768366226,0
0.24290300787117164,0
0.23798877248890019,0
0.2852950216392718,0
0.156333583603961,0
0.2035831328501383,0
0.2881337133681116,0
0.277635908718747,0
0.24920641210728223,0
0.2675007550560371,0
0.25473125441543387,0
0.25451066973710956,0
0.2632980708693317,0
0.20065699697581324,0
0.29350240546970463,0
0.2789600907101421,0
0.2813559534733771,0
0.2703075903286125,0
0.2536750109341334,0
0.2812264727478816,0
0.2392822093198873,0
0.21050499642951126,0
0.2165440176822888,0
0.25823782608544377,0
0.2890826248871209,0
0.27302996106378075,0
0.20068886581063816,0
0.1049778205320692,0
0.19569711623386976,0
0.21087092334166194,0
0.27579904736559224,0
0.280930163057684,0
0.2866251906360415,0
0.2686497077085844,0
0.2925059702839956,0
0.25675086218648996,0
0.2782845982428243,0
0.2671595205207679,0
0.2263748267984203,0
0.1906541759474887,0
0.2554647559433446,0
0.25829334591326863,0
0.20494854849380617,0
0.22840712546869635,0
0.22660473023281874,0
0.28252135306702647,0
0.2913729846389339,0
0.2660032333526334,0
0.29626989381231744,0
0.2499802915779296,0
0.20549112156603055,0
0.24576338348921414,0
0.2895762857544767,0
0.04596233073088448,0
0.2412475883331755,0
0.2778458028713159,0
0.2671610588413292,0
0.27495760580223927,0
0.21600402735505633,0
0.27952022364540596,0
0.26707443104549816,0
0.2283345688342023,0
0.22338381776272873,0
0.28450006413740253,0
0.24457709190425136,0
0.28726860485587163,0
0.27215719233255253,0
0.2756337256477762,0
0.19592997217131386,0
0.27045553167634556,0
0.2913307843585968,0
0.19510819513382677,0
0.257388260464088,0
0.25169427720602033,0
0.28924026947527987,0
0.3040117619361711,0
0.2947823402027364,0
0.2414588492286972,0
0.2780823494154042,0
0.2873367731437165,0
0.2975143711548288,0
0.21083151292359398,0
0.27874330806695946,0
0.27955163229118746,0
0.12530851302279317,0
0.06903212292651953,0
0.24439022017166395,0
0.27780805802400926,0
0.25992852379028764,0
0.2414213122513639,0
0.26501634776354765,0
0.2494985273754206,0
0.289599409998899,0
0.30988344558754716,0
0.2549444655962789,0
0.29313353645716,0
0.2951802931253849,0
0.2835680699659609,0
0.301981028218857,0
0.28769851256672885,0
0.19764144425548336,0
0.26922193144948253,0
0.1700605364583558,0
0.18206154144909512,0
0.27139929494712595,0
0.24126631229366752,0
0.21421614860712213,0
0.2647791975920687,0
0.28161175545946504,0
0.20543824589746912,0
0.25003346763963713,0
0.24932444507449023,0
0.26999132399130854,0
0.25831245386931295,0
0.2908327465956795,0
0.26975779847660175,0
0.21321762312967002,0
0.28111184725547794,0
0.21986044677808647,0
0.08792418989579535,0
0.17333137099212567,0
0.27520634107960623,0
0.27402187156034125,0
0.2351020021168314,0
0.298838393732861,0
0.2028952715368764,0
0.31117515459160766,0
0.29117585969757726,0
0.2328878950842888,0
0.2656943292990356,0
0.2925522641747132,0
0.1947975165716074,0
0.28714460234003575,0
0.24885670155629006,0
0.15622310426743446,0
0.20428323196852027,0
0.16356280637382953,0
0.2645937710904123,0
0.2828041482234843,0
0.24929770352939615,0
0.28801723684767916,0
0.2029269689166867,0
0.23263050083793788,0
0.27583669853057863,0
0.30473150177882247,0
0.2381186340858668,0
0.2454074875481032,0
0.16252166518037667,0
0.28168602982795266,0
0.25507051821514426,0
0.20133471899936775,0
0.3011771060772811,0
0.2842676728789206,0
0.28655148312837886,0
0.24825822161436245,0
0.2412394217632595,0
0.2882793688073285,0
0.21636585842643197,0
0.2191854908404642,0
0.27392963695820954,0
0.2878467392492222,0
0.22095718317215354,0
0.263362081095131,0
0.2481788462845695,0
0.18989970112257648,0
0.21389643057871666,0
0.2876845349541283,0
0.25132965155083975,0
0.11061682969108987,0
0.13350137369651816,0
0.1360621978073578,0
0.10482823560921561,0
0.2151119439531221,0
0.19538055854771458,0
0.2562813276981198,0
0.2950871831947617,0
0.29644450120756605,0
0.27168156859275866,0
0.23933621601137697,0
0.2683175672098905,0
0.30274525915759176,0
0.29375655279518575,0
0.2156277791227202,0
0.28064771698669116,0
0.27562656219682785,0
0.16738859612895568,0
0.28978922018808295,0
0.19305593835625667,0
0.29448366386127606,0
0.2761895944901538,0
0.2729793948959064,0
0.28551548862592613,0
0.2438079799403651,0
0.21446917208929417,0
0.29389945126444966,0
0.18130256361461236,0
0.234319193808645,0
0.2577295700849098,0
0.0429586699338423,0
0.145598517844783,0
0.2829696523144168,0
0.2822719175512937,0
0.23998894097881132,0
0.0989615413766473,0
0.2736727538194949,0
0.12168536664031271,0
0.24571177462086743,0
0.2958552883115488,0
0.2544180839543935,0
0.2498394111796892,0
0.1814574761681178,0
0.2536799667354094,0
0.25948708900393574,0
0.21482238435944867,0
0.2734913921412243,0
0.14842920361920742,0
0.2669331675609962,0
0.258284451915378,0
0.3061700240303798,0
0.28894750922192386,0
0.003024155578292161,0
0.23675543529671725,0
0.2657257743081927,0
0.24729551343257203,0
0.27440358385995023,0
0.11225658112873277,0
0.2789743640094036,0
0.2879817891435715,0
0.10299767364409719,0
0.28638042127857927,0
0.2919183960145368,0
0.22837666514721464,0
0.23027029458927523,0
0.27722065345155417,0
0.30396867717192977,0
0.26274105255305924,0
0.2264379615051509,0
0.2783451974570056,0
0.29678501122865575,0
0.300490283125986,0
0.20695688793004569,0
0.28350285665751135,0
0.2910727119339184,0
0.2632296073971985,0
0.2977958817857192,0
0.288850694575356,0
0.2809537184888635,0
0.22905358882185498,0
0.2610219296965386,0
0.24630306801572066,0
0.17431127305119867,0
0.1860131233780082,0
0.27706662056074843,0
0.2763652437253264,0
0.28137883461115526,0
0.22909440681019905,0
0.15846463426223828,0
0.2812364860408413,0
0.22071555910753612,0
0.2732656916591999,0
0.2689928397192452,0
0.2396306168111411,0
0.22554511253475656,0
0.3029034749492249,0
0.22440211238743948,0
0.27419208301934583,0
0.2698332435987296,0
0.2822761764151295,0
0.25664520385619016,0
0.2707237129261043,0
0.27255745466060793,0
0.2846053374763725,0
0.3032556150951765,0
0.2824434412266862,0
0.26169307828755395,0
0.22862961937858312,0
0.11844554774549348,0
0.14750731164468145,0
0.20577064144316665,0
0.14735240661132928,0
0.2790373621150701,0
0.2820947851652343,0
0.255611689290414,0
0.28276932419692896,0
0.236583481886465,0
0.23744873738426742,0
0.2765982425025933,0
0.29880493262123653,0
0.19564001476676363,0
0.2706112147380258,0
0.2581662995681412,0
0.24906967814098432,0
0.23489781955411732,0
0.24346048853401514,0
0.1891357583225157,0
0.2832474931731106,0
0.27041084219604106,0
0.27853210302777875,0
0.23554253853537602,0
0.26295364805761245,0
0.2900960023995031,0
0.29104903687887224,0
0.296586496725049,0
0.18067681844772945,0
0.2587161011456999,0
0.24450441100728476,0
0.2012058305090895,0
0.2439266181925082,0
0.17871844202181297,0
0.3026433757671223,0
0.29219012778449616,0
0.30221884093804047,0
0.26350849071287963,0
0.2668713659288476,0
0.27685376006704326,0
0.14617480569622096,0
0.22516515082365543,0
0.15752053870440877,0
0.29247852019039555,0
0.2220703272750472,0
0.1546330021768525,0
0.16627793748082587,0
0.23618505145877794,0
0.12597494050071062,0
0.27979172993664475,0
0.28528774913583055,0
0.3054129529635875,0
0.27702181006006577,0
0.27036397623462194,0
0.2095512231316915,0
0.06262953591107506,0
0.28432652379095136,0
0.1303983528517124,0
0.23760295714331237,0
0.12464130895794624,0
0.29856944307206773,0
0.24937384589707678,0
0.1961151786498267,0
0.28867672739739164,0
0.06660626351170819,0
0.22463134570050333,0
0.28777564456708926,0
0.2532385111705846,0
0.23509426016295973,0
0.29482998491432905,0
0.2740399514461692,0
0.2595099177403273,0
0.23613105678021504,0
0.2090985432463579,0
0.24334121839663242,0
0.9824448469719735,0
0.2692316922587114,0
0.28240288744812503,0
0.24371230846661293,0
0.28703155946199793,0
0.1391788211542991,0
0.1708036368778354,0
0.2625174305525272,0
0.2542406391344907,0
0.24911666449153183,0
0.2628895885091845,0
0.3011669602025782,0
0.28224929770168833,0
0.25538545786575123,0
0.23405679323195133,0
0.22756743397472654,0
0.20270184189522003,0
0.2776222947355126,0
0.24241027588825245,0
0.27246062628955764,0
0.21006696383395326,0
0.20414125051199333,0
0.17307418997325308,0
0.2170473646578992,0
0.30036855583109934,0
0.2663335713973463,0
0.28620127914360655,0
0.26157123169036306,0
0.21155887881367952,0
0.2536538399231007,0
0.2254034792206422,0
0.2688181354210541,0
0.24913868078149579,0
0.23131136832809063,0
0.2711756884103223,0
0.025399859889876402,0
0.2603633725573766,0
0.22325887071290093,0
0.05628738347417113,0
0.13848070598002893,0
0.27976203247376646,0
0.2523803753803858,0
0.2780846432955468,0
0.16233637081578056,0
0.2731072810621709,0
0.2256980322372117,0
0.26613538788615965,0
0.21419759181323453,0
0.184936407218539,0
0.24337720938587956,0
0.2550171404070509,0
0.1303604930483607,0
0.2630589656756981,0
0.30269583485272766,0
0.2580010896649413,0
0.282963141454366,0
0.2955949659560658,0
0.21120193984400568,0
0.24275309358010394,0
0.2514058095265814,0
0.1865394165833328,0
0.26568516931716885,0
0.2733148140796307,0
0.22068321839994226,0
0.06923056050182685,0
0.2106415234539169,0
0.2814412128101576,0
0.280059353220621,0
0.24500146481529844,0
0.1919090004784181,0
0.10606194766151397,0
0.20297996621591521,0
0.14053014638991324,0
0.2859750491150158,0
0.19815364211803124,0
0.26060339448334746,0
0.2437726602400995,0
0.2750777838245693,0
0.2844501662179341,0
0.02183701771477682,0
0.2981011911915536,0
0.18775476964861482,0
0.29436933748073674,0
0.16320934418381502,0
0.28169199129608913,0
0.266077086308441,0
0.16736467418089482,0
0.2926471778182276,0
0.27380985068906644,0
0.27301610099032664,0
0.260467967440667,0
0.2754362923691212,0
0.23628018225131994,0
0.292140017634579,0
0.2722376042116087,0
0.29166511118025595,0
0.2564634701047369,0
0.2537430708938814,0
0.1376109173759373,0
0.2797335044161296,0
0.25898102614324375,0
0.24385511590641404,0
0.20489313020946492,0
0.2680733072047879,0
0.13540337040202333,0
0.28906489966673315,0
0.03288877858722401,0
0.1829307956605089,0
0.11961807625472802,0
0.22173057228631135,0
0.25793858309342904,0
0.2984026822999991,0
0.2608303577839433,0
0.16674193616637628,0
0.2931790465457569,0
0.27528068642113224,0
0.2342532107364431,0
0.2929475408073636,0
0.2695958698077569,0
0.12493479717681745,0
0.2614865965283181,0
0.2515632896372581,0
0.27245675621897597,0
0.2710512811770002,0
0.27914696318610466,0
0.24096168445503088,0
0.29427652962835305,0
0.27391052345105227,0
0.2510878687557172,0
0.22426421595831933,0
0.26225733625750935,0
0.2847187681335868,0
0.23228837022698398,0
0.2327330157348771,0
0.29481330847512854,0
0.2959716522673989,0
0.25235437547682277,0
0.2763248894781801,0
0.25125232749653637,0
0.22787042356164286,0
0.2955729887344462,0
0.24964769483577662,0
0.1972166554881528,0
0.20766982743956158,0
0.22702019353508796,0
0.2533029904254166,0
0.2757351636639475,0
0.1710784384399316,0
0.26176765814434577,0
0.15361047666196706,0
0.1247816573107174,0
0.27168156859275866,0
0.3015838240328098,0
0.2938421763905152,0
0.2707395405866815,0
0.23228648400944624,0
0.27042260342142443,0
0.28977076927211853,0
0.29871331984413513,0
0.255224412489718,0
0.24650309413213034,0
0.25433668057041153,0
0.22057201812851393,0
0.284590406780242,0
0.22618802491156986,0
0.2982185488947637,0
0.26014920876094544,0
0.12588049507437324,0
0.2747890780908233,0
0.3024031336836333,0
0.1437944922684415,0
0.29275722438647467,0
0.2847396111094641,0
0.2755372879617617,0
0.274319181662037,0
0.1652709031757192,0
0.20670210046466145,0
0.2939245905276556,0
0.29110132627501045,0
0.2813653175812739,0
0.2469435117056483,0
0.2553897476099785,0
0.22232832649853393,0
0.29068195482439013,0
0.1640673447065697,0
0.26473946990210045,0
0.26459632196702393,0
0.11894115037802293,0
0.2711870984511105,0
0.21624986566206061,0
0.22423579128897128,0
0.24088265312071944,0
0.11955376598493538,0
0.2930297976640249,0
0.12205578995237702,0
0.2635940310479876,0
0.09878712410405431,0
0.2805007818702563,0
0.22913321695518385,0
0.2858314893355324,0
0.2563742669184573,0
0.1520311152497691,0
0.305443629919883,0
0.21143528130524417,0
0.27068594120567396,0
0.2287356792126871,0
0.27471969800325635,0
0.11310272406149707,0
0.25219431954387345,0
0.22616517277614467,0
0.26353590164344376,0
0.27730359683460587,0
0.2981142675165829,0
0.27337916581672134,0
0.26463986725522926,0
0.20365689746105603,0
0.24161669549993808,0
0.19812465374630922,0
0.27395499765694903,0
0.05655309979653469,0
0.1828795198282466,0
0.24249477529332483,0
0.27772022021879667,0
0.27541797920894195,0
0.2548177817215022,0
0.3026964715049788,0
0.11606307805185309,0
0.1710324267973496,0
0.19360744676988642,0
0.2756517149460214,0
0.27601741957645304,0
0.19189129676817565,0
0.3068241935401122,0
0.25714039149774354,0
0.21720669131254033,0
0.15636167191375847,0
0.2958309953170193,0
0.2511968074102658,0
0.23110969910407375,0
0.29511009547327566,0
0.19182098372260845,0
0.29698630284384264,0
0.1729394207288977,0
0.05062491388581825,0
0.09201622528576174,0
0.26178590645903277,0
0.2788117062007225,0
0.24778344049972917,0
0.2739262318729347,0
0.25547224812362723,0
0.23743145789322748,0
0.2829145017517976,0
0.28677371436092747,0
0.28439429174418995,0
0.09117598182589591,0
0.24064297483205577,0
0.25437656700522265,0
0.23250861032218934,0
0.2981665663464192,0
0.2753922557747737,0
0.16803133581538404,0
0.250593922479658,0
0.2859588529633803,0
0.30139353549712006,0
0.26073282364491174,0
0.13112216125711676,0
0.269040321392374,0
0.2926897121654291,0
0.2780666141226025,0
0.27485141933311585,0
0.28795244331673037,0
0.26535616788140204,0
0.2677907591477355,0
0.2674349755144354,0
0.2945872327382905,0
0.2594850903651788,0
0.22830677236422728,0
0.22289387315231776,0
0.2780154827016435,0
0.2390906228052715,0
0.25360672522699645,0
0.29296888492276374,0
0.2681020963552602,0
0.262646903159805,0
0.20865539041889597,0
0.29354524749750927,0
0.22647895602203827,0
0.1770172693039983,0
0.22076860150768582,0
0.2535996555092765,0
0.290440492113678,0
0.21413106288895598,0
0.1750240877635764,0
0.2776726352960376,0
0.14477950924103278,0
0.20337771348756203,0
0.2747429424922123,0
0.1759806985225583,0
0.2866041686980896,0
0.1779686648954826,0
0.26217805903824387,0
0.20477030209259334,0
0.2933642142878692,0
0.2903435959308692,0
0.20735260629978966,0
0.2582713079808541,0
0.2207142217668764,0
0.12774578735357536,0
0.24019490935366977,0
0.28238057267202404,0
0.21700455149415174,0
0.28744464534974207,0
0.2555919885421706,0
0.27838489282516665,0
0.2089688481399153,0
0.28709789782752926,0
0.2974046444354505,0
0.21125191058905154,0
0.22744390529464376,0
0.2935290385930041,0
0.26338884503877413,0
0.29284689108701845,0
0.27750710739807877,0
0.27683990665257163,0
0.2084356645853104,0
0.09736642868306297,0
0.26976631307939025,0
0.2989401915624233,0
0.21670917986828048,0
0.29827370428639827,0
0.27692224569436763,0
0.2922240850687856,0
0.2320825584045599,0
0.27034793628205456,0
0.2533995602306996,0
0.15450708003615413,0
0.2424572123577534,0
0.1510196549830217,0
0.2693058684037582,0
0.28746026722529466,0
0.22623724217353636,0
0.21084889505359694,0
0.28510589847739565,0
0.3048035526052032,0
0.21964771480549458,0
0.28291589704070247,0
0.29662779150300056,0
0.2410461565381567,0
0.27071587913170875,0
0.24611313006975202,0
0.28498765734928294,0
0.25011624210047406,0
0.26328568267070773,0
0.2888323232105938,0
0.29792982413150754,0
0.27788960499727683,0
0.29045485322366843,0
0.18950448816660811,0
0.2159361649031955,0
0.2667355971436442,0
0.2100665088936508,0
0.08905792294005115,0
0.2716598046067787,0
0.20613610796484194,0
0.2157048287451941,0
0.24331347302873146,0
0.2842788526682146,0
0.1856300489116526,0
0.2856300071311252,0
0.2343508845128425,0
0.1526236669522253,0
0.23685674880398744,0
0.2268117510218765,0
0.30114596040087194,0
0.22174165105130542,0
0.20344138649222823,0
0.07746639469706255,0
0.26233704499423083,0
0.147447185341671,0
0.27477800395508234,0
0.2710290565025424,0
0.22399404126447792,0
0.23816900971430055,0
0.24836480000864167,0
0.14535090455641142,0
0.2534961678098372,0
0.2431066407701244,0
0.23484166773228127,0
0.0005091088033186196,0
0.22898762892228391,0
0.25956177695563026,0
0.2718176257314024,0
0.29412993837964146,0
0.2746612863620946,0
0.2880449910999205,0
0.27973174849340393,0
0.2318517460544771,0
0.28889421008320826,0
0.2774178439290202,0
0.2610626144534506,0
0.24461208105052615,0
0.2667764716010712,0
0.29177897227097893,0
0.12815723714251226,0
0.2900738137457784,0
0.2715102763406674,0
0.265927908203679,0
0.3009089244247159,0
0.003648906760096729,0
0.25928722357296696,0
0.27347836452267776,0
0.2881381486035271,0
0.08288551252679392,0
0.2766485381300962,0
0.2881483698408386,0
0.2762437936866109,0
0.28039351314517813,0
0.14857793350318552,0
0.2979426659084949,0
0.24703064740234762,0
0.21606972954359077,0
0.22912570386651118,0
0.2999375474666977,0
0.24069726487245904,0
0.23024045497082865,0
0.196848404807979,0
0.29420705505472444,0
0.2275102956682715,0
0.20198843341843423,0
0.13529850038914967,0
0.19892076992361193,0
0.21866792567379634,0
0.23277533301595404,0
0.25318078976036573,0
0.2814382837769244,0
0.23259890029626287,0
0.3029066873756444,0
0.1635285360376752,0
0.28017549180134504,0
0.2782553467655002,0
0.09179639847426524,0
0.231199541703952,0
0.3000503457434276,0
0.28801383708846845,0
0.2685176829572259,0
0.2677546043624706,0
0.278859548220844,0
0.2814587525182894,0
0.24138421189212145,0
0.30118480903451184,0
0.1760726705202882,0
0.2419886736553801,0
0.16206641738545438,0
0.012794724215189195,0
0.23360092552411788,0
0.2473803488809616,0
0.2612986159535671,0
0.07727868989534278,0
0.2735139617427989,0
0.27801074566877676,0
0.07150211417758766,0
0.27712096659783175,0
0.2675032361946803,0
0.3038362387046734,0
0.2817455518492722,0
0.0864130686619634,0
0.2516589483482544,0
0.26289737292957177,0
0.2757634826051873,0
0.20224658221750919,0
0.26878318714107546,0
0.2954463644908813,0
0.2623804666505074,0
0.2993415884419977,0
0.2310356026886813,0
0.20560925550749895,0
0.25376180025517614,0
0.16935665935206995,0
0.29314999224249355,0
0.12154461449123774,0
0.3061601631113027,0
0.1856613177228283,0
0.25751417836043683,0
0.17835290701901846,0
0.16608963870519006,0
0.2364141372404116,0
0.29468841725499473,0
0.1566057639353119,0
0.24389568013674331,0
0.2950756226164877,0
0.3034714679650971,0
0.23716009983945235,0
0.2857378490841176,0
0.21624627535450017,0
0.2568145659133249,0
0.2677626116800914,0
0.2816643774707252,0
0.26448833700698826,0
0.2791674574211781,0
0.2904811108957367,0
0.25906944662253945,0
0.21094356345660947,0
0.2998099448170846,0
0.27291968616845735,0
0.27271922954866695,0
0.25130134452102915,0
0.20339849591236617,0
0.24753563801688208,0
0.2348742237811721,0
0.09186337416994467,0
0.27651965452356037,0
0.28785963287716476,0
0.2531437352383148,0
0.24328812208547973,0
0.18348820632311158,0
0.14263952505950625,0
0.2203074050163361,0
0.2548260058829398,0
0.2575787888698842,0
0.2186243051349032,0
0.2913724314601659,0
0.17397041605875002,0
0.2585120416413388,0
0.2978756191359601,0
0.2030743737655979,0
0.258708599293992,0
0.25248613546022697,0
0.29029549666098836,0
0.1792709889242099,0
0.2803965953731298,0
0.20790315005685078,0
0.1666738629428705,0
0.2354542446863762,0
0.07596804101128336,0
0.2958938846539854,0
0.25859755462433615,0
0.28048085459532435,0
0.29350868666576546,0
0.3004111405903184,0
0.2248648716375366,0
0.28168416670373775,0
0.299929124677053,0
0.24650309413213034,0
0.2573114232680857,0
0.15040231821869976,0
0.24009161868291076,0
0.28183522561188523,0
0.2804452729155588,0
0.019131165998535187,0
0.2222835790832805,0
0.2625760412767911,0
0.12917580693453345,0
0.17458590514936884,0
0.2785293806969611,0
0.21255208375391707,0
0.27844235761789915,0
0.2542731363173412,0
0.2552689978130097,0
0.25741457282990604,0
0.25604928621649253,0
0.25995423950788205,0
0.2410611917959865,0
0.220114772347964,0
0.24870313569147912,0
0.2899419645568514,0
0.27271392981990167,0
0.2072145073221945,0
0.2902957037606727,0
0.14629207019320126,0
0.3002873102991621,0
0.25266382502645657,0
0.11635876925474428,0
0.20934751398320037,0
0.2606167571864162,0
0.23305892720358493,0
0.29805348055832087,0
0.22401538394072773,0
0.1782498555303579,0
0.29861980373902464,0
0.2850992221723222,0
0.2943523806172613,0
0.22351528844110655,0
0.2662732015448306,0
0.28016371736658435,0
0.2976133427363668,0
0.19696434488573922,0
0.2981834163091274,0
0.29604257214795626,0
0.2506656200745073,0
0.103246087965218,0
0.2951783133615104,0
0.005985493782242677,0
0.08153630584265746,0
0.2864135755942435,0
0.24733230107112786,0
0.2542826606226766,0
0.30533135176616516,0
0.2553924303820123,0
0.05715638976649788,0
0.29930027580723306,0
0.27961435286700376,0
0.29297979523781564,0
0.20798619217009778,0
0.11570427367829704,0
0.2568675761884733,0
0.19224050737769607,0
0.2526556077667353,0
0.2829736917998096,0
0.28087086595693295,0
0.19576990893294346,0
0.2927196261310921,0
0.24885386568602616,0
0.2816968998439141,0
0.16219582392980997,0
0.26028545586196067,0
0.14978216040135575,0
0.2657277607096351,0
0.15967290941126608,0
0.24958251109484358,0
0.2794838059396086,0
0.19391246645023463,0
0.27384930503203164,0
0.21709050356380888,0
0.2539970043267807,0
0.2858604711149398,0
0.13577255180546507,0
0.27630014270693093,0
0.24723697361093683,0
0.2671004457526644,0
0.2727152272372461,0
0.27142831175582866,0
0.23851029029355186,0
0.2838618739270943,0
0.28935023473210075,0
0.23753791980344105,0
0.2625886458125493,0
0.13184479676384267,0
0.15109098382595157,0
0.13176579053983475,0
0.26535056834350645,0
0.2620306222497819,0
0.22245481160676478,0
0.2768926483763193,0
0.251266289380829,0
0.21703811423381641,0
0.1990553033202766,0
0.2619160045766193,0
0.2754642901008487,0
0.25453484164262036,0
0.27457201939894926,0
0.3001828556660636,0
0.2877512767359123,0
0.29515957158454814,0
0.28528486163846434,0
0.22951367102440098,0
0.2769724283138437,0
0.2017579937581058,0
0.23383513052307062,0
0.20417470484428396,0
0.28093924104382834,0
0.23805285521613578,0
0.2133458307106968,0
0.20478764600455668,0
0.2881614263300589,0
0.18797067621179878,0
0.23867022462055257,0
0.30006885270395434,0
0.19073511144285188,0
0.2787927710898945,0
0.2534532976205744,0
0.2546281426966057,0
0.16077226551533963,0
0.2601396240536563,0
0.22674116537302905,0
0.25413584073615925,0
0.07680843043540873,0
0.20262209635279005,0
0.2047423498899915,0
0.30075675952143177,0
0.22932887448055192,0
0.23946896216874203,0
0.28434330562407584,0
0.28576473658623935,0
0.23797895193429727,0
0.28534971192261116,0
0.17745700997441127,0
0.2359026965098756,0
0.3082226327612296,0
0.10788436243576618,0
0.20502407179451246,0
0.19007130785720489,0
0.19836000347123622,0
0.2286929361254258,0
0.2838011053436947,0
0.168914362612067,0
0.18334700218239317,0
0.19734143592667247,0
0.27355684634617056,0
0.17695576384213144,0
0.2852148762465525,0
0.2833655522555351,0
0.20400525334233405,0
0.23688679144716993,0
0.29987494008080223,0
0.24272711276900896,0
0.2178407852126611,0
0.3019796122791773,0
0.20806831000972428,0
0.2932561690542826,0
0.1734615188947033,0
0.2964880450895854,0
0.23890296731027166,0
0.2969974619540103,0
0.21961901784363927,0
0.26356375733450277,0
0.27712466073526587,0
0.28452743331949487,0
0.2892210979590772,0
0.29569914873924297,0
0.27221719140523565,0
0.2912460572607864,0
0.2405426708733577,0
0.3004508257049003,0
0.16108744954265652,0
0.1709227031438478,0
0.29722413676208526,0
0.21073428179201611,0
0.24927432058764348,0
0.29178113632051283,0
0.0761066480797503,0
0.22967579945742447,0
0.2355455763369372,0
0.2530902840472371,0
0.25336944106004267,0
0.2790663465512874,0
0.27223124656552167,0
0.23376179265980576,0
0.2245454451963244,0
0.1770460970166716,0
0.2933256041703166,0
0.2620063598517372,0
0.20300509660421479,0
0.2149482654043216,0
0.2452887234754329,0
0.2767306785659148,0
0.20203433611889973,0
0.20154559835859656,0
0.29547023483025114,0
0.28344945339701805,0
0.2235727458485153,0
0.2331088317478358,0
0.2804567533069222,0
0.2606374824584314,0
0.21301329406349187,0
0.25415217200372964,0
0.24940336085316167,0
0.2994452201750457,0
0.27600935118359937,0
0.27704939242299825,0
0.1987608854942275,0
0.273298108465188,0
0.25649131834243544,0
0.28232664059295653,0
0.183839816403023,0
0.21163242915846214,0
0.30325109179125176,0
0.2275896002391778,0
0.17307852770914073,0
0.24000150211084964,0
0.2824530547844039,0
0.2805490041485054,0
0.25953159629271855,0
0.20999202398363057,0
0.28422105804658554,0
0.1993127021785308,0
0.24049823268586543,0
0.2765448565679792,0
0.2811614462834396,0
0.1623554683447067,0
0.258912119732335,0
0.27746176896215724,0
0.24134797790185594,0
0.28564771116940957,0
0.13847340305765823,0
0.2719620810970315,0
0.28315175594220016,0
0.20505113751112983,0
0.3012457117146786,0
0.2646520004923773,0
0.270314114844206,0
0.290497735081191,0
0.05311423338586926,0
0.18696179332706586,0
0.26083815058848087,0
0.2779306820878572,0
0.11558347905828664,0
0.23119013088759563,0
0.09885811837758096,0
0.26836711113090617,0
0.2750848297040345,0
0.29269234849227926,0
0.26328206937500515,0
0.2736228612562054,0
0.2897887196267205,0
0.10586884612887544,0
0.20408856167723424,0
0.21101469697337397,0
0.2853406601527048,0
0.25925353499441506,0
0.06475240066004184,0
0.04449070696319342,0
0.2615743742523174,0
0.2589282715325549,0
0.25584836125948907,0
0.16228683311069114,0
0.19535101172913003,0
0.25532294199741523,0
0.2739222915776268,0
0.2734759919855579,0
0.04847592130124743,0
0.28608008667044826,0
0.3025516280220596,0
0.26156076791308525,0
0.28711042411003806,0
0.294293036717037,0
0.23381337069589808,0
0.18318981680336963,0
0.2793199172039284,0
0.20145642033878003,0
0.24950332589769536,0
0.2676300985785425,0
0.21893615465456348,0
0.28550757075872846,0
0.27154706003576295,0
0.22324570408345618,0
0.28097847435327006,0
0.28519153827990174,0
0.1675962685067042,0
0.2854490477322512,0
0.2907413407550057,0
0.22976790229692948,0
0.29067825469858466,0
0.21578201366526656,0
0.2895797831326166,0
0.283629433946222,0
0.08515830631296223,0
0.19945807585278302,0
0.18103506646147005,0
0.23015273897864008,0
0.2682494186146739,0
0.2090869821880078,0
0.26464322871920803,0
0.26438879084381056,0
0.2824003516233728,0
0.2924509802613487,0
0.2778066841680112,0
0.29418977198433693,0
0.2830608471240064,0
0.2979417474815451,0
0.29473865587581566,0
0.3012558597622605,0
0.24775949738892175,0
0.22013973261552533,0
0.27871710137000105,0
0.22868303035028936,0
0.23257066966031217,0
0.2544436911960851,0
0.2455181945617516,0
0.2395901722574373,0
0.2938202518092708,0
0.27784972125051816,0
0.052824136502473876,0
0.28143357962214377,0
0.29175398212174525,0
0.2552815261885252,0
0.18857671538004883,0
0.22797963956888462,0
0.29165607192669174,0
0.24035343392732814,0
0.19295498212865475,0
0.2461436909202138,0
0.2046356716529308,0
0.27260658916018327,0
0.24946647054991888,0
0.22771428674755123,0
0.2495451099960933,0
0.2915404190583649,0
0.11238243201935491,0
0.281045046832793,0
0.0913646014312788,0
0.20104505925187,0
0.16059266787750667,0
0.20211634705814074,0
0.18088497368990955,0
0.2626214150457119,0
0.300289905597201,0
0.20060482585188943,0
0.2532749829850338,0
0.2900079078992954,0
0.2811893134585567,0
0.27836219112645755,0
0.20762307672477534,0
0.25202067752938134,0
0.2302096874960697,0
0.22601436014253493,0
0.21636543927863736,0
0.13170521813055924,0
0.2928349807157526,0
0.28269743895349225,0
0.2077186217845725,0
0.1874897790227914,0
0.29231666782142224,0
0.18606982440375866,0
0.1815819727377756,0
0.2638343054934732,0
0.24450923618871534,0
0.2830544588402811,0
0.23488187142590214,0
0.2511523939333651,0
0.2637715747802342,0
0.24152711379546055,0
0.2830159246688538,0
0.21722747619320887,0
0.28887218728062386,0
0.28284128999344743,0
0.22998082655275442,0
0.2623836031706799,0
0.21647921985722393,0
0.1824603897593526,0
0.22389854348445687,0
0.24767966734901944,0
0.2529475100257211,0
0.25489831989486356,0
0.24232361289505383,0
0.3003289094039397,0
0.27817481945725037,0
0.2750922055286336,0
0.27181876176086994,0
0.20932278026209947,0
0.295904265254333,0
0.23882230795763656,0
0.2232925495664195,0
0.2891191688635825,0
0.16724243054813226,0
0.2670071130512016,0
0.2523927588070567,0
0.2148188293220987,0
0.23490289821872787,0
0.03909503733848361,0
0.22750454406458137,0
0.2801979516916941,0
0.15777670663003263,0
0.25341061343679,0
0.12385119069184118,0
0.2815673568645346,0
0.29895928554608253,0
0.2947403622326648,0
0.2628347721462606,0
0.29691494040862254,0
0.27870001273476896,0
0.2837636028473056,0
0.2517974312489704,0
0.30338170989060376,0
0.2402753335811936,0
0.2765251110231133,0
0.26115583607307596,0
0.2591698339310668,0
0.22900438762763864,0
0.27665254270964534,0
0.16155800642266316,0
0.2943468711645811,0
0.205574455781373,0
0.25618616148707746,0
0.16331656443396497,0
0.2944306916464058,0
0.2822114373330609,0
0.2191013706177338,0
0.2886697756399639,0
0.28306579643679786,0
0.17537976628202823,0
0.25460436760262,0
0.2556745334928568,0
0.2830819166514687,0
0.28907572177599694,0
0.21232794827744264,0
0.28018403389893626,0
0.29975804127731215,0
0.06771153048429908,0
0.24623436517171624,0
0.2955082847339986,0
0.25643646760524197,0
0.047621513044494204,0
0.27780766265222134,0
0.1924833045249367,0
0.23656919917408545,0
0.2564269263116812,0
0.14452675940397983,0
0.19866636451012096,0
0.04162992442012444,0
0.24735690019265955,0
0.28415045997916016,0
0.19644439416772605,0
0.30095280365410293,0
0.2683892757557844,0
0.30811817866624247,0
0.2850979465617621,0
0.2823534528674912,0
0.2653423154072422,0
0.3022931305494764,0
0.10575695957889647,0
0.2717524887436787,0
0.2916238238549774,0
0.2801189683686323,0
0.20331810442766,0
0.2973302131622255,0
0.24976845722270966,0
0.231504322087842,0
0.22290944272767763,0
0.2076123332547285,0
0.1944890518677829,0
0.2974128805842943,0
0.19977108801124369,0
0.2944171601545454,0
0.270166389548499,0
0.23870719297911067,0
0.0468120585422001,0
0.2704571662311302,0
0.2366476475429038,0
0.25564958522304354,0
0.19888660085871124,0
0.26569535729599075,0
0.18987413498978464,0
0.20629921262073553,0
0.3000366057068347,0
0.2595225310472274,0
0.11275900492233137,0
0.1627642594566652,0
0.24974859901643628,0
0.2818305731052865,0
0.18264503361972298,0
0.1940626120653719,0
0.24145520447730592,0
0.27952299131731645,0
0.3058130595696616,0
0.26261092536093805,0
0.2704307339373566,0
0.20062176757919897,0
0.03652710703989688,0
0.24533296481300634,0
0.2097350881625815,0
0.2013140631505085,0
0.2772256981598205,0
0.0710519246112876,0
0.2427568471577362,0
0.281250044519137,0
0.1889642397532827,0
0.2699366579709638,0
0.2568304544571927,0
0.2683523021047301,0
0.2576493312041368,0
0.285004923784533,0
0.24662494965987408,0
0.26195204866550853,0
0.26233429796816415,0
0.24421851260790053,0
0.16419892663392954,0
0.2602819473104341,0
0.14845946405634527,0
0.25970459290745623,0
0.2950331214445131,0
0.2479077513712335,0
0.2711427809695891,0
0.00012958686226933433,0
0.16106260811134612,0
0.29476482506812096,0
0.29331174321405035,0
0.2628247925581216,0
0.26045774098088587,0
0.1682507513035266,0
0.27808160625380246,0
0.18475668160378114,0
0.29099361512036087,0
0.2602305006713224,0
0.24073956279766576,0
0.3018378695074569,0
0.20717950275450983,0
0.27027296300787546,0
0.2883354172317134,0
0.2728216481686169,0
0.26001424801977435,0
0.1949311869288238,0
0.3005984832862751,0
0.10022884542628058,0
0.16984884270522746,0
0.22300262864306808,0
0.29478990337728694,0
0.3025066352003753,0
0.2640988552305344,0
0.23570599412937532,0
0.26195997769887314,0
0.256984320188663,0
0.27848076740977595,0
0.30271311431680403,0
0.2610595420185507,0
0.23585873493136456,0
0.01565265264951277,0
0.2898539325809371,0
0.24502174511982866,0
0.216133813307722,0
0.2536311348230887,0
0.27894362049371757,0
0.2625183653061794,0
0.2572002415488055,0
0.1698138665079478,0
0.2726713861491531,0
0.2768323388029484,0
0.2635611504252361,0
0.29691171453064263,0
0.2851610973476228,0
0.18815705528118584,0
0.25849216812911363,0
0.23309170911099764,0
0.23554884723462594,0
0.29635307418410695,0
0.2160895706139926,0
0.2681506131634634,0
0.2667120448400115,0
0.2865341924831423,0
0.13846259391264182,0
0.20022089209550933,0
0.2555815539846691,0
0.20847243837864907,0
0.002279105669338389,0
0.2094686660580361,0
0.07251773208652347,0
0.27462034693075654,0
0.23359726583997914,0
0.219167701006116,0
0.1878924979592141,0
0.20918828572561646,0
0.2875050169863874,0
0.26193595653389184,0
0.03616680818779953,0
0.26910427110401763,0
0.2742439952319097,0
0.29235565938974445,0
0.1458881567833616,0
0.22378673072140995,0
0.28649425090746716,0
0.26004829333525886,0
0.27029363883114466,0
0.29191004839334944,0
0.254709663822048,0
0.12073038204092847,0
0.14615160838008545,0
0.11434325725278789,0
0.27211377810949483,0
0.07510438370267078,0
0.08021640195392608,0
0.28095714593741333,0
0.2564496795319623,0
0.22874619423908926,0
0.23875781768984025,0
0.26235093409261606,0
0.2109103288902349,0
0.26099323622793286,0
0.24308731244249784,0
0.25265983902470135,0
0.2685536202953559,0
0.22762153408810226,0
0.006743731245951204,0
0.2335000856924817,0
0.19745319161168,0
0.22281002705518854,0
0.2594929482969504,0
0.2891274421439336,0
0.2618680292558633,0
0.24660808186984148,0
0.17371053094674727,0
0.20254512033293445,0
0.22717960322545744,0
0.27360777158749805,0
0.23166668853512432,0
0.24246586591756344,0
0.22855394553398958,0
0.286827261266922,0
0.291286272655818,0
0.26418819289308443,0
0.06306761792889107,0
0.2546215337114634,0
0.2698579427960509,0
0.28742325156958254,0
0.08462694843940932,0
0.28958425682030786,0
0.2682108741575776,0
0.03175335489842178,0
0.22322258172993728,0
0.29335951195647847,0
0.23912682007428096,0
0.2722408427626545,0
0.13032215576382886,0
0.2826619396725981,0
0.2675313538184977,0
0.29501282470489176,0
0.2900541565056775,0
0.033391179976782315,0
0.30367105262125965,0
0.21077100260064716,0
0.2689614633515696,0
0.18983664141490644,0
0.06829519436502825,0
0.2637451752723139,0
0.2770762522562984,0
0.2844039429498678,0
0.28941120322845865,0
0.29094341087661185,0
0.27269534677621343,0
0.18514093738769366,0
0.1403717061459247,0
0.28357374742719393,0
0.2606635966725262,0
0.26511128817196233,0
0.20486408546055127,0
0.21396097496296854,0
0.3036653761893959,0
0.24245729052855067,0
0.250845884528781,0
0.2774528959142941,0
0.18701251717656325,0
0.2840749759269365,0
0.278583312017166,0
0.23128353765363083,0
0.22198902826088418,0
0.274529629433143,0
0.266496836169473,0
0.26894821254666673,0
0.2743248614524253,0
0.20302801141920546,0
0.2520411064404857,0
0.21563225791992868,0
0.3007939410519051,0
0.2889176452853158,0
0.28351764797312984,0
0.24717178608369142,0
0.23502336944027497,0
0.2819745073505717,0
0.29372624233238154,0
0.30257530405669936,0
0.24804837214340217,0
0.29164942240815345,0
0.28759539209353646,0
0.1683555074008199,0
0.27220523651285594,0
0.26523711329769095,0
0.253165533719811,0
0.20913177207846842,0
0.1913970011491377,0
8.189665698555746e-05,0
0.29283476631504574,0
0.27810721124714477,0
0.11908110180002157,0
0.2593163967017196,0
0.28194472347726934,0
0.22984217653974795,0
0.2552844473328287,0
0.24314282064028075,0
0.2703534595377965,0
0.27797113633260306,0
0.23730847775237443,0
0.2738698319277509,0
0.29257324230459403,0
0.26762658243054344,0
0.2807455317885472,0
0.19751813011410999,0
0.23367903221822375,0
0.27057231616075544,0
0.14488590951717845,0
0.20827034194677055,0
0.2817775195553366,0
0.28761779419930994,0
0.21800435033834398,0
0.288024207861166,0
0.26514413469923054,0
0.23461888733427874,0
0.2164791202208548,0
0.2565414536575122,0
0.24664168970728456,0
0.2611475431839595,0
0.17620900761461336,0
0.18125876521209086,0
0.21700542999654596,0
0.2932017198690798,0
0.30106410163153047,0
0.2835030215113121,0
0.2794528381788586,0
0.2615945976536842,0
0.24500887619077136,0
0.30602182381738535,0
0.18849583329464395,0
0.23420030760103788,0
0.24730601248682132,0
0.27174923954845415,0
0.1938951385234889,0
0.2709387272640606,0
0.23594964315894731,0
0.26514413469923054,0
0.28944784126237894,0
0.2460933172313046,0
0.28717516544660954,0
0.21042465295070736,0
0.25004669881490404,0
0.019889175755631972,0
0.23217795204972194,0
0.2902255733137984,0
0.18025481391413503,0
0.25289707839977493,0
0.2992277581445772,0
0.2403954092026942,0
0.23732760328832667,0
0.2812498081285467,0
0.25063407084111583,0
0.2716112424669612,0
0.14484753519344193,0
0.2634545218592632,0
0.2772900594024641,0
0.27377370940854984,0
0.2810970356323301,0
0.28253577436565197,0
0.2423066054418499,0
0.18103724025362283,0
0.2190248111566749,0
0.26485576569837643,0
0.2648545174520714,0
0.2800588948428573,0
0.2406819520948409,0
0.25571077788467816,0
0.1937309494671401,0
0.26744411639916116,0
0.26832869420105643,0
0.26323205040823805,0
0.07184864114674064,0
0.1904407342031111,0
0.24662494965987408,0
0.1693683222492439,0
0.2760203659722711,0
0.2621133099823177,0
0.2728821028344601,0
0.16261247525952702,0
0.2896412433994049,0
0.2505348551904568,0
0.3052535180369,0
0.0766439343232517,0
0.2870277231928249,0
0.29106850418908065,0
0.2526609962960276,0
0.2776456301548579,0
0.20927780475279362,0
0.24872170118784792,0
0.2469178204423272,0
0.21777042550425385,0
0.27629599843060887,0
0.2723294904969873,0
0.2778849681488149,0
0.166988845615393,0
0.25722881994324454,0
0.3018372465601919,0
0.27543139585484827,0
0.26418380917997514,0
0.26093302465874335,0
0.26789742814666956,0
0.3010711144388294,0
0.17725859282483478,0
0.19202565981649314,0
0.19726675118587653,0
0.2671303382949139,0
0.11131683392666775,0
0.15820355153676047,0
0.288880898058768,0
0.21462916771760154,0
0.2312945129037948,0
0.23225533026255246,0
0.25770381048256213,0
0.25841518625526866,0
0.28294017608148364,0
0.29384446618111926,0
0.26360963243753427,0
0.247456263273709,0
0.23920825451578864,0
0.052995075310333824,0
0.29218184106260836,0
0.21711932210686985,0
0.24278823950920297,0
0.27805212267299473,0
0.2169500612724707,0
0.23257655996278387,0
0.19755557003299878,0
0.27269903560860226,0
0.2354268083597468,0
0.26537361041687746,0
0.25052365596475606,0
0.13393195144738432,0
0.30143001540329084,0
0.25733437533085923,0
0.19965508499494736,0
0.06872086508672037,0
0.2644113631087053,0
0.19726716296808564,0
0.2917829495439585,0
0.19402369272430658,0
0.12139082468563132,0
0.12357125106681953,0
0.2726057603212436,0
0.25831673936727845,0
0.30564104059273556,0
0.2748096778640566,0
0.29072837098130555,0
0.2603999952660737,0
0.29949497070828257,0
0.28695705235349916,0
0.2153975446702353,0
0.27352730347598964,0
0.13415155211877441,0
0.24499276956696087,0
0.2443735733598211,0
0.2886503806976819,0
0.2652902176798939,0
0.2705743727155536,0
0.291924604976664,0
0.2520123046922559,0
0.1609207340273654,0
0.2978461711365451,0
0.2758688217888189,0
0.16932418273545735,0
0.10156456600391707,0
0.22955334317295253,0
0.23486816101426544,0
0.2934085774785415,0
0.2219559854080828,0
0.2313739268560753,0
0.25877531754825916,0
0.24649300064803484,0
0.23698962891321543,0
0.2720860412891183,0
0.21684077678246758,0
0.2835123914581385,0
0.2380470729423187,0
0.2498641627326591,0
0.21965464080971614,0
0.20594776878146365,0
0.2696295404019099,0
0.2615977453718348,0
0.29943007955448503,0
0.2582282764369373,0
0.17387815844970245,0
0.2731511982379711,0
0.2606790602214531,0
0.29102331763295153,0
0.2576459735798241,0
0.25886431779797353,0
0.27626670758944016,0
0.22680916600670264,0
0.3046773142051067,0
0.1756846008817926,0
0.2803924301558543,0
0.21519810329196287,0
0.21646488947069034,0
0.2983939890460957,0
0.2726683907346895,0
0.27896547753862605,0
0.29433177278691985,0
0.19474712586856147,0
0.28170452031153476,0
0.27588163351903505,0
0.2718418690699855,0
0.28881281093585726,0
0.27243863410607705,0
0.26994143079832883,0
0.2860152883123251,0
0.22674746805747067,0
0.286528763724542,0
0.13966225844172647,0
0.2864356102318598,0
0.27108259500042414,0
0.219724569132151,0
0.2800973141773817,0
0.25142747323354164,0
0.23755039938915337,0
0.2617075840200076,0
0.2680480369674605,0
0.28445734155081126,0
0.2659475359016557,0
0.28493698833386183,0
0.2001862916972291,0
0.3068190138984542,0
0.22782230210977553,0
0.18320266838019356,0
0.28226411297868736,0
0.27815135879180497,0
0.19211970707399803,0
0.25293555602201456,0
0.29116623309854495,0
0.16746925355628015,0
0.1863960713141624,0
0.28472659980885107,0
0.21460328922298064,0
0.2649230098070806,0
0.2756302586641455,0
0.303097113392414,0
0.020770533359099085,0
0.27696158233369045,0
0.2685199329061809,0
0.3004450760539595,0
0.2916193410782059,0
0.2836902953346298,0
0.15668936859029625,0
0.20957284592204847,0
0.186024422392192,0
0.22694250718903014,0
0.22615929567061496,0
0.2979612960522619,0
0.26668240635759405,0
0.21336775310683162,0
0.24132561625429277,0
0.28106792700095795,0
0.09082986241864734,0
0.28954517801106444,0
0.2700325897817819,0
0.2835683186023877,0
0.22912435638009793,0
0.22869793223546753,0
0.1863274727310976,0
0.2086307012417322,0
0.2456793268458371,0
0.2566177733319738,0
0.24223175827175458,0
0.22423641553367693,0
0.25748573187793494,0
0.2423533032380498,0
0.24700791925252266,0
0.1581758996456571,0
0.29061286697084115,0
0.2842833546043222,0
0.2769720366359026,0
0.2209607146784024,0
0.2696898742569866,0
0.1597693057488903,0
0.29666336377239344,0
0.25932368325115057,0
0.24991725899068082,0
0.16750858948773648,0
0.27556991022582294,0
0.20820038557287918,0
0.20175785749152136,0
0.006196904317507457,0
0.2896872250535267,0
0.2774963639696023,0
0.30336834322480766,0
0.21375558662103966,0
0.2668131251870242,0
0.12200648681341122,0
0.1973558916649806,0
0.27073099716782484,0
0.2585677009549256,0
0.28924637792319174,0
0.2719779424712375,0
0.3087182439893666,0
0.30561965397640584,0
0.2413876913532823,0
0.23149625739616664,0
0.27914861955318926,0
0.2720482818312133,0
0.23210318531171206,0
0.23429515122664804,0
0.25109077987029677,0
0.17463783121009363,0
0.28896489418802873,0
0.1536555257927724,0
0.28443037314875963,0
0.21155654883140365,0
0.16711481043601362,0
0.30586436194783045,0
0.2223799439527093,0
0.28798624391037203,0
0.2968252890194001,0
0.2947917701266183,0
0.22449488577356574,0
0.2607029005187542,0
0.17703644832699153,0
0.28684385872275403,0
0.27038558865585216,0
0.2671220708151935,0
0.14476767414547617,0
0.2801080495940205,0
0.25749695797004074,0
0.28616333907052466,0
0.29248434151752634,0
0.2528997619207585,0
0.26482325022023967,0
0.2816766686663868,0
0.22928394846415612,0
0.2589684106621625,0
0.26443908228491997,0
0.19116053939935795,0
0.04782552920472841,0
0.16932112341245795,0
0.2133193051212311,0
0.2768389334806125,0
0.2729686391701082,0
0.2721005575994226,0
0.2890122985486853,0
0.2510769646241284,0
0.20658979238944303,0
0.29216510726382433,0
0.07793238218863,0
0.2408066367347318,0
0.20028647989874027,0
0.2213256040827179,0
0.12091595385096031,0
0.2614349522113199,0
0.27029428634325026,0
0.2760866331964239,0
0.17712531490944422,0
0.25445080233193373,0
0.3005315312925362,0
0.26803897384737174,0
0.2813601674394745,0
0.23974112826495128,0
0.26562923060073984,0
0.2330953402297179,0
0.2682132219736035,0
0.1815525010281417,0
0.2985216274416362,0
0.25047120792360933,0
0.23454795329771214,0
0.28363717291513,0
0.20416168758449382,0
0.21268495342897206,0
0.20821017297763028,0
0.2740548899580235,0
0.11481100608015335,0
0.2767210677136047,0
0.3025528367541534,0
0.2766434351683774,0
0.2701443128751058,0
0.2506664711477296,0
0.2542824954728911,0
0.24493832819192327,0
0.2786303499951583,0
0.19078656475990205,0
0.27929215209469355,0
0.29132260182,0
0.24034651615456354,0
0.2868789641775029,0
0.2854830302680292,0
0.2886793476578534,0
0.27590933322233535,0
0.23152333911962436,0
0.14748947856516154,0
0.29751031872552136,0
0.15713568982702314,0
0.30339035746754556,0
0.2798496504618788,0
0.26996200090969064,0
0.2957517706921185,0
0.22507184900116284,0
0.2771323283309209,0
0.27178750402836427,0
0.06054673334802306,0
0.18666418596166498,0
0.2294734778804892,0
0.20447784713471234,0
0.2478414352233638,0
0.1560877617404345,0
0.275285331101516,0
0.26460232331736294,0
0.2976422057593601,0
0.2529447670197248,0
0.27942922562404726,0
0.24400081257855472,0
0.2817886203232615,0
0.27432168520729666,0
0.21691969347404735,0
0.2169148035110069,0
0.2870764587624468,0
0.15160637648015202,0
0.2736888290122022,0
0.28434310918888217,0
0.27178985791239885,0
0.2707002982922874,0
0.3027692799136715,0
0.15752775322412427,0
0.250789212699654,0
0.2521711575973664,0
0.023414758409277783,0
0.2827252778181842,0
0.10611602393480121,0
0.2650994471149312,0
0.24878224973209226,0
0.27965768810747915,0
0.22913946182923328,0
0.22585086847967012,0
0.9794162646413221,0
0.30265841828537743,0
0.28931168355741277,0
0.29338115406307563,0
0.23482730081872577,0
0.2718844686749704,0
0.020144719590885266,0
0.23609216534777336,0
0.3018822816079975,0
0.15788693134567974,0
0.21171847581945746,0
0.27507472373046427,0
0.14560958663885817,0
0.2782452823472918,0
0.1837281884934303,0
0.10386461121349394,0
0.20041039031624303,0
0.29655027421067137,0
0.22899551430282028,0
0.22803788944373385,0
0.2174904245890805,0
0.28208191568598856,0
0.24299276911113793,0
0.2667200093515451,0
0.2754810859990167,0
0.1832738819338242,0
0.2894872861928933,0
0.25195531186164566,0
0.23499550289585944,0
0.20456184242803263,0
0.2939423359507249,0
0.28067985474296686,0
0.25709033930911845,0
0.28965243414161945,0
0.3004772268185601,0
0.2518730743466898,0
0.20613837726568313,0
0.23856442281461507,0
0.20637889606928167,0
0.15772833608553005,0
0.2557706482467597,0
0.2500771196631132,0
0.215744761618573,0
0.15527189615880946,0
0.20561508790383132,0
0.2572052429350024,0
0.2747910727533874,0
0.24755464469112548,0
0.23907201792866573,0
0.07115756239738928,0
0.28657463912791226,0
0.304250208647995,0
0.2651208020547266,0
0.26573341833984515,0
0.2256637825529198,0
0.24421648251576925,0
0.2650058923008651,0
0.26831075943522775,0
0.2651116744862752,0
0.2971940248091932,0
0.2650893600584155,0
0.26501634776354765,0
0.004771143487438813,0
0.2039885736194511,0
0.2510903203354009,0
0.264492327840405,0
0.26770764405659514,0
0.21369612668690025,0
0.2661452695075856,0
0.2936521499096634,0
0.284772518744726,0
0.3002179286035572,0
0.29599178443992036,0
0.2830930740593578,0
0.21777187923146354,0
0.025346191323321315,0
0.2887181841193063,0
0.18197658617376095,0
0.14657692098437647,0
0.1979682470141327,0
0.27347378049679083,0
0.24605583135501463,0
0.16536553495433867,0
0.2849951546002571,0
0.2884166885887876,0
0.29054424340987717,0
0.24978760928061527,0
0.24188498347756487,0
0.2597976588967926,0
0.29279013688512595,0
0.28294737488006677,0
0.21312464320970448,0
0.2948544781867077,0
0.28214797127011093,0
0.22997707584948213,0
0.2505067411732222,0
0.24366703324845224,0
0.20585283648866967,0
0.2523288740058444,1
0.043633139646450325,0
0.1965499000698495,0
0.2367241641951371,0
0.21564722286952012,0
0.2892042199297108,0
0.2611318432351778,0
0.28031088123670006,0
0.26021187125683237,0
0.26653084877859523,0
0.294772667503862,0
0.30544953766991306,0
0.2950679879865704,0
0.058102965437428725,0
0.2626154466520528,0
0.1811845630261677,0
0.19928605395442592,0
0.07053661154047028,0
0.20640693291765594,0
0.29192004209760836,0
0.23477463024946482,0
0.24159983160463414,0
0.28418495487261847,0
0.24099032220258645,0
0.1461195082584071,0
0.1647762882258256,0
0.15913690932301275,0
0.2763496103441258,0
0.28097615279157206,0
0.272304368850888,0
0.22595124634429234,0
0.30043308872041247,0
0.27070966952044667,0
0.2336426124440255,0
0.21062499437269716,0
0.22821255871081908,0
0.2383351352160806,0
0.22341210232876935,0
0.30164122538741145,0
0.21947531491267053,0
0.28814133096016725,0
0.28245863347714467,0
0.28654628808532745,0
0.20948433860339455,0
0.2904291559296956,0
0.2357024471760505,0
0.2412431107192482,0
0.1363679964543786,0
0.258278331847554,0
0.26328057602775173,0
0.17702098851628043,0
0.28241821440230325,0
0.27180029747440865,0
0.25919863875914995,0
0.22931317297032616,0
0.2297216791738153,0
0.2574813164341498,0
0.2736482881350511,0
0.164496529317402,0
0.29614843448696043,0
0.24682375205127002,0
0.29017732270867835,0
0.25290926789558543,0
0.1786184182305015,0
0.2787262422652244,0
0.2921718887634551,0
0.2624358953332781,0
0.14433364900909004,0
0.22893485966135302,0
0.2756452824316846,0
0.2947939303366583,0
0.2214942607373524,0
0.148072120308894,0
0.17502824837941794,0
0.13618206544142328,0
0.3017966638107481,0
0.27299741486910595,0
0.2958460299025616,0
0.1933594708491728,0
0.22041032854751352,0
0.28716569653800794,0
0.2254042229424167,0
0.27414376842487376,0
0.24067193406886597,0
0.13586562134617225,0
0.24835520278102624,0
0.2468142152818241,0
0.2634736574959669,0
0.2564899612725323,0
0.17491761151301569,0
0.2627501842829455,0
0.2762187746189218,0
0.2599677562652309,0
0.29619723927234937,0
0.26783980083216447,0
0.2272312369625068,0
0.29401134237863247,0
0.3024542853851846,0
0.13049711339426495,0
0.2671339865504572,0
0.27226701029786937,0
0.28256079173533316,0
0.28038212485045344,0
0.1993560095986413,0
0.19752192498322885,0
0.30387696246077933,0
0.26635687237407274,0
0.23412364641610242,0
0.257152251584866,0
0.22754941668489084,0
0.2219888816963702,0
0.1914269292332758,0
0.29239392470740955,0
0.3022979902448903,0
0.2385978401936004,0
0.30124958465950563,0
0.2900264897294646,0
0.261484458676994,0
0.25563522418670387,0
0.28128236576057797,0
0.24309937861747344,0
0.1952308443171264,0
0.2864527885976925,0
0.26516124225694887,0
0.3019856903176273,0
0.0387493506029858,0
0.28415826652021947,0
0.28444889497067144,0
0.2665325284796829,0
0.2653042296524227,0
0.28508000199157185,0
0.2097011034212403,0
0.2809589632162474,0
0.2692218872880309,0
0.26465775113578927,0
0.25827211634602504,0
0.28115320130664,0
0.22947688019001433,0
0.22098345930878913,0
0.183791976680206,0
0.3032976553807505,0
0.2394858539306755,0
0.2162698784654419,0
0.25452828972887875,0
0.2664244841024908,0
0.2879996229363789,0
0.23682006739378453,0
0.25265362142171477,0
0.21988423324569684,0
0.27731479840648937,0
0.22651153158487516,0
0.24829302690887772,0
0.23825096909656804,0
0.2406205114605846,0
0.2800621668079608,0
0.27105690865927395,0
0.17827068711064745,0
0.26756979781962525,0
0.31828147689235203,0
0.2742298836642889,0
0.12618800928947158,0
0.2952124634009509,0
0.2143637907409928,0
0.26849992090802766,0
0.30024962222811047,0
0.27801797587880245,0
0.283771178508694,0
0.24965047494497128,0
0.16122137971392514,0
0.2953011475488861,0
0.1889041085890917,0
0.17264808291149186,0
0.2794904270640848,0
0.27655684804695674,0
0.20779176377467365,0
0.11327728201515949,0
0.26290021027599947,0
0.28969803409906525,0
0.17581344718910968,0
0.2639881020264651,0
0.2961325325654229,0
0.2559656953952899,0
0.26288460718611656,0
0.23626947322113165,0
0.24215458219662722,0
0.28867140435323135,0
0.30568342208869564,0
0.2046368758871441,0
0.27472509483926905,0
0.22053596541806955,0
0.27000612192422563,0
0.197550646599684,0
0.16546198198115467,0
0.18791166744019522,0
0.2044160231783252,0
0.23319399261506205,0
0.305714151762132,0
0.2954470060225601,0
0.2544534865823798,0
0.2740766965433479,0
0.05861649433618898,0
0.22148163456030745,0
0.27878004220090435,0
0.18537133914558648,0
0.2712163869639261,0
0.29052036106989426,0
0.29998043759135556,0
0.29087280483690464,0
0.17596151090548975,0
0.22611381888608104,0
0.24120214719798513,0
0.2949297145506559,0
0.15676969310346037,0
0.24086367315232804,0
0.26369469923815275,0
0.23757783608061986,0
0.29576440185483494,0
0.25208922281787893,0
0.211412545392603,0
0.2467972971557466,0
0.27106985631362973,0
0.2805745626676818,0
0.25616552997102654,0
0.2961060304952867,0
0.25563653299543887,0
0.2510908560046166,0
0.2515029776036516,0
0.16442225410758723,0
0.24822629160918355,0
0.263037937400549,0
0.2618186585289497,0
0.2287858385102728,0
9.697218869855693e-12,0
0.2177113309599471,0
0.2815923724160573,0
0.25734480784441716,0
0.17952702479677973,0
0.26319097900394123,0
0.1762353436361524,0
0.2844783023776812,0
0.25842469148275965,0
0.149966305379287,0
0.16605252855836977,0
0.1944585788581113,0
0.2524538404535906,0
0.26765135584934757,0
0.28818240528433353,0
0.1685298657810345,0
0.28228164849326576,0
0.21780742971893516,0
0.2307108989323635,0
0.28987038445643204,0
0.269855818948937,0
0.29590094659478156,0
0.2849464681126303,0
0.23622743443904262,0
0.28977471861623916,0
0.22670685436755414,0
0.16477609808971277,0
0.254289181868391,0
0.10897818777212859,0
0.2880428246936991,0
0.24370717541511927,0
0.28667575240679777,0
0.26859856491561124,0
0.2714439373235263,0
0.18838050698860795,0
0.29038665126983076,0
0.2460103248042753,0
0.2330621653237667,0
0.24175729557940223,0
0.2972339773659729,0
0.2397771287039009,0
0.24575022235528315,0
0.2743342514299204,0
0.1302149192939774,0
0.27123545495372564,0
0.2980614693414526,0
0.2088769109849868,0
0.2758318540608162,0
0.30032936756983675,0
0.30082831543049277,0
0.2131667691144554,0
0.22565346424033186,0
0.24879701902044385,0
0.29564942389440485,0
0.26208119273946767,0
0.235215298197643,0
0.1443124404351755,0
0.2269757563383803,0
0.28913678437130985,0
0.263463092852696,0
0.19709503119388877,0
0.28785965013521253,0
0.28759831902659655,0
0.2682181274331511,0
0.24505170234839382,0
0.06268306858371245,0
0.30879134244324485,0
0.2688162339508115,0
0.26915077815598093,0
0.25830659443751286,0
0.23830109892803025,0
0.2684810098428274,0
0.2929023533249599,0
0.2623727720868792,0
0.2827485760829271,0
0.28376858899793406,0
0.24415880857584993,0
0.2162208421807002,0
0.2509616002154931,0
0.25788444874889604,0
0.2698206943987683,0
0.23518074458068466,0
0.24814895719353897,0
0.2825360178761593,0
0.2157829436203108,0
0.20838997528872819,0
0.27774405597265306,0
0.2310806003539406,0
0.2634811630446961,0
0.21127666146030688,0
0.27615036662359,0
0.24288823075709545,0
0.2305072473711883,0
0.24141477310643505,0
0.2141807356360009,0
0.29237178436506345,0
0.2908580869935134,0
0.2853660892325471,0
0.29310333077484363,0
0.24005683047420331,0
0.26156364641953206,0
0.27369596260478685,0
0.22742482686183452,0
0.24658855750918868,0
0.20040855007226566,0
0.3092865591541912,0
0.18478414547425595,0
0.24094910231588101,0
0.26401405224714886,0
0.2681182326700234,0
0.25954965709799993,0
0.168926717789311,0
0.20681970531223512,0
0.29226421420129417,0
0.2778406805208348,0
0.24867871369584243,0
0.18029504015805964,0
0.23123185837491267,0
0.22220477494390695,0
0.16089637365154738,0
0.2825703357728374,0
0.17475913388189096,0
0.2617167551179916,0
0.19599431876449125,0
0.2115678584181307,0
0.27009674211126744,0
0.17011010606972216,0
0.2507434320869657,0
0.28251229965529095,0
0.1909694563329514,0
0.13614918646136093,0
0.2962903432374234,0
0.29346982272464145,0
0.2904951286108856,0
0.20295795710675024,0
0.27920964815377497,0
0.25269203701021303,0
0.16289428152331253,0
0.27943317131430523,0
0.20285016989938515,0
0.21595310540117557,0
0.14657521279292635,0
0.289494441168595,0
0.26070193055212304,0
0.2830407956905686,0
0.21208092630354436,0
0.28947963518958925,0
0.20051832806462927,0
0.3037567330916746,0
0.2459227419078071,0
0.245583209773298,0
0.24990008858344342,0
0.26596277104651894,0
0.1421326463044693,0
0.24192206922714998,0
0.2552063829985333,0
0.17033506556730343,0
0.2642153804164312,0
0.31038675954207295,0
0.24504071223366353,0
0.2777575698872388,0
0.2707484616534326,0
0.21245279382488963,0
0.29849815555007747,0
0.2092036173960934,0
0.3026146795929328,0
0.2780059340183296,0
0.2772952034704896,0
0.30447318054803413,0
0.2899601634037949,0
0.2973038135870743,0
0.2822431850055059,0
0.25806409279587494,0
0.2949258090155087,0
0.2662416296401472,0
0.2945847311469114,0
0.11197277007722974,0
0.29844585779491734,0
0.09735833806174052,0
0.24156203228955017,0
0.2612225003511392,0
0.1684930908199708,0
0.18499950173784924,0
0.26736510151392273,0
0.27311237168505265,0
0.23950432183013104,0
0.22857234991035463,0
0.2903350191127125,0
0.2849491526271906,0
0.28167543567328746,0
0.2590289661964715,0
0.24195999242832222,0
0.1858853079846544,0
0.21954824922415367,0
0.28612705440814784,0
0.2384279337946829,0
0.2475767568643106,0
0.24047236092050694,0
0.2350422429895451,0
0.2765164103197093,0
0.2849461903953124,0
0.22994200753875055,0
0.2838973226719366,0
0.27168156859275866,0
0.26763234960227406,0
0.19724238254657647,0
0.29350635877656445,0
0.1897231210431703,0
0.1846429574030906,0
0.2530711846901005,0
0.22937995939484299,0
0.2614313021502797,0
0.29155015281924357,0
0.2909583889293926,0
0.2574882453257525,0
0.3008815896730203,0
0.2598138707010636,0
0.22436984652792405,0
0.2479059204320061,0
0.0811268840650177,0
0.2522190372932312,0
0.23463233940345377,0
0.2726864557627725,0
0.30405615908555694,0
0.2839108664764171,0
0.19081117622979135,0
0.21106100423602664,0
0.28621932885385587,0
0.2829321631430525,0
0.23671784106045735,0
0.294978894771499,0
0.2881862616797245,0
0.2813562139894078,0
0.2841937261296212,0
0.22273867360317823,0
0.24799563128803395,0
0.2791478643939755,0
0.25287003103128647,0
0.2919744530187066,0
0.2529358348000937,0
0.30166264363662026,0
0.27652131424190585,0
0.2708961206200061,0
0.2423857764204249,0
0.27150935376467455,0
0.1885685835215756,0
0.3054092983382818,0
0.2992237896066176,0
0.2746690764087999,0
0.12541841453846025,0
0.26354847261640973,0
0.28373577513737963,0
0.2707424913991561,0
0.18985319279621882,0
0.2635847069960822,0
0.23746896157142144,0
0.2520516512210362,0
0.28552614529493536,0
0.16207818829160983,0
0.2733274816734619,0
0.2782346155163944,0
0.2291254700494144,0
0.25252392543872476,0
0.2202689764126734,0
0.2176354132207408,0
0.26450501671794086,0
0.20404061559489406,0
0.17585631510742203,0
0.19551271127106043,0
0.20048541982878992,0
0.2823156248095888,0
0.2884182927881885,0
0.2997634603681367,0
0.18961077517476452,0
0.2460903261609705,0
0.2812987167858685,0
0.2634741175594267,0
0.22647441645927133,0
0.23623358556082577,0
0.27475558548449164,0
0.20315779397502096,0
0.2510212515238002,0
0.2565761795667967,0
0.2917058238721911,0
0.27665808992825003,0
0.22194646411761182,0
0.269224872873332,0
0.2918118744216453,0
0.1337399776521957,0
0.2740436447363136,0
0.288167610433902,0
0.28603213816215756,0
0.2510371022727089,0
0.2779172118839141,0
0.27213301157634817,0
0.28640518474105947,0
0.2661784879210741,0
0.21491183444412673,0
0.28628263853116687,0
0.2876739272862827,0
0.29501319604320514,0
0.22902687156434792,0
0.24678609234268578,0
0.2732947100063464,0
0.28638254787754186,0
0.20783207036409726,0
0.1723121238699853,0
0.2920529259077706,0
0.22738468876903856,0
0.2923416275798508,0
0.2882252003394851,0
0.2574308406187184,0
0.048750509588492925,0
0.2467833248268367,0
0.28663349743789535,0
0.27353101279080516,0
0.13180920884569236,0
0.2919111394419768,0
0.29384415843430806,0
0.2661675811559457,0
0.20911782706482818,0
0.1338522221135927,0
0.2522081954427432,0
0.2868100240079966,0
0.2791227693930328,0
0.25480133901992663,0
0.19091058542019235,0
0.24118785304719112,0
0.23354184776767106,0
0.20708152370652502,0
0.1435173123902147,0
0.29247248584876145,0
0.2533078843707297,0
0.268905047623343,0
0.28647989204171637,0
0.18696391805560944,0
0.14014607626472872,0
0.2105967198947739,0
0.24948446682548187,0
0.23175975878686142,0
0.22796805697082329,0
0.2880049121951433,0
0.1000576014473358,0
0.24078141422109334,0
0.2441583310220484,0
0.1658000170094157,0
0.24771546716511536,0
0.17698848898662867,0
0.18379546193002697,0
0.07340145502681863,0
0.20229499246365684,0
0.2942409787679025,0
0.16478607892438393,0
0.21603334277376807,0
0.2812252857045554,0
0.18979387637719294,0
0.19651311250756343,0
0.15119669575924224,0
0.2736201802204956,0
0.26607323351421536,0
0.0015681695039547559,0
0.2444737321885804,0
0.14933520715325027,0
0.28775049314616996,0
0.3008254224533947,0
0.070975841656762,0
0.2587593452792706,0
0.1723009900536893,0
0.2884346610447698,0
0.28631295111697985,0
0.24477420156662674,0
0.24399763344187173,0
0.15903773996925416,0
0.2878817688754312,0
0.16174098481259114,0
0.2500413048171113,0
0.22949111772748965,0
0.14287111139592373,0
0.2769919522533706,0
0.17481710234839865,0
0.2374888655922433,0
0.25197421464980085,0
0.281214943462316,0
0.262728617798446,0
0.2084915661258021,0
0.24668661827443022,0
0.25646551297681525,0
0.25887918842358315,0
0.30013556433593686,0
0.26566855766558245,0
0.18899255434423873,0
0.15712742232363025,0
0.27264824258881387,0
0.2707713498222351,0
0.13463367176759358,0
0.29882133371659714,0
0.195759594559992,0
0.2079136477395955,0
0.2572342416136482,0
0.2930539169493087,0
0.22201951497770792,0
0.29195082008854323,0
0.21239458481056833,0
0.19740461300720322,0
0.20910128986336643,0
0.17852213508911302,0
0.15588292095127712,0
0.2905933794914288,0
0.2857755066429966,0
0.10828257634537514,0
0.26889173321522314,0
0.17546164453311616,0
0.26883408813954995,0
0.2617935435148375,0
0.29243498819372626,0
0.018402455554891135,0
0.24019234885386714,0
0.12311889844256957,0
0.18890529220664937,0
0.14969762034469253,0
0.26576903721819634,0
0.22252136763975205,0
0.293859794037488,0
0.23019171498551572,0
0.27153239918215344,0
0.27750841013197086,0
0.04582754944125675,0
0.14221537499605466,0
0.22304932539819147,0
0.2663286391289424,0
0.2549703333628441,0
0.1987423269154976,0
0.279329495703486,0
0.18641011151682535,0
0.2563700074500448,0
0.29618014501628326,0
0.27035994934464946,0
0.25275277082941466,0
0.27188243988361216,0
0.27763142263580814,0
0.19956926170310682,0
0.09229210972394782,0
0.2654666711282568,0
0.27297309028650524,0
0.21813551007861148,0
0.14957482055056653,0
0.2923399151130151,0
0.2844805243022116,0
0.20541125257211693,0
0.2138325203171368,0
0.28164248233981576,0
0.27606699883515207,0
0.20818961518280446,0
0.2850080206793004,0
0.2510057017937678,0
0.1953026080367178,0
0.24381663081122779,0
0.2816950803992541,0
0.24053569898674376,0
0.2662721470787109,0
0.21336504157031916,0
0.245543630746957,0
0.11279091418151307,0
0.04672148410859209,0
0.27801937462683535,0
0.08476610876076947,0
0.2612743171419575,0
0.08141315779505372,0
0.2717536412976189,0
0.2945459451972993,0
0.25047403264532847,0
0.2965935750393817,0
0.2886135469432565,0
0.1887130180754051,0
0.24454300660709977,0
0.2886452232599031,0
0.2829344262317003,0
0.21615091743032813,0
0.2699013409322733,0
0.27707092784885706,0
0.24040985840164095,0
0.15601707036889834,0
0.1302322771064999,0
0.23628682127069767,0
0.27736728577506753,0
0.22331110202501514,0
0.2622430731096688,0
0.21656413819869744,0
0.2880573290038679,0
0.18099859590986975,0
0.2815795294362207,0
0.24188082161177668,0
0.26808577630971286,0
0.2781010104376437,0
0.3055770161001826,0
0.26676744015230275,0
0.27308446223884875,0
0.2959059816066386,0
0.04105157537858055,0
0.2643110843864465,0
0.2757033466439649,0
0.27347848493771454,0
0.060643273956631605,0
0.28673317710793306,0
0.2913862241262457,0
0.1930751134621715,0
0.1010926989954012,0
0.22118678155380433,0
0.2628122497246183,0
0.29206491196028367,0
0.26533520226728763,0
0.2823860008307061,0
0.2333328761541511,0
0.2813163186487366,0
0.22303170698354924,0
0.24193353032000817,0
0.2943135580506193,0
0.24974620163717423,0
0.23494012624991914,0
0.289260311667966,0
0.2879691561409505,0
0.2764508122181035,0
0.26080322933698935,0
0.19026978804732408,0
0.24606182843352117,0
0.27690088410198604,0
0.268487882449276,0
0.055100649588532676,0
0.2523593669448662,0
0.2922210779150727,0
0.26853138871100846,0
0.24467129640185095,0
0.07854600233563196,0
0.30386551786046306,0
0.29159340060062283,0
0.270256550093813,0
0.26555502664963415,0
0.1880333224654748,0
0.15333217134001642,0
0.2779500762354348,0
0.29256302916177357,0
0.2837905078678868,0
0.1975654701920806,0
0.24326636666631798,0
0.28246663523113424,0
0.27798496318720156,0
0.2610093197382052,0
0.24382456024601584,0
0.20168122914609068,0
0.27773795965722275,0
0.14396881533776015,0
0.27596870699525866,0
0.23264388423371926,0
0.30166519448262546,0
0.2681338185378293,0
0.26611734465860803,0
0.030902487241873066,0
0.21677213147900293,0
0.2473266418353127,0
0.2478137507801814,0
0.2482545524711089,0
0.2964598150967357,0
0.212979899400793,0
0.19090981059220088,0
0.20697053128751264,0
0.2940588943421216,0
0.25474295762937216,0
0.23253021419719488,0
0.2901124687040277,0
0.2570983142621861,0
0.2872045229551159,0
0.2817592482684086,0
0.2873819515626482,0
0.20884389144134746,0
0.19128297660697038,0
0.2470731873258727,0
0.2618347164099017,0
0.24429838956537375,0
0.17733662221694818,0
0.16943924215796177,0
0.28329479710143135,0
0.2842833417724088,0
0.24002887748550497,0
0.13466181920981965,0
0.3028412346425691,0
0.2265499957365409,0
0.2768037538663985,0
0.3002803283628708,0
0.2845445177331448,0
0.027765816528593907,0
0.2981442191740118,0
0.25313223249985667,0
0.17526069050787207,0
0.14636439532775683,0
0.14087834112326908,0
0.15213608823860403,0
0.2496564796799215,0
0.22923860333257629,0
0.24096324748445325,0
0.2662578679302616,0
0.2976560565491028,0
0.29861587486288615,0
0.0886454477071816,0
0.1799854211844535,0
0.1410286051198285,0
0.19405661693254855,0
0.1976329713701328,0
0.2802923490863509,0
0.2613096362686241,0
0.1418946180745572,0
0.21635184549936207,0
0.2950135132842667,0
0.24415847336713706,0
0.27916886295647897,0
0.29665178182242025,0
0.25208746554650574,0
0.25775631469251054,0
0.17561747620107201,0
0.2868459281822884,0
0.27169460269155676,0
0.2701712237265219,0
0.01345666174576578,0
0.29041126610195755,0
0.2357079214338285,0
0.005985090243021074,0
0.28073961412774795,0
0.26744908229445935,0
0.26373807528205334,0
0.25689242397210066,0
0.22231144298887628,0
0.23870953955806026,0
0.26889520818691065,0
0.1718495943565398,0
0.2966765997617017,0
0.2279875637186575,0
0.2954574137059631,0
0.1745990964038868,0
0.2800251921680246,0
0.2493129262536437,0
0.26627348479553914,0
0.2491831652218064,0
0.2017237149264409,0
0.1651255133765513,0
0.26157416561922825,0
0.2860443964006779,0
0.11055800464612558,0
0.24448643694996716,0
0.29684462389460586,0
0.261726127088748,0
0.28515041100753596,0
0.17149189315888702,0
0.2481102267137337,0
0.28366134428729384,0
0.2784483411545152,0
0.16778828213686203,0
0.10738647472488791,0
0.25484470081681293,0
0.25531304069413724,0
0.2628847297408896,0
0.2957394425338683,0
0.276094098475643,0
0.23216191344728226,0
0.14764106982798145,0
0.21299679647656064,0
0.16238292877524751,0
0.2770283630123564,0
0.24543034266502797,0
0.274257498456067,0
0.24125165795911357,0
0.13479931305486426,0
0.27416975139886707,0
0.2802747912687994,0
0.29385376188968626,0
0.19657515444455098,0
0.011044121090613509,0
0.21779139877412496,0
0.2805336255281444,0
0.25261753052428904,0
0.25691749071045206,0
0.2077323264257019,0
0.2529093018781643,0
0.2514989949057489,0
0.2697728233644378,0
0.23146257633478384,0
0.11902849041320696,0
0.2082932891050691,0
0.15998652647397205,0
0.08851754207300475,0
0.2921742871658601,0
0.30270668560513225,0
0.22723163063847512,0
0.2584449975840994,0
0.10610349381442044,0
0.11727662942973636,0
0.2794526681970577,0
0.29549965274550627,0
0.2982816655382954,0
0.25908091728888455,0
0.1505474876182468,0
0.27179818771382985,0
0.2806089758477527,0
0.2316690519502355,0
0.2634999093976962,0
0.2853273244923875,0
0.2841651537953599,0
0.17963012660775515,0
0.29446138123961685,0
0.24705263419746606,0
0.2599420154144467,0
0.23790789218337163,0
0.28049015106905634,0
0.21300245843456714,0
0.21304288883099784,0
0.2964132065676012,0
0.2737045183409945,0
0.2768241968674524,0
0.30234459237686434,0
0.2802195425350536,0
0.2905122085835224,0
0.18721062920659853,0
0.25290863133790187,0
0.2902000092640475,0
0.17641131966059218,0
0.19643642160577424,0
0.2970515191701803,0
0.07884559557899057,0
0.2545177487352473,0
0.250721704331754,0
0.27814053664565935,0
0.27548618606362746,0
0.28330311154970145,0
0.16609166991693192,0
0.2371415518307262,0
0.07001937777023039,0
0.25898385828943593,0
0.30131210291509813,0
0.29675801375168553,0
0.2772529547152215,0
0.27319546198608213,0
0.13074273140788928,0
0.2650341786488743,0
0.24105641250726126,0
0.2997161453826025,0
0.15711799936830706,0
0.19312279762570925,0
0.29530934742243314,0
0.201226061213894,0
0.2902546335258221,0
0.2725550704946974,0
0.255306205164764,0
0.21974775807508212,0
0.2180867894549297,0
0.2090432116063752,0
0.057811811142486555,0
0.16833997723258,0
0.012797146867866904,0
0.2854476106583266,0
0.22140562861825575,0
0.29454315933524194,0
0.2584555383184369,0
0.2522185247394329,0
0.2363654058661477,0
0.245713801771033,0
0.29399868614149766,0
0.00421556544298314,0
0.00416446364659202,0
0.2519213424263227,0
0.2589632534217879,0
0.2646173689494695,0
0.27342768125389144,0
0.21333440242211868,0
0.25110810622244845,0
0.20167982922519395,0
0.2533522158019977,0
0.19973505502681066,0
0.11151186674622934,0
0.1897080129702889,0
0.19965329245215768,0
0.011493323180447275,0
0.28726771646841387,0
0.26010204505713874,0
0.05159432862526101,0
0.29051820211150164,0
0.15414452115801544,0
0.2809355714674666,0
0.2354191163306784,0
0.08044365662712752,0
0.24377281573555679,0
0.26221271507781285,0
0.2709986472210665,0
0.010994079267303667,0
0.2951015690543139,0
0.23679599135506585,0
0.1181984588138601,0
0.14971886280886396,0
0.2874702327877353,0
0.0169976341356117,0
0.2318401217443053,0
0.18895170465555175,0
0.27086251230416974,0
0.2169740755415432,0
0.2763101588691174,0
0.1976546289125766,0
0.15627962446096458,0
0.20011148924833866,0
0.2740905427664381,0
0.2887345102889288,0
0.2510116870293464,0
0.27621646264168154,0
0.2599331159305247,0
0.27944771681054503,0
0.2445306155348279,0
0.27434142605319345,0
0.2306540088732434,0
0.20351364305607925,0
0.2980581661098615,0
0.21962123207413492,0
0.2530570855102425,0
0.282277803145545,0
0.1453975006076704,0
0.23193953995745878,0
0.2529538337646006,0
0.14188352860251896,0
0.29017762898328214,0
0.18762189554211658,0
0.28221182247842175,0
0.23593920570668006,0
0.2314171341377786,0
0.2634697926615908,0
0.2740011715365165,0
0.2934508796584898,0
0.18597285925479862,0
0.27713402209510307,0
0.2701063036238943,0
0.2671773449648764,0
0.25849030906020615,0
0.3004210258509685,0
0.2737989789704849,0
0.14912714901719276,0
0.21342902107617567,0
0.2987225575771518,0
0.23501108474408355,0
0.18487439886684165,0
0.11624108799603926,0
0.0794963382319918,0
0.2691236016951314,0
0.26795672130251125,0
0.28971343561496143,0
0.10647484262667341,0
0.29129967403631923,0
0.19829757914644652,0
0.2853933928615535,0
0.09833434319183595,0
0.02867664644138506,0
0.28649575129884486,0
0.24245725464164308,0
0.26525636334508373,0
0.26085659542541817,0
0.03582719973684447,0
0.2216563737950342,0
0.18073952034854815,0
0.20225262661706148,0
0.25370540486930243,0
0.005675511232037747,0
0.30010725399497307,0
0.28878024356093784,0
0.26426096297134555,0
0.21573204499211063,0
0.06221707280953306,0
0.054230412780239226,0
0.2585222892696965,0
0.26884387199214904,0
0.22034702872487857,0
0.29635327454404037,0
0.2856563684631986,0
0.23636921747474104,0
0.2900751136355048,0
0.2570932116462764,0
0.22338208300845633,0
0.271073953700804,0
0.26422144373426815,0
0.30106939446962766,0
0.12484456995431288,0
0.14237382409808944,0
0.2748266448038931,0
0.3040352644306798,0
0.25403225012046,0
0.25513331599446293,0
0.2674884388349244,0
0.0962657872419892,0
0.281322682393942,0
0.2715547182388717,0
0.28118953822355686,0
0.2916930497569832,0
0.15635033383687263,0
0.24203522204613642,0
0.18363692112648866,0
0.20694836297411187,0
0.27123473253043323,0
0.2466909461137441,0
0.208012445806375,0
0.1325504384237464,0
0.1643376305627613,0
0.29137114688527305,0
0.261138718470573,0
0.1956806758638703,0
0.29205737469607,0
0.23475993147535806,0
0.2546602041357678,0
0.06471152706767502,0
0.28442881003388704,0
0.001434722944325704,0
0.2765452599034873,0
0.24955043390500048,0
0.0033272913616492926,0
0.25928071663976576,0
0.21860088712852563,0
0.24359345775962096,0
0.07330368823740191,0
0.28428177017015893,0
0.045279973142373725,0
0.039782225332481304,0
0.0002461415364399776,0
0.26166477664738585,0
0.2804755193332126,0
0.1801262947774696,0
0.2120367075855452,0
0.24378710686326496,0
0.2805575013163464,0
0.2260074806802227,0
0.12052169085800779,0
0.2626742835010835,0
0.2866338518085989,0
0.2734041346660587,0
0.07898402657319341,0
0.29062112021678754,0
0.22085197135801446,0
0.1106527866416645,0
0.2324551469334365,0
0.28304297615509993,0
0.24207082981563433,0
0.27275144996147743,0
0.26364864874590804,0
0.28447241227532366,0
0.25840369823434295,0
0.28445448314503086,0
0.00033738886158599476,0
0.23578051738708564,0
0.292383886998479,0
0.29212996360569904,0
0.2698965909029493,0
0.1436560920634385,0
0.22176672098369477,0
0.29065611787256007,0
0.22833513278694353,0
0.27884364781258936,0
0.999492236557131,1
0.256980008767214,0
0.0655338197281805,0
0.2833122408258129,0
0.2080353402720774,0
0.22640706226240195,0
0.28072256078610397,0
0.24912150547288273,0
0.15741174481855644,0
0.16831259019603725,0
0.29380307360162433,0
0.135555665600429,0
0.2762420354814608,0
0.26828281552854777,0
0.2746638224026027,0
0.23024614405290791,0
0.06571694139905196,0
0.2000111981432281,0
0.10240721553666335,0
0.26678811161186133,0
0.2874836935627886,0
0.28459244228067865,0
0.25898368176001363,0
0.2272718493838786,0
0.264005564142835,0
0.13175912321148114,0
0.20037033310550836,0
0.28473137343402,0
0.21870246612498148,0
0.2390778073497487,0
0.21045429732957385,0
0.23296373410335613,0
0.20515051552469443,0
0.2866219865059725,0
0.24949626872903244,0
0.2988416473038903,0
0.22481913358049274,0
0.22080148005880146,0
0.2694456451009634,0
0.2582707859884984,0
0.23158586081991597,0
0.2934914017181301,0
0.29092369590887646,0
0.21110003579153502,0
0.24562555094603578,0
0.18517163045429802,0
0.17064318139038293,0
0.29548705774875755,0
0.23488689357359285,0
0.18515836930721635,0
0.2319042681247285,0
0.26155365642768724,0
0.2805288641170879,0
0.2537972570120178,0
0.23097085250149477,0
0.2410690604469933,0
0.23888423806144696,0
0.0005027469429678136,0
0.24899274691796938,0
0.23599789341415275,0
0.3009132072275294,0
0.08036697552280711,0
0.16134784954437814,0
0.22058785728814742,0
0.298156590146912,0
0.17229017211852515,0
0.22147539191862312,0
0.2004145809033456,0
0.2899098010778257,0
0.23240118256620787,0
0.1660079565145302,0
0.22418924031036608,0
0.22315648776290617,0
0.28704888595990447,0
0.2817781199348468,0
0.28222045086988257,0
0.2512842427644651,0
0.2806697557676413,0
0.2922936716467848,0
0.18676135355112242,0
0.2752831531442219,0
0.27455232737976965,0
0.05671376431924271,0
0.22449607316019723,0
0.2756262778764249,0
0.23942202863733306,0
0.17214640445144322,0
0.26539365204845317,0
0.29737109671602663,0
0.19887088355200708,0
0.26179901728458554,0
0.06158836481863271,0
0.2865398789532253,0
0.24266033009051236,0
0.2446663866847682,0
0.03094963991254375,0
0.10357265599788548,0
0.25421174873013325,0
0.2718935224060355,0
0.19730387932280954,0
0.26248522214207987,0
0.22930720267027035,0
0.28190212888656124,0
0.26577960736638256,0
0.2046688367989077,0
0.06160982943567498,0
0.1643605684567625,0
0.26771209867088963,0
0.2765017182504108,0
0.2597920646404466,0
0.2801571216528161,0
0.29646357221816044,0
0.2594751950867632,0
0.25659960812487476,0
0.27076794223179707,0
0.16963403208718353,0
0.17291628934575706,0
0.23613585748413182,0
0.26390469598433336,0
0.17235172359503928,0
0.18930136870893896,0
0.21763513470687448,0
0.2670624662160038,0
0.2153289703450621,0
0.2687884448723007,0
0.24027236986384226,0
0.1805408558667268,0
0.28197025537170584,0
0.15766757176220478,0
0.2512750955080937,0
0.267189453420346,0
0.022641230271528506,0
0.15817226268272985,0
0.11026284575641877,0
0.2872720108776799,0
0.055694855379732934,0
0.18221052653349706,0
0.25885100337383893,0
0.27772357056460967,0
0.2361288269009222,0
0.12543519197652117,0
0.19508224246603914,0
0.27061408700260325,0
0.205693093588335,0
0.24234876749718268,0
0.1030448977404541,0
0.2514531425842911,0
0.06478274345006381,0
0.2747869395774277,0
0.23903148099078647,0
0.29001474525363297,0
0.28227346116578195,0
0.2151187467738408,0
0.27181980481197776,0
0.2314069919125277,0
0.24134666235683105,0
0.2860233623624763,0
0.21654222905539927,0
0.27236381869917226,0
0.22215923015929645,0
0.15161074093780785,0
0.2769870453268594,0
0.2678764123218036,0
0.19461964597386494,0
0.17777333821382058,0
0.2498238984360484,0
0.09299105719665772,0
0.25073768190523105,0
0.21611736990827643,0
0.07410995390619052,0
0.021002085116426917,0
0.2641881730420927,0
0.19326753447534034,0
0.21507020852907785,0
0.28467877156398086,0
0.23460782378422093,0
0.19645494183084325,0
0.29694603008544196,0
0.23294444851331894,0
0.2942483025298362,0
0.24490002272408073,0
0.2944485295750437,0
0.28879692255285677,0
0.232991489695021,0
0.28256952716950473,0
0.146400586008746,0
0.2663309527610435,0
0.2962890726220839,0
0.2391591656229007,0
0.20479722213183826,0
0.2694941449411885,0
0.2741428255971368,0
0.2646389470437815,0
0.25240475517385436,0
0.09415648765499238,0
0.2585292939972654,0
0.19780129827526471,0
0.20693003975042018,0
0.2375978769565126,0
0.09468269207735967,0
0.2510831339135092,0
0.25799481280709474,0
0.06883157103401724,0
0.03659552127110665,0
0.16328688820344472,0
0.2762368861258694,0
0.04279805082068646,0
0.28583145942509863,0
0.1647939128777072,0
0.2907023847980394,0
0.24821804120543295,0
0.27350113864253345,0
0.27488532230837326,0
0.26122462591514034,0
5.5800529976016964e-05,0
0.29377936490052065,0
0.1212327339776191,0
0.26031438385585165,0
0.26100985642068236,0
0.2671944178414459,0
0.18939276268948382,0
0.9991408222186288,1
0.2465075249167496,0
0.26137507635985274,1
0.15824309607691048,0
0.07594565099507555,0
0.23608928200537185,1
0.024649233625339138,0
0.21958043732943397,1
0.08176303426096056,0
0.2918672689310511,1
0.28208594476475946,0
0.2561654435068858,0
0.2718265967310108,0
0.2450922111119791,0
0.22969033726656105,0
0.2165240283898012,0
0.27657413122157865,0
0.27500274553095005,0
0.17332044392461168,0
0.24964406368114475,0
0.2949937222386402,0
0.2817949548023715,0
0.2786229706744696,0
0.2739606020829657,0
0.1194746470851246,0
0.2713417312002196,0
0.27476735448722966,0
0.2583128231067588,0
0.21376330819334416,0
0.28118532781573025,0
0.18983634602499744,0
0.1732797537462155,0
0.15682491571870716,0
0.183781893548927,0
0.1762496308568919,0
0.24224104705686558,0
0.2602870307949152,0
0.2472525651388308,0
0.2663714139077624,0
0.2728569197804549,0
0.25464234602528146,0
0.20268461364202378,0
0.18674494933958838,0
0.25899911251533286,0
0.2886721747518387,0
0.1373443759673763,0
0.21582555821204696,0
0.284698529297849,0
0.2834879312062229,0
0.2295046043127462,0
0.27993199830871046,0
0.12868864229601412,0
0.28172330527145556,0
0.27557968963997287,0
0.21727098837904502,0
0.28096721077729314,0
0.2502236833446574,0
0.25311469255125774,0
0.11254700982563116,0
0.28203176861476187,0
0.22064717183929736,0
0.2460906947698725,0
0.19873638552339057,0
0.26315029226518005,0
0.23334542406831663,0
0.23563054219259588,0
0.2647130411684595,0
0.2721810798641201,0
0.29256200846286956,0
0.18305074157023019,0
0.3010356315216876,0
0.30167491697266535,0
0.2581835715913182,0
0.2749289229748471,0
0.218129669369698,0
0.23499879225320924,0
0.2729766053431523,0
0.18177225379997886,0
0.24885950761664488,0
0.25246483020048605,0
0.22511423237947958,0
0.29501878212322635,0
0.27095053617147347,0
0.2830222290382454,0
0.005772936232744026,0
0.2613359272745811,0
0.241203917314872,0
0.13017936832073554,0
0.26529422871030456,0
0.2007865761630617,0
0.27283992446380945,0
0.2846859345185528,0
0.16508790034022455,0
0.1823144386461698,0
0.15750174681585583,0
0.2783484021141092,0
0.2626742193942283,0
0.25622771172813624,0
0.9995570362472094,1
0.27751040152485845,0
0.048530538511043345,0
0.1235698617721283,0
0.22323230939590086,0
0.2730075881619006,0
0.17128104941232072,0
0.026109002765414842,0
0.22667951109314596,0
0.2593580740324755,0
0.23131056402012826,0
0.253990008424087,0
0.21300966889843392,0
0.03951242770033511,0
0.12212532543831357,0
0.304372268984062,0
0.2699829236641358,0
0.09413391009723934,0
0.25885359384097023,0
0.9995524150195528,1
0.13160023192291972,0
0.28703177304679317,0
0.24346865185097247,0
0.1677282349660986,0
0.2825520780251975,0
0.2631309955427394,0
0.293662983894924,0
0.2203212754916464,0
0.18921803030314982,0
0.2357531828184528,0
0.01189704209597033,0
0.2825218891334088,0
0.17826713950074158,0
0.24539141948699672,0
0.235596320223469,0
0.2072189472422131,0
0.2628210484312543,0
0.29035194655943697,0
0.09157012182444085,0
0.1796834625799031,0
0.17009970627125734,0
0.28459696727803824,0
0.16071063494035076,0
0.3001252989530809,0
0.12715129762560334,0
0.9986684613621947,1
0.16203900439299967,0
0.14091486754061663,0
0.1861210517224972,0
0.21206399970039336,0
0.19883343853169858,0
0.267248755952698,0
0.28409836127306765,0
0.26795057360417873,0
0.2488975622096916,0
0.2842636549684295,0
0.17318293323060238,0
0.28038210593972207,0
0.288753087277718,0
0.1901739527803886,0
0.23812867213245367,0
0.09071969282220896,0
0.24013234667564748,0
0.27775209680912055,0
0.2988531205455626,0
0.1213517995941549,0
0.15376674584123168,0
0.2015154382267746,0
0.2829781175422426,0
0.2866717513165377,0
0.29829858969744516,0
0.21475845584850167,0
0.1441987417798856,0
0.2695529459224244,0
0.14471203929488066,0
0.2241668018074167,0
0.2522606832685597,0
0.25656996153786216,0
0.15869113713279215,0
0.2660525913384229,0
0.2691316276164624,0
0.29773269721862533,0
0.3034888244554514,0
0.2721826360587793,0
0.20511602895865963,0
0.24434309525553471,0
0.21088961873870996,0
0.2566998496425789,0
0.2909892625586089,0
0.1971151252087312,0
0.2082938947356873,0
0.2796393227563468,0
0.13652128344437997,0
0.19758737739045698,0
0.23007019104538715,0
0.1870752226793649,0
0.17104603584313863,0
0.27047585668779045,0
0.2929368523205748,0
0.03746061446599591,0
0.27676814415639545,0
0.2706989326272876,0
0.9995263426866148,1
0.21447494303005799,0
0.2671953492502147,0
0.29459717240972344,0
0.25238462520592403,0
0.12864879199114773,0
0.2916311532874742,0
0.10822670954060654,0
0.2819008830570777,0
0.22314411400154974,0
0.29425565953740884,0
0.2069977363201392,0
0.24545030221114358,0
0.24460318674708528,0
0.2716729449867403,0
0.2627429283783402,0
0.18259048472541076,0
0.21704320208214806,0
0.0019075362347055094,0
0.27637357459164885,0
0.9992379776588168,0
0.18998678945742636,0
0.20610585593553973,0
0.2814078261967324,0
0.26727184975685003,0
0.29528546179881776,0
0.2834184530623518,0
0.30513260883657894,0
0.1373671560332359,0
0.2874788251734815,0
0.1535462568678648,0
0.29536497183082233,0
0.2384374781857109,0
0.16736976161852635,0
0.2889042036822497,0
0.274041095367256,0
0.21810382963943764,0
0.2610705194849907,0
0.2203799663273105,0
0.1343362890197808,0
0.3069035091262472,0
0.2514300488966487,0
0.20597460331863385,0
0.24229371978466557,0
0.2895893817774813,0
0.19759162651980225,0
0.17340903852823444,0
0.24133519606317796,0
0.2472514665338301,0
0.29352117157530716,0
0.21967666231547048,0
0.28485935908635274,0
0.27373730254648865,0
0.22565037786077896,0
0.2308011100026261,0
0.2794144665018239,0
0.21879214386352794,0
0.263270560525084,0
0.20060055122480677,0
0.23627800865698353,0
0.24057129245526546,0
0.28049845666069756,0
0.258376033323998,0
0.21736363087445948,0
0.2626830506742406,0
0.26614869123564805,0
0.24827880408238667,0
0.2039947127732446,0
0.27489478140734935,0
0.2687431434490762,0
0.298776757353632,0
0.25571997261448914,0
0.06793459800859204,0
0.2554726802744953,0
0.1947763559208899,0
0.2702260500834038,0
0.20550877120637903,0
0.3004362727152163,0
0.2579089190296096,0
0.281847349986254,0
0.9992220790763204,1
0.28609577022534444,0
0.23578234848924418,0
0.20212807247543738,0
0.13346401445461792,0
0.2782545662743008,0
0.1980233178996807,0
0.27205975039768665,0
0.1986962932284209,0
0.14471877263741095,0
0.1821282190668786,0
0.286530055824082,0
0.28876061194907593,0
0.27221545715590106,0
0.23107895932652697,0
0.16765458801656782,0
0.2613137413480373,0
0.2911172840639047,0
0.26821229592146756,0
0.2754747439977042,0
0.2985139344519731,0
0.22790603685368294,0
0.26654722745772536,0
0.29319739065177874,0
0.19208725624644069,0
0.26189934509281093,0
0.20442430779386958,0
0.2569193574402459,0
0.29321792731802204,0
0.2617719515656813,0
0.28511680377589216,0
0.000774226596206193,0
0.9992356028327344,1
0.2611610241059688,0
0.2730240073369051,0
0.22414204510599975,0
0.009925668349543155,0
0.26990959523433017,0
0.17326267835761466,0
0.2837004765538384,0
0.25941889619563446,0
0.231439192167721,0
0.1734913392597293,0
0.2882726009865252,0
0.26739620564847544,0
0.2640489742763999,0
0.24223237791718133,0
0.21399200035396276,0
0.061050330077489084,0
0.25448543244300936,0
0.20578497799861728,0
0.2616208781706998,0
0.2800886893376394,0
0.23619520498123345,0
0.2070621610847693,0
0.2837486326338256,0
0.2638147267839741,0
0.2681295351507236,0
0.2368183717976669,0
0.14689283979782666,0
0.2423225334101124,0
0.27347374038718386,0
0.09520964857895013,0
0.283082556242488,0
0.28784171916040074,0
0.04418886857853559,0
0.047222272311038635,0
0.23418589749262575,0
0.25259013704504074,0
0.25990158710798966,0
0.10516190583670576,0
0.27439635363793063,0
0.287726345583654,0
0.23267495001582297,0
0.23497357600064517,0
5.536002840969711e-05,0
0.16979469300854141,0
0.1412261470450472,0
0.23349466505054348,0
0.2809470019151211,0
0.18775370282616535,0
0.2560150255618205,0
0.17681529989717948,0
0.2812036697211165,0
0.2615504060588411,0
0.25830416846794874,0
0.2883121353920584,0
0.21247298200762832,0
0.21151631110925267,0
0.29834460597432894,0
0.25393648692692383,0
0.1478069546188592,0
0.2532592151286693,0
0.23555535763623928,0
0.1523844892183185,0
0.2839525889966268,0
0.2645844804290399,0
0.2729549840767339,0
0.1661923564555492,0
0.2797656724651909,0
0.271365059241668,0
0.2768756236821904,0
0.2706421572570568,0
0.2590819802948229,0
0.22968723966888724,0
0.1433346055451303,0
0.19248833802217657,0
0.04618998848604052,0
0.15621859922752654,1
0.21990572217856721,0
0.2303270014536275,1
0.03126191772139459,0
0.27332870979270507,0
0.27093139762654767,0
0.2830932516056064,0
0.27871254674140145,0
0.2949477409491515,0
0.17182446332249623,0
0.22136101610904274,0
0.0200184785367924,0
0.1967652940637239,0
0.18076210864721853,0
0.2995377435020647,0
0.30639732769062294,0
0.05959550014449184,0
0.9993084664446297,1
0.21573708870273967,0
0.26254202547726013,0
0.25047980278199866,0
0.24683982672417346,0
0.04923584091982833,0
0.2733163621495137,0
0.23585347489542335,0
0.17433967191379754,0
0.26055282463564233,0
0.19495422957972022,0
0.21402399149701098,0
0.2605921655905907,0
0.27990886780847785,0
0.18661439427174248,0
0.2404954002481022,0
0.30360337251078034,0
0.25431271265415434,0
0.2216794736651839,0
0.23197002669559855,0
0.17886643967043198,0
0.25525591914765516,0
0.09860754745825052,0
0.0012607315216090526,0
0.24144818882833707,0
0.2838458300298209,0
0.2854687979900305,0
0.21427229797742883,0
0.007368326521470769,0
0.2773285012957297,0
0.21283021797561766,0
0.22742623193203304,0
0.2887884025466673,0
0.27909853856037514,0
0.27148876446182796,0
0.26616727894899467,0
0.2065918143448633,0
0.2782738313834536,0
0.2769152412049173,0
0.27318514618876055,0
0.999520600326969,1
0.2889440884621958,0
0.21368299614783898,0
0.2799691603394623,0
0.00458372608345441,0
0.12447688431599233,0
0.25352867250857564,0
0.24522214594984088,0
0.2583875970861843,0
0.27806366169528446,0
0.2345980079762073,0
0.2395101732374571,0
0.2825277981314665,0
0.01830497777472712,0
0.0482760842827997,0
0.1830446101898837,0
0.17550923174150412,0
0.217874320006702,0
0.29453029064607583,0
0.1642410306188688,0
0.2797532552602146,0
0.24736832077187632,0
0.23027467807733773,0
0.07186001743458427,0
0.23185320124154618,0
0.11683977367575007,0
0.21315742731004947,0
0.15910736427489855,0
0.27255426083733053,0
0.2636927253094171,0
0.2599343963809011,0
0.27344265202391393,0
0.23973689217931576,0
0.26168987549340117,0
0.2884468797532645,0
0.21262017320249726,0
0.17737154401897007,0
0.20109511444876804,0
0.019109796553472,0
0.24439025215740898,0
0.13680152174534135,0
0.29819984831392216,0
0.17392324168332823,0
0.18317998077261166,0
0.3025677515007921,0
0.037971820386772,0
0.9990790588295877,1
0.29333668578344013,0
0.23727507865512776,0
0.29926458035628123,0
0.05116710774128548,0
0.2622344015456806,0
0.21037463793785785,0
0.250251442154117,0
0.28354497107011334,0
0.16949250509423858,0
0.22081334445111467,0
0.1374978412679558,0
0.27013241634537544,0
0.18013216537741508,0
0.2775531413055323,0
0.2763173256076328,0
0.24184718018397247,0
0.2968125731311555,0
0.12853171110266515,0
0.2384028805528365,0
0.038149829467783884,0
0.29633761864708086,0
0.26795596239034886,0
0.29084085949305016,0
0.15704292927130123,0
0.2522046771667832,0
0.2672197399033627,0
0.23122627935533455,0
0.2696360891003557,0
0.27342023746822014,0
0.27086414196746866,0
0.17507350109809813,0
0.019218934014769443,0
0.27465852569997495,0
0.11336486186873719,0
0.2363105587097354,0
0.2688852442581521,0
0.28776245745660156,0
0.2802857556314986,0
0.2967166808440865,0
0.26113992460580027,0
0.28315575339561405,0
0.21550788854963882,0
0.24302677739345732,0
0.24915432993184214,0
0.26281459089511694,0
0.25556457793921444,0
0.2524390764187081,0
0.12194278105244799,0
0.06090512987682412,0
0.9994055649433595,1
0.2769441323193555,0
0.2722095847073083,0
0.2861280133220602,0
0.2602124264349446,0
0.244619688793728,0
0.2313073245094229,0
0.20255688694126756,0
0.08877400663123004,0
0.2693447099373156,0
0.26201602591334017,0
0.3060217715641998,0
0.9994295390161297,1
0.248714964026147,0
0.25048330533487007,0
0.18768420379022693,0
0.17100099351891648,0
0.22960660389378537,0
0.20396789486750558,0
0.2956317280807606,0
0.2477016598589741,0
0.2763415221627925,0
0.22907690845249296,0
0.23390632552912682,0
0.2974915991546455,0
0.23473264590291065,0
0.2533670976263784,0
0.11367000120115396,0
0.09624412020308161,0
0.2637167371430559,1
0.06993230074836469,0
0.2959821672969966,0
0.26189755244076707,0
0.2693491473432444,1
0.17951417216981197,0
0.038116353522430084,0
0.27463903349880947,0
0.261278605463206,0
0.26972239116744784,0
0.26918672140811367,0
0.27206970187378,0
0.23929600635382817,0
0.24394550158790956,0
0.26497184154445796,0
0.2585195355604173,0
0.2702331264949952,0
0.2931192765589302,0
0.28568891034770894,0
0.24179222185394603,0
0.2992006910720229,0
0.26750288445236087,0
0.18656553601754056,0
0.2853204131000502,0
0.2543476795448485,0
0.07721501015000658,0
0.024627601606413266,0
0.17687612005517492,0
0.20067825305794895,0
0.2696584049592912,0
0.26883529412970814,0
0.28259188692111137,0
0.27948597870323505,0
0.29557737459316197,0
0.2587741271800914,0
0.2897405563084145,0
0.20960982185000632,0
0.19813818541073203,0
0.2771444443048375,0
0.2997085270589847,0
0.22550166670369512,0
0.4028334870322165,0
0.09556726376510008,0
0.198743787189637,0
0.23454846116253286,0
0.28894083604311166,0
0.26024784687499125,0
0.25266964640534434,0
0.21608538308712366,0
0.23762258185678167,0
0.2606856922187649,0
0.2755392396390832,0
0.15941252895590605,0
0.25096211166275256,0
0.2786271306813711,0
0.2581808035139629,0
0.06755253893533733,0
0.15238407044146557,0
0.23312236491569874,0
0.13165109826440854,0
0.20518144350097092,0
0.2911377238801345,0
0.06979663751011986,0
0.2631740926195481,0
0.2853377005744559,0
0.24901485983042215,0
0.21055129884534662,0
0.2661494893904602,0
0.25675182000593544,0
0.17328251774502135,0
0.25141882079340017,0
0.2627310297801841,0
0.2886777897292612,1
0.2803671594298757,0
0.2862580551866769,0
0.018929485860019975,0
0.15864732961656391,0
0.28344421704191614,0
0.23976849257753116,0
0.2891943048087185,0
0.25467416804322407,0
0.29881969724131086,0
0.20058744799621606,0
0.2879483811034001,0
0.2968638566675895,0
0.157566323163567,0
0.16839556458920188,0
0.20017357380444478,0
0.2036808303250577,0
0.30036423094967035,0
0.23727693271497888,0
0.27127169276299506,0
0.2862285121770425,0
0.14911120511146472,0
0.2102337537941241,0
0.21424671764218264,0
0.18617289892157465,0
0.2543673945849697,0
0.1560273989921608,0
0.07887191035208899,0
0.20896406844087403,0
0.2801563477455435,0
0.2891180956789232,0
0.287811230118331,0
0.2679453024486726,0
0.2630926065753242,0
0.26075412044666796,0
0.25287086912356976,0
0.05518249951805789,0
0.2732315483259104,0
0.241515427873815,0
0.0631653209294899,0
0.24048683657537354,0
0.19314398983758463,0
0.20906563047936538,0
0.30145549397847055,0
0.29615085848996975,0
0.21435161570820357,0
0.29169251414138775,0
0.2356055632056397,0
0.13801440074320198,0
0.2909612384219965,0
0.30442784654871813,0
0.2836153442827241,0
0.2432909134990615,0
0.20101050660192002,0
0.2064004857531952,0
0.2118978809515186,0
0.2612865273669535,0
0.2619537827683111,0
0.293318854038589,0
0.21940078720275946,0
0.25030992276092967,0
0.23382024166572007,0
0.29854518423589443,0
0.25741959225429484,0
0.297738231372637,0
0.16444167108761268,0
0.28899109183396504,0
0.24676869998154652,0
0.20575234687365576,0
0.285951800733076,0
0.2692358249707119,0
0.25475203607665065,0
0.25977934328353225,0
0.2860771656819147,0
0.24242138559613707,0
0.2677836743801383,0
0.2320244884454824,0
0.28612779441622255,0
0.26533678482027695,0
0.2797922853791333,0
0.22240846786705476,0
0.1543524856947115,0
0.2673949894355224,0
0.18076808243272938,0
0.28290461473840905,0
0.2612736366090064,0
0.23713812295430053,0
0.2815091560218206,0
0.13289584840482385,0
0.25255628272064656,0
0.28689420278434347,0
0.25657997652979875,0
0.014364754962044757,0
0.27241072532768557,0
0.16380476813095132,0
0.15897552123595904,0
0.1118610499254053,0
0.24405448933956456,0
0.2454152026610401,0
0.28743546399079767,0
0.12395718522100117,0
0.1110176135113424,0
0.1925022253123801,0
0.2517568468054629,0
0.23112194333895184,0
0.25469516789476,0
0.25270129532966445,0
0.2831605353876201,0
0.2351932105175706,0
0.2726264384882677,0
0.3423089835582895,0
0.24225354859384277,0
0.20779960059476713,0
0.2165372985879259,0
0.2501059846064931,0
0.2567893603079612,0
0.10347594394931825,0
0.27795172302823373,0
0.24135249348607707,0
0.301861750958447,0
0.21113061522217821,0
0.2504138868535089,0
0.26142589617080425,0
0.25381226153701064,0
0.1225008081882103,0
0.235346246133005,0
0.1486810810537482,0
0.20970926142750299,0
0.29723891521352025,0
0.2504554912373773,0
0.27259452008669455,0
0.22880634182036688,0
0.13517822143183122,0
0.2615711938913019,0
0.2776457748698989,0
0.23174061564119855,0
0.3049564566562882,0
0.11426076109949924,0
0.22658467143249092,0
0.04189770404774388,0
0.19797361014488668,0
0.27109885423272834,0
0.2864808963009889,0
0.29826684535278736,0
0.18079593249937126,0
0.27290519609446223,0
0.29926079845146814,0
0.23178786463899087,0
0.2666882678100592,0
0.2750667572957687,0
0.2661993294789787,0
0.2156948705986949,0
0.2952668502917036,0
0.26918639280203754,0
0.23959384166169403,0
0.3013166691814601,0
0.20989106428234686,0
0.20636762462812666,0
0.2870251997290729,0
0.275504795157268,0
0.010917615696961971,0
0.2593681665611568,0
0.2751165847581641,0
0.20677722552103855,0
0.26667197945632704,0
0.11712979918709056,0
0.26505133579193024,0
0.2977020657134815,0
0.1871446406142875,0
0.2301020541378274,0
0.010124500321922688,0
0.21909887918648885,0
0.18844452170694387,0
0.2964872557101555,0
0.1433859455939704,0
0.28125471943777464,0
0.2571109333963695,0
0.21922114011722968,0
0.09938729409643642,0
0.2964395692849052,0
0.2678305799372358,0
0.2935117259395813,0
0.28564909501737096,0
0.13949084778940773,0
0.28680809481975067,0
0.27602232146989153,0
0.2615276626296573,0
0.15858041663930195,0
0.2740129331845229,0
0.13578006008771482,0
0.25470582485188714,0
0.2914980729120437,0
0.29076287095136744,0
0.24212859951021315,0
0.28202090490798143,0
0.19858432766837247,0
0.2753390569899351,0
0.12733706573356296,0
0.07749415908387185,0
0.28279366702482284,0
0.19868253935841873,0
0.21811048826058918,0
0.27842446119034087,0
0.18509497965949717,0
0.21845606449486746,0
0.2889147000702898,0
0.25231311813155893,0
0.2162345512921367,0
0.16578815113283743,0
0.08317769540517658,0
0.24803385940098488,0
0.06305405765412438,0
0.2928828153256824,0
0.17715345142691413,0
0.2507752215854373,0
0.19670457623182117,0
0.26028678444849374,0
0.22916707383051121,0
0.2769112349818377,0
0.2437438968084909,0
0.2542685476105353,0
0.2636063472249208,0
0.3019571170962452,0
0.21870486975164286,0
0.2099097158348462,0
0.27072145678792925,0
0.19181141594775836,0
0.12381303236853643,0
0.25772589129669793,0
0.205600535197874,0
0.28956349067563764,0
0.2734988752068485,0
0.2698106477783453,0
0.26602156089715545,0
0.21951570779215998,0
0.22166049826364795,0
0.22281706624283093,0
0.2704633406297987,0
0.033546994400490325,0
0.26737262577562665,0
0.2766754668952954,0
0.16247597742397446,0
0.259411307370593,0
0.2160619196334051,0
0.17234943202065045,0
0.29153912233669743,0
0.2750009934154343,0
0.11987161573388637,0
0.2661395909630924,0
0.28254402496443154,0
0.2679925186059159,0
0.24928693695771306,0
0.2865190736934713,0
0.21129454230092012,0
0.28151200093825357,0
0.2626482213670878,0
0.09641105934360199,0
0.17577794904035804,0
0.2640730110744862,0
0.06595027022480916,0
0.2603033500926784,0
0.2413783268606985,0
0.2462550735173369,0
0.29472601914604274,0
0.11320150332063128,0
0.2612280843609606,0
0.29698923550796674,0
0.2662789988704577,0
0.23436603083634389,0
0.18114424666358236,0
0.2900312722344535,0
0.2667153440151435,0
0.23736915201264386,0
0.2339076934900866,0
0.23960706567357817,0
0.2991877326112509,0
0.9994517149406325,0
0.27612516738623893,0
0.29514984007586165,0
0.2170716858148213,0
0.20771601063575754,0
0.2208754822135226,0
0.20882520818460543,0
0.2547417102896182,0
0.27410827540468496,0
0.28898940035667836,0
0.22693763538295325,0
0.25452937643476004,0
0.24041019721571577,0
0.18850980859862485,0
0.2534062645398758,0
0.27981445464133703,0
0.1149102700210988,0
0.264698868041302,0
0.2664366280013332,0
0.2831337165134389,0
0.2620440126754488,0
0.20444633585598118,0
0.2681674836769579,0
0.28798689212238404,0
0.2823403207191946,0
0.19937722742192207,0
0.18746994213235021,0
0.26143118433162554,0
0.22163184803887628,0
0.2572390608762112,0
0.26019974802855156,0
0.2659074113544605,0
0.25167586603460634,0
0.28422085947855724,0
0.2648552310462483,0
0.27525944834852434,0
0.11873691303528823,0
0.2700501318606068,0
0.20189794057051932,0
0.1933896866607535,0
0.25296399919208223,0
0.2359922335321012,0
0.18826676257050817,0
0.053206151155248405,0
0.2405879619388623,0
0.136679567481952,0
0.13054977892256758,0
0.27739107260348744,0
0.2515907199602941,0
0.2822575781402677,0
0.19867045794565438,0
0.21274937027853089,0
0.2966625840914843,0
0.23467887538846705,0
0.24378710687061247,0
0.2949857046837316,0
0.29285024919108155,0
0.24381778063200701,0
0.2794949970402997,0
0.27495224855023714,0
0.25544120197346787,0
0.2939638152905897,0
0.17864988589133593,0
0.24846491864864442,0
0.24780562045718943,0
0.27699222131381823,0
0.298562608490842,0
0.17448850939868135,0
0.14064305137168887,0
0.23593846011250075,0
0.05536299715156775,0
0.26484449331197923,0
0.2689850900134623,0
0.25953985742782276,0
0.18781250094636323,0
0.2937168803813385,0
0.28884838391312645,0
0.2893190880466591,0
0.2823307260520705,0
0.27128140211962337,0
0.263085665284722,0
0.20723666495003493,0
0.023907712182293962,0
0.24694372194810027,0
0.21382102864497393,0
0.27120998312936395,0
0.24343740440069875,0
0.2973680579992209,0
0.2641229871936712,0
0.257511916900683,0
0.2244332984488588,0
0.22983541518066536,0
0.274704825916583,0
0.20125788132847283,0
0.2601434606119408,0
0.23973925980012092,0
0.29964810469225395,0
0.1538739566395399,0
0.27076258547320514,0
0.19025081878976766,0
0.2860775243571635,0
0.21527249324383663,0
0.12869184535999414,0
0.07656252260626493,0
0.24929803681478876,0
0.28637904976440587,0
0.07544372421637749,0
0.29776863175553425,0
0.22668544357521045,0
0.253485481512697,0
0.20071854393827998,0
0.24747037154811677,0
0.2608044816625987,0
0.14250410729680013,0
0.2786351598337389,0
0.20387360113560307,0
0.21093649225578728,0
0.27507878336327535,0
0.28609410659881807,0
0.262231601650544,0
0.0880618805643505,0
0.24521811906329838,0
0.27452905943573574,0
0.19839193286372858,0
0.13053871500840855,0
0.2663914386099395,0
0.22139832782889432,0
0.296890988488594,0
0.1990805014314946,0
0.28395041062421383,0
0.22607495205559777,0
0.27799857869530065,0
0.21272668821584453,0
0.26073332219688944,0
0.2744168975973174,0
0.23516789181484868,0
0.18891636713966906,0
0.16747649320589467,0
0.029964494799823823,0
0.18357558157711237,0
0.19131193243791764,0
0.24749514400127806,0
0.2488853879123525,0
0.1828756601996291,0
0.2231543809016197,0
0.0326280932541536,0
0.2548958797834297,0
0.2615102764513613,0
0.22965352873630956,0
0.2105514618039826,0
0.20999141468665405,0
0.25002821805634173,0
0.28590218245415394,0
0.2122889305267257,0
0.27187942148227806,0
0.1582792373371553,0
0.2611859367478521,0
0.199347172436397,0
0.29111915110816966,0
0.2988469862824179,0
0.24291575225370976,0
0.19373446249140072,0
0.2643322096658321,0
0.28546575271245933,0
0.22397447457460426,0
0.2935979373697937,0
0.27106285736309355,0
0.2047703646286634,0
0.26566005787885527,0
0.26001663864465147,0
0.2705632561581353,0
0.25171320883118414,0
0.26746778851146874,0
0.13728434396763398,0
0.14653134811089036,0
0.273394709452973,0
0.2869343666697962,0
0.2280086957958465,0
0.20189676840059115,0
0.27689984645397486,0
0.18115541973667754,0
0.28065348746438157,0
0.20772094329452284,0
0.29307809252142075,0
0.28275630027490495,0
0.1967605732650898,0
0.28282243448911476,0
0.20277925575686864,0
0.24504571092763186,0
0.20789470967554485,0
0.3004501207447726,0
0.029217297295461186,0
0.2915851906285054,0
0.23145695852027,0
0.21869756828633338,0
0.2584897271424806,0
0.14447656045009416,0
0.2697961947254807,0
0.2934833404637629,0
0.24258816074044348,0
0.2772294744401901,0
0.1637463669761161,0
0.23304703106856908,0
0.28070305461987943,0
0.2368269325091593,0
0.20000751848658002,0
0.27401881030242536,0
0.21049735421173488,0
0.2840245659616458,0
0.24133744072086571,0
0.20487848713988055,0
0.25274172545554235,0
0.28664992912993004,0
0.27312887559190974,0
0.26201243592476264,0
0.2847040323086543,0
0.1543415359115505,0
0.2843038451558757,0
0.16421115530625038,0
0.2904265330208356,0
0.2744503717402478,0
0.2238553402990164,0
0.2513888806156039,0
0.24824153475356342,0
0.2379316762822666,0
0.24140636140773372,0
0.2952968266432028,0
0.2500043363188869,0
0.2567523950634899,0
0.13378576262813066,0
0.29058970497595726,0
0.14637426096087802,0
0.2478782540988955,0
0.2675706614612209,0
0.2371116794347769,0
0.2620094074547268,0
0.24175819971199014,0
0.23776294809365672,0
0.25729725251713587,0
0.23139735364507596,0
0.296050071631338,0
0.2362832757273998,0
0.2722024453252185,0
0.1299414619779291,0
0.2647346466229297,0
0.12680542875004086,0
0.26918464621505317,0
0.20135759351355811,0
0.020361382614362836,0
0.2855967671085949,0
0.2499434813824627,0
0.27955347204589376,0
0.29141221996669125,0
0.2863459407694281,0
0.25795006993973824,0
0.11356992376854332,0
0.24250575067983604,0
0.024402923634375025,0
0.27979106091808237,0
0.2178827689817658,0
0.2724887438755212,0
0.23909707692930154,0
0.2555696788676477,0
0.29084356360842883,0
0.2690215996778456,0
0.2916526406549389,0
0.22580059880613376,0
0.2194420043046594,0
0.10914171522706881,0
0.277015301305046,0
0.26017055284272333,0
0.25249601828292767,0
0.21240300491482286,0
0.2873205354686836,0
0.27677066005694295,0
0.2793390971146553,0
0.17337479100260306,0
0.2844733672122645,0
0.23975679498864694,0
0.23479373632260467,0
0.1981839227361817,0
0.29619798371436945,0
0.24425613654267903,0
0.28783945765511376,0
0.2469349358367843,0
0.26908442914098346,0
0.2211149919824558,0
0.09391424227873266,0
0.2795949237716012,0
0.2463659862851651,0
0.2579003162671643,0
0.24705878617923344,0
0.2769108428161933,0
0.24200977319388012,0
0.2789042528419084,0
0.27065698533396026,0
0.22343401250161382,0
0.29586074396229917,0
0.294731134687808,0
0.2808047658444171,0
0.2613076125890983,0
0.2631710079904759,0
0.2701253804524043,0
0.14935776496638636,0
0.9942614504762471,0
0.20924922975496105,0
0.2506398261991656,0
0.2824499065653414,0
0.24999811754109708,0
0.25015596230786413,0
0.2580474768127127,0
0.2552478948902499,0
0.10103777341669104,0
0.12424609284616366,0
0.2658274882399018,0
0.29873534112334066,0
0.2638268013659292,0
0.21146483515160533,0
0.29168729541564153,0
0.24739949721877147,0
0.1755023676981256,0
0.2868471573336282,0
0.29125676977021364,0
0.2914503818542477,0
0.28003617250258694,0
0.2599845111338725,0
0.2725686619865455,0
0.17692690998199903,0
0.27308044043028284,0
0.010966532256309048,0
0.2698254429378347,0
0.22740422797586274,0
0.2254912590883544,0
0.2569080593266389,0
0.2494013254412396,0
0.26796035201508345,0
0.19150708635635758,0
0.28328615320601425,0
0.27932918273134943,0
0.2938378202456776,0
0.27350128276007374,0
0.19745547302841213,0
0.0861650381648718,0
0.20677200264581017,0
0.21475543761372423,0
0.2042807235415013,0
0.16841107292204233,0
0.2052325523941155,0
0.25007124614207377,0
0.2617126835854734,0
0.2922375149369233,0
0.24617698365437893,0
0.2337184329018386,0
0.21392168386580446,0
0.153500159179223,0
0.23871129800851112,0
0.15528869284256977,0
0.267704090233401,0
0.19498077006843675,0
0.23397605533668936,0
0.2019676435797308,0
0.27631574348921023,0
0.2953289003479039,0
0.035542712483332295,0
0.2156704349082868,0
0.284799222806791,0
0.23828558876180525,0
0.28694608781585,0
0.2728018977762948,0
0.2461163192077687,0
0.2091475183707107,0
0.29369434249609405,0
0.13460380969662972,0
0.2104788458575611,0
0.27126141662395825,0
0.25918684839541944,0
0.2689333047111995,0
0.2539972850252379,0
0.284582007496321,0
0.027596419605180694,0
0.3002827922642404,0
0.27740425729082535,0
0.23313367358448692,0
0.20526007003650537,0
0.25121876895648454,0
0.2723489256657252,0
0.18955249133280241,0
0.2596601730669552,0
0.22317646745088301,0
0.21747675417891174,0
0.25803730049174894,0
0.266571995091682,0
0.25695374571915836,0
0.2942153735159354,0
0.28462866555585814,0
0.22519489445660001,0
0.26913289277587227,0
0.16563293114595323,0
0.15998505942418656,0
0.26150118290932234,0
0.19392776930048566,0
0.22747782636975883,0
0.22198029027933894,0
0.28521973843054854,0
0.24192534751568906,0
0.2614926536196453,0
0.29218493859279965,0
0.21273865132620065,0
0.28201908439679735,0
0.03158867672622639,0
0.28890950092946915,0
0.22611843676718357,0
0.2632904799472055,0
0.09647136397069858,0
0.25172982178348086,0
0.0010446332509536338,0
0.2719440454660841,0
0.17171172727166176,0
0.27328301362284974,0
0.20230622656872016,0
0.2761687666216949,0
0.2661247300894645,0
0.21063228190221553,0
0.2608278551291216,0
0.2121821925618722,0
0.2862878576060425,0
0.23263434805865732,0
0.241208918476402,0
0.25058676724058854,0
0.28892050807692576,0
0.12782948616832376,0
0.2713163881537239,0
0.141527151119629,0
0.23365025319423513,0
0.26679671697252527,0
0.2733458302010839,0
0.2737129706369844,0
0.25490363812562317,0
0.2231304363609892,0
0.2579692992889589,0
0.3008491788793451,0
0.27068994331235124,0
0.15487239779448395,0
0.20274698232839067,0
0.28208059411473124,0
0.2675887347237053,0
0.27070206141114944,0
0.30233424831956834,0
0.27836474045591786,0
0.10397751815947424,0
0.2349079518363655,0
0.25267708720538257,0
0.27421114168324506,0
0.2182036060163882,0
0.29039047297011267,0
0.22634363571503374,0
0.2032020383385032,0
0.11838956597145861,0
0.2983915000748642,0
0.27605260356601946,0
0.2736089892398302,0
0.18540520883729034,0
0.2570557603640511,0
0.21754460425621822,0
0.2373462238513095,0
0.23774305676062363,0
0.23358262750942935,0
0.17153393362051228,0
0.2551199481113756,0
0.20091229472287214,0
0.15784543618357164,0
0.2523877621784206,0
0.28790949628953844,0
0.2934778428568849,0
0.2595524690513137,0
0.2739018015783502,0
0.23699976835213243,0
0.21831567001467178,0
0.28268935119880956,0
0.24204526747087832,0
0.23649983260944965,0
0.2007043038557375,0
0.2312965416213706,0
0.2573906159792964,0
0.2458051461235431,0
0.21863495411654169,0
0.25815350215924093,0
0.2767087349956327,0
0.2860369278178979,0
0.050004875418314214,0
0.2963125239760028,0
0.2348765644385454,0
0.20125840515515864,0
0.216796357392773,0
0.21570588080191352,0
0.18056438559070104,0
0.14753061513603988,0
0.2597005697776685,0
0.2647018522283834,0
0.0963006294451577,0
0.025250637901517485,0
0.2237809391022188,0
0.23972715887237445,0
0.2752615166062357,0
0.063525662317404,0
0.049048602743392795,0
0.27753238526488694,0
0.2644132827813523,0
0.25517797542257276,0
0.27974522092569915,0
0.15579197516187893,0
0.2466676609761249,0
0.26237106523428044,0
0.2911585546205382,0
0.23649435829382537,0
0.2474645482597535,0
0.24603476102332783,0
0.2888794671409886,0
0.28667438721571975,0
0.24135955900969214,0
0.21972495857366958,0
0.2194019393302163,0
0.2231698956183556,0
0.18563286658341252,0
0.26361524945471054,0
0.21660123389567176,0
0.2765322627597306,0
0.24115146772325485,0
0.269852698400589,0
0.23012864535467625,0
0.17099141728933223,0
0.2766328535304386,0
0.17872416794306406,0
0.219375789619354,0
0.26260556709208766,0
0.26848275088332985,0
0.26852619151443563,0
0.2268373825937969,0
0.2618809363903929,0
0.22366908398473745,0
0.26412154055929987,0
0.26640318705730187,0
0.26574797052041677,0
0.17158196213326757,0
0.23539704748181753,0
0.11658217156985042,0
0.23266412662334432,0
0.26008957748088185,0
0.29149560270190417,0
0.26897498712204626,0
0.2069504260788643,0
0.17704035286953904,0
0.11779816402548057,0
0.22682793078210378,0
0.24545585139777457,0
0.045173742374554064,0
0.24002053489671837,0
0.25571609167042825,0
0.2405344734035406,0
0.26292471011574436,0
0.1701892909836835,0
0.23028865357611727,0
0.2854459469481951,0
0.27572399785515095,0
0.2664367609088954,0
0.2530136658963032,0
0.26867960444340006,0
0.2642235795089046,0
0.23807854276553203,0
0.19475254873612324,0
0.027528377628229288,0
0.20802146183032622,0
0.07208610019168478,0
0.19540735056150693,0
0.22604810830961392,0
0.12578257054144976,0
0.2039209963677231,0
0.28201903584891885,0
0.2982796241563967,0
0.22131625436042937,0
0.2337501886489309,0
0.07606744032610767,0
0.2733062246567405,0
0.24127460919456845,0
0.19269500250513197,0
0.23917970101165845,0
0.2952549387463892,0
0.22558865315826032,0
0.29398889713162996,0
0.2008787403326422,0
0.25160308091871675,0
0.2475612627686058,0
0.2681054502887452,0
0.1827007086841626,0
0.28029665258287256,0
0.28978326057899484,0
0.26219769081139627,0
0.26316999710945915,0
0.2717215746724142,0
0.04501389216194415,0
0.22195868123918713,0
0.30247433709591337,0
0.21753193870604132,0
0.2399539584425121,0
0.284088600901932,0
0.25167059688750165,0
0.2080080130438958,0
0.25744645225705703,0
0.27358268075427244,0
0.21997985254544128,0
0.1793379061552803,0
0.26454955376168476,0
0.24682694907618016,0
0.12886356707627905,0
0.2600152740047485,0
0.27730038458892625,0
0.21361133075156602,0
0.21151163578726856,0
0.26167851045077406,0
0.2905066886084543,0
0.2985916729992164,0
0.2982196358954589,0
0.25282994586656515,0
0.2561181589340711,0
0.1546042332343889,0
0.2527769261985657,0
0.27401119721823175,0
0.23758345583157686,0
0.2849387736737312,0
0.20724414813431635,0
0.1466131993707556,0
0.25457817637640795,0
0.27989807908587494,0
0.171570089015745,0
0.23627827827286527,0
0.22690473593919522,0
0.1948865758076842,0
0.2519533043999965,0
0.2630106712135239,0
0.2025321685096411,0
0.27332822189132694,0
0.2863669042873552,0
0.01982432394871544,0
0.2506254707357412,0
0.1958731894936069,0
0.04575207179208757,0
0.20576648587815793,0
0.2654966405056599,0
0.18062893281382425,0
0.2582408870871994,0
0.294913600564602,0
0.27323190021854393,0
0.2751473261101737,0
0.011114668103976736,0
0.27626750602763206,0
0.11075918101694895,0
0.2822651235331595,0
0.019434943937595053,0
0.22340189761435225,0
0.24747568864126482,0
0.2935891849745076,0
0.25540100733632376,0
0.227720153815414,0
0.2917211300326553,0
0.24903456827842987,0
0.2647562418096255,0
0.2961171741373707,0
0.2868131930686785,0
0.2827098926454621,0
0.21398436465376294,0
0.16708097393536697,0
0.29855216069905827,0
0.2917554892823364,0
0.2151006711962283,0
0.25765330495462346,0
0.2903837590428245,0
0.24803918515509943,0
0.14947449774787488,0
0.0016029646817462924,0
0.2896466536022451,0
0.2542544751838041,0
0.26286667134999,0
0.26976064108795766,0
0.2300747388908121,0
0.03606362208047689,0
0.21326943930966527,0
0.20116834202397005,0
0.28023340094055843,0
0.2853728196336068,0
0.2725725342612751,0
0.23369837912584296,0
0.033903346789760896,0
0.291276671703164,0
0.27800742756413693,0
0.2590949411226684,0
0.11634226430684694,0
0.22178863210596056,0
0.227175637654664,0
0.2739562669522961,0
0.23987562940645257,0
0.2635615552725442,0
0.23605522793852068,0
0.2859085636398888,0
0.25492586481518,0
0.26591530098459226,0
0.18060809564495248,0
0.21292449168370126,0
0.22861473186316542,0
0.2857840830439572,0
0.13451089598936986,0
0.11985915305257351,0
0.24162097273974578,0
0.26973930512888744,0
0.22281230375428576,0
0.2802736061339172,0
0.2830850729332173,0
0.2626746438757891,0
0.2463740966176537,0
0.2439030090596797,0
0.2522986622044078,0
0.02560467238396758,0
0.2791952616985584,0
0.009077513335878367,0
0.2655039163857493,0
0.1917681523228085,0
0.29122066355917653,0
0.2721280171875171,0
0.2714824918492734,0
0.2105864720481764,0
0.11293844100522495,0
0.28297226409363635,0
0.25505525545394825,0
0.11364207986456375,0
0.19572396239097323,0
0.24688276313042543,0
0.26643296884531875,0
0.2084481399325282,0
0.22889202998933855,0
0.23117025670737168,0
0.25004836834117383,0
0.30501708912629655,0
0.27281313425757264,0
0.2304040821422301,0
0.2743275248473834,0
0.20219600641247387,0
0.16943681932397114,0
0.25088477394990827,0
0.1915029423262959,0
0.26784286483701686,0
0.2936055133363344,0
0.2808685592353421,0
0.1603488930656018,0
0.29811929617544086,0
0.08576687740689302,0
0.20052494435589366,0
0.29038000287278826,0
0.0831297017362154,0
0.28405653840207185,0
0.2316901580399383,0
0.1613978906414028,0
0.2813003046209782,0
0.07322106678018413,0
0.2694549159728891,0
0.2945391390736314,0
0.2686330774339144,0
0.2518675938281876,0
0.2722346985533204,0
0.30677124733083766,0
0.28380975152170246,0
0.07542111867552777,0
0.2375538925481587,0
0.2910776697342133,0
0.27851822533113035,0
0.2873459914091843,0
0.17091325029220245,0
0.1389780610253694,0
0.2616601781217011,0
0.25954944194885166,0
0.26505521254080194,0
0.2005834959824582,0
0.19619777059994395,0
0.2913171814459745,0
0.28952348822673024,0
0.23765104920938387,0
0.28660838485437823,0
0.07144850385089513,0
0.22871022898553686,0
0.274629132645359,0
0.28594026019176455,0
0.17091558020691758,0
0.14490739253893192,0
0.27445999446213665,0
0.09769717802963893,0
0.20728485200622704,0
0.2766516289609325,0
0.30144518614614846,0
0.28150693127713344,0
0.2472621512386864,0
0.26163447778704985,0
0.2573297530787739,0
0.3035083387465446,0
0.15827361626226968,0
0.2912196701739073,0
0.2736518112711982,0
0.28367116331078124,0
0.19049371110894162,0
0.21062224335011803,0
0.27098168019259794,0
0.224800817789968,0
0.2552630403670887,0
0.2605788429698308,0
0.2974127213253668,0
0.27145775860590843,0
0.29672784618552756,0
0.2807823021485187,0
0.28907809786610833,0
0.2752464980083801,0
0.1522886112787419,0
0.2982343839349805,0
0.14369197772252965,0
0.1837096974149581,0
0.2996094171403138,0
0.2563125871945098,0
0.08533868648474975,0
5.06577282076936e-11,0
0.264425042839686,0
0.3036609722498341,0
0.2451092380516517,0
0.2674782486417616,0
0.2609886352416647,0
0.159641832602438,0
0.2580257547445702,0
0.22519377978548905,0
0.2796469203591568,0
0.2532264769238997,0
0.26290577526299314,0
0.22977075227093377,0
0.1426258543143372,0
0.23587717570501873,0
0.28579899218671784,0
0.2868852366738272,0
0.27992934065314135,0
0.2967909427205151,0
0.26323999775865353,0
0.26422550396306027,0
0.26365627575597167,0
0.12190197100840842,0
0.06186202568007038,0
0.1457887597865948,0
0.23312939139763966,0
0.2374147690151626,0
0.2609915193596466,0
0.2565297670310862,0
0.28199518452450034,0
0.23174088901257006,0
0.28648802893184844,0
0.23160620503841592,0
0.2730309128180844,0
0.2670885519735926,0
0.02514037413416713,0
0.2686018027959475,0
0.26896515035959595,0
0.2427330888376928,0
0.2617690845957402,0
0.23492762012995558,0
0.18362812336401169,0
0.12589518109128398,0
0.2512063199913779,0
0.09048410794086045,0
0.22321021816848574,0
0.1972532112448333,0
0.26821400868361134,0
0.13762365062680237,0
0.23016104147878436,0
0.29128014556074344,0
0.2452729381262515,0
0.303624776276433,0
0.2860414517000111,0
0.17979722360468575,0
0.26696346541601074,0
0.25688178579972687,0
0.24893262182966153,0
0.21901849665233122,0
0.3006338550046913,0
0.26810958883077374,0
0.25156156598650603,0
0.20979285576720413,0
0.30098926233891765,0
0.28408373964424266,0
0.23702093130303467,0
0.25176999073035633,0
0.2943868036465783,0
0.24364499277342633,0
0.2513735579803148,0
0.3040545485945218,0
0.16177069807562022,0
0.24785564920954364,0
0.2613263287124202,0
0.3005478323755704,0
0.1866358487080995,0
0.22859347795267548,0
0.2762966292691312,0
0.29264179597695833,0
0.15933482686481973,0
0.24513310816536332,0
0.28701649905907395,0
0.28607212599436344,0
0.30046475062940775,0
0.2630363436474178,0
0.288800220000949,0
0.23277609372889965,0
0.2615906604636077,0
0.21171929640775114,0
0.2764943050214929,0
0.2746636032892807,0
0.295337845071777,0
0.22628268030938145,0
0.24498564423638375,0
0.2790699592072456,0
0.2770150670270662,0
0.2913261766200405,0
0.2939396658657464,0
0.2732078176212818,0
0.2419267327962797,0
0.29889036863259066,0
0.28095719143776304,0
0.194487682469063,0
0.2510803031218485,0
0.2675888691317472,0
0.27403677345521377,0
0.26481567390743943,0
0.2848580918482426,0
0.29647702073922594,0
0.3016601036484831,0
0.29437918618788367,0
0.2615815430286803,0
0.2527795489514771,0
0.257121407645882,0
0.11277730478383731,0
0.2762898222417509,0
0.033746341288318736,0
0.23576512533892705,0
0.03600847838588202,0
0.27056143716916997,0
0.23634793919907535,0
0.23906449074227665,0
0.24154214237403948,0
0.25663036851773247,0
0.2568026941503326,0
0.29614562886068446,0
0.26482357197906276,0
0.30362907314199533,0
0.28124340848354723,0
0.2995707915194646,0
0.2516479996981691,0
0.2506821338928431,0
0.24341827647714565,0
0.2738470651416463,0
0.2622227306402922,0
0.24115771805354966,0
0.24508191503225063,0
0.2872964910738828,0
0.273761231516804,0
0.2840677519817929,0
0.2853553451093294,0
0.1952784111473948,0
0.2739655004775926,0
0.20083553844122673,0
0.24973845056137592,0
0.2924060321518871,0
0.2210941135133337,0
0.27908411388155163,0
0.2947507560126932,0
0.28597838942329235,0
0.2541739983043029,0
0.2673704804699663,0
0.07865499138682093,0
0.24576480975012727,0
0.2585831203782227,0
0.21794662995428218,0
0.22252024681272067,0
0.25538700115340923,0
0.23879580365190506,0
0.1022368861070789,0
0.2821622102229324,0
0.22470634452102203,0
0.27622602394633095,0
0.0315764608946224,0
0.1274244069475611,0
0.17407876248139495,0
0.30182386319808513,0
0.10006034327901149,0
0.28421107507993143,0
0.22673525220922236,0
0.12750941780282443,0
0.2274679329265763,0
0.1916353045413323,0
0.26370192253783287,0
0.08407654759857937,0
0.14161787427038677,0
0.2585572499244346,0
0.24367159315723858,0
0.24563241764731655,0
0.28084756852965725,0
0.146071309151692,0
0.22978081135149586,0
0.2801456880833031,0
0.277417256005303,0
0.29139772546209747,0
0.19405697057711688,0
0.2732020521312771,0
0.289477038788724,0
0.2879315468681968,0
0.21474481019610708,0
0.2678263674524974,0
0.29770192511867305,0
0.29773036607970255,0
0.09658459561871653,0
0.26952234048829765,0
0.23612160447835043,0
0.28464636624158257,0
0.2686543622823109,0
0.1516651349941747,0
0.2647769906740228,0
0.24538465896931794,0
0.26337824938924087,0
0.1051632113701142,0
0.2187737926756279,0
0.28457801154332574,0
0.29617085410591576,0
0.22864046599668642,0
0.14576961822783946,0
0.24820117112913045,0
0.23782866588496587,0
0.1895942101811189,0
0.24713797189059358,0
0.2786353303889357,0
0.20379611282693705,0
0.2362660698440118,0
0.29767819040435645,0
0.16860103572214183,0
0.2700386882793583,0
0.1326664350458754,0
0.2755512286724152,0
0.2872534566248128,0
0.22572902357293304,0
0.2552176035392221,0
0.048485862472026645,0
0.30710090895219966,0
0.28886091533566927,1
0.1371380003871254,0
0.23457619660204285,0
0.0164677482432831,0
0.2929599624138283,0
0.1631744034112474,0
0.28281907240848014,0
0.22245106219046057,0
0.26763331993747,0
0.2981274506547884,0
0.25961768800791374,0
0.16227628180518275,0
0.00033140877541605834,0
0.21814198381341376,0
0.259480480176934,0
0.28228534737433214,0
0.2649313905215748,1
0.26714923609709884,0
0.2982742051934317,0
0.2543856582996475,0
0.2537032697759215,0
0.2154602915394083,0
0.23601621005190293,0
0.2574523190970248,0
0.19675555157828878,0
0.3017027765376023,0
0.9995206890587679,0
0.27787381526366084,0
0.26112981762799553,0
0.26974089504450743,0
0.2805803581568509,0
0.2375063682895134,0
0.12843226284774037,0
0.2445579052924552,0
0.17752720366576072,0
0.3045754888298364,0
0.24039075269880522,0
0.2204345546627251,0
0.27101894992820175,0
0.999515718986103,1
0.30652624956829894,0
0.25050205976430084,0
0.21040625638846186,0
0.03410402562804103,0
0.13913059681226705,0
0.21171976693700428,0
0.23070014376722905,0
0.26236178520443987,0
0.22360915755685432,0
0.030219238316983033,0
0.2815785728091347,0
0.271858874281085,0
0.26236488796008683,0
0.05629399627953187,0
0.2984287961459093,0
0.2900277901495723,0
0.2749510853638775,0
0.30194633838063945,0
0.23613369662254605,0
0.2015132678921902,0
0.22048032509396928,0
0.22217865464275796,0
0.26335443351170157,0
0.2188432008691778,0
0.29470098810518136,0
0.26643018359782966,0
0.2835913638977633,0
0.2904465359245121,0
0.29782856611244457,0
0.2929453332208114,0
0.23508285178171665,0
0.1692491754248616,0
0.032749542693420605,0
0.2760207332851926,0
0.2794857507234602,0
0.21390207710490272,0
0.2233798927335013,0
0.26060319938157883,0
0.2565621414345212,0
0.25504867972681766,0
0.199488039411273,0
0.1921353056988781,0
0.27244290113521397,0
0.2512506116687811,0
0.2643980405332207,0
0.27375261859104927,0
0.2241427796624391,0
0.20695121013489964,0
0.2960827831475176,0
0.10797985440936204,0
0.26122294677399704,0
0.2574716456118772,0
0.24521905778626066,0
0.24950544208879497,0
0.2549620808676192,0
0.24675626526648511,0
0.1095712029101982,0
0.2844522269565981,0
0.2890691962376841,0
0.28828605271588525,0
0.28844573475733326,0
0.25447394605677415,0
0.27340380633536177,0
0.25000691974713346,0
0.28371997315005837,0
0.2624859099756202,0
0.25643611211796047,0
0.2900417679002698,0
0.24929425151124526,0
0.3065463553145945,0
0.20290941821752126,0
0.29166870077237295,0
0.281650961204726,0
0.2853016124078856,0
0.25808033659757107,0
0.22222909961219697,0
0.23494508423490265,0
0.229280356807205,0
0.2858603352671,0
0.09474835875313628,0
0.19640099348476645,0
0.20015633650167525,0
0.2806199876528737,0
0.28816469549266177,0
0.2811071256300506,0
0.19938962893130568,0
0.30237958777943574,0
0.18665508636884848,0
0.21251530538680916,0
0.28606201203917825,0
0.27943323079407634,0
0.280459619718813,0
0.2600584423896048,0
0.23412520138117057,0
0.21221037756171576,0
0.28201432659868997,0
0.2473133440674504,0
0.279497440754166,0
0.1672302422981776,0
0.25337827437644844,0
0.015451756990522163,0
0.27396767956380524,0
0.113888721223778,0
0.28865478003747613,0
0.2726601086520043,0
0.2717068225252515,0
0.2833239539725671,0
0.2750897240579173,0
0.20713074588363042,0
0.2935118246735274,0
0.23975157284189555,0
0.2681776233345672,0
0.27937853673540425,0
0.2588959589232203,0
0.2967068433323532,0
0.24001252376379575,0
0.27674358762724555,0
0.0674624474092715,0
0.26101755490219813,0
0.2102806587672326,0
0.2895039466167399,0
0.2766853580759719,0
0.13642762704882055,0
0.24934335588016654,0
0.27351520882038083,0
0.007909705121795193,0
0.2987472815241612,0
0.27586842155317715,0
0.28807191262041865,0
0.010816706470223373,0
0.2705632171799331,0
0.013484461087355678,0
0.271477352950497,0
0.24465072814014788,0
0.23860819790806087,0
0.29183460203437794,0
0.2693993686742882,0
0.2803820114821252,0
0.2645168174192923,0
0.2749666648255746,0
0.23123440693676434,0
0.28101765181780053,0
0.18183953228157293,0
0.23137507174390162,0
0.24833357310852322,0
0.148882918442248,0
0.18170341036945042,0
0.14943460739783407,0
0.19344862610317082,0
0.18854145755482463,0
0.2744403426106291,0
0.22375693988404455,0
0.2192648060283077,0
0.28263802413237993,0
0.2652402562127928,0
0.26588419111054257,0
0.2981655444585225,0
0.2529152508498264,0
0.29443311059817207,0
0.23274494065146867,0
0.1502526980457763,0
0.23752007042587,0
0.2617645355902055,0
0.24689592473447497,0
0.18646478065057343,0
0.29531911393777743,0
0.29134187129368394,0
0.20842976644434374,0
0.27336286319143804,0
0.2552378392955544,0
0.19500173858588957,0
0.2747917039722913,0
0.28565110442985425,0
0.27366026000214233,0
0.27455245516353355,0
0.23905009142203565,0
0.2735630729257438,0
0.27639717976563916,0
0.27826235984457176,0
0.26005726621100006,0
0.2612833407666832,0
0.27321040855983225,0
0.29164107145803414,0
0.26664819069807827,0
0.2909195095601018,0
0.24065495232671077,0
0.2762371917265018,0
0.28318460156944447,0
0.28493883005974385,0
0.2440794169840009,0
0.2959575037460732,0
0.2637947628944715,0
0.2659707705626669,0
0.2495257225601596,0
0.28527951509756544,0
0.22878209899630955,0
0.2987915515057267,0
0.3017171053045244,0
0.24741325911842457,0
0.1978162873089228,0
0.2571376687911086,0
0.2385906458076465,0
0.30090889549206673,0
0.29995219951966223,0
0.1946757613653829,0
0.16870124788470395,0
0.2594429112306226,0
0.28981981231038567,0
0.2536637481005044,0
0.2733304129740344,0
0.2962567343266222,0
0.2730563820261304,0
0.024133578067367985,0
0.24777567353158778,0
0.2552042140300071,0
0.2615064394134644,0
0.30019719365750985,0
0.2817115096087948,0
0.2797668886423926,0
0.28421737210584497,0
0.23921091679145087,0
0.002763400967707278,0
0.15115191767321182,0
0.2224624161751946,0
0.21203306104074296,0
0.2663336569426223,0
0.18840974227387194,0
0.27975736784979044,0
0.24304054572075812,0
0.27692584584314567,0
0.29254821557844535,0
0.24441400419681011,0
0.25827715552894226,0
0.23345577923651326,0
0.1265078883385695,0
0.23096286504859365,0
0.26628379415354264,0
0.2790747217141805,0
0.24182481498668437,0
0.2770672362910769,0
0.2978776307950688,0
0.14321653413300103,0
0.27968456195411584,0
0.29218074734101174,0
0.24110502741348092,0
0.26400160736450123,0
0.26814719881491567,0
0.2649898569012875,0
0.19847301326754077,0
0.21350002873242505,0
0.2532361234800696,0
0.2487408366931071,0
0.25872649901017486,0
0.28772438229392727,0
0.21759798270840205,0
0.29135609526537226,0
0.2909416648163643,0
0.1639234676952336,0
0.226352002345847,0
0.20280926463178842,0
0.2347740029742797,0
0.2880835725475091,0
0.30130589147187936,0
0.27713076985232604,0
0.2607628480603507,0
0.26715960360030844,0
0.0981645730098767,0
0.23731710992631916,0
0.30410447687560427,0
0.3033401945047315,0
0.2848741894750399,0
0.1680387748343756,0
0.21541717424140733,0
0.28325205378442575,0
0.25448531696933085,0
0.251755481017728,0
0.1918960047296101,0
0.010464858165188528,0
0.26022381374194536,0
0.9994217220150625,1
0.09122303846205314,0
0.9994340009328174,1
0.1676468333606169,0
0.2363117534491136,0
0.2566661572376039,0
0.29334049920144234,0
0.2169417773647289,0
0.2695462595536035,0
0.2995952609040828,0
0.2657464542986147,0
0.2700800947457506,0
0.2455915340672414,0
0.2760676612141485,0
0.218321699061193,0
0.09748187773153971,0
0.2708284701726879,0
0.02610804023311424,0
0.075964833456801,0
0.2801625739011466,0
0.006987545468312174,0
0.14762722708308576,0
0.29048176914912555,0
0.28839469572807236,0
0.2617602574628935,0
0.2564053603232334,0
0.24985681388747696,0
0.251797806993414,0
0.2007165619289523,0
0.27941694806879525,0
0.11744045264279288,0
0.18314384118170013,0
0.23233047256047507,0
0.20025072883344192,0
0.2700053792039782,0
0.18129370174480727,0
0.20880713617197352,0
0.14256400076353068,0
0.11017181538590258,0
0.2316950138514722,0
0.09548164292391083,0
0.2174578274368525,0
0.2989385740740063,0
0.2812453365810946,0
0.27558966262898327,0
0.2031562245207709,0
0.2700330641113655,0
0.16415173211632983,0
0.2902222949370716,0
0.2685199234053403,0
0.22351394355779164,0
0.19327816287956234,0
0.2636275179783405,0
0.19006819585641824,0
0.292333161479003,0
0.23434395640328937,0
0.27504043356641866,0
0.2517777076012929,0
0.21221152905983987,0
0.2522161923366031,0
0.21405451588035707,0
0.21655869974623898,0
0.23807613197589508,0
0.24958406482584092,0
0.2582802469230183,0
0.26592493711697085,0
0.2656990973333425,0
0.2707669154208049,0
0.2586137050910834,0
0.2345281363477898,0
0.19315781370763355,0
0.27396504662620436,0
0.28088343203169225,0
0.07220361729573935,0
0.2952646094914909,0
0.272686988312291,0
0.24139229793113495,0
0.2775246322370027,0
0.280767833839959,0
0.24608693897659775,0
0.24859862951217554,0
0.19220063646599875,0
0.27827632173508504,0
0.273454845147689,0
0.2244853612645158,0
0.017035983404517258,0
0.2520892545563959,0
0.2747317984883029,0
0.21592960049277346,0
0.21678594089393127,0
0.017404272746684657,0
0.2589927484850897,0
0.11335271218031678,0
0.25667133681913723,0
0.2706092280558884,0
0.2723430854168384,0
0.30101128723577936,0
0.2617863456210822,0
0.2699176359507138,0
0.24056957311316007,0
0.2755070725537717,0
0.2869167585820244,0
0.21004611941378665,0
0.3027371206040315,0
0.2476916206330765,0
0.26287487799019205,0
0.1625552143609486,0
0.2632911304146729,0
0.21494592310222174,0
0.3008009495267233,0
0.21348038743246256,0
0.24298951618402267,0
0.2856683634835354,0
0.290471923532273,0
0.2690981956280508,0
0.2751083366514113,0
0.25973886404150265,0
0.20212315108237391,0
0.26221743663903646,0
0.2642920423583398,0
0.282691659474821,0
0.23327076654953613,0
0.27325427363836663,0
0.14044431925208212,0
0.2515739101795612,0
0.25922184001788323,0
0.23951408007212038,0
0.27730367241193077,0
0.21563162020775375,0
0.2523826835008014,0
0.24341731472198405,0
0.26184084620553394,0
0.2775703778003145,0
0.3004268314831393,0
0.18792629508381337,0
0.2660135390716217,0
0.2956254086791,0
0.27148231960304436,0
0.23813723001093356,0
0.2829728866666296,0
0.2880635441337307,0
0.20345382783330282,0
0.3007691075090109,0
0.0643067283779614,0
0.2509775131027748,0
0.23935779399147836,0
0.22047933558308247,0
0.25967491790422587,0
0.10012567254142593,0
0.21372811861995958,0
0.2771199003536208,0
0.204445460025627,0
0.2036790761920765,0
0.21526972584933296,0
0.23150174898283302,0
0.2442649002816547,0
0.2771387556504095,0
0.24770282599754867,0
0.29620399524949553,0
0.11085223495787959,0
0.2964516288238502,0
0.3092413188740653,0
0.19326110472372815,0
0.22500949811236146,0
0.2905715641936623,0
0.26146884197920106,0
0.14628624841339646,0
0.2982525887144274,0
0.12648410212238345,0
0.00010344379401996541,0
0.21705214407885673,0
0.2619137033359936,0
0.25348233183509494,0
0.2840446364583714,0
0.2940015207956159,0
0.27441301950808084,0
0.26276383568734063,0
0.21724729869435058,0
0.2979475650045459,0
0.009648356814180376,0
0.11646572191751708,0
0.2719938723158352,0
0.26051938626518995,0
0.20926670103502235,0
0.2837617170276033,0
0.21508076773129756,0
0.16484640170157114,0
0.28915514591031033,0
0.20190985202950365,0
0.2163634412736045,0
0.23471804216263337,0
0.19702343620426277,0
0.23387700016314267,0
0.2778948182526123,0
0.2539344399634279,0
0.2795534749874491,0
0.22558805014454805,0
0.28932184566485875,0
0.29280218162693167,0
0.16782685573935757,0
0.23709390917224935,0
0.1143797763171621,0
0.25486946414226436,0
0.21499900527730806,0
0.1359461186059049,0
0.19869994362511575,0
0.2895533777701693,0
0.2905176372156268,0
0.2816103773719243,0
0.2071613662018384,0
0.2939331929740138,0
0.21586546872941278,0
0.05056035549855595,0
0.2608199731558473,0
0.2983376067930506,0
0.03219567895407165,0
0.24905934367380883,0
0.28702966356387727,0
0.07512330866130106,0
0.2620642144614553,0
0.2849117315926667,0
0.2297568345520881,0
0.24397232944422975,0
0.2800626982163808,0
0.2762814275128156,0
0.23310289703917228,0
0.2861737722527391,0
0.9994237724572392,1
0.2522565696455536,0
0.29096303386735023,0
0.9995011042156686,1
0.009055741295140505,0
0.21948769688169958,0
0.16033760270385894,0
0.27872502072863853,0
0.2847547254556304,0
0.24196916331799567,0
0.25562721062540406,0
0.27851821636975627,0
0.28275398668222984,0
0.207454400830264,0
0.26363496026941763,0
0.16132130953286092,0
0.2577543407246063,0
0.2721503861333998,0
0.21440190289053843,0
0.27338170966047215,0
0.28919647922167746,0
0.2969726711674717,0
0.2518945923052359,0
0.27327172280789996,0
0.2736046310329687,0
0.2618730758850158,0
0.16213333871888272,0
0.27638280849125785,0
0.19540863904700873,0
0.2970477871256381,0
0.04245157709746963,0
0.27253050185856637,0
0.0673464030065819,0
0.29243323326798726,0
0.03520630299519805,0
0.05740005430061503,0
0.12577374294163907,0
0.21535960208881255,0
0.22283609627668993,0
0.19845871627201717,0
0.1625244175924184,0
0.10117662979050687,0
0.20148075257730633,0
0.24889041195186754,0
0.2680849679000393,0
0.2760424075980844,0
0.3023564773062366,0
0.27664870095445754,0
0.20205384876144197,0
0.3052694721947012,0
0.1708205755506695,0
0.2981277459526259,0
0.1702603619544732,0
0.24243135199784968,0
0.29666811605033283,0
0.2495919355484739,0
0.2603296733554371,0
0.25992142923359013,0
0.2880838561139705,0
0.20002963637263776,0
0.22178403223218623,0
0.20441275163935851,0
0.258019613575646,0
0.21372177056931974,0
0.2238361939465806,0
0.2252975664918042,0
0.22233996424556984,0
0.25883425948964056,0
0.303507046806033,0
0.2526383278161857,0
0.1275018985706648,0
0.28774862946922997,0
0.23699143869755163,0
0.24656898882216632,0
0.277347610766655,0
0.0882385002991132,0
0.26569412059345654,0
0.2670210144094597,0
0.2519501553743609,0
0.17389854675522412,0
0.2983514692167327,0
0.25823802315511424,0
0.28136692884134246,0
0.23013067704367102,0
0.29144115410317933,0
0.22264015367452808,0
0.17841552005849445,0
0.23610951118416,0
0.303077265020534,0
0.2636834818121,0
0.16558147546073315,0
0.24313937939348704,0
0.15181225994769543,0
0.2790649113343255,0
0.24314411474576825,0
0.15191427930408732,0
0.01717082114541673,0
0.27456918463951935,0
0.29422485015896394,0
0.2797453172332483,0
0.23004345363848047,0
0.24006744195923552,0
0.23582289587137856,0
0.26275177191239185,0
0.27811788120856973,0
0.1644374916792307,0
0.2118475233515944,0
0.28029704695424185,0
0.2043624183447503,0
0.2718377158993265,0
0.24452537292582482,0
0.24906099791078323,0
0.271370794222285,0
0.217330456083211,0
0.10312682637408989,0
0.14301597093282398,0
0.2579971183768734,0
0.27205511505020347,0
0.28557628035272203,0
0.24010010419189878,0
0.3039212053924748,0
0.2588504152173413,0
0.1897914156554932,0
0.2147715795884385,0
0.26217444266775014,0
0.2830557878803302,0
0.2860126032834644,0
0.19893913830184154,0
0.07443188972593741,0
0.20874178494870213,0
0.0029969960350229087,1
0.2745732941784871,0
0.21400263416000076,0
0.20737715364656603,0
0.13663398454275172,0
0.24986725084247746,0
0.2788526022182497,0
0.1715945293049497,0
0.26824294150544564,0
0.2919965496497249,0
0.276502604962192,0
0.21248790284300964,0
0.28025847957198785,0
0.20759694084093838,0
0.2802198671492994,0
0.2632554505286027,0
0.2570270933285163,0
0.2805330479316836,0
0.2114819227759497,0
0.2687337826879248,0
0.2573358660838909,0
0.2446234321117359,0
0.2987281192674144,0
0.2500402087425982,0
0.20462267133155743,0
0.27525154656726725,0
0.23751963234779486,0
0.24301867987128892,0
0.2508223966205574,0
0.16591924381992665,0
0.13091002085419345,0
0.2336891142744467,0
0.2871798519216825,0
0.1970620830205388,0
0.2804435727136146,0
0.2837043523876177,0
0.2109670448668104,0
0.28964148617157925,0
0.09549725429874573,0
0.23479099379365678,0
0.2376829110861704,0
0.27522951195954815,0
0.2900497262083822,0
0.23604241736061018,0
0.18319798901993042,0
0.15652295162696894,0
0.13193852754430585,0
0.19144958163396592,0
0.2956190982453066,0
0.28438628804418004,0
0.10833740574388187,0
0.17375184999539156,0
0.2576801525842586,0
0.005313446070380693,0
0.29224812259046284,0
0.23074669748611537,0
0.2688395850041313,0
0.2556064058234345,0
0.2860703225800565,0
0.2319461333608123,0
0.29806713801434687,0
0.2892495753298519,0
0.28947405616789945,0
0.9991859159022872,1
0.27188514428051297,0
0.2871596172747153,0
0.2665186431893612,0
0.29959653557810034,0
0.18567736354914918,0
0.21144164198031884,0
0.20277540569332325,0
0.11566455067565294,0
0.42453316593005047,0
0.2761772320365167,0
0.2560395141000936,0
0.28200881298528296,0
0.26207319988203154,0
0.22265070970945733,0
0.26472016724471276,0
0.20065717688297363,0
0.1457976162123444,0
0.16435717219353757,0
0.026073069267796636,0
0.26790669502800507,0
0.1287338517692848,0
0.2734567161998513,0
0.05857736991880121,0
0.2610417891067613,0
0.23414002779035745,0
0.27505984362494473,0
0.22795849319560185,0
0.23488048790755792,0
0.26847917898164597,0
0.26305553028101736,0
0.27305651096645867,0
0.23335536142359253,0
0.18441786693268566,0
0.11827701667414461,0
0.12132114521254063,0
0.14789366210846114,0
0.1935268810239039,0
0.27177661055830804,0
0.20670729119068865,0
0.2718019979362972,0
0.28756584815633035,0
0.25912839587818637,0
0.08983507528549999,0
0.24094424490686261,0
0.2732454907687039,0
0.26481753785241874,0
0.1795031526902799,0
0.26551971605114727,0
0.2809850904077086,0
0.10942140021106612,0
0.2203540464792933,0
0.2509467257453638,0
0.295610651622969,0
0.2741130903387753,0
0.0874097568633123,0
0.2539097434604181,0
0.2412963558148513,0
0.24645912296466085,0
0.2424045045111954,0
0.25422075723235676,0
0.1788640986619446,0
0.28231878012125805,0
0.19302318234803076,0
0.27776047429495065,0
0.0894981120905289,0
0.07667722075586343,0
0.14894446693803218,0
0.1357322462572411,0
0.257212474937201,0
0.2551677480103427,0
0.20191048441142995,0
0.25959987842759197,0
0.1917444504365979,0
0.2920640268563064,0
0.28378343456764527,0
0.2517797140933121,0
0.24234979785352342,0
0.04968687732818172,0
0.23367469255473386,0
0.1472210684807397,0
0.26651900950630697,0
0.2717823529347126,0
0.300523140053646,0
0.24573530680808947,0
0.3021816446685612,0
0.26715512580668593,0
0.04317050235287696,0
0.19735851072750135,0
0.27389667009727575,0
0.2089358822394252,0
0.20308439216934665,0
0.2514360100313421,0
0.24012134405316524,0
0.22698710769287753,0
0.20073529242315952,0
0.23313393180390113,0
0.243113221070824,0
0.2257464811373529,0
0.28389192772855726,0
0.2707365086273632,0
0.2860238649022677,0
0.2685994755822864,0
0.29962167310205284,0
0.24130509193528538,0
0.23829477490505693,0
0.25093791418198785,0
0.2775977709007974,0
0.2979873053478471,0
0.21200581988759185,0
0.29800906413020545,0
0.2628194599442812,0
0.2028988947584588,0
0.22996288753493654,0
0.23622463321843354,0
0.26200280765640926,0
0.27334939287586835,0
0.2911001981111429,0
0.27532152790760217,0
0.1746901730173256,0
0.23452774138525845,0
0.18457520340183192,0
0.2849287114983871,0
0.24420471638178531,0
0.25655300290362343,0
0.24023483982555813,0
0.1581128913637345,0
0.2796617688440936,0
0.15224443964706225,0
0.22743125030253994,0
0.2859433859249311,0
0.24362455868198032,0
0.1746174179916447,0
0.1961824308997138,0
0.2837671432183676,0
0.2168120209185086,0
0.2953328486129409,0
0.08671952090286292,0
0.27422295277070086,0
0.28461036031454523,0
0.24166967997222855,0
0.2864090765029686,0
0.2621756504358233,0
0.23876761292590742,0
0.9994677917893847,1
0.2796084183084238,0
0.07860331106895954,0
0.25937001566105145,0
0.24029211430861017,0
0.13745779627196603,0
0.1060008913125013,0
0.28547323642725814,0
0.1984198397662322,0
0.30122034082497817,0
0.3055601119627552,0
0.22154292574589515,0
0.28893422094278703,0
0.22495638949487423,0
0.2507090806931398,0
0.27483925996026815,0
0.08450435140511162,0
0.1938505159473255,0
0.15683979502466347,0
0.22039470074442638,0
0.23335455710006336,0
0.260017146915402,0
0.26356353307060093,0
0.2547551108711794,0
0.006384179135822036,0
0.17151405553513552,0
0.2911156595566542,0
0.24673238499993144,0
0.2487196239121472,0
0.25495463027765164,0
0.24325312760059153,0
0.18812301799697648,0
0.21846084941303182,0
0.26986039568907866,0
0.2505165111602363,0
0.08174124274902045,0
0.2642929146317825,0
0.2218465702786918,0
0.28439895409464494,0
0.22347879571690385,0
0.17476976286361726,0
0.24092447144147502,0
0.28139426318201743,0
0.27361826082250396,0
0.23054388864575545,0
0.24785492652260716,0
0.25508771154672116,0
0.2586958138363983,0
0.2864059224816237,0
0.12460079692173749,0
0.23387606109886083,0
0.25306897759831165,0
0.2769290655474791,0
0.2608976841960707,0
0.24088797909138404,0
0.2463422600120268,0
0.23487680069381198,0
0.2088465873834464,0
0.22461997825181476,0
6.341488219266172e-06,0
8.225808942490636e-05,0
0.20098092483132882,0
0.23562996754345839,0
0.16124031016344417,0
0.2892621788236094,0
0.2631583455657613,0
0.23906043189431606,0
0.23074759019838229,0
0.27815539415575863,0
0.15988283057969238,0
0.1509734920787366,0
0.12834233473763806,0
0.257668471076464,0
0.9993036408393071,1
0.12034701876211494,0
0.25586592382588486,0
0.22858302805143893,0
0.2997520697367813,0
0.22057109548441353,0
0.10975315023498809,0
0.2677471596109524,0
0.25956520742723205,0
0.28886456603259497,0
0.14368799292484666,0
0.2246846762787141,0
0.16696138229599544,0
0.26205092219905873,0
0.22617942507483535,0
0.27319751099350886,0
0.25782151179422497,0
0.2700621047470626,0
0.2983551675683079,0
0.11342429365092994,0
0.2686566400881783,0
0.23131066100856837,0
0.29927286752874405,0
0.28811287898687865,0
0.2791933703521402,0
0.2844862674199956,0
0.11042315024682114,0
0.20486863560323684,0
0.2593078990414194,0
0.2783652348591404,0
0.26776674174541426,0
0.2666012714773282,0
0.2770523702306108,0
0.2827046294898177,0
0.1401152127998019,0
0.30385843439433957,0
0.27234443565985544,0
0.27976201674341894,0
0.26867121207811734,0
0.2178184812477556,0
0.26412182078434243,0
0.12805880547380769,0
0.18592975568465253,0
0.24445372661247536,0
0.2875669066028079,0
0.2282496500827596,0
0.08692246999922706,0
0.28173478696231125,0
0.2629874738454687,0
0.21577288508265433,0
0.292065469951724,0
0.1745400621352868,0
0.2689450675458375,0
0.28675375213770965,0
0.2435430190156643,0
0.27466219847892753,0
0.266521208661284,0
0.2978469900006152,0
0.2649182153792153,0
0.15626098890812007,0
0.2941666853855253,0
0.29354690003721984,0
0.2270650423585168,0
0.28060916200532626,0
0.2795489251046337,0
0.2748457300346154,0
0.3022625743555519,0
0.30142783407294405,0
0.28444115324671926,0
0.2440902467174686,0
0.25799637157950317,0
0.24636743198490002,0
0.2393872824450646,0
0.1666542820743358,0
0.21512958643691443,0
0.15561166836415447,0
0.29205803291036797,0
0.2551433274815455,0
0.049224442238720176,0
0.2968836169115067,0
0.22606421599419477,0
0.2365952100121721,0
0.23877010975481872,0
0.2668543853678532,0
0.1301567131622999,0
0.23318002895489554,0
0.2908402321602861,0
0.2900732780323821,0
0.24997974134480772,0
0.15372366498191703,0
0.2543947648486455,0
0.23261892342873133,0
0.08685459899084913,0
0.1471797452012331,0
0.24461157974649816,0
0.28053067932672837,0
0.2419297739391838,0
0.2881211593425153,0
0.27835159389444547,0
0.9994997501833537,0
0.21531956191728313,0
0.08301749311815639,0
0.26472082714441664,0
0.042931400490739305,0
0.25738035309165175,0
0.19347590762368985,0
0.2678910150277395,0
0.2941926005003898,0
0.259168018936434,0
0.25726400376658193,0
0.12677241801689074,0
0.2966138160852642,0
0.28552857927171926,0
0.09472948427369096,0
0.2376502388402123,0
0.11051618730647049,0
0.1980838689838242,0
0.2907005538063651,0
0.28691474729449346,0
0.08414528371204211,0
0.2542759490646304,0
0.043059622885523494,0
0.10190605609557442,0
0.28806466557008803,0
0.29179999858936595,0
0.27100858975302106,0
0.26213901196862877,0
0.2635113931923162,0
0.27038058137631055,0
0.20670853985280158,0
0.24611344269728766,0
0.26889615209721496,0
0.2739119350646552,0
0.2906936874949446,0
0.23395672818402183,0
0.18980072421308797,0
0.27923187323619236,0
0.2750487821932896,0
0.28647617537591497,0
0.2815949710110996,0
0.275867109814099,0
0.0643791128091764,0
0.19606953298591348,0
0.29248094506353833,0
0.16702055529113627,0
0.3017072275585485,0
0.24164079543969547,0
0.24563590260820597,0
0.14077126933976328,0
0.249217246065417,0
0.24428544601074256,0
0.24672713369740837,0
0.24859581230981798,0
0.2850272981546637,0
0.2678101941037391,0
0.2495777132396584,0
0.28118817936879276,0
0.2658906692315661,0
0.29698338075418157,0
0.2928356949553064,0
0.25264949200439585,0
0.13536085753503346,0
0.2870044067181991,0
0.28590661960176406,0
0.27818982338092835,0
0.2520364656632577,0
0.2939546967175244,0
0.2617761008073425,0
0.30704231968781526,0
0.1552544845928992,0
0.24984623241466278,0
0.2982330337524848,0
0.2802771365307854,0
0.2544384624302906,0
0.2554450834429605,0
0.2851199054222868,0
0.2866721561541422,0
0.22669743821571747,0
0.24459211254091806,0
0.2614285801237077,0
0.23011132848510396,0
0.18218813142822754,0
0.16130414775123936,0
0.2556769013593974,0
0.28824063746934336,0
0.2729993023611873,0
0.26651337381460877,0
0.27902383838962497,0
0.27240563724984956,0
0.26259140978000295,0
0.2550153053571787,0
0.26755757299256766,0
0.21954972299879877,0
0.24583131082705714,0
0.24189709728132305,0
0.21942169997867628,0
0.07895083752731724,0
0.2964442442498149,0
0.2748998879395673,0
0.30303414665905887,0
0.2384530090378322,0
0.22755874309057936,0
0.2640790046173177,0
0.2654758254324933,0
0.25523521794410303,0
0.19408959862345007,0
0.2250547872647891,0
0.21142953332976006,0
0.27049890770499035,0
0.2800359070128174,0
0.2530249355321538,0
0.30160323867696875,0
0.22290697590874736,0
0.2703620989770281,0
0.12122143073396777,0
0.1929453296076942,0
0.2722192348276324,0
0.29619194706612934,0
0.23135142987303908,0
0.2864661459266247,0
0.14000799538628977,0
0.16346605132702907,0
0.2882809133409613,0
0.23959517494940608,0
0.2141186994796678,0
0.24020378575145376,0
0.13146666440132806,0
0.26472568060442425,0
0.28044056567656334,0
0.2182820685468548,0
0.2617636303383346,0
0.0652622856130065,0
0.16973891003909836,0
0.047325386951865195,0
0.2539563102169456,0
0.9994815637849178,1
0.21584189538437576,0
0.2558739887069082,0
0.20664200198439123,0
0.21611954806351913,0
0.2669204987351002,0
0.29523907002273625,0
0.24876982448552032,0
0.28680791473074163,0
0.2782350030985899,0
0.29932779591789604,0
0.25763969194038083,0
0.26240905147612303,0
0.2734286247631932,0
0.2734463475576102,0
0.2717011705466225,0
0.19975350666362743,0
0.2334961450376395,0
0.22115330498332292,0
0.2656602218824516,0
0.24057437940742196,0
0.2447999469407807,0
0.9993891335467666,1
0.24364356619706604,0
0.18251232132388592,0
0.25487417143989033,0
0.28628758244678615,0
0.00016295903573699811,0
0.2061710462317999,0
0.19606974748404674,0
0.29505885371315427,0
0.13367284045508754,0
0.19207556524086447,0
0.2748444368628917,0
0.2556356380574858,0
0.26466822018075875,0
0.1620947858841457,0
0.26347580188136477,0
0.248689376741597,0
0.2828569925959876,0
0.25272470392987395,0
0.2810657315258346,0
0.2884437006406416,0
0.2593811305883275,0
0.17700451051919003,0
0.17037612797780916,0
0.2761197526354405,0
0.22075895974154075,0
0.27081189331762384,0
0.09331783324069498,0
0.25966465146524514,0
0.1909637004872444,0
0.21818792051701688,0
0.2650250376505447,0
0.21183052561595506,0
0.20980260061586734,0
0.25502101095494123,0
0.29586307689385816,0
0.25047050478949995,0
0.2774605157220235,0
0.23517605291979432,0
0.15649055433778392,0
0.27332310923455855,0
0.27802519945409393,0
0.2525036241587464,0
0.018279002949948903,0
0.26846310001438445,0
0.2842404573143118,0
0.2801906332116716,0
0.2832785830101618,0
0.27936822381728266,0
0.9992446636350026,0
0.2401595061870215,0
0.21942754436674983,0
0.2715322791182591,0
0.11682115091325852,0
0.2570868405481066,0
0.12845808985660306,0
0.2705558588327403,0
0.24990816871061083,0
0.1559155200260971,0
0.2557487080445102,0
0.2812684226835317,0
0.22868584219306148,0
0.27022555813167953,0
0.0780028809716321,0
0.24342423468073038,0
0.2332880023464913,0
0.2927977905371511,0
0.05804045073607058,0
0.2587696999934668,0
0.26490741045447813,0
0.212371235524942,0
0.29958779872491037,0
0.2780815030699076,0
0.288033799697791,0
0.26124337765267697,0
0.24396201021227804,0
0.06289791526187555,0
0.1408117068641434,0
0.30390758554194647,0
0.23760872359427138,0
0.2411374334010094,0
0.29660960715435253,0
0.2631192138631985,0
0.1555174259919225,0
0.16873876527698137,0
0.18737320533855156,0
0.2667098644606686,0
0.25665210792123877,0
0.27891443179358594,0
0.24919212652238676,0
0.2654559623613559,0
0.25784218017737787,0
0.24814453772218764,0
0.22500956072098627,0
0.27424975534973683,0
0.24523616355943356,0
0.26901032967869964,0
0.2576147544019835,0
0.19876926916662638,0
0.2452433946365189,0
0.2813620641591247,0
0.2891854137576259,0
0.246429425997443,0
0.20606924200501472,0
0.24891362275113235,0
0.2871027383600556,0
0.20754653651230526,0
0.25453975230692266,0
0.29016147393050173,0
0.2777919208770438,0
0.28978236650824796,0
0.2893733765986432,0
0.29245850457822953,0
0.043134937907401194,0
0.24414069511359385,0
0.28245200958264094,0
0.13128654930227845,0
0.24855042031193725,0
0.23647750846571494,0
0.30229533520757934,0
0.27826739729265243,0
0.2943597455984659,0
0.1613738739951692,0
0.2576537553326948,0
0.00017254701986993846,0
0.16951596588430112,0
0.16838919334366287,0
0.2976060695650034,0
0.24659706621870817,0
0.279305009031552,0
0.053807560779740506,0
0.27555372543457257,0
0.2985734174750685,0
0.2787342919443663,0
0.9548446045885937,0
0.24921335396115243,0
0.28470741096311863,0
0.2532765588829452,0
0.29366014547576963,0
0.2771723840203079,0
0.1724230856209594,0
0.2614280136738996,0
0.23400232891321,0
0.2677040897840015,0
0.17984413963644388,0
0.22805170813424558,0
0.27594387057826925,0
0.2856100202797061,0
0.2165026499219973,0
0.20726940733864285,0
0.2676657821639282,0
0.25683545146864184,0
0.2809056217679247,0
0.030800922593980453,0
0.29724337475776347,0
0.24228173642639123,0
0.27649987368475193,0
0.1659114357717711,0
0.27366972319024313,0
0.26518666972652627,0
0.28549892303723007,0
0.2436516924413204,0
0.0033830572403757016,0
0.23516370275627999,0
0.20525653386064696,0
0.1479034721208588,0
0.2841287156579693,0
0.27482387205180847,0
0.2795096161986078,0
0.17933495405895003,0
0.2586702481437045,0
0.29182266721203465,0
0.2757724852625846,0
0.2262210383327265,0
0.25184819121648727,0
0.2760684632467566,0
0.21422181551356084,0
0.17731957916783067,0
0.28907077558294536,0
0.083614198274887,0
0.055829397741174756,0
0.12857584166502345,0
0.2969477442719736,0
0.24866868437972836,0
0.3025869293776539,0
0.10966103346215933,0
0.18298429760720847,0
0.26510171572378277,0
0.0834586093361408,0
0.2662626635802485,0
0.2440790426190714,0
0.28571695202454755,0
0.2480919703699983,0
0.2668919114418839,0
0.2617971465369296,0
0.12195477864435658,0
0.17033708784885931,0
0.24826670440421164,0
0.27318661667749916,0
0.289441815420803,0
0.10699275766172624,0
0.26910875465185236,0
0.27109113523073886,0
0.04318130904727417,0
0.22165931946901113,0
0.050282091792607245,0
0.253571181844826,0
0.2783829956765669,0
0.25613062400251907,0
0.21213714459562674,0
0.2236943637428093,0
0.1994494001759635,0
0.2826228595259066,0
0.2860242074269956,0
0.23745677782599364,0
0.15715239435327075,0
0.21854849927522832,0
0.27632265094761815,0
0.09760756937982189,0
0.22946624698543017,0
0.260687472747619,0
0.20579881365385683,0
0.06718202386932191,0
0.25806386250467994,0
0.10509229079514297,0
0.2279150067825269,0
0.2882410980014565,0
0.018980859564213075,0
0.2640433387103742,0
0.18255098196929262,0
0.1266853121277126,0
0.16835419980175326,0
0.28029271570083625,0
0.21654386169214893,0
0.2798935294620586,0
0.16524094491945393,0
0.28977849415362106,0
0.20467857387503768,0
0.2661367187103198,0
0.27050227917230135,0
0.09557425494115455,0
0.2847434630117916,0
0.29468963880483745,0
0.2881786943541836,0
0.282742744525393,0
0.2613704116222145,0
0.15814510703296641,0
0.1996476997603428,0
0.19828941640237877,0
0.21264417853713463,0
0.25289297746591277,0
0.2823607558510653,0
0.2798318182141425,0
0.29228486421219096,0
0.22902552722068195,0
0.16940791951713188,0
0.3045736718428931,0
0.01967431515301157,0
0.28521991721710566,0
0.28207488927463353,0
0.2671900398868186,0
0.2999998778347051,0
0.1283483625402354,0
0.2957572580228379,0
0.23081836544379558,0
0.2977388316870348,0
0.27025944492078596,0
0.21923112701657332,0
0.26460587435588245,0
0.26364147025496887,0
0.30452867123188293,0
0.13938679942166604,0
0.23519830365591288,0
0.2908199261761714,0
0.1247341169440442,0
0.10031573412704055,0
0.2518902607533533,0
0.23601236060877004,0
0.28414252258922995,0
0.2527071016274334,0
0.21013658604609114,0
0.284227834028054,0
0.25299281633349024,0
0.24091966178656965,0
0.08565458343643535,0
0.2974208383318333,0
0.2592227568553776,0
0.19272225889117484,0
0.26401419929160297,0
0.2819352872587445,0
0.26895540476095436,0
0.26510769716240856,0
0.27238286500249226,0
0.08373336373461646,0
0.1897090402930543,0
0.2978230908889781,0
0.05537776499306129,0
0.12275133696583912,0
0.2243540705874744,0
0.21438104157701088,0
0.28439911102771487,0
0.20545507933116328,0
0.12772243530115043,0
0.2510926517199599,0
0.2954824007292985,0
0.2538946843613678,0
0.30202744665318826,0
0.21849835192172304,0
0.2786269568736115,0
0.13994211686074642,0
0.25405944898981414,0
0.272133079905726,0
0.24886842054460337,0
0.2156256856759942,0
0.2802391451550634,0
0.236438489634722,0
0.2810028970323951,0
0.27656221284521254,0
0.2119272604888133,0
0.20283227011099736,0
0.27176529624960627,0
0.2632019177704069,0
0.2797324819403973,0
0.2069395105373151,0
0.23228074821985362,0
0.053826192027715235,0
0.27586468163968103,0
0.1372547216057119,0
0.16530159473736397,0
0.16700672635403954,0
0.2407057488890125,0
0.27502653996125603,0
0.2734762264444467,0
0.2886153661873095,0
0.2667587301733863,0
0.2817329352361197,0
0.08804017659081245,0
0.19285741564267378,0
0.2887050549288712,0
0.13433158976606638,0
0.2733640466371752,0
0.29710336814642757,0
0.046833298054030845,0
0.16801407914511204,0
0.2837702183711023,0
0.2945320142372976,0
0.1453751405325351,0
0.21480085139130548,0
0.2825337269722979,0
0.2496799720838979,0
0.27784363456968164,0
0.18444952204600676,0
0.26613174954999175,0
0.2595292609747495,0
0.22882848898246125,0
0.1973645423633574,0
0.2824571127716659,0
0.2664898894668181,0
0.2845543812907238,0
0.26929345186837733,0
0.14667172655306562,0
0.1612003146680342,0
0.06253581998033288,0
0.16200558496487066,0
0.12422439848682326,0
0.23821430610018873,0
0.2309727533747718,0
0.1029359965695205,0
0.03030392409979801,0
0.23006254092005546,0
0.21477826058255273,0
0.23112071710674617,0
0.22542072255345685,0
0.25506613544187917,0
0.2458621295089354,0
0.24867078241942767,0
0.2154320918293335,0
0.25800370256015737,0
0.2511228956753039,0
0.25367650030617833,0
0.2530837360572397,0
0.2657896417520954,0
0.28719589540485185,0
0.11790215989597388,0
0.2626048864754083,0
0.27380383169519135,0
0.16761723818915256,0
0.2491369962838264,0
0.28698501331978726,0
0.27530231732376487,0
0.15786530003643254,0
0.25296299901321906,0
0.00046586835882854894,0
0.2215003584782006,0
0.03634364242490313,0
0.24155209783779927,0
0.2423166716452358,0
0.2906273076623958,0
0.19221329261469858,0
0.1863994726725926,0
0.30056782168114493,0
0.2802913519583611,0
0.28639050306958486,0
0.21054326824562386,0
0.1888022729841909,0
0.23952827394732265,0
0.26056513390998737,0
0.19950539141409313,0
0.2700540846552663,0
0.19794629773298603,0
0.2221103378674668,0
0.28212738311511015,0
0.2965856573471192,0
0.1560976036603691,0
0.30861362489168886,0
0.3030220079465667,0
0.2790264334020387,0
0.17316176077377943,0
0.30729152065798704,0
0.20131433270083093,0
0.28658189685965946,0
0.09248423818309728,0
0.2576875066103561,0
0.2915471602904638,0
0.1826756856559124,0
0.23685737960191397,0
0.24823580109463378,0
0.23912853935279255,0
0.1633340765605267,0
0.2615931242197743,0
0.05823879401544621,0
0.12070577637138266,0
0.30080659069392585,0
0.2688631680702292,0
0.10608598216647003,0
0.23180387829848678,0
0.28214945187068674,0
0.2830049494816102,0
0.25580408179072683,0
0.2163070721897713,0
0.22397312276352807,0
0.25601879890050816,0
0.15949625056227318,0
0.2210194155150726,0
0.285567864391075,0
0.2954610036347469,0
0.2423833473330629,0
0.20587924547105826,0
0.2847292895125744,0
0.06114858022501061,0
0.002197682825734613,0
0.2985518258972994,0
0.2538497440400679,0
0.22846848112292534,0
0.07096243440943815,0
0.20663469222645317,0
0.2788460495496667,0
0.27169474653008713,0
0.2734657799633384,0
0.28758834437637454,0
0.14335278772156895,0
0.03460631314706681,0
0.01965547761187373,0
0.2824057745535133,0
0.28002615510029844,0
0.1989758602368038,0
0.09103956891966544,0
0.10420971974054925,0
0.27660405984225334,0
0.21587469730594672,0
0.2894863199939604,0
0.21630397856773495,0
0.22464577132885705,0
0.24461097529594514,0
0.24595688188033482,0
0.0382241891918952,0
0.29363149844208897,0
0.2459590858225464,0
0.22522846822739717,0
0.01411170238492707,0
0.26646834452608215,0
0.11059469077067897,0
0.2938751425881584,0
0.257406150046038,0
0.23952475847811971,0
0.21325805104878381,0
0.28927784628548625,0
0.30199362007833075,0
0.28706515823198425,0
0.14883145128643746,0
0.27916228711282026,0
0.11049194651250832,0
0.25966804243927477,0
0.24803729311830885,0
0.010326540310750578,0
0.22233139586984962,0
0.27640081896973,0
0.19354403436148124,0
0.2791406683609875,0
0.24331940968502583,0
0.26946622999864606,0
0.2481167595912916,0
0.2617063558342232,0
0.2982184467327954,0
0.2753213703163774,0
0.19506619762705982,0
0.2606524573204674,0
0.2584967295926761,0
0.2666119858960831,0
0.25200111037142914,0
0.2739379679265661,0
0.24246233440467932,0
0.2831823147199627,0
0.28431074427121145,0
0.3021378757294019,0
0.008991321814113143,0
0.17031525996963717,0
0.25134632246076494,0
0.22903393848207618,0
0.2937141287810528,0
0.2969650148646554,0
0.2993977808384842,0
0.2491468578721971,0
0.23307528765083413,0
0.25042576586848714,0
0.24328828986386453,0
0.2555055352665277,0
0.2721321825724292,0
0.2477842593192042,0
0.22473310410269332,0
0.2265764860772108,0
0.2124894647728594,0
0.2727931704610178,0
0.26166593278339556,0
0.2790904130370859,0
0.26871221404138906,0
0.1586955149823592,0
0.23499148235540118,0
0.23170798329445924,0
0.22450275035182984,0
0.3029624396929144,0
0.24582859708789712,0
0.2401762750380725,0
0.24935915682337279,0
0.20050179501506316,0
0.2785447865834572,0
0.14720403540255975,0
0.23551662763283115,0
0.2838159887769348,0
0.24677657968888866,0
0.028828007407942228,0
0.22624418888768838,0
0.2753988277009167,0
0.24682202782328108,0
0.20938204076979633,0
0.28340962809359443,0
0.30077793860659197,0
0.25705592283085665,0
0.029807337229972322,0
0.2635791803837737,0
0.21295728702537636,0
0.23946833172148552,0
0.27109500165320727,0
0.2696748529500589,0
0.20915678341457808,0
0.2825093465728308,0
0.284806661272513,0
0.17941512582484387,0
0.2188987795169557,0
0.2589561917453294,0
0.1361870093074648,0
0.25486894848083397,0
0.29123698158230343,0
0.22203794177104721,0
0.26413828669416844,0
0.23596893765121837,0
0.26440137309946365,0
0.26648622691511165,0
0.25822667974065333,0
0.2691323706900851,0
0.22771998266028362,0
0.23351639904338403,0
0.1482374787720084,0
0.2588332608981536,0
0.2348027708336806,0
0.2791793542119304,0
0.25122204197059694,0
0.3007049774472938,0
0.1456927533917966,0
0.29293002677963126,0
0.26880401270270743,0
0.26418668294768877,0
0.2075113651395017,0
0.1173961672507821,0
0.026753761670748114,0
0.03328410077501401,0
0.11150111620533283,0
0.293590766077463,0
0.28410296116311506,0
0.2413128672294342,0
0.2806341708340805,0
0.21807829199314996,0
0.2628794713590976,0
0.2918031397035947,0
0.19463373560766792,0
0.13831839042882893,0
0.26505359542561335,0
0.28582300962417084,0
0.09347210398126045,0
0.2335638775610729,0
0.24727928624573045,0
0.3064794376765552,0
0.2710228687068004,0
0.2713542491910442,0
0.1880845054759918,0
0.29018013359568157,0
0.26963693349397666,0
0.17114335100126538,0
0.29417018363532343,0
0.2992777650819243,0
0.27912123089906543,0
0.24827734709019655,0
0.24063993752273002,0
0.28488117344651853,0
0.27959798148465725,0
0.10917601616558799,0
0.24656347816936414,0
0.2643995357386815,0
0.2117262337281841,0
0.12292397984246191,0
0.2291408246852421,0
0.269935563978585,0
0.23321151531408624,0
0.20304160555477452,0
0.25628828878811466,0
0.24647917456714863,0
0.2883006283646409,0
0.055066999785472644,0
0.28328042048495217,0
0.24986489491687344,0
0.30387444600655156,0
0.27534120368281095,0
0.2930768342205866,0
0.1779846528768444,0
0.22826017392152567,0
0.2876084551513984,0
0.2890513620463447,0
0.2563179155991923,0
0.25802199847397067,0
0.23918291399930586,0
0.19987078192827543,0
0.2211405830274565,0
0.26618627797705285,0
0.29533123993971516,0
0.21241491466234808,0
0.25728320319730924,0
0.2483388918090967,0
0.24318689113166228,0
0.2902410131478084,0
0.02674352424301711,0
0.2879556387222618,0
0.27019722820974135,0
0.2762519488233554,0
0.2646538588309568,0
0.19587661839357048,0
0.26832298452758313,0
0.2612336970218421,0
0.2022108278794819,0
0.18760317212695002,0
0.2914112833269949,0
0.2556096570024413,0
0.19685515098985032,0
0.27921767771998524,0
0.05116282890486978,0
0.10813080841833178,0
0.2706695011942179,0
0.22526352059608332,0
0.2673568224729319,0
0.2119510612049078,0
0.17882923280033414,0
0.26561282237428885,0
0.2123095227122222,0
0.11781505904353458,0
0.27734349445762807,0
0.27875249901711635,0
0.2889529416197941,0
0.1900835547832661,0
0.30625432412204817,0
0.22279636772876754,0
0.05062091302368402,0
0.25677503237052884,0
0.2817654138337674,0
0.2257095602695428,0
0.21038650752313354,0
0.09294308978140946,0
0.15464850528314902,1
0.2532736577533912,0
0.19104968314087067,0
0.2834611258702594,0
0.05924532632757421,0
0.2942704121667874,0
0.28898278037098224,0
0.2791649461457238,0
0.17980285706650986,0
0.24926898524840715,0
0.2610129467837472,0
0.2682919038360843,0
0.2208853233553093,0
0.25536311596537553,0
0.2673747915787155,0
0.26010925012527125,0
0.2872483775896915,0
0.23260636007373403,0
0.25361459675670517,0
0.3015013050463867,0
0.18830296210076783,0
0.15362448063378562,0
0.15826028106228945,0
0.2917221266701047,0
0.10184657884774503,0
0.3082997936164127,0
0.29342616926848514,0
0.27265847071747423,0
0.22845269819989858,0
0.2974457081974168,0
0.28067835542692376,0
0.2828100044524775,0
0.3031004651136608,0
0.3089556788398315,0
0.0020624426638964936,0
0.20956935992284859,0
0.26756429440944157,0
0.1934065442160358,0
0.2993681704715396,0
0.2879080984791956,0
0.12683728436642117,0
0.2611613390973811,0
0.2770023167186682,0
0.24341187946698697,0
0.2735087189745846,0
0.2889829405560032,0
0.23864790189693247,0
0.06126575538586482,0
0.28116527769140826,0
0.264449019091692,0
0.2411471448534056,0
0.2641178337026372,0
0.27232425890571677,0
0.2964978821417267,0
0.2765922072247868,0
0.2933493878594447,0
0.29114488576348546,0
0.15768118247533627,0
0.26673549290210574,0
0.16139299451148456,0
0.2563401189475572,0
0.2857103105659733,0
0.2698159274840637,0
0.2778294138223309,0
0.2507948139904473,0
0.27439520839674414,0
0.26893818500657946,0
0.2778232044496375,0
0.2513702098351374,0
0.29194470667173267,0
0.1944763534962976,0
0.25780421098607137,0
0.2853856212236652,0
0.28984260161593545,0
0.2349573929832121,0
0.24685206571443516,0
0.24232728188943098,0
0.2615845315820199,0
0.2303633119003452,0
0.23252735517837472,0
0.21805470328122434,0
0.02171610769603238,0
0.278151890528408,0
0.2655342006701939,0
0.20631116804101332,0
0.27933602353912695,0
0.0530932352260041,0
0.2667977386910473,0
0.2940825664847875,0
0.23101527375358769,0
0.08427431099414336,0
0.25548320025023835,0
0.1522296158527535,0
0.24850280115804313,0
0.07900290108843615,0
0.1466374737601346,0
0.13768731247275978,0
0.1812156848588967,0
0.0006727101003205561,0
0.26880729456372576,0
0.28002946454311833,0
0.19916459042532494,0
0.2673086349163249,0
0.3005889838421128,0
0.2834589818871255,0
0.12104707288518207,0
0.29880163213652794,0
0.2587755394168936,0
0.25431664949170296,0
0.08709076636253833,0
0.2653504484169932,0
0.2546255558229931,0
0.24297632862760993,0
0.261461598594131,0
0.046355297464285766,0
0.24006528201523455,0
0.20894734931215334,0
0.2285283481372222,0
0.2922619741331036,0
0.11997285174890455,0
0.20326107703169322,0
0.26605343109979285,0
0.14946147192955192,0
0.15501772892167218,0
0.2877668780713211,0
0.23995951181748446,0
0.28977342596852385,0
0.17496752463059984,0
0.2754863343016728,0
0.2542667936819057,0
0.2802446290670487,0
0.29410851179697817,0
0.30223648870891334,0
0.23709880844523085,0
0.2767501754296993,0
0.2294722540647238,0
0.27574590482356026,0
0.2665898779149358,0
0.27378255407762137,0
0.25309803682654614,0
0.29436406087267036,0
0.25864942974897526,0
0.21600265304167662,0
0.14775888175340343,0
0.29334686611908,0
0.2460816309676536,0
0.0014878766579432814,0
0.2164365619853293,0
0.2520878975952136,0
0.24995172250012584,0
0.30010501579791565,0
0.18900717763732805,0
0.22184822413351465,0
0.2633303558760795,0
0.03187603996986967,0
0.2822469843558836,0
0.19341498698975104,0
0.2639000604110628,0
0.23667929973048923,0
0.2656762828683593,0
0.2840829934132872,0
0.1604251062858248,0
0.25876727404666394,0
0.22125537072389315,0
0.17811891278667932,0
0.19498553592851023,0
0.2776559200932486,0
0.30577163679834773,0
0.14775492577013627,0
0.26946509918417694,0
0.27071908788687926,0
0.21863122202541846,0
0.30582079433427234,0
0.2541511781263963,0
0.24984994188472415,0
0.28046737047718573,0
0.14403306905734609,0
0.23826776270583847,0
0.2581206392049866,0
0.12830621551292146,0
0.1741662915397637,0
0.20241760630590708,0
0.2560521106568412,0
0.23129483265895634,0
0.24499742346693712,0
0.23074272048325795,0
0.12268166316306721,0
0.24492855591294505,0
0.17862207825706114,0
0.22571895171562187,0
0.26649577908993677,0
0.2327414302929524,0
0.2763734125236971,0
0.2900676821705317,0
0.27050375402394417,0
0.14821344592332406,0
0.2884156781325136,0
0.15463271343255325,0
0.1683974579909604,0
0.28516205500362785,0
0.05233293269339552,0
0.010608120292066581,0
0.28535019018861507,0
0.28499219681473736,0
0.2949435279803799,0
0.273373775906976,0
0.25119058463838123,0
0.2855546340131621,0
0.18676981621402003,0
0.15701066087308335,0
0.24958165669223376,0
0.20487341442868898,0
0.3091817482583697,0
0.17047858764295293,0
0.2632880349418317,0
0.07419403745521412,0
0.10931454737244461,0
0.1894613505174156,0
0.2581230489700947,0
0.294032223460151,0
0.23940571117037104,0
0.28665050508668355,0
0.2651493927156104,0
0.29637621829776306,0
0.269597315284417,0
0.2922280575219566,0
0.2337032388419912,0
0.2599647970104657,0
0.278243889413496,0
0.2643838896663873,0
0.09111436871220831,0
0.17985638513424976,0
0.2326927830312802,0
0.09964982379742225,0
0.275531266487381,0
0.19387328223836384,0
0.08059905641214762,0
0.2919284657210109,0
0.21323424884866682,0
0.2588765073757905,0
0.2877863209823056,0
0.16750563652610945,0
0.2841136102708315,0
0.2883208823504223,0
0.21325575484998596,0
0.2758119109984899,0
0.271255524885111,0
0.22851398837858775,0
0.29330096715985554,0
0.24927496790920659,0
0.3000471650170616,0
0.25835811942842546,0
0.04309572534263707,0
0.3026054824951679,0
0.25159256049728584,0
0.2300141361550854,0
0.2722824865006285,0
0.2857004769510388,0
0.28802820351924363,0
0.2628436049987478,0
0.22113125823594115,0
0.15187202454935744,0
0.26415426270640446,0
0.2060788774420383,0
0.2850034722007003,0
0.18435637522589374,0
0.15659570633094116,0
0.2947564233636179,0
0.2196598543609217,0
0.2784633705778051,0
0.2933320485642524,0
0.23509068702284103,0
0.1843478878171694,0
0.24448244340413072,0
0.2619222487845911,0
0.2935707736955102,0
0.29708890885787,0
0.19866301289484628,0
0.2668456977964696,0
0.27761620911927365,0
0.2588251519664687,1
0.27656624822383247,0
0.2988675244559223,0
0.2659707701484108,0
0.2789135462236956,0
0.24957153211987476,0
0.27467432104134104,0
0.23717807257594475,0
0.17392298207895826,0
0.30093000852144647,0
0.2684025384064692,0
0.231151510819308,0
0.30297479461052973,0
0.2561393084295959,1
0.2605688090617612,1
0.18534076553958995,0
0.25015455819509597,0
0.2235648477559804,0
0.28189856107929245,0
0.1803162022516177,0
0.2576534001107138,0
0.24050735589362757,0
0.027487016474401847,0
0.2846712396579007,0
0.2562448440032352,0
0.23903850591960116,0
0.15261934496466303,0
0.2532461730715113,0
0.24068336364605977,0
0.2716853258067284,0
0.24657142100616392,0
0.032763841092363265,0
0.299961980803374,0
0.17849357092711637,0
0.21606425751460143,0
0.21647284392936128,0
0.2989633274453932,0
0.27325496338065414,0
0.1338549083411079,0
0.24421142292005282,0
0.27682966585133684,0
0.2602554213266668,0
0.2931592867327032,0
0.19404483030400368,0
0.2805196523256553,0
0.302861490815991,0
0.01622082861797765,0
0.003776098068863643,0
0.2742406575346177,0
0.12798650086000665,0
0.27490504084279715,0
0.2937160665469849,0
0.25984932243109166,0
0.28029098849334977,0
0.2072165088080318,0
0.2971153146056261,0
0.207335026708221,0
0.28053249480082704,0
0.26400764928914777,0
0.26743050369347154,0
0.2441249928331048,0
0.23020933101786215,0
0.2677105433451572,0
0.23607964143236798,0
0.2838188395670412,0
0.25818593576683135,0
0.253035210102891,0
0.24902222329747,0
0.2853865704924923,0
0.20605622483341848,0
0.25910208149966607,0
0.19989783687579205,0
0.12125241341638185,0
0.2609571591115899,0
0.05107464484399944,0
0.2563960607147056,0
0.2563538499762453,0
0.18421301588415961,0
0.29295731940060077,0
0.29983148811871496,0
0.2261316078195167,0
0.26443015233930156,0
0.2600570568495864,0
0.25230958538070036,0
0.999510179374325,1
0.25411678044388203,0
0.22171098655510585,0
0.15610418414750374,0
0.2795123183188145,0
0.2963271545948974,0
0.2356561260928305,0
0.23254050179759375,0
0.035039262959480955,0
0.22253406966088798,0
0.2805176996168034,0
0.27899321755553014,0
0.20363583163964483,0
0.2991197683364381,0
0.2208338560086809,0
0.27166250447596835,0
0.2681108233287799,0
0.2822865712789941,0
0.28126428977448464,0
0.1692757477734587,0
0.2538472983143841,0
0.27862857381260964,0
0.11035871659501786,0
0.2668655974542927,0
0.23932192433406077,0
0.28935318225714735,0
0.26738915374075134,0
0.2944334021079442,0
0.2884058347161605,0
0.26245765452964115,0
0.21374006921397315,0
0.3013082268508311,0
0.3012245704170346,0
0.28978449909864173,0
0.218034431307219,0
0.300542303010869,0
0.2601967999507787,0
0.22692727731019374,0
0.0857036400801281,0
0.26710771970817676,0
0.2916942133267406,0
0.25078896183390037,0
0.2559130548502526,0
0.23160812447426513,0
0.26859412158019097,0
0.24034162364244618,0
0.2928269883495948,0
0.2477927671343529,0
0.26164398310858406,0
0.1212786591203772,0
0.2731118083999569,0
0.2332945352436065,0
0.8308110445815226,0
0.2069741540193231,0
0.24682145331834368,0
0.18826340824493268,0
0.29814387124513236,0
0.2888384861638738,0
0.18086873431800732,0
0.27281591347583745,0
0.2609146083218569,0
0.3054891907617516,0
0.9995430854483913,1
0.2769670115244028,0
0.23635398744491037,0
0.2410206170701151,0
0.2714612232159351,0
0.18836846126055884,0
0.28582263812464703,0
0.2879776630519912,0
0.06241471025898255,0
0.24970404471769,0
0.022697709331101334,0
0.20627029913481645,0
0.1877917318448518,0
0.23394722959618608,0
0.12877881344271094,0
0.2780385690544672,0
0.2958288689499234,0
0.27661675975747535,0
0.26260161180149344,0
0.2904120012163081,0
0.2375731142195521,0
0.27852502863060014,0
0.279817147712454,0
0.2758220767647823,0
0.17668004669878798,0
0.23453892402567542,0
0.15142136124656141,0
0.1376735426288494,0
0.1850022084264037,0
0.2901877616611242,0
0.14622193416528276,0
0.2295505504661802,0
0.29074512186246954,0
0.19358399264761264,0
0.22598880230887514,0
0.1908870546592989,0
0.2976190732052631,0
0.26620215759478594,0
0.1577307274768651,0
0.23565306393904886,0
0.2973011588254118,0
0.2817392958040826,0
0.01988237524181477,0
0.28424750991201564,0
0.1591237549743389,0
0.24531312435801064,0
0.3028333501755337,0
0.24996934264608386,0
0.28880478496857753,0
0.2630301859068148,0
0.2575228754519762,0
0.7999637565914779,0
0.18474648423412027,0
0.21076442137271414,0
0.30420792321877815,0
0.25910569473462064,0
0.2693367954675577,0
0.08323721559554108,0
0.2747134567840084,0
0.13732383699322587,0
0.9989881719954099,1
0.24664585493145008,0
0.19964796255245623,0
0.20440187560426779,0
0.27371813555333446,0
0.24343090877216372,0
0.25557922692595914,0
0.26662281512897873,0
0.2774510376358838,0
0.2321330196035653,0
0.23025067176452357,0
0.27975343835694827,0
0.2160555132295021,0
0.2813302922015359,0
0.17393965412204893,0
0.24862586429649725,0
0.2796934383992105,0
0.005933583401856613,0
0.28306177361861684,0
0.2340203337070659,0
0.2705849533512602,0
0.2206761353136249,0
0.14244486998895758,0
0.26906995798551825,0
0.29063566436378446,0
0.1514666157482733,0
0.30642363707456205,0
0.24485029076557752,0
0.2370523116758709,0
0.17634356932527054,0
0.15538407161561568,0
0.06278556315183136,0
0.23250258604323165,0
0.26232074690672086,0
0.1407398327619763,0
0.2669969152320706,0
0.20340336050610242,0
0.29074088367706674,0
0.27054745726791013,0
0.2879310427517196,0
0.16309537662940396,0
0.22364899853670908,0
0.25568580856757817,0
0.2954218680562434,0
0.2726874005425265,0
0.2743609236827539,0
0.2458136967098719,0
0.24364991677448566,0
0.2738490746389361,0
0.2721466706578015,0
0.2890871923625473,0
0.23822357421740806,0
0.277323743739239,0
0.1144216595119272,0
0.26363567579315256,0
0.23113825990070733,0
0.27558771039024776,0
0.30252634835882053,0
0.1894429660612891,0
0.09570204214255824,0
0.2272194328676965,0
0.2591124983514542,0
0.18968323689937233,0
0.27913469064779534,0
0.288998608697521,0
0.29612531470297343,0
0.19400611940660178,0
0.03766662162826362,0
0.2636376167065856,0
0.2707617260168218,0
0.9368806526046317,0
0.2869306637602616,0
0.19364777488380225,0
0.22231481267875575,0
0.279571423876692,0
0.2413448909029175,0
0.14251708738830396,0
0.21104812968842016,0
0.26769146553825596,0
0.2502995252575757,0
0.3009564740575739,0
0.2915582507601352,0
0.266344449033714,0
0.18119868935574776,0
0.20065873702131573,0
0.14304175425667182,0
0.25147930617777237,0
0.2437318435134589,0
0.2809404772241957,0
0.2609272979891277,0
0.26766127444534443,0
0.17787440678834895,0
0.26436453456618886,0
0.8163000713592392,0
0.2973164126780332,0
0.2763404211978822,0
0.3004939729229504,0
0.23192188165713337,0
0.04514953478763952,0
0.17084932776309764,0
0.276644746964799,0
0.27722663577250284,0
0.253018181477372,0
0.17039646066547173,0
0.2570590130432095,0
0.28300422430099087,0
0.2726599455990467,0
0.2753844847207997,0
0.28477047946501155,0
0.27660614482743107,0
0.11695178597202628,0
0.9970449130127363,1
0.26570888110677326,0
0.23585549866310754,0
0.9991617012378512,0
0.21164219001394047,0
0.2879031106568197,0
0.2595294835232101,0
0.16921366067664517,0
0.2439088655327049,0
0.212632020198902,0
0.28019684686750845,0
0.06374587857498624,0
0.14771419597647883,0
0.24582387673724973,0
0.13066114811888696,0
0.2353883122477013,0
0.190857745116834,0
0.29422654243336066,0
0.199519990809241,0
0.28634922070791,0
0.22703562263833707,0
0.30148345287917333,0
0.26902655068606474,0
0.22195206910195586,0
0.25620979960309515,0
0.25706777236755424,0
0.046732969241065854,0
0.2117739086927531,0
0.29713286653346505,0
0.1194886413002575,0
0.1369078667289449,0
0.2676831737775223,0
0.06749124613533657,0
0.14076325477468976,0
0.1736534785797852,0
0.24211885050304263,0
0.2432576536779051,0
0.1829473413062196,0
0.2771709193114497,0
0.30204299652908423,0
0.27974590467706695,0
0.2575144957636939,0
0.2871084149667988,0
0.26538678402222676,0
0.2950715656046597,0
0.2436088503554707,0
0.18543885900367085,0
0.21180094099799227,0
0.2665863173904666,0
0.19804127205632013,0
0.22377574961609709,0
0.2903848484175431,0
0.0036290425391291305,0
0.2523512645931023,0
0.29716266505112465,0
0.16738120155971753,0
0.2881685891678362,0
0.23568022560532195,0
0.2105575454566998,0
0.26765556198641155,0
0.28911787976117975,0
0.25292317026979716,0
0.19407393968272957,0
0.27848624741069644,0
0.268072951393543,0
0.15838184960288532,0
0.2937966368233899,0
0.2534750274462422,0
0.2036546587418833,0
0.2894548126208945,0
0.2795182636057119,0
0.24921575820365002,0
0.2854945311573853,0
0.2636429031691855,0
0.16851904890961744,0
0.26379221052796886,0
0.03074545654263107,0
0.2758160410069214,0
0.277915579604811,0
0.24414981317802292,0
0.24145778124219283,0
0.236303360824619,0
0.1256552722647397,0
0.2758568417718367,0
0.23167619670947195,0
0.26866270704426326,0
0.19411688576315575,0
0.22887517544373512,0
0.2391814501918321,0
0.26622571222783914,0
0.9995364364192936,1
0.30078327337373767,0
0.2708850088217584,0
0.21291408935084502,0
0.2551703260459782,0
0.2951603939506973,0
0.2756654823148106,1
0.25302566222283546,0
0.2564970756882767,0
0.999253754822735,0
0.303167677129968,0
0.26486208506797115,0
0.22322169333273675,0
0.2650741344240227,0
0.2813396713828757,0
0.8433091092424049,0
0.29742025245906,0
0.22658084012630933,0
0.26532112785520556,0
0.22772429574568875,0
0.2899466182072946,0
0.11929600429611763,0
0.28814735046758655,0
0.15272545030064572,0
0.19153016942107706,0
0.2360052893496707,0
0.2527318041853522,0
0.3076665276753872,0
0.25180071503544965,0
0.2893261892099669,0
0.2980770680573494,0
0.2579861068435386,0
0.1853867375494122,0
0.17634614548334598,0
0.3042336962459655,0
0.046685823759589136,0
0.16335835104564492,0
0.27749745489267835,0
0.2654298752238619,0
0.16369263261678216,0
0.2510980014375637,0
0.2519870726247345,0
0.2552182573936121,0
0.2350886150223878,0
0.2939135884966093,0
0.19481501546924246,0
0.13818160898724682,0
0.26629298282624486,0
0.10052867904865877,0
0.003357560710086983,0
0.20565429484287276,0
0.29202888282906025,0
0.29343126998775104,0
0.26398161943537396,0
0.24895570968196168,0
0.26644270748524745,0
0.24723610783650532,0
0.28102733009675807,0
0.2863011166134333,0
0.2987714454062776,0
0.20846769833939138,0
0.26218802436249333,0
0.25924906951636434,0
0.2596465171556055,0
0.27281701806306097,0
0.21572526473258946,0
0.2823508995265431,0
0.14581221826174168,0
0.10669804167357669,0
0.29185566943306485,0
0.27527955538461185,0
0.2517172167856099,0
0.22163366122679298,0
0.24926130226072227,0
0.2673360768012395,0
0.2861312636912089,0
0.22793311785378415,0
0.2810048758514584,0
0.2665963312933732,0
0.28052153438470573,0
0.2536014315286225,0
0.266224639189349,0
0.12096668599611873,0
0.219890741853743,0
0.2668745884854589,0
0.23962675619240623,0
0.10516580098737707,0
0.26365121640292427,0
0.19761983606891043,0
0.10660961311263356,0
0.2613992324433704,0
0.1809492842710725,0
0.28652906376946835,0
0.180325531416907,0
0.24499836425181004,0
0.2738212975680181,0
0.23574819339300032,0
0.26310809688293313,0
0.2520514560337347,0
0.28881707138401724,0
0.24131344439484956,0
0.2821691568914541,0
0.2445398231348131,0
0.21970287545331724,0
0.21303909804485732,0
0.28809030296615085,0
0.30417441999527417,0
0.29320068413765393,0
0.280255838282049,0
0.2532486303759491,0
0.21465914369161282,0
0.253231148759767,0
0.2672333605322557,0
0.2862314804006841,0
0.21495288006308,0
0.12178258040281316,0
0.2876777525991753,0
0.3008736912448655,0
0.018192061612378706,0
0.2816809121210031,0
0.27699997447798647,0
0.2753158391860144,0
0.22688831802955572,0
0.22589110716231148,0
0.2553671822892328,0
0.28641377497704357,0
0.13419450850922293,0
0.2020591199642733,0
0.28010863340551345,0
0.26448075364260853,0
0.28179307534325343,0
0.26245365705151175,0
0.28218008197363986,0
0.22418199804742422,0
0.21143274418415503,0
0.22569606812432552,0
0.28329107356574074,0
0.2734287774585704,0
0.20428643525379453,0
0.3022737355238952,0
0.293939507221676,0
0.3042516787282727,0
0.21991692496207346,0
0.25253666752836157,0
0.23234313143134594,0
0.25832073373031694,0
0.15711584212243979,0
0.008816805846369548,0
0.17587329057387255,0
0.20547513031004638,0
0.2488850778056215,0
0.2903800682259581,0
0.2476876766195259,0
0.09673794295082414,0
0.2970250704716343,0
0.29807470035994593,0
0.24192512696393895,0
0.24792054394935378,0
0.3070439372937784,0
0.16789081298250777,0
0.26385354472138245,0
0.2436506763735111,0
0.2900213089737784,0
0.27375469940859876,0
0.2656446655376542,0
0.18228405652484214,0
0.19064003931079768,0
0.2514980235251205,0
0.2530530167645664,0
0.22070525103743593,0
0.29823538382667053,0
0.09361758266198036,0
0.2572196647253248,0
0.2761145342234836,0
0.13317960775245852,0
0.2707411058162351,0
0.21621973252769647,0
0.1790270399743194,0
0.22744800838593324,0
0.2634429424884591,0
0.21404856318102478,0
0.28943274588931867,0
0.274158220628229,0
0.3073055255699525,0
0.2700363340667645,0
0.14119362720971404,0
0.2755964022806022,0
0.2634652802308454,0
0.27951873465260274,0
0.2819051247657131,0
0.28175852152374764,0
0.09598847441097358,0
0.28703723054437574,0
0.2601474903305606,0
0.26380494473041016,0
0.27417620166583445,0
0.2652852409816973,0
0.2648189432216379,0
0.19425764168377957,0
0.07376272279271999,0
0.24733972084122846,0
0.26828844292765197,0
0.27235563787076295,0
0.1657057989143538,0
0.27273504310806584,0
0.08127534743357857,0
0.28054714252935803,0
0.26045989104407924,0
0.14300786786940514,0
0.22511409548828154,0
0.21878232430209912,0
0.09405026183750577,0
0.20168472212317262,0
0.27466601127126195,0
0.2519735442281651,0
0.27585765328397677,0
0.30046716611876656,0
0.16678737039737307,0
0.27664685914014947,0
0.2213138644030632,0
0.2584040548311652,0
0.1045243119084972,0
0.25533680858388963,0
0.2741409313316503,0
0.28473291358692704,0
0.14614997329790513,0
0.2807296327655845,0
0.022358154479499983,0
0.21966997217628725,0
0.2743392607448426,0
0.214750513415283,0
0.22588197439858135,0
0.08923269271380443,0
0.21352359818567246,0
0.26244330304587987,0
0.30137458409626144,0
0.2933909249317683,0
0.22938886181120727,0
0.22639943439620636,0
0.06394963021087023,0
0.15377039066021825,0
0.27176674378356147,0
0.3005476277061874,0
0.15374937757543494,0
0.2254230046967474,0
0.13499925285017778,0
0.12882834481308048,0
0.013104859999035816,0
0.20694180533144177,0
0.15240458526233397,0
0.233377698010608,0
0.2329756380515921,0
0.22724186561596024,0
0.24850488723145164,0
0.29923275810341926,0
0.23527646019056286,0
0.14975125190761054,0
0.22248220439703695,0
0.2156298160851141,0
0.1400009067394614,0
0.27442306274885264,0
0.23601000912993733,0
0.25676148593744974,0
0.21732830385835844,0
0.25016420663219746,0
0.20520613870528276,0
0.3043637841648472,0
0.27006248085755186,0
0.29503633981401506,0
0.2796358396344436,0
0.2684487264056682,0
0.1676473273860056,0
0.2883761468180647,0
0.22814138839569897,0
0.26174671938920785,0
0.25730775870353245,0
0.17374348150132532,0
0.17734980688353294,0
0.2856354129810189,0
0.2426727454872915,0
0.24348271368766655,0
0.2210644826176739,0
0.27739105967988353,0
0.2703773088673856,0
0.26444559980651,0
0.23508663153005072,0
0.3081903367881431,0
0.2850365369151524,0
0.2888870395269058,0
0.28245164928127225,0
0.2905325328041067,0
0.22536339868521435,0
0.09007018628166659,0
0.2619009920778939,0
0.2259133661232021,0
0.25196001069059515,0
0.240130290958655,0
0.23623006812904113,0
0.2066727732898191,0
0.28242042318854266,0
0.15884074236556275,0
0.270982157408374,0
0.2583544662484635,0
0.10360352936404231,0
0.1077293733531409,0
0.13803761099457937,0
0.24405194982284165,0
0.17787664929046207,0
0.08037399142678218,0
0.19901662311801793,0
0.13997514520815707,0
0.283594681117023,0
0.045194564194228286,0
0.26259374116060746,0
0.0553554542015487,0
0.23712703934185184,0
0.19745999490934682,0
0.22782385022956866,0
0.24364961137082577,0
0.30063852799915053,0
0.2208120453916506,0
0.03520651795688266,0
0.2765519105742516,0
0.060335264418047985,0
0.2764486767007227,0
0.28840340983523727,0
0.13975297859654107,0
0.07575703428813367,0
0.08639715176396419,0
0.26205249663721025,0
0.2920903300073639,0
0.0971563287983188,0
0.27293168988680805,0
0.2941522161939208,0
0.25999619603861446,0
0.1378402465126758,0
0.17321901128526807,0
0.2687425448236874,0
0.1654490045608057,0
0.25239775467411146,0
0.21508565558664783,0
0.1054826190052356,0
0.22545644300225573,0
0.23380277109244116,0
0.24433349766401685,0
0.18290300476022206,0
0.2563557047293974,0
0.20931298474249432,0
0.26466103696134907,0
0.2083846401070341,0
0.30691784214887746,0
0.22041194125258307,0
0.22334817379967942,0
0.2958672992777393,0
0.28765591408438673,0
0.013419561279121967,0
0.2852002699800144,0
0.2679098114209965,0
0.24184139726869194,0
0.19669728131554162,0
0.30120442775712203,0
0.23606003694589667,0
0.24220490488884153,0
0.2677456670837197,0
0.19313126220009677,0
0.16927806927515276,0
0.20227992062463265,0
0.09044753190045988,0
0.29368861396756396,0
0.20317612790697268,0
0.23960571251791687,0
0.25606029420490123,0
0.18070346836071433,0
0.25791035751503105,0
0.20461580811734595,0
0.27080733708346943,0
0.2984547223199784,0
0.30144255082788196,0
0.2310200477927216,0
0.23540357148343038,0
0.2173272587544211,0
0.18268865275708981,0
0.263358761216113,0
0.2349474401366402,0
0.22718895415939652,0
0.22964494335538205,0
0.2854624088519574,0
0.24613518725864658,0
0.2720496362883379,0
0.21673919956184962,0
0.2620758686735531,0
0.259484293693898,0
0.2687302629341971,0
0.23378096252005978,0
0.19700165329013744,0
0.276366757259119,0
0.26268851777766516,0
0.005952095289053108,0
0.207138951554364,0
0.28254873718071105,0
0.16984259574742921,0
0.23188944169274733,0
0.24697621974636277,0
0.2819056005177302,0
0.225579350393998,0
0.005268715743384605,0
0.28441935691683373,0
0.11752768282914854,0
0.2264685842875503,0
0.24103359404084157,0
0.19929069748528128,0
0.2047732159805412,0
0.2960230343587605,0
0.29869376101010564,0
0.19761163341484658,0
0.1861956304804735,0
0.2561584176156811,0
0.19912435345884988,0
0.2874721475756499,0
0.21395637654021019,0
0.242909468787533,0
0.28204037300209067,0
0.23334495125536273,0
0.23454151433428855,0
0.2865826581433374,0
0.22204799255397092,0
0.270656437672029,0
0.13085353778631392,0
0.2535192057936036,0
0.28757405371634565,0
0.2838082083257803,0
0.2788750977434398,0
0.1941687139536816,0
0.21757345796863878,0
0.24655012971237508,0
0.2775253423346911,0
0.29327901132756456,0
0.1661297606698948,0
0.28451378832942675,0
0.285204565787905,0
0.28339994272337865,0
0.22915608246456196,0
0.2755549751487856,0
0.25708365632919467,0
0.2247800259415643,0
0.2585449031247643,0
0.2960116788602611,0
0.2843331956195622,0
0.2749614953922161,0
0.30050479030747423,0
0.2775392445407879,0
0.25582709995185476,0
0.9995162024047015,1
0.14727688290575494,0
0.026708959170665257,0
0.07450617087146677,0
0.12568078121281046,0
0.21085775355494435,0
0.2857789657111583,0
0.23934154329603427,0
0.23963541741235914,0
0.2823237140836804,0
0.2786518140883273,0
0.2207427497801238,0
0.2744111034013774,0
0.22657909567011147,0
0.18005486426066916,0
0.24076070482683853,0
0.2751179075772747,0
0.248526344526512,0
0.3009279108574959,0
0.0008307424625510102,0
0.22634576382571084,0
0.04711608420884591,0
0.24858393694309566,0
0.2578123162420888,0
0.21806650207290704,0
0.25321774485822385,0
0.2604415128393203,0
0.28358377064523826,0
0.22956668977293432,0
0.26054947368562514,0
0.2647216120825606,0
0.2735662094154421,0
0.18021866239765127,0
0.2966944944857799,0
0.23720316821288126,0
0.23898554322985097,0
0.2049453378384523,0
0.2604471490582987,0
0.25688130341828963,0
0.27413160056640024,0
0.2850933743642971,0
0.22394890490035685,0
0.015866583071705777,0
0.1657246720289174,0
0.28845560718349217,0
0.28647436329136416,0
0.2523659056199663,0
0.2662818440945047,0
0.25433317919443943,0
0.2847999835871505,0
0.2487030983805655,0
0.21228971724344314,0
0.29766275764283506,0
0.030889117713824486,0
0.29018582867645576,0
0.219151497248479,0
0.2545140076424609,0
0.1908335788040522,0
0.24556679008941307,0
0.1581720578642701,0
0.28424413857300634,0
0.2049650061736511,0
0.24848249665147018,0
0.046860284970434256,0
0.25860318126780024,0
0.23682054857525875,0
0.24430308178894988,0
0.28058391934117055,0
0.16389591320753857,0
0.2855031489251352,0
0.22390252595245305,0
0.22542927612546954,0
0.27450702855692694,0
0.2711670778415209,0
0.00740714128127278,0
0.20588242704505605,0
0.2261029250998263,0
0.2562969228629286,0
0.25490912488445244,0
0.2789915777950097,0
0.268341510000324,0
0.286883499099296,0
0.28390764375489524,0
0.2768622898597937,0
0.2866324229916791,0
0.24779981735495138,0
0.301739761859227,0
0.10832763030886172,0
0.2916953751742467,0
0.2602090751874625,0
0.2695779101959618,0
0.11342551706832625,0
0.2640220254882103,0
0.28192101856251284,0
0.27573658726296224,0
0.0022155291648991906,0
0.19405353541532566,0
0.2873014251126448,0
0.24637927528860304,0
0.1545777812081693,0
0.23404893322152037,0
0.2114724819474451,0
0.2729497262869003,0
0.25851127408250235,0
0.25775209291347145,0
0.244190009571891,0
0.2960428511092661,0
0.25064665720158963,0
0.2510703656563208,0
0.2652598674520757,0
0.2564427858342928,0
0.2712552764837477,0
0.29417975526292084,0
0.30373623449714,0
0.2861125767726727,0
0.2287455701184857,0
0.2713730034052217,0
0.003369129703437463,0
0.26583869559943646,0
0.24366215648888942,0
0.2885094779619152,0
0.24675322556478058,0
0.2137489541544357,0
0.29219399344619845,0
0.30115774283314917,0
0.2880040248798759,0
0.22475812566558442,0
0.03471635089957859,0
0.27053462828894265,0
0.14768658546094696,0
0.2574920094000949,0
0.18036401735297422,0
0.29638659999296296,0
0.15243896179778307,0
0.15410892834547113,0
0.23506545184479494,0
0.28395732506717136,0
0.28822639825757607,0
0.2864451695771917,0
0.2931429418962784,0
0.18465046353783796,0
0.231777256373689,0
0.23975857364643852,0
0.16680882655992157,0
0.266903702701341,0
0.29795343217062037,0
0.27769001933917375,0
0.2909497521336678,0
0.2918159904859114,0
0.2997672081167043,0
0.2637486932067727,0
0.23008788772845304,0
0.2527723936834761,0
0.19252257299483744,0
0.2813402547209756,0
0.27466838471399085,0
0.2888997475545457,0
0.2645386108345827,0
0.29496361939587107,0
0.20568663432007792,0
0.27016892873302023,0
0.257136036091989,0
0.21451562311558503,0
0.1966617640585255,0
0.21275502229132864,0
0.2359436787410916,0
0.1474795318001534,0
0.2819674907578524,0
0.2112499281356677,0
0.11617756397716268,0
0.1193109750967338,0
0.2911416728378018,0
0.19598849346383893,0
0.039285032774406904,0
0.22444533186547894,0
0.20982602123765468,0
0.1673006961827243,0
0.2870752462204636,0
0.2694632023026481,0
0.22163953534567135,0
0.19214962065456512,0
0.2505423724707948,0
0.2781500738104981,0
0.0731344281701006,0
0.294219215146437,0
0.2581499844059218,0
0.2995207625146949,0
0.2458046355880576,0
0.28962397265696205,0
0.28682924313026814,0
0.2532358132611636,0
0.24060420271207966,0
0.24222646220208646,0
0.2575589261277424,0
0.10084374612696038,0
0.20523286304947203,0
0.2578952693100075,0
0.091434309553785,0
0.037867783547735144,0
0.23227194716034205,0
0.2188453687909211,0
0.2772254891047206,0
0.1518940259221042,0
0.16690601686946113,0
0.2548953607174679,0
0.23630967641146236,0
0.22035415786201365,0
0.2040912738260669,0
0.2615763450706462,0
0.11863029287612756,0
0.24323110837628642,0
0.2655960056519392,0
0.19225060915483816,0
0.2740184814394857,0
0.2746667336488001,0
0.23625884147195747,0
0.18357759589000228,0
0.25953012375990014,0
0.2060138659868171,0
0.2183770682802235,0
0.289593729322927,0
0.2451103937996012,0
0.2820272911333058,0
0.2362298586597467,0
0.28061168419794535,0
0.2533896604727903,0
0.29797234416358354,0
0.22289324150345233,0
0.12970004625865353,0
0.2818787721026481,0
0.18338656230819794,0
0.0822110089127777,0
0.26669299830652693,0
0.241148312455504,0
0.2617935197538919,0
0.19156153197508136,0
0.24780669628260127,0
0.016790252333157774,0
0.0553897645155125,0
0.20203812872705132,0
0.29716213934749003,0
0.29608598780794926,0
0.27780581889410433,0
0.2713491245109493,0
0.2569982190076557,0
0.3063630281408745,0
0.24548104047652464,0
0.2996466414565618,0
0.18967586472288273,0
0.28207190458520615,0
0.26777066998320287,0
0.25134072626531095,0
0.24517451830378315,0
0.17978192277474028,0
0.25050304461789025,0
0.04143241390695909,0
0.2554332279927648,0
0.28432688867479533,0
0.10895483691278796,0
0.1320484020456434,0
0.21921076625593516,0
0.26826482007025493,0
0.303824997714604,0
0.28490396395937134,0
0.10916936995679004,0
0.19374452348361593,0
0.143248492947147,0
0.29350793026811156,0
0.258341802793463,0
0.2630169952946606,0
0.25953951064371933,0
0.2701836172577596,0
0.2103208800194189,0
0.26144612776505544,0
0.2650145262146332,0
0.25243983899491973,0
0.2145367415649192,0
0.28008721827411165,0
0.17636980611753136,0
0.2609817998532695,0
0.26253453305498536,0
0.2609119737795479,0
0.13964242670871643,0
0.2155410346559143,0
0.29891551286357537,0
0.25178596894140765,0
0.1906676356895447,0
0.29042103573242384,0
0.2774519286064652,0
0.2987559970310478,0
0.2369718467655044,0
0.2706386368185046,0
0.2738780245732657,0
0.2592957419698619,0
0.23253255464272993,0
0.24140933759588407,0
0.2477885104660186,0
0.23460213322752035,0
0.27512994007617186,0
0.26272692195260944,0
0.19870251030339925,0
0.29102450876737923,0
0.2959706696123429,0
0.22291079350492607,0
0.26968095697105626,0
0.2622362534542999,0
0.28936520894442763,0
0.25772745916460105,0
0.06012003996550739,0
0.2989653510092796,0
0.24898409217504364,0
0.26825999240524123,0
0.11945988102646289,0
0.21218874839790663,0
0.2762020808107966,0
0.2586012227605126,0
0.2491310120335802,0
0.26732844412994955,0
0.25603350599800667,0
0.27549726929844437,0
0.2913821742569842,0
0.2070148562120179,0
0.2864834455815925,0
0.20722281214959298,0
0.22111315731860637,0
0.269398535594376,0
0.25099002875333976,0
0.28746663381438353,0
0.2070722310849034,0
0.18389539754779716,0
0.29117716568931573,0
0.25429428630234313,0
0.26785806689791364,0
0.24803409646435728,0
0.28163550424364603,0
0.27628888810447877,0
0.20422445942244424,0
0.2747300599843263,0
0.28367292088916324,0
0.00786739705905585,0
0.3075524138050015,0
0.2748436255438975,0
0.2724784139201127,0
0.2305229341953104,0
0.2849284648188244,0
0.27021305344788543,0
0.24795223235594804,0
0.30527094186288434,0
0.25129982715199933,0
0.23850243944909189,0
0.1305935602063695,0
0.22493837743333397,0
0.26154414506118606,0
0.26342903371765913,0
0.2763960633278006,0
0.25712212959153413,0
0.27445782961287146,0
0.2808771479429482,0
0.2561754615419883,0
0.2461259302168328,0
0.24475944964476687,0
0.30237951955968256,0
0.24862526669301846,0
0.2542842635164619,0
0.25953634319418917,0
0.16528396302236792,0
0.23913189933177517,0
0.9988018738442328,1
0.28306993786984025,0
0.03845067996200672,0
0.10217703306876873,0
0.22830475315112284,0
0.22384958514052156,0
0.23013757843169602,0
0.2736669018864765,0
0.2915632294602185,0
0.2562810191730794,0
0.14657824969846056,0
0.2858930563344857,0
0.17540380471802403,0
0.26923477472711327,0
0.22385050136841592,0
0.2593855432008671,0
0.13237407154168165,0
0.2947894185059481,0
0.3027605555231612,0
0.2596910163513381,0
0.26136576312063137,0
0.26344838282556016,0
0.23492233484339253,0
0.2769296400412402,0
0.2956039907338981,0
0.08481905227366546,0
0.16327744326053065,0
0.2252588059362838,0
0.23356383768015462,0
0.2295893075547641,0
0.24625713360664947,0
0.23834191876564126,0
0.23341785474043683,0
0.26576314794825595,0
0.29244606898186226,0
0.24608663482062107,0
0.2470544656447403,0
0.27162934412943923,0
0.20024652408899274,0
0.09533999487784635,0
0.24082222122599864,0
0.2667084963520767,0
0.30442374315574167,0
0.24177947376972364,0
0.25745933876557014,0
0.23181747251366328,0
0.2702370265175488,0
0.29497686404220913,0
0.223686912207692,0
0.20093854931602034,0
0.2566795227282724,0
0.2367493533601875,0
0.27206590679601683,0
0.21603050805598806,0
0.16250649765235903,0
0.2560587915215219,0
0.1873483520482293,0
0.2815508454635881,0
0.26425249919696103,0
0.22599754308432535,0
0.28629240608131246,0
0.25446696476852265,0
0.2415607833553803,0
0.20983137683556224,0
0.2741019001814256,0
0.16194613984851725,0
0.2741189612579,0
0.272888102674487,0
0.23262885258632277,0
0.18559774111455732,0
0.29166453903118716,0
0.2634029577878572,0
0.29695624512711866,0
0.2605069418931529,0
0.28010214404951717,0
0.25478786723591695,0
0.23891825990930726,0
0.2807050456417079,0
0.2867905481578823,0
0.23422788582117235,0
0.20831855202664276,0
0.2770324408490176,0
0.2989449381336005,0
0.2298497705936629,0
0.25956893145984405,0
0.2093206413698113,0
0.26201590321476315,0
0.2347671383815279,0
0.2911607721571066,0
0.20638569357784736,0
0.29579639833930815,0
0.26568911718402705,0
0.24088167137850128,0
0.2653895271795732,0
0.20483441631040158,0
0.2443540094917966,0
0.27294200137282165,0
0.31010452216444917,0
0.2322858278457703,0
0.009593006585957227,0
0.24694896005912528,0
0.298911499866302,0
0.27528711699813835,0
0.2540359337276903,0
0.29559493546725185,0
0.2636445370473679,0
0.00572413633292739,0
0.015157948852957697,0
0.01298339148078222,0
0.09447688342683758,0
0.20819580133760135,0
0.24915158452271774,0
0.1804251278034608,0
0.26500558778259387,0
0.2580817928909637,0
0.26934255371098675,0
0.256255046169214,0
0.2541602569621819,0
0.26275103297018687,0
0.20696368189844655,0
0.23818929021227137,0
0.02151981286969153,0
0.25599241751690277,0
0.2708266536834412,0
0.12751468812228797,0
0.2963061837419558,0
0.27339714019087885,0
0.28320990694113973,0
0.298971195098932,0
0.10846671081362005,0
0.259599951815748,0
0.9988441875080966,1
0.30425633444390704,0
0.2371099565393524,0
0.25453110700814086,0
0.1344573756057493,0
0.2524637342759837,0
0.2512316103523805,0
0.16163888462602508,0
0.2867723790271401,0
0.19692101966612882,0
0.24052141897758636,0
0.14175134731649833,0
0.21756796238547477,0
0.19323101355804995,0
0.158325669241099,0
0.24549274710747954,0
0.16462435353981195,0
0.046299993776410885,0
0.27960158925534356,0
0.24253278871014622,0
0.2821575495275315,0
0.2691215769871033,0
0.17222990931910445,0
0.2505170734426364,0
0.20046883008604485,0
0.11031934181455481,0
0.29837356378421404,0
0.25852052508369705,0
0.21570388542640953,0
0.2477806005056703,0
0.14785115243634223,0
0.27350741798973144,0
0.21409315148047187,0
0.255032622081105,0
0.21930077979435425,0
0.25068448386637265,0
0.20149722461852684,0
0.25406455352301455,0
0.2818181041291628,0
0.9994679817162494,1
0.30716252165324853,0
0.3003488545266695,0
0.27436316295259155,0
0.15169354386188136,0
0.28436181109368935,0
0.26937150231547036,0
0.2087673396987852,0
0.060748773809613514,0
0.29497100536021015,0
0.18677943094771818,0
0.27330191496407735,0
0.29125504978089756,0
0.30089062026725444,0
0.2781524434699088,0
0.2892826313140809,0
0.11092829502820646,0
0.24271380012260763,0
0.21380489667243363,0
0.2861530946086221,0
0.21309747751065,0
0.2097903001195778,0
0.20013388907971483,0
0.2530512922863078,0
0.20290461138470198,0
0.17814106835150367,0
0.24043989719442319,0
0.21145778454094485,0
0.265789900786245,0
0.29410932412276575,0
0.2840685482307055,0
0.263335790915045,0
0.1958515444818412,0
0.29717067907749306,0
0.28794155788177533,0
0.22461996753130126,0
0.27825639471507974,0
0.1264295253735061,0
0.0504576811497339,0
0.05740706583945459,0
0.2665437082944876,0
0.2929505503900714,0
0.19591799936189402,0
0.27313444685813676,0
0.21556801161455175,0
0.2627798547496069,0
0.28983326723881975,0
0.23855278538752062,0
0.2670903016769087,0
0.23817715473373088,0
0.2990244650879416,0
0.005047427513722608,0
0.1888243074409152,0
0.21101194593300693,0
0.1627257328782854,0
0.29446476270811633,0
0.22671022654425824,0
0.1930595599456294,0
0.26573298458943856,0
0.014772733557608752,0
0.24850531116997332,0
0.2236120316578983,0
0.2560082850256595,0
0.22193099825943546,0
0.2466933039168303,0
0.2878942671748618,0
0.29288586587744264,0
0.28926716210685793,0
0.2523366103322499,0
0.2508468317749962,0
0.1784659098652492,0
0.2666424298736493,0
0.2572564044490758,0
0.26624814728397656,0
0.2668777926851582,0
0.011210249979638537,0
0.3039494768944105,0
0.2864778213845675,0
0.2530475069228815,0
0.29175437790898423,0
0.29465735826020084,0
0.2401367800856333,0
0.29100862055623183,0
0.21130905082131346,0
0.17661763140813933,0
0.1567704016093885,0
0.016163661205092366,0
0.2753706840191289,0
0.2585183304145384,0
0.15566506236645283,0
0.2892948052737531,0
0.27730837268405345,0
0.2520876204991563,0
0.23498338003016275,0
0.2874876306855214,0
0.2925865904335477,0
0.29148941225322916,0
0.22347846438175611,0
0.27668290688220565,0
0.22790842148765683,0
0.17297639102707546,0
0.036340975915393654,0
0.2790603989982526,0
0.18191968859754515,0
0.2880817085536195,0
0.2916624533582167,0
0.05473917125127747,0
0.2583964440348997,0
0.03408929894055657,0
0.25167804946498107,0
0.2305628324359203,0
0.27366640225928573,0
0.19566631798959958,0
0.25716128232634117,0
0.21404717202947793,0
0.2809757128485873,0
0.22917961757774077,0
0.28727088242163495,0
0.24694146954188337,0
0.2141951205825508,0
0.29264067926672466,0
0.2514079015936144,0
0.2593192179718787,0
0.2704973261004921,0
0.22738701820578203,0
0.2952541628357048,0
0.2714454278460017,0
0.2694921535419388,0
0.28297790100042386,0
0.25998938091851265,0
0.2715295209754265,0
0.2797009014904541,0
0.2632377485012489,0
0.2822555312064973,0
0.20255821439049956,0
0.15258104935106495,0
0.2364490806325222,0
0.08422914729484411,0
0.27439767912220586,0
0.2055011741467783,0
0.24104742647648233,0
0.2944080829041358,0
0.16448831262736585,0
0.2645808172148388,0
0.27022910712392784,0
0.267638226074349,0
0.27646012798719083,0
0.18195493754746137,0
0.29155524880827477,0
0.29533870877489454,0
0.8526842158233123,0
0.1788384806151799,0
0.26415799367574816,0
0.19660711520896024,0
0.28750454872277303,0
0.17098908634318696,0
0.24348046801292111,0
0.2796125077732895,0
0.28441974279621807,0
0.24845320926130815,0
0.2574302352357642,0
0.28017598771651825,0
0.245577741139176,0
0.26979728329708264,0
0.07253315842786405,0
0.17128358602627422,0
0.2721544153076164,0
0.2938259062144767,0
0.27471188323281565,0
0.20056566475323898,0
0.16042652679319283,0
0.28356490645076565,0
0.26045492902594186,0
0.23525224613574164,0
0.2840733774052609,0
0.29476680974599645,0
0.2376376771974412,0
0.23604685432777214,0
0.23279383177184132,0
0.2982927966909578,0
0.3065925464735175,0
0.27205473854707096,0
0.26327565907062306,0
0.22494380706179679,0
0.2759135459920158,0
0.22371707379673023,0
0.20939782284633102,0
0.06966460603238267,0
0.2888556608303452,0
0.23270877091604258,0
0.9994355897165839,1
0.30485133307890006,0
0.29529161696579964,0
0.21703227962854194,0
0.21429149881451756,0
0.03256216718859461,0
0.23481958313376003,0
0.18859715611849864,0
0.1837402854530702,0
0.27367748332735414,0
0.28797400027633724,0
0.09045984297656,0
0.28054964582261555,0
0.2995094602132781,0
0.2636493965989304,0
0.2585483543203254,0
0.30431696223105253,0
0.23289676144585872,0
0.06009585985460703,0
0.24992916855300756,0
0.2597764108410795,0
0.22963485045139026,0
0.28391819703177773,0
0.2560094325657232,0
0.2488004719800749,0
0.1409231520587226,0
0.16804693720166863,0
0.24232860638498577,0
0.21616206617418907,0
0.08839938229511868,0
0.3034262210447318,0
0.26084149071970913,0
0.2114230161633205,0
0.18171015758009443,0
0.22452770248648657,0
0.2840926774873026,0
0.24174495394934903,0
0.2585869681897384,0
0.9757574161055671,1
0.12395021107635591,0
0.04201692711286178,0
0.2090414725129383,0
0.26072916015395836,0
0.2806611283087783,0
0.09116310382007337,0
0.12813118779602303,0
0.18940228245322135,0
0.007595931468840693,0
0.2869802000728426,0
0.2112737349280069,0
0.2540037684727153,0
0.24088274517433358,0
0.11363214358413594,0
0.2657892048809676,0
0.23524042635736375,0
0.30402517244744137,0
0.28772095341051657,0
0.2908314292168531,0
0.29043986577273,0
0.1811232319380649,0
0.2055785087095306,0
0.022395581754496595,0
0.00015357991123211745,0
0.24973122202922432,0
0.2643257742566028,0
0.28822910270251006,0
0.28987108417805835,0
0.3044485731631412,0
0.2707693693779022,0
0.23963441086044626,0
0.27006604060582134,0
0.16977652553269612,0
0.2858815559369995,0
0.2617120300728139,0
0.2758738737746478,0
0.2590354916151249,0
0.28000852971116985,0
0.2289340196271439,0
0.14090654334287578,0
0.26028533248248475,0
0.299316082462017,0
0.2682163553984298,0
0.2339294255523937,0
0.21473106892886418,0
0.28401076800553027,0
0.2617963708300172,0
0.2898855723648065,0
0.23674619687080892,0
0.27722091079801997,0
0.22135552926447574,0
0.23676403435461857,0
0.26995513653488523,0
0.2885764952367273,0
0.2933100743445637,0
0.04816519760426098,0
0.27917552007197627,0
0.29367898347479005,0
0.20964088215363375,0
0.256240312675126,0
0.15349830211227253,0
0.22086144336631888,0
0.21523954082977215,0
0.08424125809202315,0
0.3071592240400292,0
0.24049920480880144,0
0.2800268086744517,0
0.09354503166898336,0
0.18450599105730117,0
0.006243536588447245,0
0.190163674734387,0
0.018176193215165524,0
0.25403672981363346,0
0.12277700296287478,0
0.2650375191716706,0
0.05540384771892865,0
0.0553897645155125,0
0.2652489357554491,0
0.019092359791096945,0
0.10805940238464948,0
0.22177234873798046,0
0.24114743206732137,0
0.14361377044945875,0
0.1723512122507887,0
0.2900051298876501,0
0.23646006162380734,0
0.2633309551126316,0
0.28009709011944994,0
0.21946036851940443,0
0.25842386158086605,0
0.2134214462479948,0
0.2680813771290143,0
0.2915464391257076,0
0.29025633323364775,0
0.18145553821180258,0
0.21583632624634483,0
0.28756290667386875,0
0.2861559578122355,0
0.22120587201612388,0
0.30564544563142765,0
0.17481696576017025,0
0.1532427884851847,0
0.21589754676295086,0
0.29166734605075834,0
0.2475649005543938,0
0.2984041018767259,0
0.18290292986482762,0
0.1643437345963297,0
0.2633601988970988,0
0.1895836585669169,0
0.24695604533552382,0
0.2245383284228701,0
0.11682252309456516,0
0.2580774721127662,0
0.2687086110572132,0
0.17127879274741797,0
0.2700946129323389,0
0.2553172309857711,0
0.2865508806818386,0
0.2896793429186558,0
0.8085099428015231,0
0.2694417635828799,0
0.287576896619401,0
0.2857156735238599,0
0.21299056216404652,0
0.19592800705043228,0
0.2374867884834434,0
0.061163643015755886,0
0.2097629606865897,0
0.21664055198788504,0
0.2725901627625216,0
0.29331199365996496,0
0.2566382272435336,0
0.10053085069681364,0
0.04884410697164796,0
0.14068382337632082,0
0.28773320271914604,0
0.28305156451937696,0
0.11916568304927039,0
0.09452333911905231,0
0.29191860500256095,0
0.2630052322192785,0
0.15949752979791357,0
0.2460705946433027,0
0.27244937844833994,0
0.2610701973220885,0
0.2477947353655535,0
0.2864736403074063,0
0.23755948988765457,0
0.2932302912308978,0
0.1450751544498881,0
0.23916595308286281,0
0.9993022773270396,1
0.258340172707638,0
0.2914677802716785,0
0.26832202444786873,0
0.08731463594527329,0
0.22306251057028612,0
0.2523850631158151,0
0.27263907294485296,0
0.07628161832522727,0
0.2720736296812567,0
0.2759514142572257,0
0.1972753854076014,0
0.2802451226924162,0
0.23861536212578266,0
0.2920661215602295,0
0.09266661778469122,0
0.2268558328367816,0
0.2560030546939265,0
0.2749640886232204,0
0.24698296911912077,0
0.23588017906515354,0
0.160215695621647,0
0.29519742670220545,0
0.1680207995860524,0
0.23099400434543946,0
0.2714507851847754,0
0.07604500136620343,0
0.2803102519050497,0
0.23007220017891344,0
0.22306325002017874,0
0.2471805989931133,0
0.23110436371570167,0
0.20449423494005922,0
0.29199241636363754,0
0.18137594277656668,0
0.2874349588778302,0
0.2289425042982075,0
0.2880753535676868,0
0.2597356919191966,0
0.2522257405874367,0
0.2844582204591623,0
0.10479370535818286,0
0.19580999849390346,0
0.2510084550295389,0
0.2959350595040241,0
0.28066478815003515,0
0.06723755379714204,0
0.2627843980359802,0
0.20521843726834002,0
0.26894172421434176,0
0.2765425201167356,0
0.09566261560181388,0
0.17905059905220203,0
0.08598556844906378,0
0.24697324669510895,0
0.19799434587982648,0
0.23528093682080764,0
0.25880008309168323,0
0.2982358180453396,0
0.3016213546696128,0
0.19132766599803205,0
0.2978997169897951,0
0.2975739235581588,0
0.29479593372370744,0
0.46120148345766765,0
0.2326455955603361,0
0.2184580987709728,0
0.28347009893963704,0
0.22441002091095125,0
