run_id,experiment_id,benchmark,protocol,seed,method,split,artifact_path,rows,sha256,config_hash,commit_hash,validation_only_selection_verified,usable_for_inference,created_utc
M0-ELARA-BENCH-LA_static_attention_test_seed42_9a567eb2,M0-ELARA-BENCH-LA,ELARA-Bench-LA,label_aligned_mechanism,42,static_attention,test,elara_master_c/predictions/development/M0-ELARA-BENCH-LA__ELARA-Bench-LA__label_aligned_mechanism/static_attention/test/seed_42.parquet,1600,9a567eb2c4eed183687ac44ddf17378e73f66380102b0a14e2b09065865f1d50,bff6f880dad15b3b8c3785df225c8d50b92647c85504397c9a9205c4bdc39013,ab3bf0e9e18b1ffe77b889942003f02f33ff063d,True,True,2026-05-29T02:16:24Z
M0-ELARA-BENCH-LA_craf_attention_test_seed42_41848e5b,M0-ELARA-BENCH-LA,ELARA-Bench-LA,label_aligned_mechanism,42,craf_attention,test,elara_master_c/predictions/development/M0-ELARA-BENCH-LA__ELARA-Bench-LA__label_aligned_mechanism/craf_attention/test/seed_42.parquet,1600,41848e5bcfabc4fc792b9a5ad8e217aa6d8b10dd01cf96a44f9cacac5692d046,bff6f880dad15b3b8c3785df225c8d50b92647c85504397c9a9205c4bdc39013,ab3bf0e9e18b1ffe77b889942003f02f33ff063d,True,True,2026-05-29T02:16:24Z
M0-ELARA-BENCH-LA_rga_boosted_fusion_test_seed42_c059d567,M0-ELARA-BENCH-LA,ELARA-Bench-LA,label_aligned_mechanism,42,rga_boosted_fusion,test,elara_master_c/predictions/development/M0-ELARA-BENCH-LA__ELARA-Bench-LA__label_aligned_mechanism/rga_boosted_fusion/test/seed_42.parquet,1600,c059d5674b79a146c0e3b390e0e08a19fd9eca0444e579da9fb72e95d42b3fb6,bff6f880dad15b3b8c3785df225c8d50b92647c85504397c9a9205c4bdc39013,ab3bf0e9e18b1ffe77b889942003f02f33ff063d,True,True,2026-05-29T02:16:24Z
M0-ELARA-BENCH-LA_rga_meta_router_test_seed42_5e5810ed,M0-ELARA-BENCH-LA,ELARA-Bench-LA,label_aligned_mechanism,42,rga_meta_router,test,elara_master_c/predictions/development/M0-ELARA-BENCH-LA__ELARA-Bench-LA__label_aligned_mechanism/rga_meta_router/test/seed_42.parquet,1600,5e5810ed1cae53cd7688784f2e8372f08dc2d9c1fc144166e5d735339e1afeb1,bff6f880dad15b3b8c3785df225c8d50b92647c85504397c9a9205c4bdc39013,ab3bf0e9e18b1ffe77b889942003f02f33ff063d,True,True,2026-05-29T02:16:25Z
M0-ELARA-BENCH-LA_early_fusion_mlp_test_seed42_683cfa74,M0-ELARA-BENCH-LA,ELARA-Bench-LA,label_aligned_mechanism,42,early_fusion_mlp,test,elara_master_c/predictions/development/M0-ELARA-BENCH-LA__ELARA-Bench-LA__label_aligned_mechanism/early_fusion_mlp/test/seed_42.parquet,1600,683cfa74c37398b284daec8f202b9329f4281704aa4193b40dbc7f90c442a4c9,bff6f880dad15b3b8c3785df225c8d50b92647c85504397c9a9205c4bdc39013,ab3bf0e9e18b1ffe77b889942003f02f33ff063d,True,True,2026-05-29T02:16:25Z
M0-ELARA-BENCH-LA_late_fusion_ensemble_test_seed42_fde3f4d9,M0-ELARA-BENCH-LA,ELARA-Bench-LA,label_aligned_mechanism,42,late_fusion_ensemble,test,elara_master_c/predictions/development/M0-ELARA-BENCH-LA__ELARA-Bench-LA__label_aligned_mechanism/late_fusion_ensemble/test/seed_42.parquet,1600,fde3f4d907a577ee8956aa786eab1fe741f393cbea6fbb9eaa91c488cb842698,bff6f880dad15b3b8c3785df225c8d50b92647c85504397c9a9205c4bdc39013,ab3bf0e9e18b1ffe77b889942003f02f33ff063d,True,True,2026-05-29T02:16:25Z
M0-ELARA-BENCH-LA_random_forest_test_seed42_3dd4d55d,M0-ELARA-BENCH-LA,ELARA-Bench-LA,label_aligned_mechanism,42,random_forest,test,elara_master_c/predictions/development/M0-ELARA-BENCH-LA__ELARA-Bench-LA__label_aligned_mechanism/random_forest/test/seed_42.parquet,1600,3dd4d55da5a3743c6d51690a3060efeb02c9bcfd8798572a20cec8e737ae7262,bff6f880dad15b3b8c3785df225c8d50b92647c85504397c9a9205c4bdc39013,ab3bf0e9e18b1ffe77b889942003f02f33ff063d,True,True,2026-05-29T02:16:25Z
M0-ELARA-BENCH-LA_confidence_weighted_mean_test_seed42_19053b89,M0-ELARA-BENCH-LA,ELARA-Bench-LA,label_aligned_mechanism,42,confidence_weighted_mean,test,elara_master_c/predictions/development/M0-ELARA-BENCH-LA__ELARA-Bench-LA__label_aligned_mechanism/confidence_weighted_mean/test/seed_42.parquet,1600,19053b89c86141a32e1eb3fa2ffc0d8b68d7f377bb4b0b69daddfb818e8e6ae4,bff6f880dad15b3b8c3785df225c8d50b92647c85504397c9a9205c4bdc39013,ab3bf0e9e18b1ffe77b889942003f02f33ff063d,True,True,2026-05-29T02:16:25Z
M0-ELARA-BENCH-LA_tent_score_adapter_test_seed42_4e4a8428,M0-ELARA-BENCH-LA,ELARA-Bench-LA,label_aligned_mechanism,42,tent_score_adapter,test,elara_master_c/predictions/development/M0-ELARA-BENCH-LA__ELARA-Bench-LA__label_aligned_mechanism/tent_score_adapter/test/seed_42.parquet,1600,4e4a842842fc897ed848712283b82d021d5ea041745be45aef01526871d07d68,bff6f880dad15b3b8c3785df225c8d50b92647c85504397c9a9205c4bdc39013,ab3bf0e9e18b1ffe77b889942003f02f33ff063d,True,True,2026-05-29T02:16:25Z
M0-ELARA-BENCH-LA_ttt_pseudo_label_adapter_test_seed42_13e3e02a,M0-ELARA-BENCH-LA,ELARA-Bench-LA,label_aligned_mechanism,42,ttt_pseudo_label_adapter,test,elara_master_c/predictions/development/M0-ELARA-BENCH-LA__ELARA-Bench-LA__label_aligned_mechanism/ttt_pseudo_label_adapter/test/seed_42.parquet,1600,13e3e02ad39d9a656d17fc4b693647cddf7b9bf158c0d8a7138b50de1c1246b1,bff6f880dad15b3b8c3785df225c8d50b92647c85504397c9a9205c4bdc39013,ab3bf0e9e18b1ffe77b889942003f02f33ff063d,True,True,2026-05-29T02:16:25Z
M0-ELARA-BENCH-LA_eata_score_adapter_test_seed42_ac1db664,M0-ELARA-BENCH-LA,ELARA-Bench-LA,label_aligned_mechanism,42,eata_score_adapter,test,elara_master_c/predictions/development/M0-ELARA-BENCH-LA__ELARA-Bench-LA__label_aligned_mechanism/eata_score_adapter/test/seed_42.parquet,1600,ac1db66447bc25184d93fe81753d5cb0e098562e71fa5ca3493f1fb5a490c088,bff6f880dad15b3b8c3785df225c8d50b92647c85504397c9a9205c4bdc39013,ab3bf0e9e18b1ffe77b889942003f02f33ff063d,True,True,2026-05-29T02:16:25Z
M0-ELARA-BENCH-LA_sar_score_adapter_test_seed42_4bd7606d,M0-ELARA-BENCH-LA,ELARA-Bench-LA,label_aligned_mechanism,42,sar_score_adapter,test,elara_master_c/predictions/development/M0-ELARA-BENCH-LA__ELARA-Bench-LA__label_aligned_mechanism/sar_score_adapter/test/seed_42.parquet,1600,4bd7606df605db315b35fef1468b4cf8e6d7064a5df81be1779226c85df45047,bff6f880dad15b3b8c3785df225c8d50b92647c85504397c9a9205c4bdc39013,ab3bf0e9e18b1ffe77b889942003f02f33ff063d,True,True,2026-05-29T02:16:25Z
M1-MVTEC-SUPERVISED-PAIRED_static_attention_test_seed42_77f8cb34,M1-MVTEC-SUPERVISED-PAIRED,MVTec 3D-AD,PatchCore supervised-paired,42,static_attention,test,elara_master_c/predictions/development/M1-MVTEC-SUPERVISED-PAIRED__MVTec_3D-AD__PatchCore_supervised-paired/static_attention/test/seed_42.parquet,278,77f8cb340c71bc1b800b926ef562cfca076d1cb096b536618fc9608ff5543cd3,7b87491aba2c922801a5c8a7c16b19f891f3a96fb80677932c3b14ba5a596af1,ab3bf0e9e18b1ffe77b889942003f02f33ff063d,True,True,2026-05-29T02:16:54Z
M1-MVTEC-SUPERVISED-PAIRED_craf_attention_test_seed42_aec25be6,M1-MVTEC-SUPERVISED-PAIRED,MVTec 3D-AD,PatchCore supervised-paired,42,craf_attention,test,elara_master_c/predictions/development/M1-MVTEC-SUPERVISED-PAIRED__MVTec_3D-AD__PatchCore_supervised-paired/craf_attention/test/seed_42.parquet,278,aec25be699d5cdb79f1cbb99408fd332399d020530bd7f927e5df8151b125d3f,7b87491aba2c922801a5c8a7c16b19f891f3a96fb80677932c3b14ba5a596af1,ab3bf0e9e18b1ffe77b889942003f02f33ff063d,True,True,2026-05-29T02:16:54Z
M1-MVTEC-SUPERVISED-PAIRED_rga_boosted_fusion_test_seed42_e03597e0,M1-MVTEC-SUPERVISED-PAIRED,MVTec 3D-AD,PatchCore supervised-paired,42,rga_boosted_fusion,test,elara_master_c/predictions/development/M1-MVTEC-SUPERVISED-PAIRED__MVTec_3D-AD__PatchCore_supervised-paired/rga_boosted_fusion/test/seed_42.parquet,278,e03597e0037683c95b0627500a3c4b4a901e5d931a3538ecb2d545cfd928cfc9,7b87491aba2c922801a5c8a7c16b19f891f3a96fb80677932c3b14ba5a596af1,ab3bf0e9e18b1ffe77b889942003f02f33ff063d,True,True,2026-05-29T02:16:54Z
M1-MVTEC-SUPERVISED-PAIRED_rga_meta_router_test_seed42_12e36cf9,M1-MVTEC-SUPERVISED-PAIRED,MVTec 3D-AD,PatchCore supervised-paired,42,rga_meta_router,test,elara_master_c/predictions/development/M1-MVTEC-SUPERVISED-PAIRED__MVTec_3D-AD__PatchCore_supervised-paired/rga_meta_router/test/seed_42.parquet,278,12e36cf933cde8e2fe1d5d0b42ed58a21fcf697fd1685bcb9ac073361c0dd6ee,7b87491aba2c922801a5c8a7c16b19f891f3a96fb80677932c3b14ba5a596af1,ab3bf0e9e18b1ffe77b889942003f02f33ff063d,True,True,2026-05-29T02:16:54Z
M1-MVTEC-SUPERVISED-PAIRED_early_fusion_mlp_test_seed42_b3aa8fa6,M1-MVTEC-SUPERVISED-PAIRED,MVTec 3D-AD,PatchCore supervised-paired,42,early_fusion_mlp,test,elara_master_c/predictions/development/M1-MVTEC-SUPERVISED-PAIRED__MVTec_3D-AD__PatchCore_supervised-paired/early_fusion_mlp/test/seed_42.parquet,278,b3aa8fa65c22a93bce8672b70ea71a3975111ed8d7caadbcedcf6685a9909c29,7b87491aba2c922801a5c8a7c16b19f891f3a96fb80677932c3b14ba5a596af1,ab3bf0e9e18b1ffe77b889942003f02f33ff063d,True,True,2026-05-29T02:16:54Z
M1-MVTEC-SUPERVISED-PAIRED_late_fusion_ensemble_test_seed42_55969888,M1-MVTEC-SUPERVISED-PAIRED,MVTec 3D-AD,PatchCore supervised-paired,42,late_fusion_ensemble,test,elara_master_c/predictions/development/M1-MVTEC-SUPERVISED-PAIRED__MVTec_3D-AD__PatchCore_supervised-paired/late_fusion_ensemble/test/seed_42.parquet,278,5596988822e7a6044fc72a55f23c43fb6eee64c4809c01fac0207423a0953b52,7b87491aba2c922801a5c8a7c16b19f891f3a96fb80677932c3b14ba5a596af1,ab3bf0e9e18b1ffe77b889942003f02f33ff063d,True,True,2026-05-29T02:16:54Z
M1-MVTEC-SUPERVISED-PAIRED_random_forest_test_seed42_186fd7b7,M1-MVTEC-SUPERVISED-PAIRED,MVTec 3D-AD,PatchCore supervised-paired,42,random_forest,test,elara_master_c/predictions/development/M1-MVTEC-SUPERVISED-PAIRED__MVTec_3D-AD__PatchCore_supervised-paired/random_forest/test/seed_42.parquet,278,186fd7b7714fbb73c66e0916d28da1c10a13c01566e1edb748a634dd56f0501e,7b87491aba2c922801a5c8a7c16b19f891f3a96fb80677932c3b14ba5a596af1,ab3bf0e9e18b1ffe77b889942003f02f33ff063d,True,True,2026-05-29T02:16:54Z
M1-MVTEC-SUPERVISED-PAIRED_confidence_weighted_mean_test_seed42_f8ab1b28,M1-MVTEC-SUPERVISED-PAIRED,MVTec 3D-AD,PatchCore supervised-paired,42,confidence_weighted_mean,test,elara_master_c/predictions/development/M1-MVTEC-SUPERVISED-PAIRED__MVTec_3D-AD__PatchCore_supervised-paired/confidence_weighted_mean/test/seed_42.parquet,278,f8ab1b28b4252205b6be03b1a0fa961b30320eafcf6a0e0ecd88cfec964e21fc,7b87491aba2c922801a5c8a7c16b19f891f3a96fb80677932c3b14ba5a596af1,ab3bf0e9e18b1ffe77b889942003f02f33ff063d,True,True,2026-05-29T02:16:54Z
M1-MVTEC-SUPERVISED-PAIRED_tent_score_adapter_test_seed42_c50d1a06,M1-MVTEC-SUPERVISED-PAIRED,MVTec 3D-AD,PatchCore supervised-paired,42,tent_score_adapter,test,elara_master_c/predictions/development/M1-MVTEC-SUPERVISED-PAIRED__MVTec_3D-AD__PatchCore_supervised-paired/tent_score_adapter/test/seed_42.parquet,278,c50d1a06a68478be482e82364578077c7a08b1a421520dc34d12808fa90a5456,7b87491aba2c922801a5c8a7c16b19f891f3a96fb80677932c3b14ba5a596af1,af852614cf19b4838872a41efe93bb04d1b5b0c3,True,True,2026-05-29T02:16:54Z
M1-MVTEC-SUPERVISED-PAIRED_ttt_pseudo_label_adapter_test_seed42_f07a9886,M1-MVTEC-SUPERVISED-PAIRED,MVTec 3D-AD,PatchCore supervised-paired,42,ttt_pseudo_label_adapter,test,elara_master_c/predictions/development/M1-MVTEC-SUPERVISED-PAIRED__MVTec_3D-AD__PatchCore_supervised-paired/ttt_pseudo_label_adapter/test/seed_42.parquet,278,f07a98866af8c2e79ca264a38f786938a805b4cf78b72036a2b3f491eea334bb,7b87491aba2c922801a5c8a7c16b19f891f3a96fb80677932c3b14ba5a596af1,af852614cf19b4838872a41efe93bb04d1b5b0c3,True,True,2026-05-29T02:16:54Z
M1-MVTEC-SUPERVISED-PAIRED_eata_score_adapter_test_seed42_75652024,M1-MVTEC-SUPERVISED-PAIRED,MVTec 3D-AD,PatchCore supervised-paired,42,eata_score_adapter,test,elara_master_c/predictions/development/M1-MVTEC-SUPERVISED-PAIRED__MVTec_3D-AD__PatchCore_supervised-paired/eata_score_adapter/test/seed_42.parquet,278,756520244fdb665bf4958298b2993f6b57215ab0f7e7a7723737c49e969c9cd7,7b87491aba2c922801a5c8a7c16b19f891f3a96fb80677932c3b14ba5a596af1,af852614cf19b4838872a41efe93bb04d1b5b0c3,True,True,2026-05-29T02:16:54Z
M1-MVTEC-SUPERVISED-PAIRED_sar_score_adapter_test_seed42_6cf6129f,M1-MVTEC-SUPERVISED-PAIRED,MVTec 3D-AD,PatchCore supervised-paired,42,sar_score_adapter,test,elara_master_c/predictions/development/M1-MVTEC-SUPERVISED-PAIRED__MVTec_3D-AD__PatchCore_supervised-paired/sar_score_adapter/test/seed_42.parquet,278,6cf6129f35622b3de40da3b10044f56dc28e739193da7bfd1044e128122b1ac5,7b87491aba2c922801a5c8a7c16b19f891f3a96fb80677932c3b14ba5a596af1,af852614cf19b4838872a41efe93bb04d1b5b0c3,True,True,2026-05-29T02:16:54Z
M0-ELARA-BENCH-LA_static_attention_test_seed42_b705b000,M0-ELARA-BENCH-LA,ELARA-Bench-LA,label_aligned_mechanism,42,static_attention,test,elara_master_c/predictions/development/M0-ELARA-BENCH-LA__ELARA-Bench-LA__label_aligned_mechanism/static_attention/test/seed_42__rerun_1.parquet,1600,b705b000df96f4c96f6f536dd0b497d3c84acf376934101be9b265e79645d8a2,bff6f880dad15b3b8c3785df225c8d50b92647c85504397c9a9205c4bdc39013,af852614cf19b4838872a41efe93bb04d1b5b0c3,True,True,2026-05-29T02:23:24Z
M0-ELARA-BENCH-LA_craf_attention_test_seed42_22c92257,M0-ELARA-BENCH-LA,ELARA-Bench-LA,label_aligned_mechanism,42,craf_attention,test,elara_master_c/predictions/development/M0-ELARA-BENCH-LA__ELARA-Bench-LA__label_aligned_mechanism/craf_attention/test/seed_42__rerun_1.parquet,1600,22c9225740d196f5829b4910ab8420c2c4f8b1b218a7bd1940c3fbc1f72788ff,bff6f880dad15b3b8c3785df225c8d50b92647c85504397c9a9205c4bdc39013,af852614cf19b4838872a41efe93bb04d1b5b0c3,True,True,2026-05-29T02:23:24Z
M0-ELARA-BENCH-LA_rga_boosted_fusion_test_seed42_e9ba4822,M0-ELARA-BENCH-LA,ELARA-Bench-LA,label_aligned_mechanism,42,rga_boosted_fusion,test,elara_master_c/predictions/development/M0-ELARA-BENCH-LA__ELARA-Bench-LA__label_aligned_mechanism/rga_boosted_fusion/test/seed_42__rerun_1.parquet,1600,e9ba482267a6179c20d1f2c7fc32bc2048b9f3c71b3cedf7118ebbd7d773000a,bff6f880dad15b3b8c3785df225c8d50b92647c85504397c9a9205c4bdc39013,af852614cf19b4838872a41efe93bb04d1b5b0c3,True,True,2026-05-29T02:23:24Z
M0-ELARA-BENCH-LA_rga_meta_router_test_seed42_e3eeb9b9,M0-ELARA-BENCH-LA,ELARA-Bench-LA,label_aligned_mechanism,42,rga_meta_router,test,elara_master_c/predictions/development/M0-ELARA-BENCH-LA__ELARA-Bench-LA__label_aligned_mechanism/rga_meta_router/test/seed_42__rerun_1.parquet,1600,e3eeb9b916dabeaeefe0eb2485dfada260804940c6fdb623a9f8696e2e372b86,bff6f880dad15b3b8c3785df225c8d50b92647c85504397c9a9205c4bdc39013,af852614cf19b4838872a41efe93bb04d1b5b0c3,True,True,2026-05-29T02:23:24Z
M0-ELARA-BENCH-LA_early_fusion_mlp_test_seed42_4afd2e65,M0-ELARA-BENCH-LA,ELARA-Bench-LA,label_aligned_mechanism,42,early_fusion_mlp,test,elara_master_c/predictions/development/M0-ELARA-BENCH-LA__ELARA-Bench-LA__label_aligned_mechanism/early_fusion_mlp/test/seed_42__rerun_1.parquet,1600,4afd2e65ec054e93be0b34943a9ae40e0c02c80b5e6a4e0ba6baa17c984e0e18,bff6f880dad15b3b8c3785df225c8d50b92647c85504397c9a9205c4bdc39013,af852614cf19b4838872a41efe93bb04d1b5b0c3,True,True,2026-05-29T02:23:24Z
M0-ELARA-BENCH-LA_late_fusion_ensemble_test_seed42_96728667,M0-ELARA-BENCH-LA,ELARA-Bench-LA,label_aligned_mechanism,42,late_fusion_ensemble,test,elara_master_c/predictions/development/M0-ELARA-BENCH-LA__ELARA-Bench-LA__label_aligned_mechanism/late_fusion_ensemble/test/seed_42__rerun_1.parquet,1600,96728667c9f1e80d80ae3fa8821e9a2ace8d73c0ba1053cfa9fadc102afaf88e,bff6f880dad15b3b8c3785df225c8d50b92647c85504397c9a9205c4bdc39013,af852614cf19b4838872a41efe93bb04d1b5b0c3,True,True,2026-05-29T02:23:24Z
M0-ELARA-BENCH-LA_random_forest_test_seed42_398ddd98,M0-ELARA-BENCH-LA,ELARA-Bench-LA,label_aligned_mechanism,42,random_forest,test,elara_master_c/predictions/development/M0-ELARA-BENCH-LA__ELARA-Bench-LA__label_aligned_mechanism/random_forest/test/seed_42__rerun_1.parquet,1600,398ddd9863b2db5659599a7d6ef8ce165dfa1905b5e2c2db7256e87aa5e03cba,bff6f880dad15b3b8c3785df225c8d50b92647c85504397c9a9205c4bdc39013,af852614cf19b4838872a41efe93bb04d1b5b0c3,True,True,2026-05-29T02:23:24Z
M0-ELARA-BENCH-LA_confidence_weighted_mean_test_seed42_8f3bb35a,M0-ELARA-BENCH-LA,ELARA-Bench-LA,label_aligned_mechanism,42,confidence_weighted_mean,test,elara_master_c/predictions/development/M0-ELARA-BENCH-LA__ELARA-Bench-LA__label_aligned_mechanism/confidence_weighted_mean/test/seed_42__rerun_1.parquet,1600,8f3bb35ac2d9a73df9b3be6efe5b502afe6ab375b840b0fd4b39bbec8193801e,bff6f880dad15b3b8c3785df225c8d50b92647c85504397c9a9205c4bdc39013,af852614cf19b4838872a41efe93bb04d1b5b0c3,True,True,2026-05-29T02:23:24Z
M0-ELARA-BENCH-LA_tent_score_adapter_test_seed42_6ed29f83,M0-ELARA-BENCH-LA,ELARA-Bench-LA,label_aligned_mechanism,42,tent_score_adapter,test,elara_master_c/predictions/development/M0-ELARA-BENCH-LA__ELARA-Bench-LA__label_aligned_mechanism/tent_score_adapter/test/seed_42__rerun_1.parquet,1600,6ed29f8354148bcb2b8445bd6bfc2e26a13572448797fc936395059590689926,bff6f880dad15b3b8c3785df225c8d50b92647c85504397c9a9205c4bdc39013,af852614cf19b4838872a41efe93bb04d1b5b0c3,True,True,2026-05-29T02:23:24Z
M0-ELARA-BENCH-LA_ttt_pseudo_label_adapter_test_seed42_c5944ef6,M0-ELARA-BENCH-LA,ELARA-Bench-LA,label_aligned_mechanism,42,ttt_pseudo_label_adapter,test,elara_master_c/predictions/development/M0-ELARA-BENCH-LA__ELARA-Bench-LA__label_aligned_mechanism/ttt_pseudo_label_adapter/test/seed_42__rerun_1.parquet,1600,c5944ef6d97dfae98157cb3121493a0d1ce7ff859ac3f69b3bacc6e232fa4ce0,bff6f880dad15b3b8c3785df225c8d50b92647c85504397c9a9205c4bdc39013,af852614cf19b4838872a41efe93bb04d1b5b0c3,True,True,2026-05-29T02:23:24Z
M0-ELARA-BENCH-LA_eata_score_adapter_test_seed42_ab74ba48,M0-ELARA-BENCH-LA,ELARA-Bench-LA,label_aligned_mechanism,42,eata_score_adapter,test,elara_master_c/predictions/development/M0-ELARA-BENCH-LA__ELARA-Bench-LA__label_aligned_mechanism/eata_score_adapter/test/seed_42__rerun_1.parquet,1600,ab74ba48ee725f61f6c2b4a05397317762a8477e0459d83ca0abe7bf472fc868,bff6f880dad15b3b8c3785df225c8d50b92647c85504397c9a9205c4bdc39013,af852614cf19b4838872a41efe93bb04d1b5b0c3,True,True,2026-05-29T02:23:24Z
M0-ELARA-BENCH-LA_sar_score_adapter_test_seed42_7e4a5774,M0-ELARA-BENCH-LA,ELARA-Bench-LA,label_aligned_mechanism,42,sar_score_adapter,test,elara_master_c/predictions/development/M0-ELARA-BENCH-LA__ELARA-Bench-LA__label_aligned_mechanism/sar_score_adapter/test/seed_42__rerun_1.parquet,1600,7e4a57744865a6a32cb18866f7182b303b96dc0b1a1fd74ae9edc912af22972d,bff6f880dad15b3b8c3785df225c8d50b92647c85504397c9a9205c4bdc39013,af852614cf19b4838872a41efe93bb04d1b5b0c3,True,True,2026-05-29T02:23:24Z
M0-ELARA-BENCH-LA_static_attention_test_seed43_736f480e,M0-ELARA-BENCH-LA,ELARA-Bench-LA,label_aligned_mechanism,43,static_attention,test,elara_master_c/predictions/development/M0-ELARA-BENCH-LA__ELARA-Bench-LA__label_aligned_mechanism/static_attention/test/seed_43.parquet,1600,736f480e44830a0d5f3c1e2b6c45663bc5a0021c00aca50a08ed7a74bb23bcd3,bff6f880dad15b3b8c3785df225c8d50b92647c85504397c9a9205c4bdc39013,af852614cf19b4838872a41efe93bb04d1b5b0c3,True,True,2026-05-29T02:23:47Z
M0-ELARA-BENCH-LA_craf_attention_test_seed43_2a1a7d64,M0-ELARA-BENCH-LA,ELARA-Bench-LA,label_aligned_mechanism,43,craf_attention,test,elara_master_c/predictions/development/M0-ELARA-BENCH-LA__ELARA-Bench-LA__label_aligned_mechanism/craf_attention/test/seed_43.parquet,1600,2a1a7d64177139385afd581d0e7d28bbde0018e4a1fbe1517a7f1cc6ee6146e0,bff6f880dad15b3b8c3785df225c8d50b92647c85504397c9a9205c4bdc39013,af852614cf19b4838872a41efe93bb04d1b5b0c3,True,True,2026-05-29T02:23:47Z
M0-ELARA-BENCH-LA_rga_boosted_fusion_test_seed43_f8e9a904,M0-ELARA-BENCH-LA,ELARA-Bench-LA,label_aligned_mechanism,43,rga_boosted_fusion,test,elara_master_c/predictions/development/M0-ELARA-BENCH-LA__ELARA-Bench-LA__label_aligned_mechanism/rga_boosted_fusion/test/seed_43.parquet,1600,f8e9a904be72e784aadebdf392dabe1c394a83a7a0e4cfccd5893ab39f9e40d6,bff6f880dad15b3b8c3785df225c8d50b92647c85504397c9a9205c4bdc39013,af852614cf19b4838872a41efe93bb04d1b5b0c3,True,True,2026-05-29T02:23:47Z
M0-ELARA-BENCH-LA_rga_meta_router_test_seed43_a6ad67b3,M0-ELARA-BENCH-LA,ELARA-Bench-LA,label_aligned_mechanism,43,rga_meta_router,test,elara_master_c/predictions/development/M0-ELARA-BENCH-LA__ELARA-Bench-LA__label_aligned_mechanism/rga_meta_router/test/seed_43.parquet,1600,a6ad67b3c3b820cd134364d3b164095c63f55510b89f84d48aea7366f452f2fd,bff6f880dad15b3b8c3785df225c8d50b92647c85504397c9a9205c4bdc39013,af852614cf19b4838872a41efe93bb04d1b5b0c3,True,True,2026-05-29T02:23:47Z
M0-ELARA-BENCH-LA_early_fusion_mlp_test_seed43_e1f91e4a,M0-ELARA-BENCH-LA,ELARA-Bench-LA,label_aligned_mechanism,43,early_fusion_mlp,test,elara_master_c/predictions/development/M0-ELARA-BENCH-LA__ELARA-Bench-LA__label_aligned_mechanism/early_fusion_mlp/test/seed_43.parquet,1600,e1f91e4aa35021b137bcff02a581e3fedae43a987d9305106ee56de266564b0b,bff6f880dad15b3b8c3785df225c8d50b92647c85504397c9a9205c4bdc39013,af852614cf19b4838872a41efe93bb04d1b5b0c3,True,True,2026-05-29T02:23:47Z
M0-ELARA-BENCH-LA_late_fusion_ensemble_test_seed43_7f10d097,M0-ELARA-BENCH-LA,ELARA-Bench-LA,label_aligned_mechanism,43,late_fusion_ensemble,test,elara_master_c/predictions/development/M0-ELARA-BENCH-LA__ELARA-Bench-LA__label_aligned_mechanism/late_fusion_ensemble/test/seed_43.parquet,1600,7f10d09725462f3f6b924d0433ff760800fb0ff7ce16784ce5bd8fc5faad8a70,bff6f880dad15b3b8c3785df225c8d50b92647c85504397c9a9205c4bdc39013,af852614cf19b4838872a41efe93bb04d1b5b0c3,True,True,2026-05-29T02:23:47Z
M0-ELARA-BENCH-LA_random_forest_test_seed43_e0d10764,M0-ELARA-BENCH-LA,ELARA-Bench-LA,label_aligned_mechanism,43,random_forest,test,elara_master_c/predictions/development/M0-ELARA-BENCH-LA__ELARA-Bench-LA__label_aligned_mechanism/random_forest/test/seed_43.parquet,1600,e0d107640bcb1f1c9dac57282def05a78af6639c1e06de2575cb29bcd4f928fb,bff6f880dad15b3b8c3785df225c8d50b92647c85504397c9a9205c4bdc39013,af852614cf19b4838872a41efe93bb04d1b5b0c3,True,True,2026-05-29T02:23:47Z
M0-ELARA-BENCH-LA_confidence_weighted_mean_test_seed43_f28f92bd,M0-ELARA-BENCH-LA,ELARA-Bench-LA,label_aligned_mechanism,43,confidence_weighted_mean,test,elara_master_c/predictions/development/M0-ELARA-BENCH-LA__ELARA-Bench-LA__label_aligned_mechanism/confidence_weighted_mean/test/seed_43.parquet,1600,f28f92bdd032e504f4d0ca940b76c1373abf38c901265475652ef020ada06e96,bff6f880dad15b3b8c3785df225c8d50b92647c85504397c9a9205c4bdc39013,af852614cf19b4838872a41efe93bb04d1b5b0c3,True,True,2026-05-29T02:23:47Z
M0-ELARA-BENCH-LA_tent_score_adapter_test_seed43_03b6580a,M0-ELARA-BENCH-LA,ELARA-Bench-LA,label_aligned_mechanism,43,tent_score_adapter,test,elara_master_c/predictions/development/M0-ELARA-BENCH-LA__ELARA-Bench-LA__label_aligned_mechanism/tent_score_adapter/test/seed_43.parquet,1600,03b6580a6ebbd9b4e06f89d2a41ff3669503ab96bced53501218b4ce13a1c427,bff6f880dad15b3b8c3785df225c8d50b92647c85504397c9a9205c4bdc39013,af852614cf19b4838872a41efe93bb04d1b5b0c3,True,True,2026-05-29T02:23:47Z
M0-ELARA-BENCH-LA_ttt_pseudo_label_adapter_test_seed43_e4470a37,M0-ELARA-BENCH-LA,ELARA-Bench-LA,label_aligned_mechanism,43,ttt_pseudo_label_adapter,test,elara_master_c/predictions/development/M0-ELARA-BENCH-LA__ELARA-Bench-LA__label_aligned_mechanism/ttt_pseudo_label_adapter/test/seed_43.parquet,1600,e4470a37ef97b2ce69a7a802bda85e09f208bf5364ee841d9d6376e022440f0d,bff6f880dad15b3b8c3785df225c8d50b92647c85504397c9a9205c4bdc39013,af852614cf19b4838872a41efe93bb04d1b5b0c3,True,True,2026-05-29T02:23:47Z
M0-ELARA-BENCH-LA_eata_score_adapter_test_seed43_cce1e72e,M0-ELARA-BENCH-LA,ELARA-Bench-LA,label_aligned_mechanism,43,eata_score_adapter,test,elara_master_c/predictions/development/M0-ELARA-BENCH-LA__ELARA-Bench-LA__label_aligned_mechanism/eata_score_adapter/test/seed_43.parquet,1600,cce1e72e2f1a8069a8566dd75fcb4bc3004cbf750873e4f9a8850dab62d811eb,bff6f880dad15b3b8c3785df225c8d50b92647c85504397c9a9205c4bdc39013,af852614cf19b4838872a41efe93bb04d1b5b0c3,True,True,2026-05-29T02:23:47Z
M0-ELARA-BENCH-LA_sar_score_adapter_test_seed43_513c9be3,M0-ELARA-BENCH-LA,ELARA-Bench-LA,label_aligned_mechanism,43,sar_score_adapter,test,elara_master_c/predictions/development/M0-ELARA-BENCH-LA__ELARA-Bench-LA__label_aligned_mechanism/sar_score_adapter/test/seed_43.parquet,1600,513c9be3ab3fc8b26d99d385179b7984a1e66e1b508254e30f7243f4e748e5d4,bff6f880dad15b3b8c3785df225c8d50b92647c85504397c9a9205c4bdc39013,af852614cf19b4838872a41efe93bb04d1b5b0c3,True,True,2026-05-29T02:23:47Z
M0-ELARA-BENCH-LA_static_attention_test_seed44_f4d19a9f,M0-ELARA-BENCH-LA,ELARA-Bench-LA,label_aligned_mechanism,44,static_attention,test,elara_master_c/predictions/development/M0-ELARA-BENCH-LA__ELARA-Bench-LA__label_aligned_mechanism/static_attention/test/seed_44.parquet,1600,f4d19a9f75814c989422f5a785d33f7a5c948d0aea017d7d9526ada10b7598b8,bff6f880dad15b3b8c3785df225c8d50b92647c85504397c9a9205c4bdc39013,671bb8d822f24177c4184a6453678385aaa3ecb1,True,True,2026-05-29T02:24:15Z
M0-ELARA-BENCH-LA_craf_attention_test_seed44_8044bfbc,M0-ELARA-BENCH-LA,ELARA-Bench-LA,label_aligned_mechanism,44,craf_attention,test,elara_master_c/predictions/development/M0-ELARA-BENCH-LA__ELARA-Bench-LA__label_aligned_mechanism/craf_attention/test/seed_44.parquet,1600,8044bfbcd6956de7251ea890d9374a54d88002094b291a07d5ed113ce624d334,bff6f880dad15b3b8c3785df225c8d50b92647c85504397c9a9205c4bdc39013,671bb8d822f24177c4184a6453678385aaa3ecb1,True,True,2026-05-29T02:24:15Z
M0-ELARA-BENCH-LA_rga_boosted_fusion_test_seed44_8dd4806b,M0-ELARA-BENCH-LA,ELARA-Bench-LA,label_aligned_mechanism,44,rga_boosted_fusion,test,elara_master_c/predictions/development/M0-ELARA-BENCH-LA__ELARA-Bench-LA__label_aligned_mechanism/rga_boosted_fusion/test/seed_44.parquet,1600,8dd4806b887f015bf043ad7306bbf7e2c113ef172b89122627053f6f868a7ba3,bff6f880dad15b3b8c3785df225c8d50b92647c85504397c9a9205c4bdc39013,671bb8d822f24177c4184a6453678385aaa3ecb1,True,True,2026-05-29T02:24:15Z
M0-ELARA-BENCH-LA_rga_meta_router_test_seed44_efff1e8a,M0-ELARA-BENCH-LA,ELARA-Bench-LA,label_aligned_mechanism,44,rga_meta_router,test,elara_master_c/predictions/development/M0-ELARA-BENCH-LA__ELARA-Bench-LA__label_aligned_mechanism/rga_meta_router/test/seed_44.parquet,1600,efff1e8afad31463143771307f32fd15ed4026757c84e993a6caef67e35aafbc,bff6f880dad15b3b8c3785df225c8d50b92647c85504397c9a9205c4bdc39013,671bb8d822f24177c4184a6453678385aaa3ecb1,True,True,2026-05-29T02:24:15Z
M0-ELARA-BENCH-LA_early_fusion_mlp_test_seed44_81909973,M0-ELARA-BENCH-LA,ELARA-Bench-LA,label_aligned_mechanism,44,early_fusion_mlp,test,elara_master_c/predictions/development/M0-ELARA-BENCH-LA__ELARA-Bench-LA__label_aligned_mechanism/early_fusion_mlp/test/seed_44.parquet,1600,819099737ed76a6eaea8f68fcaba0735c3ab9febb3c6842a55775cf16c7fe74a,bff6f880dad15b3b8c3785df225c8d50b92647c85504397c9a9205c4bdc39013,671bb8d822f24177c4184a6453678385aaa3ecb1,True,True,2026-05-29T02:24:15Z
M0-ELARA-BENCH-LA_late_fusion_ensemble_test_seed44_26d88b14,M0-ELARA-BENCH-LA,ELARA-Bench-LA,label_aligned_mechanism,44,late_fusion_ensemble,test,elara_master_c/predictions/development/M0-ELARA-BENCH-LA__ELARA-Bench-LA__label_aligned_mechanism/late_fusion_ensemble/test/seed_44.parquet,1600,26d88b14b001c0604782703e69dd632748f83fc835b565b6921e86f862f2d0d6,bff6f880dad15b3b8c3785df225c8d50b92647c85504397c9a9205c4bdc39013,671bb8d822f24177c4184a6453678385aaa3ecb1,True,True,2026-05-29T02:24:15Z
M0-ELARA-BENCH-LA_random_forest_test_seed44_e1f95f3a,M0-ELARA-BENCH-LA,ELARA-Bench-LA,label_aligned_mechanism,44,random_forest,test,elara_master_c/predictions/development/M0-ELARA-BENCH-LA__ELARA-Bench-LA__label_aligned_mechanism/random_forest/test/seed_44.parquet,1600,e1f95f3a56702b42376ce1a0777b2299b4244f2f9d9ac53cd117c1ea396d31b9,bff6f880dad15b3b8c3785df225c8d50b92647c85504397c9a9205c4bdc39013,671bb8d822f24177c4184a6453678385aaa3ecb1,True,True,2026-05-29T02:24:15Z
M0-ELARA-BENCH-LA_confidence_weighted_mean_test_seed44_9fe5579e,M0-ELARA-BENCH-LA,ELARA-Bench-LA,label_aligned_mechanism,44,confidence_weighted_mean,test,elara_master_c/predictions/development/M0-ELARA-BENCH-LA__ELARA-Bench-LA__label_aligned_mechanism/confidence_weighted_mean/test/seed_44.parquet,1600,9fe5579ebc50693f50dcfd25fbf35fda33be1b5c0f383a4f000faae983882283,bff6f880dad15b3b8c3785df225c8d50b92647c85504397c9a9205c4bdc39013,671bb8d822f24177c4184a6453678385aaa3ecb1,True,True,2026-05-29T02:24:15Z
M0-ELARA-BENCH-LA_tent_score_adapter_test_seed44_a573caf3,M0-ELARA-BENCH-LA,ELARA-Bench-LA,label_aligned_mechanism,44,tent_score_adapter,test,elara_master_c/predictions/development/M0-ELARA-BENCH-LA__ELARA-Bench-LA__label_aligned_mechanism/tent_score_adapter/test/seed_44.parquet,1600,a573caf326a8068aef0cbcd5d027a3a449a1bee3fca0cdcd3508736bd8750640,bff6f880dad15b3b8c3785df225c8d50b92647c85504397c9a9205c4bdc39013,671bb8d822f24177c4184a6453678385aaa3ecb1,True,True,2026-05-29T02:24:15Z
M0-ELARA-BENCH-LA_ttt_pseudo_label_adapter_test_seed44_d514bf05,M0-ELARA-BENCH-LA,ELARA-Bench-LA,label_aligned_mechanism,44,ttt_pseudo_label_adapter,test,elara_master_c/predictions/development/M0-ELARA-BENCH-LA__ELARA-Bench-LA__label_aligned_mechanism/ttt_pseudo_label_adapter/test/seed_44.parquet,1600,d514bf0547ee2306c6517381c1a583fc784706640f8ba191a88aac047614ad1b,bff6f880dad15b3b8c3785df225c8d50b92647c85504397c9a9205c4bdc39013,671bb8d822f24177c4184a6453678385aaa3ecb1,True,True,2026-05-29T02:24:15Z
M0-ELARA-BENCH-LA_eata_score_adapter_test_seed44_d22cc950,M0-ELARA-BENCH-LA,ELARA-Bench-LA,label_aligned_mechanism,44,eata_score_adapter,test,elara_master_c/predictions/development/M0-ELARA-BENCH-LA__ELARA-Bench-LA__label_aligned_mechanism/eata_score_adapter/test/seed_44.parquet,1600,d22cc9508456c371a4ab1d604341b0adfc9f7fdb55bb72da28e82046aad245ca,bff6f880dad15b3b8c3785df225c8d50b92647c85504397c9a9205c4bdc39013,671bb8d822f24177c4184a6453678385aaa3ecb1,True,True,2026-05-29T02:24:15Z
M0-ELARA-BENCH-LA_sar_score_adapter_test_seed44_616973ac,M0-ELARA-BENCH-LA,ELARA-Bench-LA,label_aligned_mechanism,44,sar_score_adapter,test,elara_master_c/predictions/development/M0-ELARA-BENCH-LA__ELARA-Bench-LA__label_aligned_mechanism/sar_score_adapter/test/seed_44.parquet,1600,616973acb44be8a0561647dc31cf5b57b7248e7d67e886067b7cee7d07049082,bff6f880dad15b3b8c3785df225c8d50b92647c85504397c9a9205c4bdc39013,671bb8d822f24177c4184a6453678385aaa3ecb1,True,True,2026-05-29T02:24:15Z
M0-ELARA-BENCH-LA_static_attention_test_seed45_b77c13e8,M0-ELARA-BENCH-LA,ELARA-Bench-LA,label_aligned_mechanism,45,static_attention,test,elara_master_c/predictions/development/M0-ELARA-BENCH-LA__ELARA-Bench-LA__label_aligned_mechanism/static_attention/test/seed_45.parquet,1600,b77c13e8f70b5578bdf9bc5507404fda3c0dbd0f4d6bcb92f045a7f1e551402d,bff6f880dad15b3b8c3785df225c8d50b92647c85504397c9a9205c4bdc39013,671bb8d822f24177c4184a6453678385aaa3ecb1,True,True,2026-05-29T02:24:47Z
M0-ELARA-BENCH-LA_craf_attention_test_seed45_fef45351,M0-ELARA-BENCH-LA,ELARA-Bench-LA,label_aligned_mechanism,45,craf_attention,test,elara_master_c/predictions/development/M0-ELARA-BENCH-LA__ELARA-Bench-LA__label_aligned_mechanism/craf_attention/test/seed_45.parquet,1600,fef45351f6db46a32dcd18582c9d4eddc31acfc23454aa47193f8f68cae4335c,bff6f880dad15b3b8c3785df225c8d50b92647c85504397c9a9205c4bdc39013,671bb8d822f24177c4184a6453678385aaa3ecb1,True,True,2026-05-29T02:24:47Z
M0-ELARA-BENCH-LA_rga_boosted_fusion_test_seed45_cba13761,M0-ELARA-BENCH-LA,ELARA-Bench-LA,label_aligned_mechanism,45,rga_boosted_fusion,test,elara_master_c/predictions/development/M0-ELARA-BENCH-LA__ELARA-Bench-LA__label_aligned_mechanism/rga_boosted_fusion/test/seed_45.parquet,1600,cba13761e35d4070d4638a05ff4519dd8f7460dd1c6cccdc8cb70efe524c8467,bff6f880dad15b3b8c3785df225c8d50b92647c85504397c9a9205c4bdc39013,671bb8d822f24177c4184a6453678385aaa3ecb1,True,True,2026-05-29T02:24:48Z
M0-ELARA-BENCH-LA_rga_meta_router_test_seed45_3f78f284,M0-ELARA-BENCH-LA,ELARA-Bench-LA,label_aligned_mechanism,45,rga_meta_router,test,elara_master_c/predictions/development/M0-ELARA-BENCH-LA__ELARA-Bench-LA__label_aligned_mechanism/rga_meta_router/test/seed_45.parquet,1600,3f78f284ba9dd5250b42bd007aede6fb485f91d3b058ef7ab614e2491cdaf375,bff6f880dad15b3b8c3785df225c8d50b92647c85504397c9a9205c4bdc39013,671bb8d822f24177c4184a6453678385aaa3ecb1,True,True,2026-05-29T02:24:48Z
M0-ELARA-BENCH-LA_early_fusion_mlp_test_seed45_271b4aae,M0-ELARA-BENCH-LA,ELARA-Bench-LA,label_aligned_mechanism,45,early_fusion_mlp,test,elara_master_c/predictions/development/M0-ELARA-BENCH-LA__ELARA-Bench-LA__label_aligned_mechanism/early_fusion_mlp/test/seed_45.parquet,1600,271b4aaea69739ea5bf924642f5ffe88ec7579f3f9522f9ce8bb128be3a1e7c4,bff6f880dad15b3b8c3785df225c8d50b92647c85504397c9a9205c4bdc39013,671bb8d822f24177c4184a6453678385aaa3ecb1,True,True,2026-05-29T02:24:48Z
M0-ELARA-BENCH-LA_late_fusion_ensemble_test_seed45_90af90f2,M0-ELARA-BENCH-LA,ELARA-Bench-LA,label_aligned_mechanism,45,late_fusion_ensemble,test,elara_master_c/predictions/development/M0-ELARA-BENCH-LA__ELARA-Bench-LA__label_aligned_mechanism/late_fusion_ensemble/test/seed_45.parquet,1600,90af90f2bed5ea36653a2d30fa898584688c1773107ba975e2e9bf2aa4b8c3c6,bff6f880dad15b3b8c3785df225c8d50b92647c85504397c9a9205c4bdc39013,671bb8d822f24177c4184a6453678385aaa3ecb1,True,True,2026-05-29T02:24:48Z
M0-ELARA-BENCH-LA_random_forest_test_seed45_64cfc8a4,M0-ELARA-BENCH-LA,ELARA-Bench-LA,label_aligned_mechanism,45,random_forest,test,elara_master_c/predictions/development/M0-ELARA-BENCH-LA__ELARA-Bench-LA__label_aligned_mechanism/random_forest/test/seed_45.parquet,1600,64cfc8a49c1baeaff5d074c3dc3df87e128797ea16f980e0e9373fce8b21adfa,bff6f880dad15b3b8c3785df225c8d50b92647c85504397c9a9205c4bdc39013,671bb8d822f24177c4184a6453678385aaa3ecb1,True,True,2026-05-29T02:24:48Z
M0-ELARA-BENCH-LA_confidence_weighted_mean_test_seed45_caad9335,M0-ELARA-BENCH-LA,ELARA-Bench-LA,label_aligned_mechanism,45,confidence_weighted_mean,test,elara_master_c/predictions/development/M0-ELARA-BENCH-LA__ELARA-Bench-LA__label_aligned_mechanism/confidence_weighted_mean/test/seed_45.parquet,1600,caad933558faf8c5bd101a9ba07f2b6f1e3becd2d48b0cfcc95b39d72d44f73f,bff6f880dad15b3b8c3785df225c8d50b92647c85504397c9a9205c4bdc39013,671bb8d822f24177c4184a6453678385aaa3ecb1,True,True,2026-05-29T02:24:48Z
M0-ELARA-BENCH-LA_tent_score_adapter_test_seed45_39eacc36,M0-ELARA-BENCH-LA,ELARA-Bench-LA,label_aligned_mechanism,45,tent_score_adapter,test,elara_master_c/predictions/development/M0-ELARA-BENCH-LA__ELARA-Bench-LA__label_aligned_mechanism/tent_score_adapter/test/seed_45.parquet,1600,39eacc364c8c2b61f1e6241762e47742b9dc4afd5ac9145bfdc99de7d80aad4d,bff6f880dad15b3b8c3785df225c8d50b92647c85504397c9a9205c4bdc39013,671bb8d822f24177c4184a6453678385aaa3ecb1,True,True,2026-05-29T02:24:48Z
M0-ELARA-BENCH-LA_ttt_pseudo_label_adapter_test_seed45_f237c88e,M0-ELARA-BENCH-LA,ELARA-Bench-LA,label_aligned_mechanism,45,ttt_pseudo_label_adapter,test,elara_master_c/predictions/development/M0-ELARA-BENCH-LA__ELARA-Bench-LA__label_aligned_mechanism/ttt_pseudo_label_adapter/test/seed_45.parquet,1600,f237c88e370f6aebfea8f7d1d5f3817326bb99382ed4b45e960dbfeb512a5ff7,bff6f880dad15b3b8c3785df225c8d50b92647c85504397c9a9205c4bdc39013,671bb8d822f24177c4184a6453678385aaa3ecb1,True,True,2026-05-29T02:24:48Z
M0-ELARA-BENCH-LA_eata_score_adapter_test_seed45_ccb881e1,M0-ELARA-BENCH-LA,ELARA-Bench-LA,label_aligned_mechanism,45,eata_score_adapter,test,elara_master_c/predictions/development/M0-ELARA-BENCH-LA__ELARA-Bench-LA__label_aligned_mechanism/eata_score_adapter/test/seed_45.parquet,1600,ccb881e19be534112fd04198fc223706d2217ed6cccecc9e22465c119259ae70,bff6f880dad15b3b8c3785df225c8d50b92647c85504397c9a9205c4bdc39013,671bb8d822f24177c4184a6453678385aaa3ecb1,True,True,2026-05-29T02:24:48Z
M0-ELARA-BENCH-LA_sar_score_adapter_test_seed45_0cf03a6a,M0-ELARA-BENCH-LA,ELARA-Bench-LA,label_aligned_mechanism,45,sar_score_adapter,test,elara_master_c/predictions/development/M0-ELARA-BENCH-LA__ELARA-Bench-LA__label_aligned_mechanism/sar_score_adapter/test/seed_45.parquet,1600,0cf03a6a28251c8ec3c38b64238d8259bb2c16f3965785f79ece9a1d1d0fee5b,bff6f880dad15b3b8c3785df225c8d50b92647c85504397c9a9205c4bdc39013,671bb8d822f24177c4184a6453678385aaa3ecb1,True,True,2026-05-29T02:24:48Z
M0-ELARA-BENCH-LA_static_attention_test_seed46_324609ed,M0-ELARA-BENCH-LA,ELARA-Bench-LA,label_aligned_mechanism,46,static_attention,test,elara_master_c/predictions/development/M0-ELARA-BENCH-LA__ELARA-Bench-LA__label_aligned_mechanism/static_attention/test/seed_46.parquet,1600,324609eda64f05fb2eb87b4871aa9ccedf9e73701178419ebf5ebdd41a817cad,bff6f880dad15b3b8c3785df225c8d50b92647c85504397c9a9205c4bdc39013,671bb8d822f24177c4184a6453678385aaa3ecb1,True,True,2026-05-29T02:25:24Z
M0-ELARA-BENCH-LA_craf_attention_test_seed46_67732994,M0-ELARA-BENCH-LA,ELARA-Bench-LA,label_aligned_mechanism,46,craf_attention,test,elara_master_c/predictions/development/M0-ELARA-BENCH-LA__ELARA-Bench-LA__label_aligned_mechanism/craf_attention/test/seed_46.parquet,1600,67732994a6eca01c22dbdd747fbfd23434726636ac327ce23f106fb772520376,bff6f880dad15b3b8c3785df225c8d50b92647c85504397c9a9205c4bdc39013,671bb8d822f24177c4184a6453678385aaa3ecb1,True,True,2026-05-29T02:25:24Z
M0-ELARA-BENCH-LA_rga_boosted_fusion_test_seed46_b0c471cc,M0-ELARA-BENCH-LA,ELARA-Bench-LA,label_aligned_mechanism,46,rga_boosted_fusion,test,elara_master_c/predictions/development/M0-ELARA-BENCH-LA__ELARA-Bench-LA__label_aligned_mechanism/rga_boosted_fusion/test/seed_46.parquet,1600,b0c471cc2a52c737953a817b25a8a8c81fd46395667ae5fd3c59f60c56f38599,bff6f880dad15b3b8c3785df225c8d50b92647c85504397c9a9205c4bdc39013,671bb8d822f24177c4184a6453678385aaa3ecb1,True,True,2026-05-29T02:25:24Z
M0-ELARA-BENCH-LA_rga_meta_router_test_seed46_77bad4b5,M0-ELARA-BENCH-LA,ELARA-Bench-LA,label_aligned_mechanism,46,rga_meta_router,test,elara_master_c/predictions/development/M0-ELARA-BENCH-LA__ELARA-Bench-LA__label_aligned_mechanism/rga_meta_router/test/seed_46.parquet,1600,77bad4b54a1b206e7f3329955d133572d18e7251147cce4ca4e4de26a125f229,bff6f880dad15b3b8c3785df225c8d50b92647c85504397c9a9205c4bdc39013,671bb8d822f24177c4184a6453678385aaa3ecb1,True,True,2026-05-29T02:25:25Z
M0-ELARA-BENCH-LA_early_fusion_mlp_test_seed46_18bc3410,M0-ELARA-BENCH-LA,ELARA-Bench-LA,label_aligned_mechanism,46,early_fusion_mlp,test,elara_master_c/predictions/development/M0-ELARA-BENCH-LA__ELARA-Bench-LA__label_aligned_mechanism/early_fusion_mlp/test/seed_46.parquet,1600,18bc3410a789c32dccbac93da4bf4ec4771d8c9c7a2464fefab2bde2c812a2a4,bff6f880dad15b3b8c3785df225c8d50b92647c85504397c9a9205c4bdc39013,671bb8d822f24177c4184a6453678385aaa3ecb1,True,True,2026-05-29T02:25:25Z
M0-ELARA-BENCH-LA_late_fusion_ensemble_test_seed46_745ff8e8,M0-ELARA-BENCH-LA,ELARA-Bench-LA,label_aligned_mechanism,46,late_fusion_ensemble,test,elara_master_c/predictions/development/M0-ELARA-BENCH-LA__ELARA-Bench-LA__label_aligned_mechanism/late_fusion_ensemble/test/seed_46.parquet,1600,745ff8e85080def3a22834d6e7e18e50f476299514f49082824aebebce380866,bff6f880dad15b3b8c3785df225c8d50b92647c85504397c9a9205c4bdc39013,671bb8d822f24177c4184a6453678385aaa3ecb1,True,True,2026-05-29T02:25:25Z
M0-ELARA-BENCH-LA_random_forest_test_seed46_ac488d0d,M0-ELARA-BENCH-LA,ELARA-Bench-LA,label_aligned_mechanism,46,random_forest,test,elara_master_c/predictions/development/M0-ELARA-BENCH-LA__ELARA-Bench-LA__label_aligned_mechanism/random_forest/test/seed_46.parquet,1600,ac488d0d1f91cdb46f8e0744de16672d3233a2abd64b621851fb33e3179a5e87,bff6f880dad15b3b8c3785df225c8d50b92647c85504397c9a9205c4bdc39013,671bb8d822f24177c4184a6453678385aaa3ecb1,True,True,2026-05-29T02:25:25Z
M0-ELARA-BENCH-LA_confidence_weighted_mean_test_seed46_ce3fa3c7,M0-ELARA-BENCH-LA,ELARA-Bench-LA,label_aligned_mechanism,46,confidence_weighted_mean,test,elara_master_c/predictions/development/M0-ELARA-BENCH-LA__ELARA-Bench-LA__label_aligned_mechanism/confidence_weighted_mean/test/seed_46.parquet,1600,ce3fa3c73f38cafb713256082bc89f4faa66a0b240c57da305a32773fd8aed05,bff6f880dad15b3b8c3785df225c8d50b92647c85504397c9a9205c4bdc39013,671bb8d822f24177c4184a6453678385aaa3ecb1,True,True,2026-05-29T02:25:25Z
M0-ELARA-BENCH-LA_tent_score_adapter_test_seed46_0dc9fd2f,M0-ELARA-BENCH-LA,ELARA-Bench-LA,label_aligned_mechanism,46,tent_score_adapter,test,elara_master_c/predictions/development/M0-ELARA-BENCH-LA__ELARA-Bench-LA__label_aligned_mechanism/tent_score_adapter/test/seed_46.parquet,1600,0dc9fd2f982dbcc81142df846859589e93b102e089684da26c9c133063707a0b,bff6f880dad15b3b8c3785df225c8d50b92647c85504397c9a9205c4bdc39013,671bb8d822f24177c4184a6453678385aaa3ecb1,True,True,2026-05-29T02:25:25Z
M0-ELARA-BENCH-LA_ttt_pseudo_label_adapter_test_seed46_776ee3d5,M0-ELARA-BENCH-LA,ELARA-Bench-LA,label_aligned_mechanism,46,ttt_pseudo_label_adapter,test,elara_master_c/predictions/development/M0-ELARA-BENCH-LA__ELARA-Bench-LA__label_aligned_mechanism/ttt_pseudo_label_adapter/test/seed_46.parquet,1600,776ee3d5b34e908d60c2168f5e2b41b19556e7a7e1b2c005338cd08926782b02,bff6f880dad15b3b8c3785df225c8d50b92647c85504397c9a9205c4bdc39013,671bb8d822f24177c4184a6453678385aaa3ecb1,True,True,2026-05-29T02:25:25Z
M0-ELARA-BENCH-LA_eata_score_adapter_test_seed46_e52bf503,M0-ELARA-BENCH-LA,ELARA-Bench-LA,label_aligned_mechanism,46,eata_score_adapter,test,elara_master_c/predictions/development/M0-ELARA-BENCH-LA__ELARA-Bench-LA__label_aligned_mechanism/eata_score_adapter/test/seed_46.parquet,1600,e52bf50358a275e28d2bccb2d26df8a4c651b0de80dfc8bfcfa8b7feecda4729,bff6f880dad15b3b8c3785df225c8d50b92647c85504397c9a9205c4bdc39013,671bb8d822f24177c4184a6453678385aaa3ecb1,True,True,2026-05-29T02:25:25Z
M0-ELARA-BENCH-LA_sar_score_adapter_test_seed46_89588567,M0-ELARA-BENCH-LA,ELARA-Bench-LA,label_aligned_mechanism,46,sar_score_adapter,test,elara_master_c/predictions/development/M0-ELARA-BENCH-LA__ELARA-Bench-LA__label_aligned_mechanism/sar_score_adapter/test/seed_46.parquet,1600,895885672698a441fa7615c5562702c82fc1e4611fbcd592300ce5a3b9f41ab1,bff6f880dad15b3b8c3785df225c8d50b92647c85504397c9a9205c4bdc39013,671bb8d822f24177c4184a6453678385aaa3ecb1,True,True,2026-05-29T02:25:25Z
M1-MVTEC-SUPERVISED-PAIRED_static_attention_test_seed42_c020eada,M1-MVTEC-SUPERVISED-PAIRED,MVTec 3D-AD,PatchCore supervised-paired,42,static_attention,test,elara_master_c/predictions/development/M1-MVTEC-SUPERVISED-PAIRED__MVTec_3D-AD__PatchCore_supervised-paired/static_attention/test/seed_42__rerun_1.parquet,278,c020eada3989d354b9ec359641c422b30e4cff79d96475d35547f3039b57ff21,7b87491aba2c922801a5c8a7c16b19f891f3a96fb80677932c3b14ba5a596af1,671bb8d822f24177c4184a6453678385aaa3ecb1,True,True,2026-05-29T02:26:04Z
M1-MVTEC-SUPERVISED-PAIRED_craf_attention_test_seed42_c23ee5d2,M1-MVTEC-SUPERVISED-PAIRED,MVTec 3D-AD,PatchCore supervised-paired,42,craf_attention,test,elara_master_c/predictions/development/M1-MVTEC-SUPERVISED-PAIRED__MVTec_3D-AD__PatchCore_supervised-paired/craf_attention/test/seed_42__rerun_1.parquet,278,c23ee5d265d6559644a7ec72c6d76e94a574fc9eb66b51cda1bb673302323352,7b87491aba2c922801a5c8a7c16b19f891f3a96fb80677932c3b14ba5a596af1,671bb8d822f24177c4184a6453678385aaa3ecb1,True,True,2026-05-29T02:26:04Z
M1-MVTEC-SUPERVISED-PAIRED_rga_boosted_fusion_test_seed42_9614b22c,M1-MVTEC-SUPERVISED-PAIRED,MVTec 3D-AD,PatchCore supervised-paired,42,rga_boosted_fusion,test,elara_master_c/predictions/development/M1-MVTEC-SUPERVISED-PAIRED__MVTec_3D-AD__PatchCore_supervised-paired/rga_boosted_fusion/test/seed_42__rerun_1.parquet,278,9614b22c52ae644587d310140c2a1c9f5576a5047bc85e0e14a3647e59da2868,7b87491aba2c922801a5c8a7c16b19f891f3a96fb80677932c3b14ba5a596af1,671bb8d822f24177c4184a6453678385aaa3ecb1,True,True,2026-05-29T02:26:04Z
M1-MVTEC-SUPERVISED-PAIRED_rga_meta_router_test_seed42_91e0fb2e,M1-MVTEC-SUPERVISED-PAIRED,MVTec 3D-AD,PatchCore supervised-paired,42,rga_meta_router,test,elara_master_c/predictions/development/M1-MVTEC-SUPERVISED-PAIRED__MVTec_3D-AD__PatchCore_supervised-paired/rga_meta_router/test/seed_42__rerun_1.parquet,278,91e0fb2e23f3bab7fb21128892198e4df68528c9aa353740cbb0e7571522d12e,7b87491aba2c922801a5c8a7c16b19f891f3a96fb80677932c3b14ba5a596af1,671bb8d822f24177c4184a6453678385aaa3ecb1,True,True,2026-05-29T02:26:05Z
M1-MVTEC-SUPERVISED-PAIRED_early_fusion_mlp_test_seed42_f4fb1c1b,M1-MVTEC-SUPERVISED-PAIRED,MVTec 3D-AD,PatchCore supervised-paired,42,early_fusion_mlp,test,elara_master_c/predictions/development/M1-MVTEC-SUPERVISED-PAIRED__MVTec_3D-AD__PatchCore_supervised-paired/early_fusion_mlp/test/seed_42__rerun_1.parquet,278,f4fb1c1b1f33b4cebbaa329f00e31980dc8404c9b59b490fa477fb01c3c3f305,7b87491aba2c922801a5c8a7c16b19f891f3a96fb80677932c3b14ba5a596af1,671bb8d822f24177c4184a6453678385aaa3ecb1,True,True,2026-05-29T02:26:05Z
M1-MVTEC-SUPERVISED-PAIRED_late_fusion_ensemble_test_seed42_7c1bb754,M1-MVTEC-SUPERVISED-PAIRED,MVTec 3D-AD,PatchCore supervised-paired,42,late_fusion_ensemble,test,elara_master_c/predictions/development/M1-MVTEC-SUPERVISED-PAIRED__MVTec_3D-AD__PatchCore_supervised-paired/late_fusion_ensemble/test/seed_42__rerun_1.parquet,278,7c1bb7545d74c1302103587f7a9f4c6f8d272ec1f27d16c024e5c4a890c2e458,7b87491aba2c922801a5c8a7c16b19f891f3a96fb80677932c3b14ba5a596af1,671bb8d822f24177c4184a6453678385aaa3ecb1,True,True,2026-05-29T02:26:05Z
M1-MVTEC-SUPERVISED-PAIRED_random_forest_test_seed42_ea861e05,M1-MVTEC-SUPERVISED-PAIRED,MVTec 3D-AD,PatchCore supervised-paired,42,random_forest,test,elara_master_c/predictions/development/M1-MVTEC-SUPERVISED-PAIRED__MVTec_3D-AD__PatchCore_supervised-paired/random_forest/test/seed_42__rerun_1.parquet,278,ea861e055a5db415aa28d7d8be76d730bce2494f270e0c9f2695742324e0dee6,7b87491aba2c922801a5c8a7c16b19f891f3a96fb80677932c3b14ba5a596af1,671bb8d822f24177c4184a6453678385aaa3ecb1,True,True,2026-05-29T02:26:05Z
M1-MVTEC-SUPERVISED-PAIRED_confidence_weighted_mean_test_seed42_3d982530,M1-MVTEC-SUPERVISED-PAIRED,MVTec 3D-AD,PatchCore supervised-paired,42,confidence_weighted_mean,test,elara_master_c/predictions/development/M1-MVTEC-SUPERVISED-PAIRED__MVTec_3D-AD__PatchCore_supervised-paired/confidence_weighted_mean/test/seed_42__rerun_1.parquet,278,3d9825309e63a19a1632418ca22b8acbe3acbdbded2c4ecf9964b7d9196ce39a,7b87491aba2c922801a5c8a7c16b19f891f3a96fb80677932c3b14ba5a596af1,671bb8d822f24177c4184a6453678385aaa3ecb1,True,True,2026-05-29T02:26:05Z
M1-MVTEC-SUPERVISED-PAIRED_tent_score_adapter_test_seed42_93baadcb,M1-MVTEC-SUPERVISED-PAIRED,MVTec 3D-AD,PatchCore supervised-paired,42,tent_score_adapter,test,elara_master_c/predictions/development/M1-MVTEC-SUPERVISED-PAIRED__MVTec_3D-AD__PatchCore_supervised-paired/tent_score_adapter/test/seed_42__rerun_1.parquet,278,93baadcbec314866470e3b6a623933e18e27cc7c947a0c9359c4f03e19f309f1,7b87491aba2c922801a5c8a7c16b19f891f3a96fb80677932c3b14ba5a596af1,671bb8d822f24177c4184a6453678385aaa3ecb1,True,True,2026-05-29T02:26:05Z
M1-MVTEC-SUPERVISED-PAIRED_ttt_pseudo_label_adapter_test_seed42_224ed061,M1-MVTEC-SUPERVISED-PAIRED,MVTec 3D-AD,PatchCore supervised-paired,42,ttt_pseudo_label_adapter,test,elara_master_c/predictions/development/M1-MVTEC-SUPERVISED-PAIRED__MVTec_3D-AD__PatchCore_supervised-paired/ttt_pseudo_label_adapter/test/seed_42__rerun_1.parquet,278,224ed061b6b120f2ec8ba97957fd8781fc16842e9dfc5019942f66ca476d1145,7b87491aba2c922801a5c8a7c16b19f891f3a96fb80677932c3b14ba5a596af1,671bb8d822f24177c4184a6453678385aaa3ecb1,True,True,2026-05-29T02:26:05Z
M1-MVTEC-SUPERVISED-PAIRED_eata_score_adapter_test_seed42_7ac240d1,M1-MVTEC-SUPERVISED-PAIRED,MVTec 3D-AD,PatchCore supervised-paired,42,eata_score_adapter,test,elara_master_c/predictions/development/M1-MVTEC-SUPERVISED-PAIRED__MVTec_3D-AD__PatchCore_supervised-paired/eata_score_adapter/test/seed_42__rerun_1.parquet,278,7ac240d126556514a9e6a12857b6de96612aeffdaadfd5b4f4e11279b312d144,7b87491aba2c922801a5c8a7c16b19f891f3a96fb80677932c3b14ba5a596af1,671bb8d822f24177c4184a6453678385aaa3ecb1,True,True,2026-05-29T02:26:05Z
M1-MVTEC-SUPERVISED-PAIRED_sar_score_adapter_test_seed42_eea144cf,M1-MVTEC-SUPERVISED-PAIRED,MVTec 3D-AD,PatchCore supervised-paired,42,sar_score_adapter,test,elara_master_c/predictions/development/M1-MVTEC-SUPERVISED-PAIRED__MVTec_3D-AD__PatchCore_supervised-paired/sar_score_adapter/test/seed_42__rerun_1.parquet,278,eea144cff6ebf7735c8c3b408f1ddd6ff0bb0df849c2d2961fa59413afdbe3a4,7b87491aba2c922801a5c8a7c16b19f891f3a96fb80677932c3b14ba5a596af1,671bb8d822f24177c4184a6453678385aaa3ecb1,True,True,2026-05-29T02:26:05Z
M1-MVTEC-SUPERVISED-PAIRED_static_attention_test_seed43_606092b6,M1-MVTEC-SUPERVISED-PAIRED,MVTec 3D-AD,PatchCore supervised-paired,43,static_attention,test,elara_master_c/predictions/development/M1-MVTEC-SUPERVISED-PAIRED__MVTec_3D-AD__PatchCore_supervised-paired/static_attention/test/seed_43.parquet,278,606092b6418d1d26e0ee4bc0107b2baffb5a8a9b70d550b512c3ed965cdac3ab,7b87491aba2c922801a5c8a7c16b19f891f3a96fb80677932c3b14ba5a596af1,671bb8d822f24177c4184a6453678385aaa3ecb1,True,True,2026-05-29T02:26:32Z
M1-MVTEC-SUPERVISED-PAIRED_craf_attention_test_seed43_a80e0fdb,M1-MVTEC-SUPERVISED-PAIRED,MVTec 3D-AD,PatchCore supervised-paired,43,craf_attention,test,elara_master_c/predictions/development/M1-MVTEC-SUPERVISED-PAIRED__MVTec_3D-AD__PatchCore_supervised-paired/craf_attention/test/seed_43.parquet,278,a80e0fdb2d3f1f9f999594714f79d5c34b34d7beab6c21e1d45033277a66c16c,7b87491aba2c922801a5c8a7c16b19f891f3a96fb80677932c3b14ba5a596af1,671bb8d822f24177c4184a6453678385aaa3ecb1,True,True,2026-05-29T02:26:32Z
M1-MVTEC-SUPERVISED-PAIRED_rga_boosted_fusion_test_seed43_54dec529,M1-MVTEC-SUPERVISED-PAIRED,MVTec 3D-AD,PatchCore supervised-paired,43,rga_boosted_fusion,test,elara_master_c/predictions/development/M1-MVTEC-SUPERVISED-PAIRED__MVTec_3D-AD__PatchCore_supervised-paired/rga_boosted_fusion/test/seed_43.parquet,278,54dec529ecfe40c944d1c052addf70269292176c6b81bcddd75097a1db22213e,7b87491aba2c922801a5c8a7c16b19f891f3a96fb80677932c3b14ba5a596af1,671bb8d822f24177c4184a6453678385aaa3ecb1,True,True,2026-05-29T02:26:32Z
M1-MVTEC-SUPERVISED-PAIRED_rga_meta_router_test_seed43_8c04177e,M1-MVTEC-SUPERVISED-PAIRED,MVTec 3D-AD,PatchCore supervised-paired,43,rga_meta_router,test,elara_master_c/predictions/development/M1-MVTEC-SUPERVISED-PAIRED__MVTec_3D-AD__PatchCore_supervised-paired/rga_meta_router/test/seed_43.parquet,278,8c04177e6e6ff9902ec90b5408f02c6efb6373b44c9a809ecc20906ed4cda568,7b87491aba2c922801a5c8a7c16b19f891f3a96fb80677932c3b14ba5a596af1,671bb8d822f24177c4184a6453678385aaa3ecb1,True,True,2026-05-29T02:26:32Z
M1-MVTEC-SUPERVISED-PAIRED_early_fusion_mlp_test_seed43_286c01ff,M1-MVTEC-SUPERVISED-PAIRED,MVTec 3D-AD,PatchCore supervised-paired,43,early_fusion_mlp,test,elara_master_c/predictions/development/M1-MVTEC-SUPERVISED-PAIRED__MVTec_3D-AD__PatchCore_supervised-paired/early_fusion_mlp/test/seed_43.parquet,278,286c01ff655b8da46163d83a1f97202ae0c8e5e45f77a4c9b20bab88c2aac5da,7b87491aba2c922801a5c8a7c16b19f891f3a96fb80677932c3b14ba5a596af1,671bb8d822f24177c4184a6453678385aaa3ecb1,True,True,2026-05-29T02:26:32Z
M1-MVTEC-SUPERVISED-PAIRED_late_fusion_ensemble_test_seed43_02e38552,M1-MVTEC-SUPERVISED-PAIRED,MVTec 3D-AD,PatchCore supervised-paired,43,late_fusion_ensemble,test,elara_master_c/predictions/development/M1-MVTEC-SUPERVISED-PAIRED__MVTec_3D-AD__PatchCore_supervised-paired/late_fusion_ensemble/test/seed_43.parquet,278,02e38552b26633130e5d08e63e53409986665e1634bf169582454d4aee920e44,7b87491aba2c922801a5c8a7c16b19f891f3a96fb80677932c3b14ba5a596af1,671bb8d822f24177c4184a6453678385aaa3ecb1,True,True,2026-05-29T02:26:32Z
M1-MVTEC-SUPERVISED-PAIRED_random_forest_test_seed43_46868676,M1-MVTEC-SUPERVISED-PAIRED,MVTec 3D-AD,PatchCore supervised-paired,43,random_forest,test,elara_master_c/predictions/development/M1-MVTEC-SUPERVISED-PAIRED__MVTec_3D-AD__PatchCore_supervised-paired/random_forest/test/seed_43.parquet,278,4686867625b1b545536154211972986f0b4b23abe9e511feda936a71810562f2,7b87491aba2c922801a5c8a7c16b19f891f3a96fb80677932c3b14ba5a596af1,671bb8d822f24177c4184a6453678385aaa3ecb1,True,True,2026-05-29T02:26:33Z
M1-MVTEC-SUPERVISED-PAIRED_confidence_weighted_mean_test_seed43_4088fb20,M1-MVTEC-SUPERVISED-PAIRED,MVTec 3D-AD,PatchCore supervised-paired,43,confidence_weighted_mean,test,elara_master_c/predictions/development/M1-MVTEC-SUPERVISED-PAIRED__MVTec_3D-AD__PatchCore_supervised-paired/confidence_weighted_mean/test/seed_43.parquet,278,4088fb2071cf503bcdf6a20ff6119067b10d010a772cb08ee3dec1b85a5ee93c,7b87491aba2c922801a5c8a7c16b19f891f3a96fb80677932c3b14ba5a596af1,671bb8d822f24177c4184a6453678385aaa3ecb1,True,True,2026-05-29T02:26:33Z
M1-MVTEC-SUPERVISED-PAIRED_tent_score_adapter_test_seed43_b7094eb0,M1-MVTEC-SUPERVISED-PAIRED,MVTec 3D-AD,PatchCore supervised-paired,43,tent_score_adapter,test,elara_master_c/predictions/development/M1-MVTEC-SUPERVISED-PAIRED__MVTec_3D-AD__PatchCore_supervised-paired/tent_score_adapter/test/seed_43.parquet,278,b7094eb048c09c8d732364667b5362646f5379fc291577a8e8c72e67613d227b,7b87491aba2c922801a5c8a7c16b19f891f3a96fb80677932c3b14ba5a596af1,671bb8d822f24177c4184a6453678385aaa3ecb1,True,True,2026-05-29T02:26:33Z
M1-MVTEC-SUPERVISED-PAIRED_ttt_pseudo_label_adapter_test_seed43_30a182d6,M1-MVTEC-SUPERVISED-PAIRED,MVTec 3D-AD,PatchCore supervised-paired,43,ttt_pseudo_label_adapter,test,elara_master_c/predictions/development/M1-MVTEC-SUPERVISED-PAIRED__MVTec_3D-AD__PatchCore_supervised-paired/ttt_pseudo_label_adapter/test/seed_43.parquet,278,30a182d6ad9e8dac8ec4bc38ac965f966b250bf6efcc84927a864a8750a0207b,7b87491aba2c922801a5c8a7c16b19f891f3a96fb80677932c3b14ba5a596af1,671bb8d822f24177c4184a6453678385aaa3ecb1,True,True,2026-05-29T02:26:33Z
M1-MVTEC-SUPERVISED-PAIRED_eata_score_adapter_test_seed43_cc473aba,M1-MVTEC-SUPERVISED-PAIRED,MVTec 3D-AD,PatchCore supervised-paired,43,eata_score_adapter,test,elara_master_c/predictions/development/M1-MVTEC-SUPERVISED-PAIRED__MVTec_3D-AD__PatchCore_supervised-paired/eata_score_adapter/test/seed_43.parquet,278,cc473aba27c0b9b1f08a1b8e10a1d73ab829ad3e9437cb4c0233760cab028a7b,7b87491aba2c922801a5c8a7c16b19f891f3a96fb80677932c3b14ba5a596af1,671bb8d822f24177c4184a6453678385aaa3ecb1,True,True,2026-05-29T02:26:33Z
M1-MVTEC-SUPERVISED-PAIRED_sar_score_adapter_test_seed43_ba0a3343,M1-MVTEC-SUPERVISED-PAIRED,MVTec 3D-AD,PatchCore supervised-paired,43,sar_score_adapter,test,elara_master_c/predictions/development/M1-MVTEC-SUPERVISED-PAIRED__MVTec_3D-AD__PatchCore_supervised-paired/sar_score_adapter/test/seed_43.parquet,278,ba0a3343bad1a016d3ae06f40fe1033894c1b3302d00a695a3b38bdea31430eb,7b87491aba2c922801a5c8a7c16b19f891f3a96fb80677932c3b14ba5a596af1,671bb8d822f24177c4184a6453678385aaa3ecb1,True,True,2026-05-29T02:26:33Z
M1-MVTEC-SUPERVISED-PAIRED_static_attention_test_seed44_538a1f69,M1-MVTEC-SUPERVISED-PAIRED,MVTec 3D-AD,PatchCore supervised-paired,44,static_attention,test,elara_master_c/predictions/development/M1-MVTEC-SUPERVISED-PAIRED__MVTec_3D-AD__PatchCore_supervised-paired/static_attention/test/seed_44.parquet,278,538a1f6965d72b7197d004ff70bcc8a047695bfe9c49c7f0fb675a173e570192,7b87491aba2c922801a5c8a7c16b19f891f3a96fb80677932c3b14ba5a596af1,671bb8d822f24177c4184a6453678385aaa3ecb1,True,True,2026-05-29T02:26:59Z
M1-MVTEC-SUPERVISED-PAIRED_craf_attention_test_seed44_1ddab96e,M1-MVTEC-SUPERVISED-PAIRED,MVTec 3D-AD,PatchCore supervised-paired,44,craf_attention,test,elara_master_c/predictions/development/M1-MVTEC-SUPERVISED-PAIRED__MVTec_3D-AD__PatchCore_supervised-paired/craf_attention/test/seed_44.parquet,278,1ddab96eacd80019193f6cadfc8b94aaaca24782b0ebe80511f8800d181a9cb0,7b87491aba2c922801a5c8a7c16b19f891f3a96fb80677932c3b14ba5a596af1,671bb8d822f24177c4184a6453678385aaa3ecb1,True,True,2026-05-29T02:26:59Z
M1-MVTEC-SUPERVISED-PAIRED_rga_boosted_fusion_test_seed44_0b380cb9,M1-MVTEC-SUPERVISED-PAIRED,MVTec 3D-AD,PatchCore supervised-paired,44,rga_boosted_fusion,test,elara_master_c/predictions/development/M1-MVTEC-SUPERVISED-PAIRED__MVTec_3D-AD__PatchCore_supervised-paired/rga_boosted_fusion/test/seed_44.parquet,278,0b380cb95a8ab68892e69af68482444f9d60b499a3fdc7d17c8f57fea6c67689,7b87491aba2c922801a5c8a7c16b19f891f3a96fb80677932c3b14ba5a596af1,671bb8d822f24177c4184a6453678385aaa3ecb1,True,True,2026-05-29T02:26:59Z
M1-MVTEC-SUPERVISED-PAIRED_rga_meta_router_test_seed44_24107734,M1-MVTEC-SUPERVISED-PAIRED,MVTec 3D-AD,PatchCore supervised-paired,44,rga_meta_router,test,elara_master_c/predictions/development/M1-MVTEC-SUPERVISED-PAIRED__MVTec_3D-AD__PatchCore_supervised-paired/rga_meta_router/test/seed_44.parquet,278,241077344b749867d8b5f3f576ac7623ebbc8e8a61408b172e573edc8e82d47e,7b87491aba2c922801a5c8a7c16b19f891f3a96fb80677932c3b14ba5a596af1,671bb8d822f24177c4184a6453678385aaa3ecb1,True,True,2026-05-29T02:26:59Z
M1-MVTEC-SUPERVISED-PAIRED_early_fusion_mlp_test_seed44_e203e631,M1-MVTEC-SUPERVISED-PAIRED,MVTec 3D-AD,PatchCore supervised-paired,44,early_fusion_mlp,test,elara_master_c/predictions/development/M1-MVTEC-SUPERVISED-PAIRED__MVTec_3D-AD__PatchCore_supervised-paired/early_fusion_mlp/test/seed_44.parquet,278,e203e631b09179a4ee679b296128817c0473e77e60b47eb402ebd4ad737abca2,7b87491aba2c922801a5c8a7c16b19f891f3a96fb80677932c3b14ba5a596af1,671bb8d822f24177c4184a6453678385aaa3ecb1,True,True,2026-05-29T02:26:59Z
M1-MVTEC-SUPERVISED-PAIRED_late_fusion_ensemble_test_seed44_00c639e9,M1-MVTEC-SUPERVISED-PAIRED,MVTec 3D-AD,PatchCore supervised-paired,44,late_fusion_ensemble,test,elara_master_c/predictions/development/M1-MVTEC-SUPERVISED-PAIRED__MVTec_3D-AD__PatchCore_supervised-paired/late_fusion_ensemble/test/seed_44.parquet,278,00c639e9674a2527982d710d5b7985442d92d702883cb273194644ce32952672,7b87491aba2c922801a5c8a7c16b19f891f3a96fb80677932c3b14ba5a596af1,671bb8d822f24177c4184a6453678385aaa3ecb1,True,True,2026-05-29T02:26:59Z
M1-MVTEC-SUPERVISED-PAIRED_random_forest_test_seed44_edb3e260,M1-MVTEC-SUPERVISED-PAIRED,MVTec 3D-AD,PatchCore supervised-paired,44,random_forest,test,elara_master_c/predictions/development/M1-MVTEC-SUPERVISED-PAIRED__MVTec_3D-AD__PatchCore_supervised-paired/random_forest/test/seed_44.parquet,278,edb3e2606675fa8d7c972df30795ef1d280bc9ca9742a52f2b497c0008d23d7b,7b87491aba2c922801a5c8a7c16b19f891f3a96fb80677932c3b14ba5a596af1,671bb8d822f24177c4184a6453678385aaa3ecb1,True,True,2026-05-29T02:26:59Z
M1-MVTEC-SUPERVISED-PAIRED_confidence_weighted_mean_test_seed44_d16bc4b3,M1-MVTEC-SUPERVISED-PAIRED,MVTec 3D-AD,PatchCore supervised-paired,44,confidence_weighted_mean,test,elara_master_c/predictions/development/M1-MVTEC-SUPERVISED-PAIRED__MVTec_3D-AD__PatchCore_supervised-paired/confidence_weighted_mean/test/seed_44.parquet,278,d16bc4b358d86088b95919deed23e24d0a1a24c3fcb45c761f08f9b4aee3636e,7b87491aba2c922801a5c8a7c16b19f891f3a96fb80677932c3b14ba5a596af1,671bb8d822f24177c4184a6453678385aaa3ecb1,True,True,2026-05-29T02:26:59Z
M1-MVTEC-SUPERVISED-PAIRED_tent_score_adapter_test_seed44_6d1e60d1,M1-MVTEC-SUPERVISED-PAIRED,MVTec 3D-AD,PatchCore supervised-paired,44,tent_score_adapter,test,elara_master_c/predictions/development/M1-MVTEC-SUPERVISED-PAIRED__MVTec_3D-AD__PatchCore_supervised-paired/tent_score_adapter/test/seed_44.parquet,278,6d1e60d1a1afd616dd1ebe0ae424397da2de200a111a8dad80493008f24be3f1,7b87491aba2c922801a5c8a7c16b19f891f3a96fb80677932c3b14ba5a596af1,671bb8d822f24177c4184a6453678385aaa3ecb1,True,True,2026-05-29T02:26:59Z
M1-MVTEC-SUPERVISED-PAIRED_ttt_pseudo_label_adapter_test_seed44_ef4bb91b,M1-MVTEC-SUPERVISED-PAIRED,MVTec 3D-AD,PatchCore supervised-paired,44,ttt_pseudo_label_adapter,test,elara_master_c/predictions/development/M1-MVTEC-SUPERVISED-PAIRED__MVTec_3D-AD__PatchCore_supervised-paired/ttt_pseudo_label_adapter/test/seed_44.parquet,278,ef4bb91ba67ed1688dc47e9e34ec3231a0ac1d385bb088373bbf727c17779d70,7b87491aba2c922801a5c8a7c16b19f891f3a96fb80677932c3b14ba5a596af1,671bb8d822f24177c4184a6453678385aaa3ecb1,True,True,2026-05-29T02:26:59Z
M1-MVTEC-SUPERVISED-PAIRED_eata_score_adapter_test_seed44_6fc15b85,M1-MVTEC-SUPERVISED-PAIRED,MVTec 3D-AD,PatchCore supervised-paired,44,eata_score_adapter,test,elara_master_c/predictions/development/M1-MVTEC-SUPERVISED-PAIRED__MVTec_3D-AD__PatchCore_supervised-paired/eata_score_adapter/test/seed_44.parquet,278,6fc15b853174b095125ebdbc0940c95001be7649a650e685c4e4bc92519ea4ec,7b87491aba2c922801a5c8a7c16b19f891f3a96fb80677932c3b14ba5a596af1,671bb8d822f24177c4184a6453678385aaa3ecb1,True,True,2026-05-29T02:26:59Z
M1-MVTEC-SUPERVISED-PAIRED_sar_score_adapter_test_seed44_14fc22be,M1-MVTEC-SUPERVISED-PAIRED,MVTec 3D-AD,PatchCore supervised-paired,44,sar_score_adapter,test,elara_master_c/predictions/development/M1-MVTEC-SUPERVISED-PAIRED__MVTec_3D-AD__PatchCore_supervised-paired/sar_score_adapter/test/seed_44.parquet,278,14fc22be4c0533d3dd5f363a82799838327d4d90e865ec4f8d2bc94d7e89c9b5,7b87491aba2c922801a5c8a7c16b19f891f3a96fb80677932c3b14ba5a596af1,671bb8d822f24177c4184a6453678385aaa3ecb1,True,True,2026-05-29T02:26:59Z
M1-MVTEC-SUPERVISED-PAIRED_static_attention_test_seed45_62fa447b,M1-MVTEC-SUPERVISED-PAIRED,MVTec 3D-AD,PatchCore supervised-paired,45,static_attention,test,elara_master_c/predictions/development/M1-MVTEC-SUPERVISED-PAIRED__MVTec_3D-AD__PatchCore_supervised-paired/static_attention/test/seed_45.parquet,278,62fa447bf5defd68c1ec3c0c04ff818a3c884eea6082d7783486b477fe2412eb,7b87491aba2c922801a5c8a7c16b19f891f3a96fb80677932c3b14ba5a596af1,671bb8d822f24177c4184a6453678385aaa3ecb1,True,True,2026-05-29T02:27:24Z
M1-MVTEC-SUPERVISED-PAIRED_craf_attention_test_seed45_cb6adc95,M1-MVTEC-SUPERVISED-PAIRED,MVTec 3D-AD,PatchCore supervised-paired,45,craf_attention,test,elara_master_c/predictions/development/M1-MVTEC-SUPERVISED-PAIRED__MVTec_3D-AD__PatchCore_supervised-paired/craf_attention/test/seed_45.parquet,278,cb6adc95b0a1260bd85b2a3dd7862e0ea77d235cc7578a879fa566cfab56fde3,7b87491aba2c922801a5c8a7c16b19f891f3a96fb80677932c3b14ba5a596af1,671bb8d822f24177c4184a6453678385aaa3ecb1,True,True,2026-05-29T02:27:24Z
M1-MVTEC-SUPERVISED-PAIRED_rga_boosted_fusion_test_seed45_ff20446c,M1-MVTEC-SUPERVISED-PAIRED,MVTec 3D-AD,PatchCore supervised-paired,45,rga_boosted_fusion,test,elara_master_c/predictions/development/M1-MVTEC-SUPERVISED-PAIRED__MVTec_3D-AD__PatchCore_supervised-paired/rga_boosted_fusion/test/seed_45.parquet,278,ff20446c6129189f4326f3b247759daea0415e29ff8679345954a10ce70d137c,7b87491aba2c922801a5c8a7c16b19f891f3a96fb80677932c3b14ba5a596af1,671bb8d822f24177c4184a6453678385aaa3ecb1,True,True,2026-05-29T02:27:24Z
M1-MVTEC-SUPERVISED-PAIRED_rga_meta_router_test_seed45_66e6e44d,M1-MVTEC-SUPERVISED-PAIRED,MVTec 3D-AD,PatchCore supervised-paired,45,rga_meta_router,test,elara_master_c/predictions/development/M1-MVTEC-SUPERVISED-PAIRED__MVTec_3D-AD__PatchCore_supervised-paired/rga_meta_router/test/seed_45.parquet,278,66e6e44d80a1f9eb90133fa7b415f147ca4d08c2884a7f88227e4370ca01c703,7b87491aba2c922801a5c8a7c16b19f891f3a96fb80677932c3b14ba5a596af1,671bb8d822f24177c4184a6453678385aaa3ecb1,True,True,2026-05-29T02:27:25Z
M1-MVTEC-SUPERVISED-PAIRED_early_fusion_mlp_test_seed45_48093cbe,M1-MVTEC-SUPERVISED-PAIRED,MVTec 3D-AD,PatchCore supervised-paired,45,early_fusion_mlp,test,elara_master_c/predictions/development/M1-MVTEC-SUPERVISED-PAIRED__MVTec_3D-AD__PatchCore_supervised-paired/early_fusion_mlp/test/seed_45.parquet,278,48093cbe30a48d25ac7e4f420161b56645d69143e2a2f31a7d6e7555bd418d06,7b87491aba2c922801a5c8a7c16b19f891f3a96fb80677932c3b14ba5a596af1,671bb8d822f24177c4184a6453678385aaa3ecb1,True,True,2026-05-29T02:27:25Z
M1-MVTEC-SUPERVISED-PAIRED_late_fusion_ensemble_test_seed45_820d8d6d,M1-MVTEC-SUPERVISED-PAIRED,MVTec 3D-AD,PatchCore supervised-paired,45,late_fusion_ensemble,test,elara_master_c/predictions/development/M1-MVTEC-SUPERVISED-PAIRED__MVTec_3D-AD__PatchCore_supervised-paired/late_fusion_ensemble/test/seed_45.parquet,278,820d8d6d53db62775326679239db93bf9d7ebc64b430cbd4167559d85cf16758,7b87491aba2c922801a5c8a7c16b19f891f3a96fb80677932c3b14ba5a596af1,671bb8d822f24177c4184a6453678385aaa3ecb1,True,True,2026-05-29T02:27:25Z
M1-MVTEC-SUPERVISED-PAIRED_random_forest_test_seed45_a784181d,M1-MVTEC-SUPERVISED-PAIRED,MVTec 3D-AD,PatchCore supervised-paired,45,random_forest,test,elara_master_c/predictions/development/M1-MVTEC-SUPERVISED-PAIRED__MVTec_3D-AD__PatchCore_supervised-paired/random_forest/test/seed_45.parquet,278,a784181da7edd39175002cdc068c30f8c694584195c72a9587c50f21e46a0e36,7b87491aba2c922801a5c8a7c16b19f891f3a96fb80677932c3b14ba5a596af1,671bb8d822f24177c4184a6453678385aaa3ecb1,True,True,2026-05-29T02:27:25Z
M1-MVTEC-SUPERVISED-PAIRED_confidence_weighted_mean_test_seed45_be0a89df,M1-MVTEC-SUPERVISED-PAIRED,MVTec 3D-AD,PatchCore supervised-paired,45,confidence_weighted_mean,test,elara_master_c/predictions/development/M1-MVTEC-SUPERVISED-PAIRED__MVTec_3D-AD__PatchCore_supervised-paired/confidence_weighted_mean/test/seed_45.parquet,278,be0a89df612d29c7934b55dc584bf800ccab31c792cf36b8b74ff9042173dfef,7b87491aba2c922801a5c8a7c16b19f891f3a96fb80677932c3b14ba5a596af1,671bb8d822f24177c4184a6453678385aaa3ecb1,True,True,2026-05-29T02:27:25Z
M1-MVTEC-SUPERVISED-PAIRED_tent_score_adapter_test_seed45_3cf880d0,M1-MVTEC-SUPERVISED-PAIRED,MVTec 3D-AD,PatchCore supervised-paired,45,tent_score_adapter,test,elara_master_c/predictions/development/M1-MVTEC-SUPERVISED-PAIRED__MVTec_3D-AD__PatchCore_supervised-paired/tent_score_adapter/test/seed_45.parquet,278,3cf880d0d51d9e5a79813104aa6b852a8e3eb6e8f205c6b242dcce5dbb7fc3cb,7b87491aba2c922801a5c8a7c16b19f891f3a96fb80677932c3b14ba5a596af1,671bb8d822f24177c4184a6453678385aaa3ecb1,True,True,2026-05-29T02:27:25Z
M1-MVTEC-SUPERVISED-PAIRED_ttt_pseudo_label_adapter_test_seed45_9b15cf10,M1-MVTEC-SUPERVISED-PAIRED,MVTec 3D-AD,PatchCore supervised-paired,45,ttt_pseudo_label_adapter,test,elara_master_c/predictions/development/M1-MVTEC-SUPERVISED-PAIRED__MVTec_3D-AD__PatchCore_supervised-paired/ttt_pseudo_label_adapter/test/seed_45.parquet,278,9b15cf10897fde276ed91278943dbf37ad381939bc1d02abfa9dbece3e67bb17,7b87491aba2c922801a5c8a7c16b19f891f3a96fb80677932c3b14ba5a596af1,671bb8d822f24177c4184a6453678385aaa3ecb1,True,True,2026-05-29T02:27:25Z
M1-MVTEC-SUPERVISED-PAIRED_eata_score_adapter_test_seed45_0c855a8c,M1-MVTEC-SUPERVISED-PAIRED,MVTec 3D-AD,PatchCore supervised-paired,45,eata_score_adapter,test,elara_master_c/predictions/development/M1-MVTEC-SUPERVISED-PAIRED__MVTec_3D-AD__PatchCore_supervised-paired/eata_score_adapter/test/seed_45.parquet,278,0c855a8c9ff89df6089584417448a17d6a7ebb6bc0393af3d928aa33564d289e,7b87491aba2c922801a5c8a7c16b19f891f3a96fb80677932c3b14ba5a596af1,671bb8d822f24177c4184a6453678385aaa3ecb1,True,True,2026-05-29T02:27:25Z
M1-MVTEC-SUPERVISED-PAIRED_sar_score_adapter_test_seed45_e91993ca,M1-MVTEC-SUPERVISED-PAIRED,MVTec 3D-AD,PatchCore supervised-paired,45,sar_score_adapter,test,elara_master_c/predictions/development/M1-MVTEC-SUPERVISED-PAIRED__MVTec_3D-AD__PatchCore_supervised-paired/sar_score_adapter/test/seed_45.parquet,278,e91993ca87bf9b34ae5fae657c54dc7c1f6ddf2cd4b507c51d0029867a3cb31c,7b87491aba2c922801a5c8a7c16b19f891f3a96fb80677932c3b14ba5a596af1,671bb8d822f24177c4184a6453678385aaa3ecb1,True,True,2026-05-29T02:27:25Z
M1-MVTEC-SUPERVISED-PAIRED_static_attention_test_seed46_33984d9b,M1-MVTEC-SUPERVISED-PAIRED,MVTec 3D-AD,PatchCore supervised-paired,46,static_attention,test,elara_master_c/predictions/development/M1-MVTEC-SUPERVISED-PAIRED__MVTec_3D-AD__PatchCore_supervised-paired/static_attention/test/seed_46.parquet,278,33984d9bc971db6b94d28502da381225f5f379e4f4c24405b3ef7b41d40ba7cb,7b87491aba2c922801a5c8a7c16b19f891f3a96fb80677932c3b14ba5a596af1,671bb8d822f24177c4184a6453678385aaa3ecb1,True,True,2026-05-29T02:27:55Z
M1-MVTEC-SUPERVISED-PAIRED_craf_attention_test_seed46_a84c8ba2,M1-MVTEC-SUPERVISED-PAIRED,MVTec 3D-AD,PatchCore supervised-paired,46,craf_attention,test,elara_master_c/predictions/development/M1-MVTEC-SUPERVISED-PAIRED__MVTec_3D-AD__PatchCore_supervised-paired/craf_attention/test/seed_46.parquet,278,a84c8ba238a7747bada07e48a62384da6326bfd48ff0b856ce00261102e4030c,7b87491aba2c922801a5c8a7c16b19f891f3a96fb80677932c3b14ba5a596af1,671bb8d822f24177c4184a6453678385aaa3ecb1,True,True,2026-05-29T02:27:55Z
M1-MVTEC-SUPERVISED-PAIRED_rga_boosted_fusion_test_seed46_1901482d,M1-MVTEC-SUPERVISED-PAIRED,MVTec 3D-AD,PatchCore supervised-paired,46,rga_boosted_fusion,test,elara_master_c/predictions/development/M1-MVTEC-SUPERVISED-PAIRED__MVTec_3D-AD__PatchCore_supervised-paired/rga_boosted_fusion/test/seed_46.parquet,278,1901482ddd6d425e857c69a584fd8f51e216bc4f9175570a58db67ba59f61722,7b87491aba2c922801a5c8a7c16b19f891f3a96fb80677932c3b14ba5a596af1,671bb8d822f24177c4184a6453678385aaa3ecb1,True,True,2026-05-29T02:27:55Z
M1-MVTEC-SUPERVISED-PAIRED_rga_meta_router_test_seed46_cb457282,M1-MVTEC-SUPERVISED-PAIRED,MVTec 3D-AD,PatchCore supervised-paired,46,rga_meta_router,test,elara_master_c/predictions/development/M1-MVTEC-SUPERVISED-PAIRED__MVTec_3D-AD__PatchCore_supervised-paired/rga_meta_router/test/seed_46.parquet,278,cb45728226ff7e1ce051a0d392bd6938ab6b4b5a3f7612654f990e3691813481,7b87491aba2c922801a5c8a7c16b19f891f3a96fb80677932c3b14ba5a596af1,671bb8d822f24177c4184a6453678385aaa3ecb1,True,True,2026-05-29T02:27:55Z
M1-MVTEC-SUPERVISED-PAIRED_early_fusion_mlp_test_seed46_5b67eb88,M1-MVTEC-SUPERVISED-PAIRED,MVTec 3D-AD,PatchCore supervised-paired,46,early_fusion_mlp,test,elara_master_c/predictions/development/M1-MVTEC-SUPERVISED-PAIRED__MVTec_3D-AD__PatchCore_supervised-paired/early_fusion_mlp/test/seed_46.parquet,278,5b67eb88e3b538146d4c3fb54aaff109691676a7a64a0bf33d0771b12e278bd5,7b87491aba2c922801a5c8a7c16b19f891f3a96fb80677932c3b14ba5a596af1,671bb8d822f24177c4184a6453678385aaa3ecb1,True,True,2026-05-29T02:27:55Z
M1-MVTEC-SUPERVISED-PAIRED_late_fusion_ensemble_test_seed46_18e0db1d,M1-MVTEC-SUPERVISED-PAIRED,MVTec 3D-AD,PatchCore supervised-paired,46,late_fusion_ensemble,test,elara_master_c/predictions/development/M1-MVTEC-SUPERVISED-PAIRED__MVTec_3D-AD__PatchCore_supervised-paired/late_fusion_ensemble/test/seed_46.parquet,278,18e0db1db0242b887a825df5f38183ebb4fd7fb6eb74ceb6dfdae1716313892f,7b87491aba2c922801a5c8a7c16b19f891f3a96fb80677932c3b14ba5a596af1,671bb8d822f24177c4184a6453678385aaa3ecb1,True,True,2026-05-29T02:27:55Z
M1-MVTEC-SUPERVISED-PAIRED_random_forest_test_seed46_18eaf719,M1-MVTEC-SUPERVISED-PAIRED,MVTec 3D-AD,PatchCore supervised-paired,46,random_forest,test,elara_master_c/predictions/development/M1-MVTEC-SUPERVISED-PAIRED__MVTec_3D-AD__PatchCore_supervised-paired/random_forest/test/seed_46.parquet,278,18eaf719e3734788f89a5e1826bed71d8f31a2d7d620705b23cae2265e3bac91,7b87491aba2c922801a5c8a7c16b19f891f3a96fb80677932c3b14ba5a596af1,671bb8d822f24177c4184a6453678385aaa3ecb1,True,True,2026-05-29T02:27:55Z
M1-MVTEC-SUPERVISED-PAIRED_confidence_weighted_mean_test_seed46_df32fcd6,M1-MVTEC-SUPERVISED-PAIRED,MVTec 3D-AD,PatchCore supervised-paired,46,confidence_weighted_mean,test,elara_master_c/predictions/development/M1-MVTEC-SUPERVISED-PAIRED__MVTec_3D-AD__PatchCore_supervised-paired/confidence_weighted_mean/test/seed_46.parquet,278,df32fcd6a790cf64186e880c8f6e419619f84807142af55a0ffe3a51f09b4620,7b87491aba2c922801a5c8a7c16b19f891f3a96fb80677932c3b14ba5a596af1,671bb8d822f24177c4184a6453678385aaa3ecb1,True,True,2026-05-29T02:27:55Z
M1-MVTEC-SUPERVISED-PAIRED_tent_score_adapter_test_seed46_27ea0479,M1-MVTEC-SUPERVISED-PAIRED,MVTec 3D-AD,PatchCore supervised-paired,46,tent_score_adapter,test,elara_master_c/predictions/development/M1-MVTEC-SUPERVISED-PAIRED__MVTec_3D-AD__PatchCore_supervised-paired/tent_score_adapter/test/seed_46.parquet,278,27ea04794103b0039a7ee199dd95d00b5f8b68b24bdb34ee9822194644149c93,7b87491aba2c922801a5c8a7c16b19f891f3a96fb80677932c3b14ba5a596af1,671bb8d822f24177c4184a6453678385aaa3ecb1,True,True,2026-05-29T02:27:55Z
M1-MVTEC-SUPERVISED-PAIRED_ttt_pseudo_label_adapter_test_seed46_538f1b65,M1-MVTEC-SUPERVISED-PAIRED,MVTec 3D-AD,PatchCore supervised-paired,46,ttt_pseudo_label_adapter,test,elara_master_c/predictions/development/M1-MVTEC-SUPERVISED-PAIRED__MVTec_3D-AD__PatchCore_supervised-paired/ttt_pseudo_label_adapter/test/seed_46.parquet,278,538f1b658cc1c3a50995462a9a5414aaae2bb66a3580d7a812cea26aa9f4251d,7b87491aba2c922801a5c8a7c16b19f891f3a96fb80677932c3b14ba5a596af1,671bb8d822f24177c4184a6453678385aaa3ecb1,True,True,2026-05-29T02:27:56Z
M1-MVTEC-SUPERVISED-PAIRED_eata_score_adapter_test_seed46_3688e48a,M1-MVTEC-SUPERVISED-PAIRED,MVTec 3D-AD,PatchCore supervised-paired,46,eata_score_adapter,test,elara_master_c/predictions/development/M1-MVTEC-SUPERVISED-PAIRED__MVTec_3D-AD__PatchCore_supervised-paired/eata_score_adapter/test/seed_46.parquet,278,3688e48a09e8b3a4bdaa65c32a8ae1a460de4bee2055d2b98322abcb5cda2597,7b87491aba2c922801a5c8a7c16b19f891f3a96fb80677932c3b14ba5a596af1,671bb8d822f24177c4184a6453678385aaa3ecb1,True,True,2026-05-29T02:27:56Z
M1-MVTEC-SUPERVISED-PAIRED_sar_score_adapter_test_seed46_7c6d532b,M1-MVTEC-SUPERVISED-PAIRED,MVTec 3D-AD,PatchCore supervised-paired,46,sar_score_adapter,test,elara_master_c/predictions/development/M1-MVTEC-SUPERVISED-PAIRED__MVTec_3D-AD__PatchCore_supervised-paired/sar_score_adapter/test/seed_46.parquet,278,7c6d532bdf09213ac8b364558e477229da71b1e54aa6bba099b5fd01024b26db,7b87491aba2c922801a5c8a7c16b19f891f3a96fb80677932c3b14ba5a596af1,671bb8d822f24177c4184a6453678385aaa3ecb1,True,True,2026-05-29T02:27:56Z
M1-MVTEC-SUPERVISED-PAIRED_static_attention_test_seed47_2417c709,M1-MVTEC-SUPERVISED-PAIRED,MVTec 3D-AD,PatchCore supervised-paired,47,static_attention,test,elara_master_c/predictions/development/M1-MVTEC-SUPERVISED-PAIRED__MVTec_3D-AD__PatchCore_supervised-paired/static_attention/test/seed_47.parquet,278,2417c70936479f2186832881a30d67289a874522b934086d00f7b057bd6e493a,7b87491aba2c922801a5c8a7c16b19f891f3a96fb80677932c3b14ba5a596af1,671bb8d822f24177c4184a6453678385aaa3ecb1,True,True,2026-05-29T02:28:29Z
M1-MVTEC-SUPERVISED-PAIRED_craf_attention_test_seed47_248ffe71,M1-MVTEC-SUPERVISED-PAIRED,MVTec 3D-AD,PatchCore supervised-paired,47,craf_attention,test,elara_master_c/predictions/development/M1-MVTEC-SUPERVISED-PAIRED__MVTec_3D-AD__PatchCore_supervised-paired/craf_attention/test/seed_47.parquet,278,248ffe71e3d70925ca782539d94a5ef654c9c833cc34956018b8f4fa50ba5b62,7b87491aba2c922801a5c8a7c16b19f891f3a96fb80677932c3b14ba5a596af1,671bb8d822f24177c4184a6453678385aaa3ecb1,True,True,2026-05-29T02:28:29Z
M1-MVTEC-SUPERVISED-PAIRED_rga_boosted_fusion_test_seed47_85d255d2,M1-MVTEC-SUPERVISED-PAIRED,MVTec 3D-AD,PatchCore supervised-paired,47,rga_boosted_fusion,test,elara_master_c/predictions/development/M1-MVTEC-SUPERVISED-PAIRED__MVTec_3D-AD__PatchCore_supervised-paired/rga_boosted_fusion/test/seed_47.parquet,278,85d255d27cd0a44aebf7ff1226157f59aaed30e3bdef2d43e222acc1f9ab6386,7b87491aba2c922801a5c8a7c16b19f891f3a96fb80677932c3b14ba5a596af1,671bb8d822f24177c4184a6453678385aaa3ecb1,True,True,2026-05-29T02:28:29Z
M1-MVTEC-SUPERVISED-PAIRED_rga_meta_router_test_seed47_4b2492f5,M1-MVTEC-SUPERVISED-PAIRED,MVTec 3D-AD,PatchCore supervised-paired,47,rga_meta_router,test,elara_master_c/predictions/development/M1-MVTEC-SUPERVISED-PAIRED__MVTec_3D-AD__PatchCore_supervised-paired/rga_meta_router/test/seed_47.parquet,278,4b2492f577867c72672af356049550751a50896d96028ffa7445a1c74b20dc2c,7b87491aba2c922801a5c8a7c16b19f891f3a96fb80677932c3b14ba5a596af1,671bb8d822f24177c4184a6453678385aaa3ecb1,True,True,2026-05-29T02:28:29Z
M1-MVTEC-SUPERVISED-PAIRED_early_fusion_mlp_test_seed47_3499ed8f,M1-MVTEC-SUPERVISED-PAIRED,MVTec 3D-AD,PatchCore supervised-paired,47,early_fusion_mlp,test,elara_master_c/predictions/development/M1-MVTEC-SUPERVISED-PAIRED__MVTec_3D-AD__PatchCore_supervised-paired/early_fusion_mlp/test/seed_47.parquet,278,3499ed8fe0f2c03fa15369eea45b9f17990e704fcc21eaf284e8329aede0d0fa,7b87491aba2c922801a5c8a7c16b19f891f3a96fb80677932c3b14ba5a596af1,671bb8d822f24177c4184a6453678385aaa3ecb1,True,True,2026-05-29T02:28:30Z
M1-MVTEC-SUPERVISED-PAIRED_late_fusion_ensemble_test_seed47_5e783e2c,M1-MVTEC-SUPERVISED-PAIRED,MVTec 3D-AD,PatchCore supervised-paired,47,late_fusion_ensemble,test,elara_master_c/predictions/development/M1-MVTEC-SUPERVISED-PAIRED__MVTec_3D-AD__PatchCore_supervised-paired/late_fusion_ensemble/test/seed_47.parquet,278,5e783e2c6c95f36fd821bba4b002720851435a0a3416b67f4b2c4f7a719bb2b9,7b87491aba2c922801a5c8a7c16b19f891f3a96fb80677932c3b14ba5a596af1,671bb8d822f24177c4184a6453678385aaa3ecb1,True,True,2026-05-29T02:28:30Z
M1-MVTEC-SUPERVISED-PAIRED_random_forest_test_seed47_318ba5e8,M1-MVTEC-SUPERVISED-PAIRED,MVTec 3D-AD,PatchCore supervised-paired,47,random_forest,test,elara_master_c/predictions/development/M1-MVTEC-SUPERVISED-PAIRED__MVTec_3D-AD__PatchCore_supervised-paired/random_forest/test/seed_47.parquet,278,318ba5e8ff94a4356cf4f929561bdc41af91f4bd605a502803b37c155a947b46,7b87491aba2c922801a5c8a7c16b19f891f3a96fb80677932c3b14ba5a596af1,671bb8d822f24177c4184a6453678385aaa3ecb1,True,True,2026-05-29T02:28:30Z
M1-MVTEC-SUPERVISED-PAIRED_confidence_weighted_mean_test_seed47_ed01e3a9,M1-MVTEC-SUPERVISED-PAIRED,MVTec 3D-AD,PatchCore supervised-paired,47,confidence_weighted_mean,test,elara_master_c/predictions/development/M1-MVTEC-SUPERVISED-PAIRED__MVTec_3D-AD__PatchCore_supervised-paired/confidence_weighted_mean/test/seed_47.parquet,278,ed01e3a9b24c9378051d1e38f7d667f46208d3447904f87182f1071727e5d865,7b87491aba2c922801a5c8a7c16b19f891f3a96fb80677932c3b14ba5a596af1,671bb8d822f24177c4184a6453678385aaa3ecb1,True,True,2026-05-29T02:28:30Z
M1-MVTEC-SUPERVISED-PAIRED_tent_score_adapter_test_seed47_5c7e4d8d,M1-MVTEC-SUPERVISED-PAIRED,MVTec 3D-AD,PatchCore supervised-paired,47,tent_score_adapter,test,elara_master_c/predictions/development/M1-MVTEC-SUPERVISED-PAIRED__MVTec_3D-AD__PatchCore_supervised-paired/tent_score_adapter/test/seed_47.parquet,278,5c7e4d8d91cc4ba8362c31fa1c02293f47597cb8ed71058e4a267a437a28150a,7b87491aba2c922801a5c8a7c16b19f891f3a96fb80677932c3b14ba5a596af1,671bb8d822f24177c4184a6453678385aaa3ecb1,True,True,2026-05-29T02:28:30Z
M1-MVTEC-SUPERVISED-PAIRED_ttt_pseudo_label_adapter_test_seed47_ba06a8ad,M1-MVTEC-SUPERVISED-PAIRED,MVTec 3D-AD,PatchCore supervised-paired,47,ttt_pseudo_label_adapter,test,elara_master_c/predictions/development/M1-MVTEC-SUPERVISED-PAIRED__MVTec_3D-AD__PatchCore_supervised-paired/ttt_pseudo_label_adapter/test/seed_47.parquet,278,ba06a8addf86a02229553d08f27df3c86ddd8c4dbc3ee7e7bb8dd238f544e6c9,7b87491aba2c922801a5c8a7c16b19f891f3a96fb80677932c3b14ba5a596af1,671bb8d822f24177c4184a6453678385aaa3ecb1,True,True,2026-05-29T02:28:30Z
M1-MVTEC-SUPERVISED-PAIRED_eata_score_adapter_test_seed47_04529b1b,M1-MVTEC-SUPERVISED-PAIRED,MVTec 3D-AD,PatchCore supervised-paired,47,eata_score_adapter,test,elara_master_c/predictions/development/M1-MVTEC-SUPERVISED-PAIRED__MVTec_3D-AD__PatchCore_supervised-paired/eata_score_adapter/test/seed_47.parquet,278,04529b1b70cee96de88b86e92615f11e372765208a7cd4fad586919d1f8d658c,7b87491aba2c922801a5c8a7c16b19f891f3a96fb80677932c3b14ba5a596af1,671bb8d822f24177c4184a6453678385aaa3ecb1,True,True,2026-05-29T02:28:30Z
M1-MVTEC-SUPERVISED-PAIRED_sar_score_adapter_test_seed47_8c631ee9,M1-MVTEC-SUPERVISED-PAIRED,MVTec 3D-AD,PatchCore supervised-paired,47,sar_score_adapter,test,elara_master_c/predictions/development/M1-MVTEC-SUPERVISED-PAIRED__MVTec_3D-AD__PatchCore_supervised-paired/sar_score_adapter/test/seed_47.parquet,278,8c631ee92a7a8f83676d6b8adf61df31e624e194e65cb20eccd3956730ba8d25,7b87491aba2c922801a5c8a7c16b19f891f3a96fb80677932c3b14ba5a596af1,671bb8d822f24177c4184a6453678385aaa3ecb1,True,True,2026-05-29T02:28:30Z
M1-MVTEC-SUPERVISED-PAIRED_static_attention_test_seed48_0f4b57ca,M1-MVTEC-SUPERVISED-PAIRED,MVTec 3D-AD,PatchCore supervised-paired,48,static_attention,test,elara_master_c/predictions/development/M1-MVTEC-SUPERVISED-PAIRED__MVTec_3D-AD__PatchCore_supervised-paired/static_attention/test/seed_48.parquet,278,0f4b57cac0389268221007836f43bce0b912dc449327393334f5942fa8c4fcf7,7b87491aba2c922801a5c8a7c16b19f891f3a96fb80677932c3b14ba5a596af1,671bb8d822f24177c4184a6453678385aaa3ecb1,True,True,2026-05-29T02:28:55Z
M1-MVTEC-SUPERVISED-PAIRED_craf_attention_test_seed48_2d0bd80f,M1-MVTEC-SUPERVISED-PAIRED,MVTec 3D-AD,PatchCore supervised-paired,48,craf_attention,test,elara_master_c/predictions/development/M1-MVTEC-SUPERVISED-PAIRED__MVTec_3D-AD__PatchCore_supervised-paired/craf_attention/test/seed_48.parquet,278,2d0bd80f9cdec10d1ab41a3e9b392fd867c6d65c13b32914645a6b4d373f87fc,7b87491aba2c922801a5c8a7c16b19f891f3a96fb80677932c3b14ba5a596af1,671bb8d822f24177c4184a6453678385aaa3ecb1,True,True,2026-05-29T02:28:55Z
M1-MVTEC-SUPERVISED-PAIRED_rga_boosted_fusion_test_seed48_3850a1d2,M1-MVTEC-SUPERVISED-PAIRED,MVTec 3D-AD,PatchCore supervised-paired,48,rga_boosted_fusion,test,elara_master_c/predictions/development/M1-MVTEC-SUPERVISED-PAIRED__MVTec_3D-AD__PatchCore_supervised-paired/rga_boosted_fusion/test/seed_48.parquet,278,3850a1d2a64fe3af668ad325756be37a098ed371ab724e412bc0b9d609479d28,7b87491aba2c922801a5c8a7c16b19f891f3a96fb80677932c3b14ba5a596af1,671bb8d822f24177c4184a6453678385aaa3ecb1,True,True,2026-05-29T02:28:55Z
M1-MVTEC-SUPERVISED-PAIRED_rga_meta_router_test_seed48_1a79b1cf,M1-MVTEC-SUPERVISED-PAIRED,MVTec 3D-AD,PatchCore supervised-paired,48,rga_meta_router,test,elara_master_c/predictions/development/M1-MVTEC-SUPERVISED-PAIRED__MVTec_3D-AD__PatchCore_supervised-paired/rga_meta_router/test/seed_48.parquet,278,1a79b1cfa18662b6a90ba5e0a0509e878d9af397189b49d678b9cfd8e8bd9120,7b87491aba2c922801a5c8a7c16b19f891f3a96fb80677932c3b14ba5a596af1,671bb8d822f24177c4184a6453678385aaa3ecb1,True,True,2026-05-29T02:28:55Z
M1-MVTEC-SUPERVISED-PAIRED_early_fusion_mlp_test_seed48_bef4276d,M1-MVTEC-SUPERVISED-PAIRED,MVTec 3D-AD,PatchCore supervised-paired,48,early_fusion_mlp,test,elara_master_c/predictions/development/M1-MVTEC-SUPERVISED-PAIRED__MVTec_3D-AD__PatchCore_supervised-paired/early_fusion_mlp/test/seed_48.parquet,278,bef4276de010966a04f5af5ff6957781d46dfc76ce615aa7a9dc9ef1ff4ed8a7,7b87491aba2c922801a5c8a7c16b19f891f3a96fb80677932c3b14ba5a596af1,671bb8d822f24177c4184a6453678385aaa3ecb1,True,True,2026-05-29T02:28:55Z
M1-MVTEC-SUPERVISED-PAIRED_late_fusion_ensemble_test_seed48_23af793d,M1-MVTEC-SUPERVISED-PAIRED,MVTec 3D-AD,PatchCore supervised-paired,48,late_fusion_ensemble,test,elara_master_c/predictions/development/M1-MVTEC-SUPERVISED-PAIRED__MVTec_3D-AD__PatchCore_supervised-paired/late_fusion_ensemble/test/seed_48.parquet,278,23af793d471a0e7f7a90a69b19a88acd96f0b1b0ba443c511671e742731f33bc,7b87491aba2c922801a5c8a7c16b19f891f3a96fb80677932c3b14ba5a596af1,671bb8d822f24177c4184a6453678385aaa3ecb1,True,True,2026-05-29T02:28:55Z
M1-MVTEC-SUPERVISED-PAIRED_random_forest_test_seed48_df6ad090,M1-MVTEC-SUPERVISED-PAIRED,MVTec 3D-AD,PatchCore supervised-paired,48,random_forest,test,elara_master_c/predictions/development/M1-MVTEC-SUPERVISED-PAIRED__MVTec_3D-AD__PatchCore_supervised-paired/random_forest/test/seed_48.parquet,278,df6ad0900f1124159a4a62b86eeb4f99a0d3897dc615498d8ba9e22d456ace5d,7b87491aba2c922801a5c8a7c16b19f891f3a96fb80677932c3b14ba5a596af1,671bb8d822f24177c4184a6453678385aaa3ecb1,True,True,2026-05-29T02:28:55Z
M1-MVTEC-SUPERVISED-PAIRED_confidence_weighted_mean_test_seed48_08ec91a1,M1-MVTEC-SUPERVISED-PAIRED,MVTec 3D-AD,PatchCore supervised-paired,48,confidence_weighted_mean,test,elara_master_c/predictions/development/M1-MVTEC-SUPERVISED-PAIRED__MVTec_3D-AD__PatchCore_supervised-paired/confidence_weighted_mean/test/seed_48.parquet,278,08ec91a178476e3b98638839eea4725bdfa0501965c41016efff9fcae4ee01c3,7b87491aba2c922801a5c8a7c16b19f891f3a96fb80677932c3b14ba5a596af1,671bb8d822f24177c4184a6453678385aaa3ecb1,True,True,2026-05-29T02:28:55Z
M1-MVTEC-SUPERVISED-PAIRED_tent_score_adapter_test_seed48_dad000a8,M1-MVTEC-SUPERVISED-PAIRED,MVTec 3D-AD,PatchCore supervised-paired,48,tent_score_adapter,test,elara_master_c/predictions/development/M1-MVTEC-SUPERVISED-PAIRED__MVTec_3D-AD__PatchCore_supervised-paired/tent_score_adapter/test/seed_48.parquet,278,dad000a866f8dd432478be663a65348bfb31f7ef316a8e0914096a2737c5f516,7b87491aba2c922801a5c8a7c16b19f891f3a96fb80677932c3b14ba5a596af1,671bb8d822f24177c4184a6453678385aaa3ecb1,True,True,2026-05-29T02:28:55Z
M1-MVTEC-SUPERVISED-PAIRED_ttt_pseudo_label_adapter_test_seed48_15693648,M1-MVTEC-SUPERVISED-PAIRED,MVTec 3D-AD,PatchCore supervised-paired,48,ttt_pseudo_label_adapter,test,elara_master_c/predictions/development/M1-MVTEC-SUPERVISED-PAIRED__MVTec_3D-AD__PatchCore_supervised-paired/ttt_pseudo_label_adapter/test/seed_48.parquet,278,15693648735b9bc729d31a369866c9a4b6472aac325a95b808ee8e1ace173edf,7b87491aba2c922801a5c8a7c16b19f891f3a96fb80677932c3b14ba5a596af1,671bb8d822f24177c4184a6453678385aaa3ecb1,True,True,2026-05-29T02:28:55Z
M1-MVTEC-SUPERVISED-PAIRED_eata_score_adapter_test_seed48_12242cd4,M1-MVTEC-SUPERVISED-PAIRED,MVTec 3D-AD,PatchCore supervised-paired,48,eata_score_adapter,test,elara_master_c/predictions/development/M1-MVTEC-SUPERVISED-PAIRED__MVTec_3D-AD__PatchCore_supervised-paired/eata_score_adapter/test/seed_48.parquet,278,12242cd4703894576be99424593ed4ffee166c0324e50be0f34e6eb3dff77993,7b87491aba2c922801a5c8a7c16b19f891f3a96fb80677932c3b14ba5a596af1,671bb8d822f24177c4184a6453678385aaa3ecb1,True,True,2026-05-29T02:28:56Z
M1-MVTEC-SUPERVISED-PAIRED_sar_score_adapter_test_seed48_ee295cf4,M1-MVTEC-SUPERVISED-PAIRED,MVTec 3D-AD,PatchCore supervised-paired,48,sar_score_adapter,test,elara_master_c/predictions/development/M1-MVTEC-SUPERVISED-PAIRED__MVTec_3D-AD__PatchCore_supervised-paired/sar_score_adapter/test/seed_48.parquet,278,ee295cf4016e04dd39079a019538fcab94e9eb332c2e39b53129809188136669,7b87491aba2c922801a5c8a7c16b19f891f3a96fb80677932c3b14ba5a596af1,671bb8d822f24177c4184a6453678385aaa3ecb1,True,True,2026-05-29T02:28:56Z
M1-MVTEC-SUPERVISED-PAIRED_static_attention_test_seed49_3f8440a5,M1-MVTEC-SUPERVISED-PAIRED,MVTec 3D-AD,PatchCore supervised-paired,49,static_attention,test,elara_master_c/predictions/development/M1-MVTEC-SUPERVISED-PAIRED__MVTec_3D-AD__PatchCore_supervised-paired/static_attention/test/seed_49.parquet,278,3f8440a59f2018d8f145f64a56f4cbad1c6f8742c65671a99437fda88990360c,7b87491aba2c922801a5c8a7c16b19f891f3a96fb80677932c3b14ba5a596af1,671bb8d822f24177c4184a6453678385aaa3ecb1,True,True,2026-05-29T02:29:25Z
M1-MVTEC-SUPERVISED-PAIRED_craf_attention_test_seed49_7e9e8a72,M1-MVTEC-SUPERVISED-PAIRED,MVTec 3D-AD,PatchCore supervised-paired,49,craf_attention,test,elara_master_c/predictions/development/M1-MVTEC-SUPERVISED-PAIRED__MVTec_3D-AD__PatchCore_supervised-paired/craf_attention/test/seed_49.parquet,278,7e9e8a726de5fbbabd0276edae74423cfa253db3a157b040cfa57ea66d1071d2,7b87491aba2c922801a5c8a7c16b19f891f3a96fb80677932c3b14ba5a596af1,671bb8d822f24177c4184a6453678385aaa3ecb1,True,True,2026-05-29T02:29:25Z
M1-MVTEC-SUPERVISED-PAIRED_rga_boosted_fusion_test_seed49_a401b578,M1-MVTEC-SUPERVISED-PAIRED,MVTec 3D-AD,PatchCore supervised-paired,49,rga_boosted_fusion,test,elara_master_c/predictions/development/M1-MVTEC-SUPERVISED-PAIRED__MVTec_3D-AD__PatchCore_supervised-paired/rga_boosted_fusion/test/seed_49.parquet,278,a401b57899c5b83347163a977ba14f5557c81b9bf18077f6f04c586d90868122,7b87491aba2c922801a5c8a7c16b19f891f3a96fb80677932c3b14ba5a596af1,671bb8d822f24177c4184a6453678385aaa3ecb1,True,True,2026-05-29T02:29:25Z
M1-MVTEC-SUPERVISED-PAIRED_rga_meta_router_test_seed49_867e2c17,M1-MVTEC-SUPERVISED-PAIRED,MVTec 3D-AD,PatchCore supervised-paired,49,rga_meta_router,test,elara_master_c/predictions/development/M1-MVTEC-SUPERVISED-PAIRED__MVTec_3D-AD__PatchCore_supervised-paired/rga_meta_router/test/seed_49.parquet,278,867e2c17c034658f7a1e93383a3fb4d3bbd74e05bc9c3e02a3bc0e79582b173b,7b87491aba2c922801a5c8a7c16b19f891f3a96fb80677932c3b14ba5a596af1,671bb8d822f24177c4184a6453678385aaa3ecb1,True,True,2026-05-29T02:29:25Z
M1-MVTEC-SUPERVISED-PAIRED_early_fusion_mlp_test_seed49_1d21312b,M1-MVTEC-SUPERVISED-PAIRED,MVTec 3D-AD,PatchCore supervised-paired,49,early_fusion_mlp,test,elara_master_c/predictions/development/M1-MVTEC-SUPERVISED-PAIRED__MVTec_3D-AD__PatchCore_supervised-paired/early_fusion_mlp/test/seed_49.parquet,278,1d21312bffb10ac666fc12fe5c8f9290fd01dbb6966d1ad8d10e0ced35a7aedd,7b87491aba2c922801a5c8a7c16b19f891f3a96fb80677932c3b14ba5a596af1,671bb8d822f24177c4184a6453678385aaa3ecb1,True,True,2026-05-29T02:29:25Z
M1-MVTEC-SUPERVISED-PAIRED_late_fusion_ensemble_test_seed49_c9e92a99,M1-MVTEC-SUPERVISED-PAIRED,MVTec 3D-AD,PatchCore supervised-paired,49,late_fusion_ensemble,test,elara_master_c/predictions/development/M1-MVTEC-SUPERVISED-PAIRED__MVTec_3D-AD__PatchCore_supervised-paired/late_fusion_ensemble/test/seed_49.parquet,278,c9e92a99e9211e582303e6685fc4c6e4dd3eb6f7fb0c5ce639ca66b0834c6f0a,7b87491aba2c922801a5c8a7c16b19f891f3a96fb80677932c3b14ba5a596af1,671bb8d822f24177c4184a6453678385aaa3ecb1,True,True,2026-05-29T02:29:25Z
M1-MVTEC-SUPERVISED-PAIRED_random_forest_test_seed49_23225d05,M1-MVTEC-SUPERVISED-PAIRED,MVTec 3D-AD,PatchCore supervised-paired,49,random_forest,test,elara_master_c/predictions/development/M1-MVTEC-SUPERVISED-PAIRED__MVTec_3D-AD__PatchCore_supervised-paired/random_forest/test/seed_49.parquet,278,23225d0508a7f8e1489ae67c2c8b87cfaf7279db8b4224348910429620247103,7b87491aba2c922801a5c8a7c16b19f891f3a96fb80677932c3b14ba5a596af1,671bb8d822f24177c4184a6453678385aaa3ecb1,True,True,2026-05-29T02:29:25Z
M1-MVTEC-SUPERVISED-PAIRED_confidence_weighted_mean_test_seed49_303d3a8f,M1-MVTEC-SUPERVISED-PAIRED,MVTec 3D-AD,PatchCore supervised-paired,49,confidence_weighted_mean,test,elara_master_c/predictions/development/M1-MVTEC-SUPERVISED-PAIRED__MVTec_3D-AD__PatchCore_supervised-paired/confidence_weighted_mean/test/seed_49.parquet,278,303d3a8f381164536441ffa266d102aca0aca036309a99ad054b8b0f4605ede0,7b87491aba2c922801a5c8a7c16b19f891f3a96fb80677932c3b14ba5a596af1,671bb8d822f24177c4184a6453678385aaa3ecb1,True,True,2026-05-29T02:29:25Z
M1-MVTEC-SUPERVISED-PAIRED_tent_score_adapter_test_seed49_0b3577ba,M1-MVTEC-SUPERVISED-PAIRED,MVTec 3D-AD,PatchCore supervised-paired,49,tent_score_adapter,test,elara_master_c/predictions/development/M1-MVTEC-SUPERVISED-PAIRED__MVTec_3D-AD__PatchCore_supervised-paired/tent_score_adapter/test/seed_49.parquet,278,0b3577baee48fef15040c647e4c42dfcff3808fe0c4c922a9744d0ed8eae9744,7b87491aba2c922801a5c8a7c16b19f891f3a96fb80677932c3b14ba5a596af1,671bb8d822f24177c4184a6453678385aaa3ecb1,True,True,2026-05-29T02:29:25Z
M1-MVTEC-SUPERVISED-PAIRED_ttt_pseudo_label_adapter_test_seed49_de53e094,M1-MVTEC-SUPERVISED-PAIRED,MVTec 3D-AD,PatchCore supervised-paired,49,ttt_pseudo_label_adapter,test,elara_master_c/predictions/development/M1-MVTEC-SUPERVISED-PAIRED__MVTec_3D-AD__PatchCore_supervised-paired/ttt_pseudo_label_adapter/test/seed_49.parquet,278,de53e094890facc65eaf9b0b03aa03ec3d740675fa8c613b523df3c474cb90fc,7b87491aba2c922801a5c8a7c16b19f891f3a96fb80677932c3b14ba5a596af1,671bb8d822f24177c4184a6453678385aaa3ecb1,True,True,2026-05-29T02:29:25Z
M1-MVTEC-SUPERVISED-PAIRED_eata_score_adapter_test_seed49_0584db3d,M1-MVTEC-SUPERVISED-PAIRED,MVTec 3D-AD,PatchCore supervised-paired,49,eata_score_adapter,test,elara_master_c/predictions/development/M1-MVTEC-SUPERVISED-PAIRED__MVTec_3D-AD__PatchCore_supervised-paired/eata_score_adapter/test/seed_49.parquet,278,0584db3d3895807a31cd080db93e6c6e5bb948029d105d2812d471d46b5d7b3c,7b87491aba2c922801a5c8a7c16b19f891f3a96fb80677932c3b14ba5a596af1,671bb8d822f24177c4184a6453678385aaa3ecb1,True,True,2026-05-29T02:29:25Z
M1-MVTEC-SUPERVISED-PAIRED_sar_score_adapter_test_seed49_03811b95,M1-MVTEC-SUPERVISED-PAIRED,MVTec 3D-AD,PatchCore supervised-paired,49,sar_score_adapter,test,elara_master_c/predictions/development/M1-MVTEC-SUPERVISED-PAIRED__MVTec_3D-AD__PatchCore_supervised-paired/sar_score_adapter/test/seed_49.parquet,278,03811b9526e7eb67be5505b265195e350946d70922e1da97bc51cd38a3658ac8,7b87491aba2c922801a5c8a7c16b19f891f3a96fb80677932c3b14ba5a596af1,671bb8d822f24177c4184a6453678385aaa3ecb1,True,True,2026-05-29T02:29:25Z
M1-MVTEC-SUPERVISED-PAIRED_static_attention_test_seed50_955db3e7,M1-MVTEC-SUPERVISED-PAIRED,MVTec 3D-AD,PatchCore supervised-paired,50,static_attention,test,elara_master_c/predictions/development/M1-MVTEC-SUPERVISED-PAIRED__MVTec_3D-AD__PatchCore_supervised-paired/static_attention/test/seed_50.parquet,278,955db3e7087cec7a8d6110af55728bd03a150bde7643d827693406ffb6c60f8d,7b87491aba2c922801a5c8a7c16b19f891f3a96fb80677932c3b14ba5a596af1,671bb8d822f24177c4184a6453678385aaa3ecb1,True,True,2026-05-29T02:29:51Z
M1-MVTEC-SUPERVISED-PAIRED_craf_attention_test_seed50_a713fd71,M1-MVTEC-SUPERVISED-PAIRED,MVTec 3D-AD,PatchCore supervised-paired,50,craf_attention,test,elara_master_c/predictions/development/M1-MVTEC-SUPERVISED-PAIRED__MVTec_3D-AD__PatchCore_supervised-paired/craf_attention/test/seed_50.parquet,278,a713fd715d3dadc1bf5c0bc17348db630802224b8e5804bbb0efbc63f874b095,7b87491aba2c922801a5c8a7c16b19f891f3a96fb80677932c3b14ba5a596af1,671bb8d822f24177c4184a6453678385aaa3ecb1,True,True,2026-05-29T02:29:51Z
M1-MVTEC-SUPERVISED-PAIRED_rga_boosted_fusion_test_seed50_7cdda68f,M1-MVTEC-SUPERVISED-PAIRED,MVTec 3D-AD,PatchCore supervised-paired,50,rga_boosted_fusion,test,elara_master_c/predictions/development/M1-MVTEC-SUPERVISED-PAIRED__MVTec_3D-AD__PatchCore_supervised-paired/rga_boosted_fusion/test/seed_50.parquet,278,7cdda68f8e58a78fd77c7f6535e7503fafcba94851dee3f378d3caecfe661832,7b87491aba2c922801a5c8a7c16b19f891f3a96fb80677932c3b14ba5a596af1,671bb8d822f24177c4184a6453678385aaa3ecb1,True,True,2026-05-29T02:29:51Z
M1-MVTEC-SUPERVISED-PAIRED_rga_meta_router_test_seed50_16c4c4ef,M1-MVTEC-SUPERVISED-PAIRED,MVTec 3D-AD,PatchCore supervised-paired,50,rga_meta_router,test,elara_master_c/predictions/development/M1-MVTEC-SUPERVISED-PAIRED__MVTec_3D-AD__PatchCore_supervised-paired/rga_meta_router/test/seed_50.parquet,278,16c4c4ef875cee72efb504eea41a31e57524e67a3a89106e3dd87a3236578840,7b87491aba2c922801a5c8a7c16b19f891f3a96fb80677932c3b14ba5a596af1,671bb8d822f24177c4184a6453678385aaa3ecb1,True,True,2026-05-29T02:29:51Z
M1-MVTEC-SUPERVISED-PAIRED_early_fusion_mlp_test_seed50_0c344c50,M1-MVTEC-SUPERVISED-PAIRED,MVTec 3D-AD,PatchCore supervised-paired,50,early_fusion_mlp,test,elara_master_c/predictions/development/M1-MVTEC-SUPERVISED-PAIRED__MVTec_3D-AD__PatchCore_supervised-paired/early_fusion_mlp/test/seed_50.parquet,278,0c344c50027e5d8e3499e212a554d9053af7d586ccadb1086f13fcb67c79bef8,7b87491aba2c922801a5c8a7c16b19f891f3a96fb80677932c3b14ba5a596af1,671bb8d822f24177c4184a6453678385aaa3ecb1,True,True,2026-05-29T02:29:51Z
M1-MVTEC-SUPERVISED-PAIRED_late_fusion_ensemble_test_seed50_9da4eb03,M1-MVTEC-SUPERVISED-PAIRED,MVTec 3D-AD,PatchCore supervised-paired,50,late_fusion_ensemble,test,elara_master_c/predictions/development/M1-MVTEC-SUPERVISED-PAIRED__MVTec_3D-AD__PatchCore_supervised-paired/late_fusion_ensemble/test/seed_50.parquet,278,9da4eb03883bfe4a7ce7f393b28f5cfb95efe330d47fbda85b233bd34a5d1dae,7b87491aba2c922801a5c8a7c16b19f891f3a96fb80677932c3b14ba5a596af1,671bb8d822f24177c4184a6453678385aaa3ecb1,True,True,2026-05-29T02:29:51Z
M1-MVTEC-SUPERVISED-PAIRED_random_forest_test_seed50_fb0168a1,M1-MVTEC-SUPERVISED-PAIRED,MVTec 3D-AD,PatchCore supervised-paired,50,random_forest,test,elara_master_c/predictions/development/M1-MVTEC-SUPERVISED-PAIRED__MVTec_3D-AD__PatchCore_supervised-paired/random_forest/test/seed_50.parquet,278,fb0168a13dd5cf672a035684f7d6225a9055b3c98f9992c5a79d3d3320a17723,7b87491aba2c922801a5c8a7c16b19f891f3a96fb80677932c3b14ba5a596af1,671bb8d822f24177c4184a6453678385aaa3ecb1,True,True,2026-05-29T02:29:51Z
M1-MVTEC-SUPERVISED-PAIRED_confidence_weighted_mean_test_seed50_b638a337,M1-MVTEC-SUPERVISED-PAIRED,MVTec 3D-AD,PatchCore supervised-paired,50,confidence_weighted_mean,test,elara_master_c/predictions/development/M1-MVTEC-SUPERVISED-PAIRED__MVTec_3D-AD__PatchCore_supervised-paired/confidence_weighted_mean/test/seed_50.parquet,278,b638a337ee758955249e9bbfde3c9a0088927454d52fc775975a93596734d0da,7b87491aba2c922801a5c8a7c16b19f891f3a96fb80677932c3b14ba5a596af1,671bb8d822f24177c4184a6453678385aaa3ecb1,True,True,2026-05-29T02:29:51Z
M1-MVTEC-SUPERVISED-PAIRED_tent_score_adapter_test_seed50_1e8af62f,M1-MVTEC-SUPERVISED-PAIRED,MVTec 3D-AD,PatchCore supervised-paired,50,tent_score_adapter,test,elara_master_c/predictions/development/M1-MVTEC-SUPERVISED-PAIRED__MVTec_3D-AD__PatchCore_supervised-paired/tent_score_adapter/test/seed_50.parquet,278,1e8af62f2df0e25f584837eaee181fb72a53888e3d59fb5e0fe1d8123542711e,7b87491aba2c922801a5c8a7c16b19f891f3a96fb80677932c3b14ba5a596af1,671bb8d822f24177c4184a6453678385aaa3ecb1,True,True,2026-05-29T02:29:51Z
M1-MVTEC-SUPERVISED-PAIRED_ttt_pseudo_label_adapter_test_seed50_7fad0712,M1-MVTEC-SUPERVISED-PAIRED,MVTec 3D-AD,PatchCore supervised-paired,50,ttt_pseudo_label_adapter,test,elara_master_c/predictions/development/M1-MVTEC-SUPERVISED-PAIRED__MVTec_3D-AD__PatchCore_supervised-paired/ttt_pseudo_label_adapter/test/seed_50.parquet,278,7fad0712562375eb718cdaf7faf8687be819f44e9a05de8698a9f613567fedb7,7b87491aba2c922801a5c8a7c16b19f891f3a96fb80677932c3b14ba5a596af1,671bb8d822f24177c4184a6453678385aaa3ecb1,True,True,2026-05-29T02:29:51Z
M1-MVTEC-SUPERVISED-PAIRED_eata_score_adapter_test_seed50_16294c91,M1-MVTEC-SUPERVISED-PAIRED,MVTec 3D-AD,PatchCore supervised-paired,50,eata_score_adapter,test,elara_master_c/predictions/development/M1-MVTEC-SUPERVISED-PAIRED__MVTec_3D-AD__PatchCore_supervised-paired/eata_score_adapter/test/seed_50.parquet,278,16294c91381ef6029657e91206f21bf93cfd0f6b4afb1fb1d5d8ec12438f1734,7b87491aba2c922801a5c8a7c16b19f891f3a96fb80677932c3b14ba5a596af1,671bb8d822f24177c4184a6453678385aaa3ecb1,True,True,2026-05-29T02:29:51Z
M1-MVTEC-SUPERVISED-PAIRED_sar_score_adapter_test_seed50_baea3704,M1-MVTEC-SUPERVISED-PAIRED,MVTec 3D-AD,PatchCore supervised-paired,50,sar_score_adapter,test,elara_master_c/predictions/development/M1-MVTEC-SUPERVISED-PAIRED__MVTec_3D-AD__PatchCore_supervised-paired/sar_score_adapter/test/seed_50.parquet,278,baea3704e7bb421924bc9848a55298bc9dc0366f26f5f87295c340aca2e76600,7b87491aba2c922801a5c8a7c16b19f891f3a96fb80677932c3b14ba5a596af1,671bb8d822f24177c4184a6453678385aaa3ecb1,True,True,2026-05-29T02:29:51Z
M1-MVTEC-SUPERVISED-PAIRED_static_attention_test_seed51_b2d039e6,M1-MVTEC-SUPERVISED-PAIRED,MVTec 3D-AD,PatchCore supervised-paired,51,static_attention,test,elara_master_c/predictions/development/M1-MVTEC-SUPERVISED-PAIRED__MVTec_3D-AD__PatchCore_supervised-paired/static_attention/test/seed_51.parquet,278,b2d039e61429b8c74e82813af560e24e70fbfa2df6887936da64c7cd697043ae,7b87491aba2c922801a5c8a7c16b19f891f3a96fb80677932c3b14ba5a596af1,671bb8d822f24177c4184a6453678385aaa3ecb1,True,True,2026-05-29T02:30:19Z
M1-MVTEC-SUPERVISED-PAIRED_craf_attention_test_seed51_63e9fc24,M1-MVTEC-SUPERVISED-PAIRED,MVTec 3D-AD,PatchCore supervised-paired,51,craf_attention,test,elara_master_c/predictions/development/M1-MVTEC-SUPERVISED-PAIRED__MVTec_3D-AD__PatchCore_supervised-paired/craf_attention/test/seed_51.parquet,278,63e9fc2497d0c8c4ff937f9a1c0c8224a56833e061b82fd05e6233fc1ad991a7,7b87491aba2c922801a5c8a7c16b19f891f3a96fb80677932c3b14ba5a596af1,671bb8d822f24177c4184a6453678385aaa3ecb1,True,True,2026-05-29T02:30:20Z
M1-MVTEC-SUPERVISED-PAIRED_rga_boosted_fusion_test_seed51_afbb0f5e,M1-MVTEC-SUPERVISED-PAIRED,MVTec 3D-AD,PatchCore supervised-paired,51,rga_boosted_fusion,test,elara_master_c/predictions/development/M1-MVTEC-SUPERVISED-PAIRED__MVTec_3D-AD__PatchCore_supervised-paired/rga_boosted_fusion/test/seed_51.parquet,278,afbb0f5e31e0004c00b3826b69bed2520eda6f59cd71d35d436f13c4b6ccadd5,7b87491aba2c922801a5c8a7c16b19f891f3a96fb80677932c3b14ba5a596af1,671bb8d822f24177c4184a6453678385aaa3ecb1,True,True,2026-05-29T02:30:20Z
M1-MVTEC-SUPERVISED-PAIRED_rga_meta_router_test_seed51_fd26dc01,M1-MVTEC-SUPERVISED-PAIRED,MVTec 3D-AD,PatchCore supervised-paired,51,rga_meta_router,test,elara_master_c/predictions/development/M1-MVTEC-SUPERVISED-PAIRED__MVTec_3D-AD__PatchCore_supervised-paired/rga_meta_router/test/seed_51.parquet,278,fd26dc01992fd8f6a9499da54117661f9baff3ade7479709f2f622dc393f02d0,7b87491aba2c922801a5c8a7c16b19f891f3a96fb80677932c3b14ba5a596af1,671bb8d822f24177c4184a6453678385aaa3ecb1,True,True,2026-05-29T02:30:20Z
M1-MVTEC-SUPERVISED-PAIRED_early_fusion_mlp_test_seed51_00ee18ca,M1-MVTEC-SUPERVISED-PAIRED,MVTec 3D-AD,PatchCore supervised-paired,51,early_fusion_mlp,test,elara_master_c/predictions/development/M1-MVTEC-SUPERVISED-PAIRED__MVTec_3D-AD__PatchCore_supervised-paired/early_fusion_mlp/test/seed_51.parquet,278,00ee18caf8e270adfe4294bcf5554191506b76c6b28b55bb7aef9c3f2d1f9f49,7b87491aba2c922801a5c8a7c16b19f891f3a96fb80677932c3b14ba5a596af1,671bb8d822f24177c4184a6453678385aaa3ecb1,True,True,2026-05-29T02:30:20Z
M1-MVTEC-SUPERVISED-PAIRED_late_fusion_ensemble_test_seed51_0aef3760,M1-MVTEC-SUPERVISED-PAIRED,MVTec 3D-AD,PatchCore supervised-paired,51,late_fusion_ensemble,test,elara_master_c/predictions/development/M1-MVTEC-SUPERVISED-PAIRED__MVTec_3D-AD__PatchCore_supervised-paired/late_fusion_ensemble/test/seed_51.parquet,278,0aef3760f09750adf0fe780536429b192b0828e1a1ad74c2b78c13271ee8186d,7b87491aba2c922801a5c8a7c16b19f891f3a96fb80677932c3b14ba5a596af1,671bb8d822f24177c4184a6453678385aaa3ecb1,True,True,2026-05-29T02:30:20Z
M1-MVTEC-SUPERVISED-PAIRED_random_forest_test_seed51_850663fc,M1-MVTEC-SUPERVISED-PAIRED,MVTec 3D-AD,PatchCore supervised-paired,51,random_forest,test,elara_master_c/predictions/development/M1-MVTEC-SUPERVISED-PAIRED__MVTec_3D-AD__PatchCore_supervised-paired/random_forest/test/seed_51.parquet,278,850663fc9ebdffa8ff37365e6994d28bd0beadd558ad5ce7f221deaecf395b05,7b87491aba2c922801a5c8a7c16b19f891f3a96fb80677932c3b14ba5a596af1,671bb8d822f24177c4184a6453678385aaa3ecb1,True,True,2026-05-29T02:30:20Z
M1-MVTEC-SUPERVISED-PAIRED_confidence_weighted_mean_test_seed51_04c82484,M1-MVTEC-SUPERVISED-PAIRED,MVTec 3D-AD,PatchCore supervised-paired,51,confidence_weighted_mean,test,elara_master_c/predictions/development/M1-MVTEC-SUPERVISED-PAIRED__MVTec_3D-AD__PatchCore_supervised-paired/confidence_weighted_mean/test/seed_51.parquet,278,04c82484840f0773135507b2ff64fabc8d329721f35aee115d34042b7b8c333b,7b87491aba2c922801a5c8a7c16b19f891f3a96fb80677932c3b14ba5a596af1,671bb8d822f24177c4184a6453678385aaa3ecb1,True,True,2026-05-29T02:30:20Z
M1-MVTEC-SUPERVISED-PAIRED_tent_score_adapter_test_seed51_943d867f,M1-MVTEC-SUPERVISED-PAIRED,MVTec 3D-AD,PatchCore supervised-paired,51,tent_score_adapter,test,elara_master_c/predictions/development/M1-MVTEC-SUPERVISED-PAIRED__MVTec_3D-AD__PatchCore_supervised-paired/tent_score_adapter/test/seed_51.parquet,278,943d867f0a09f0dc8297253a132ff735b4f2c269cad87f477d5cb65125b5137e,7b87491aba2c922801a5c8a7c16b19f891f3a96fb80677932c3b14ba5a596af1,671bb8d822f24177c4184a6453678385aaa3ecb1,True,True,2026-05-29T02:30:20Z
M1-MVTEC-SUPERVISED-PAIRED_ttt_pseudo_label_adapter_test_seed51_6110ace6,M1-MVTEC-SUPERVISED-PAIRED,MVTec 3D-AD,PatchCore supervised-paired,51,ttt_pseudo_label_adapter,test,elara_master_c/predictions/development/M1-MVTEC-SUPERVISED-PAIRED__MVTec_3D-AD__PatchCore_supervised-paired/ttt_pseudo_label_adapter/test/seed_51.parquet,278,6110ace62e77cdcb15416602fde675aaaaf4fa071af7d073fa98760d1e88c5e9,7b87491aba2c922801a5c8a7c16b19f891f3a96fb80677932c3b14ba5a596af1,671bb8d822f24177c4184a6453678385aaa3ecb1,True,True,2026-05-29T02:30:20Z
M1-MVTEC-SUPERVISED-PAIRED_eata_score_adapter_test_seed51_4f651b9b,M1-MVTEC-SUPERVISED-PAIRED,MVTec 3D-AD,PatchCore supervised-paired,51,eata_score_adapter,test,elara_master_c/predictions/development/M1-MVTEC-SUPERVISED-PAIRED__MVTec_3D-AD__PatchCore_supervised-paired/eata_score_adapter/test/seed_51.parquet,278,4f651b9b486a1d34d993f323089b6d4b849279f40c06e5ad2569f3c62cab939e,7b87491aba2c922801a5c8a7c16b19f891f3a96fb80677932c3b14ba5a596af1,671bb8d822f24177c4184a6453678385aaa3ecb1,True,True,2026-05-29T02:30:20Z
M1-MVTEC-SUPERVISED-PAIRED_sar_score_adapter_test_seed51_c7b9245e,M1-MVTEC-SUPERVISED-PAIRED,MVTec 3D-AD,PatchCore supervised-paired,51,sar_score_adapter,test,elara_master_c/predictions/development/M1-MVTEC-SUPERVISED-PAIRED__MVTec_3D-AD__PatchCore_supervised-paired/sar_score_adapter/test/seed_51.parquet,278,c7b9245ef0fdd695dbf977e7baf5cfc476b8ddec9eac1637bda3439b82d59630,7b87491aba2c922801a5c8a7c16b19f891f3a96fb80677932c3b14ba5a596af1,671bb8d822f24177c4184a6453678385aaa3ecb1,True,True,2026-05-29T02:30:20Z
M1-MVTEC-SUPERVISED-PAIRED_static_attention_test_seed52_33a51b84,M1-MVTEC-SUPERVISED-PAIRED,MVTec 3D-AD,PatchCore supervised-paired,52,static_attention,test,elara_master_c/predictions/development/M1-MVTEC-SUPERVISED-PAIRED__MVTec_3D-AD__PatchCore_supervised-paired/static_attention/test/seed_52.parquet,278,33a51b842fc23ffd81cf214b664e9aa5fe832faa0a7a87763d7891e218193a4f,7b87491aba2c922801a5c8a7c16b19f891f3a96fb80677932c3b14ba5a596af1,671bb8d822f24177c4184a6453678385aaa3ecb1,True,True,2026-05-29T02:30:42Z
M1-MVTEC-SUPERVISED-PAIRED_craf_attention_test_seed52_d9b08df5,M1-MVTEC-SUPERVISED-PAIRED,MVTec 3D-AD,PatchCore supervised-paired,52,craf_attention,test,elara_master_c/predictions/development/M1-MVTEC-SUPERVISED-PAIRED__MVTec_3D-AD__PatchCore_supervised-paired/craf_attention/test/seed_52.parquet,278,d9b08df5402c1561af3ad2cfd1e29ee083cb3eb1e1c90a2678583acec7f79428,7b87491aba2c922801a5c8a7c16b19f891f3a96fb80677932c3b14ba5a596af1,671bb8d822f24177c4184a6453678385aaa3ecb1,True,True,2026-05-29T02:30:42Z
M1-MVTEC-SUPERVISED-PAIRED_rga_boosted_fusion_test_seed52_51d8c76a,M1-MVTEC-SUPERVISED-PAIRED,MVTec 3D-AD,PatchCore supervised-paired,52,rga_boosted_fusion,test,elara_master_c/predictions/development/M1-MVTEC-SUPERVISED-PAIRED__MVTec_3D-AD__PatchCore_supervised-paired/rga_boosted_fusion/test/seed_52.parquet,278,51d8c76a9b51453f1d3118c732a48d1118c12137f6a36f9f0255b1911cc013d2,7b87491aba2c922801a5c8a7c16b19f891f3a96fb80677932c3b14ba5a596af1,671bb8d822f24177c4184a6453678385aaa3ecb1,True,True,2026-05-29T02:30:42Z
M1-MVTEC-SUPERVISED-PAIRED_rga_meta_router_test_seed52_4f67b3bc,M1-MVTEC-SUPERVISED-PAIRED,MVTec 3D-AD,PatchCore supervised-paired,52,rga_meta_router,test,elara_master_c/predictions/development/M1-MVTEC-SUPERVISED-PAIRED__MVTec_3D-AD__PatchCore_supervised-paired/rga_meta_router/test/seed_52.parquet,278,4f67b3bc0bdf000e80c1861b0f7d59e64ee142724af7d672724062aafb1fd725,7b87491aba2c922801a5c8a7c16b19f891f3a96fb80677932c3b14ba5a596af1,671bb8d822f24177c4184a6453678385aaa3ecb1,True,True,2026-05-29T02:30:42Z
M1-MVTEC-SUPERVISED-PAIRED_early_fusion_mlp_test_seed52_2c9cfc1d,M1-MVTEC-SUPERVISED-PAIRED,MVTec 3D-AD,PatchCore supervised-paired,52,early_fusion_mlp,test,elara_master_c/predictions/development/M1-MVTEC-SUPERVISED-PAIRED__MVTec_3D-AD__PatchCore_supervised-paired/early_fusion_mlp/test/seed_52.parquet,278,2c9cfc1d5ec056f2f268d19f9817c3265f0c10ce1447ed84ba9206a1885e0a9f,7b87491aba2c922801a5c8a7c16b19f891f3a96fb80677932c3b14ba5a596af1,671bb8d822f24177c4184a6453678385aaa3ecb1,True,True,2026-05-29T02:30:42Z
M1-MVTEC-SUPERVISED-PAIRED_late_fusion_ensemble_test_seed52_5a14718c,M1-MVTEC-SUPERVISED-PAIRED,MVTec 3D-AD,PatchCore supervised-paired,52,late_fusion_ensemble,test,elara_master_c/predictions/development/M1-MVTEC-SUPERVISED-PAIRED__MVTec_3D-AD__PatchCore_supervised-paired/late_fusion_ensemble/test/seed_52.parquet,278,5a14718c9b89035f31538f283cbd61e9a311dd5f24b37b3c85aa415f1aabbd7a,7b87491aba2c922801a5c8a7c16b19f891f3a96fb80677932c3b14ba5a596af1,671bb8d822f24177c4184a6453678385aaa3ecb1,True,True,2026-05-29T02:30:42Z
M1-MVTEC-SUPERVISED-PAIRED_random_forest_test_seed52_84d74168,M1-MVTEC-SUPERVISED-PAIRED,MVTec 3D-AD,PatchCore supervised-paired,52,random_forest,test,elara_master_c/predictions/development/M1-MVTEC-SUPERVISED-PAIRED__MVTec_3D-AD__PatchCore_supervised-paired/random_forest/test/seed_52.parquet,278,84d74168fdd285f354a9f2025791979bd64d9a716e4e5b92e4ac0e48915850ac,7b87491aba2c922801a5c8a7c16b19f891f3a96fb80677932c3b14ba5a596af1,671bb8d822f24177c4184a6453678385aaa3ecb1,True,True,2026-05-29T02:30:42Z
M1-MVTEC-SUPERVISED-PAIRED_confidence_weighted_mean_test_seed52_cf9b2175,M1-MVTEC-SUPERVISED-PAIRED,MVTec 3D-AD,PatchCore supervised-paired,52,confidence_weighted_mean,test,elara_master_c/predictions/development/M1-MVTEC-SUPERVISED-PAIRED__MVTec_3D-AD__PatchCore_supervised-paired/confidence_weighted_mean/test/seed_52.parquet,278,cf9b21750f8eba9737c4edb015c1a1601b2957d6bcce7c595ed9d51747594d01,7b87491aba2c922801a5c8a7c16b19f891f3a96fb80677932c3b14ba5a596af1,671bb8d822f24177c4184a6453678385aaa3ecb1,True,True,2026-05-29T02:30:42Z
M1-MVTEC-SUPERVISED-PAIRED_tent_score_adapter_test_seed52_3dd2596c,M1-MVTEC-SUPERVISED-PAIRED,MVTec 3D-AD,PatchCore supervised-paired,52,tent_score_adapter,test,elara_master_c/predictions/development/M1-MVTEC-SUPERVISED-PAIRED__MVTec_3D-AD__PatchCore_supervised-paired/tent_score_adapter/test/seed_52.parquet,278,3dd2596cee1db8ff58dc29babff3f6fc2ce836fdba7932b280c1241697ab20f5,7b87491aba2c922801a5c8a7c16b19f891f3a96fb80677932c3b14ba5a596af1,671bb8d822f24177c4184a6453678385aaa3ecb1,True,True,2026-05-29T02:30:42Z
M1-MVTEC-SUPERVISED-PAIRED_ttt_pseudo_label_adapter_test_seed52_187178e6,M1-MVTEC-SUPERVISED-PAIRED,MVTec 3D-AD,PatchCore supervised-paired,52,ttt_pseudo_label_adapter,test,elara_master_c/predictions/development/M1-MVTEC-SUPERVISED-PAIRED__MVTec_3D-AD__PatchCore_supervised-paired/ttt_pseudo_label_adapter/test/seed_52.parquet,278,187178e60c9008e4302540c70a27c119a2ba74495b641828b3ab41c81edad27b,7b87491aba2c922801a5c8a7c16b19f891f3a96fb80677932c3b14ba5a596af1,671bb8d822f24177c4184a6453678385aaa3ecb1,True,True,2026-05-29T02:30:43Z
M1-MVTEC-SUPERVISED-PAIRED_eata_score_adapter_test_seed52_afc5e9af,M1-MVTEC-SUPERVISED-PAIRED,MVTec 3D-AD,PatchCore supervised-paired,52,eata_score_adapter,test,elara_master_c/predictions/development/M1-MVTEC-SUPERVISED-PAIRED__MVTec_3D-AD__PatchCore_supervised-paired/eata_score_adapter/test/seed_52.parquet,278,afc5e9af14b87de63facd302d6e5882756830fba4b39a36bf3c2cf9e058d4aae,7b87491aba2c922801a5c8a7c16b19f891f3a96fb80677932c3b14ba5a596af1,671bb8d822f24177c4184a6453678385aaa3ecb1,True,True,2026-05-29T02:30:43Z
M1-MVTEC-SUPERVISED-PAIRED_sar_score_adapter_test_seed52_e24ff097,M1-MVTEC-SUPERVISED-PAIRED,MVTec 3D-AD,PatchCore supervised-paired,52,sar_score_adapter,test,elara_master_c/predictions/development/M1-MVTEC-SUPERVISED-PAIRED__MVTec_3D-AD__PatchCore_supervised-paired/sar_score_adapter/test/seed_52.parquet,278,e24ff097deeec0c849f8a3e247e3ff356b90ff3573cbd7e48555822fbd0ae8ef,7b87491aba2c922801a5c8a7c16b19f891f3a96fb80677932c3b14ba5a596af1,671bb8d822f24177c4184a6453678385aaa3ecb1,True,True,2026-05-29T02:30:43Z
M1-MVTEC-SUPERVISED-PAIRED_static_attention_test_seed53_daf64fe2,M1-MVTEC-SUPERVISED-PAIRED,MVTec 3D-AD,PatchCore supervised-paired,53,static_attention,test,elara_master_c/predictions/development/M1-MVTEC-SUPERVISED-PAIRED__MVTec_3D-AD__PatchCore_supervised-paired/static_attention/test/seed_53.parquet,278,daf64fe28892d34d9333a165102a66b89281890f6219d2065c1ba5416a0fd88e,7b87491aba2c922801a5c8a7c16b19f891f3a96fb80677932c3b14ba5a596af1,dfdf39c8ada6b52b4554c6b10f8034e1608e68bc,True,True,2026-05-29T02:31:07Z
M1-MVTEC-SUPERVISED-PAIRED_craf_attention_test_seed53_9a0b2024,M1-MVTEC-SUPERVISED-PAIRED,MVTec 3D-AD,PatchCore supervised-paired,53,craf_attention,test,elara_master_c/predictions/development/M1-MVTEC-SUPERVISED-PAIRED__MVTec_3D-AD__PatchCore_supervised-paired/craf_attention/test/seed_53.parquet,278,9a0b20243dcc799a9f804a1cc6e4733e461a4f58d9bbf669fa6cb9f9bff1048c,7b87491aba2c922801a5c8a7c16b19f891f3a96fb80677932c3b14ba5a596af1,dfdf39c8ada6b52b4554c6b10f8034e1608e68bc,True,True,2026-05-29T02:31:07Z
M1-MVTEC-SUPERVISED-PAIRED_rga_boosted_fusion_test_seed53_77aa3139,M1-MVTEC-SUPERVISED-PAIRED,MVTec 3D-AD,PatchCore supervised-paired,53,rga_boosted_fusion,test,elara_master_c/predictions/development/M1-MVTEC-SUPERVISED-PAIRED__MVTec_3D-AD__PatchCore_supervised-paired/rga_boosted_fusion/test/seed_53.parquet,278,77aa3139b91d093bcddfb6e0c65327c41b0fe1b3cd30a25146aa8126692bf237,7b87491aba2c922801a5c8a7c16b19f891f3a96fb80677932c3b14ba5a596af1,dfdf39c8ada6b52b4554c6b10f8034e1608e68bc,True,True,2026-05-29T02:31:07Z
M1-MVTEC-SUPERVISED-PAIRED_rga_meta_router_test_seed53_9e54eb32,M1-MVTEC-SUPERVISED-PAIRED,MVTec 3D-AD,PatchCore supervised-paired,53,rga_meta_router,test,elara_master_c/predictions/development/M1-MVTEC-SUPERVISED-PAIRED__MVTec_3D-AD__PatchCore_supervised-paired/rga_meta_router/test/seed_53.parquet,278,9e54eb3246203d70062f937f7be83ee5582f2d27ff6d44faedcdda2ec701663a,7b87491aba2c922801a5c8a7c16b19f891f3a96fb80677932c3b14ba5a596af1,dfdf39c8ada6b52b4554c6b10f8034e1608e68bc,True,True,2026-05-29T02:31:08Z
M1-MVTEC-SUPERVISED-PAIRED_early_fusion_mlp_test_seed53_a90f1577,M1-MVTEC-SUPERVISED-PAIRED,MVTec 3D-AD,PatchCore supervised-paired,53,early_fusion_mlp,test,elara_master_c/predictions/development/M1-MVTEC-SUPERVISED-PAIRED__MVTec_3D-AD__PatchCore_supervised-paired/early_fusion_mlp/test/seed_53.parquet,278,a90f15776a3523532d90fbca251892ec81936981e4224be556df0041722d6410,7b87491aba2c922801a5c8a7c16b19f891f3a96fb80677932c3b14ba5a596af1,dfdf39c8ada6b52b4554c6b10f8034e1608e68bc,True,True,2026-05-29T02:31:08Z
M1-MVTEC-SUPERVISED-PAIRED_late_fusion_ensemble_test_seed53_e4da959d,M1-MVTEC-SUPERVISED-PAIRED,MVTec 3D-AD,PatchCore supervised-paired,53,late_fusion_ensemble,test,elara_master_c/predictions/development/M1-MVTEC-SUPERVISED-PAIRED__MVTec_3D-AD__PatchCore_supervised-paired/late_fusion_ensemble/test/seed_53.parquet,278,e4da959dfc9c07fbd2bc94ec391eb453cfd7f829decec2e79630a7c816f8a952,7b87491aba2c922801a5c8a7c16b19f891f3a96fb80677932c3b14ba5a596af1,dfdf39c8ada6b52b4554c6b10f8034e1608e68bc,True,True,2026-05-29T02:31:08Z
M1-MVTEC-SUPERVISED-PAIRED_random_forest_test_seed53_e8b142d5,M1-MVTEC-SUPERVISED-PAIRED,MVTec 3D-AD,PatchCore supervised-paired,53,random_forest,test,elara_master_c/predictions/development/M1-MVTEC-SUPERVISED-PAIRED__MVTec_3D-AD__PatchCore_supervised-paired/random_forest/test/seed_53.parquet,278,e8b142d540d2c14651b3ae8bacfaf009daa595148f1bb53786ac5d83f95f7887,7b87491aba2c922801a5c8a7c16b19f891f3a96fb80677932c3b14ba5a596af1,dfdf39c8ada6b52b4554c6b10f8034e1608e68bc,True,True,2026-05-29T02:31:08Z
M1-MVTEC-SUPERVISED-PAIRED_confidence_weighted_mean_test_seed53_e773c6dd,M1-MVTEC-SUPERVISED-PAIRED,MVTec 3D-AD,PatchCore supervised-paired,53,confidence_weighted_mean,test,elara_master_c/predictions/development/M1-MVTEC-SUPERVISED-PAIRED__MVTec_3D-AD__PatchCore_supervised-paired/confidence_weighted_mean/test/seed_53.parquet,278,e773c6dd3cc906c1b7543daa2ce9d408ae60af3bd1033f9a7e044283a3865817,7b87491aba2c922801a5c8a7c16b19f891f3a96fb80677932c3b14ba5a596af1,dfdf39c8ada6b52b4554c6b10f8034e1608e68bc,True,True,2026-05-29T02:31:08Z
M1-MVTEC-SUPERVISED-PAIRED_tent_score_adapter_test_seed53_121c6676,M1-MVTEC-SUPERVISED-PAIRED,MVTec 3D-AD,PatchCore supervised-paired,53,tent_score_adapter,test,elara_master_c/predictions/development/M1-MVTEC-SUPERVISED-PAIRED__MVTec_3D-AD__PatchCore_supervised-paired/tent_score_adapter/test/seed_53.parquet,278,121c66761b6d55a09ef3f3b8177311509dc6c28ed385f9cf8d2a33ec663fc9ee,7b87491aba2c922801a5c8a7c16b19f891f3a96fb80677932c3b14ba5a596af1,dfdf39c8ada6b52b4554c6b10f8034e1608e68bc,True,True,2026-05-29T02:31:08Z
M1-MVTEC-SUPERVISED-PAIRED_ttt_pseudo_label_adapter_test_seed53_ef1d8c9b,M1-MVTEC-SUPERVISED-PAIRED,MVTec 3D-AD,PatchCore supervised-paired,53,ttt_pseudo_label_adapter,test,elara_master_c/predictions/development/M1-MVTEC-SUPERVISED-PAIRED__MVTec_3D-AD__PatchCore_supervised-paired/ttt_pseudo_label_adapter/test/seed_53.parquet,278,ef1d8c9b2b0093dd56494162980ebb07a7c44c910158fd0ea86bc6a01721be28,7b87491aba2c922801a5c8a7c16b19f891f3a96fb80677932c3b14ba5a596af1,dfdf39c8ada6b52b4554c6b10f8034e1608e68bc,True,True,2026-05-29T02:31:08Z
M1-MVTEC-SUPERVISED-PAIRED_eata_score_adapter_test_seed53_a077874c,M1-MVTEC-SUPERVISED-PAIRED,MVTec 3D-AD,PatchCore supervised-paired,53,eata_score_adapter,test,elara_master_c/predictions/development/M1-MVTEC-SUPERVISED-PAIRED__MVTec_3D-AD__PatchCore_supervised-paired/eata_score_adapter/test/seed_53.parquet,278,a077874c7d891111796b7d1989da25fde2e61156d3213258880a135c7f3dcb2a,7b87491aba2c922801a5c8a7c16b19f891f3a96fb80677932c3b14ba5a596af1,dfdf39c8ada6b52b4554c6b10f8034e1608e68bc,True,True,2026-05-29T02:31:08Z
M1-MVTEC-SUPERVISED-PAIRED_sar_score_adapter_test_seed53_0096a72a,M1-MVTEC-SUPERVISED-PAIRED,MVTec 3D-AD,PatchCore supervised-paired,53,sar_score_adapter,test,elara_master_c/predictions/development/M1-MVTEC-SUPERVISED-PAIRED__MVTec_3D-AD__PatchCore_supervised-paired/sar_score_adapter/test/seed_53.parquet,278,0096a72a4e471df4f4bf5aa8f386516f9e006e6f5f06f8f956549fcb801da442,7b87491aba2c922801a5c8a7c16b19f891f3a96fb80677932c3b14ba5a596af1,dfdf39c8ada6b52b4554c6b10f8034e1608e68bc,True,True,2026-05-29T02:31:08Z
M1-MVTEC-SUPERVISED-PAIRED_static_attention_test_seed54_4e88bd5c,M1-MVTEC-SUPERVISED-PAIRED,MVTec 3D-AD,PatchCore supervised-paired,54,static_attention,test,elara_master_c/predictions/development/M1-MVTEC-SUPERVISED-PAIRED__MVTec_3D-AD__PatchCore_supervised-paired/static_attention/test/seed_54.parquet,278,4e88bd5caa5dca83fd627d5de5a7e5dd4f0f4f1b592b13548615c586249392ce,7b87491aba2c922801a5c8a7c16b19f891f3a96fb80677932c3b14ba5a596af1,dfdf39c8ada6b52b4554c6b10f8034e1608e68bc,True,True,2026-05-29T02:31:30Z
M1-MVTEC-SUPERVISED-PAIRED_craf_attention_test_seed54_bbf7b83c,M1-MVTEC-SUPERVISED-PAIRED,MVTec 3D-AD,PatchCore supervised-paired,54,craf_attention,test,elara_master_c/predictions/development/M1-MVTEC-SUPERVISED-PAIRED__MVTec_3D-AD__PatchCore_supervised-paired/craf_attention/test/seed_54.parquet,278,bbf7b83c2f0ed1fd7a14e6cc55f77ea01855bfe6916e793e6980a1943a8bf814,7b87491aba2c922801a5c8a7c16b19f891f3a96fb80677932c3b14ba5a596af1,dfdf39c8ada6b52b4554c6b10f8034e1608e68bc,True,True,2026-05-29T02:31:30Z
M1-MVTEC-SUPERVISED-PAIRED_rga_boosted_fusion_test_seed54_a3eb047f,M1-MVTEC-SUPERVISED-PAIRED,MVTec 3D-AD,PatchCore supervised-paired,54,rga_boosted_fusion,test,elara_master_c/predictions/development/M1-MVTEC-SUPERVISED-PAIRED__MVTec_3D-AD__PatchCore_supervised-paired/rga_boosted_fusion/test/seed_54.parquet,278,a3eb047ffa648f3ed6d57173b5ed1f0772593a23abf062eb4d44aabed9569544,7b87491aba2c922801a5c8a7c16b19f891f3a96fb80677932c3b14ba5a596af1,dfdf39c8ada6b52b4554c6b10f8034e1608e68bc,True,True,2026-05-29T02:31:30Z
M1-MVTEC-SUPERVISED-PAIRED_rga_meta_router_test_seed54_d8037f64,M1-MVTEC-SUPERVISED-PAIRED,MVTec 3D-AD,PatchCore supervised-paired,54,rga_meta_router,test,elara_master_c/predictions/development/M1-MVTEC-SUPERVISED-PAIRED__MVTec_3D-AD__PatchCore_supervised-paired/rga_meta_router/test/seed_54.parquet,278,d8037f643030ffb812f66c9945269d53b8f2bbd8a14ca803eaec4ffa26808b03,7b87491aba2c922801a5c8a7c16b19f891f3a96fb80677932c3b14ba5a596af1,dfdf39c8ada6b52b4554c6b10f8034e1608e68bc,True,True,2026-05-29T02:31:30Z
M1-MVTEC-SUPERVISED-PAIRED_early_fusion_mlp_test_seed54_cfc2de36,M1-MVTEC-SUPERVISED-PAIRED,MVTec 3D-AD,PatchCore supervised-paired,54,early_fusion_mlp,test,elara_master_c/predictions/development/M1-MVTEC-SUPERVISED-PAIRED__MVTec_3D-AD__PatchCore_supervised-paired/early_fusion_mlp/test/seed_54.parquet,278,cfc2de36186b93133656388481af7e3762768db34d5962576d01437730a835ff,7b87491aba2c922801a5c8a7c16b19f891f3a96fb80677932c3b14ba5a596af1,dfdf39c8ada6b52b4554c6b10f8034e1608e68bc,True,True,2026-05-29T02:31:30Z
M1-MVTEC-SUPERVISED-PAIRED_late_fusion_ensemble_test_seed54_7641d575,M1-MVTEC-SUPERVISED-PAIRED,MVTec 3D-AD,PatchCore supervised-paired,54,late_fusion_ensemble,test,elara_master_c/predictions/development/M1-MVTEC-SUPERVISED-PAIRED__MVTec_3D-AD__PatchCore_supervised-paired/late_fusion_ensemble/test/seed_54.parquet,278,7641d575cf3f897b72aad7cc34a3bec33d9a555829af67135ef32b3231d925c6,7b87491aba2c922801a5c8a7c16b19f891f3a96fb80677932c3b14ba5a596af1,dfdf39c8ada6b52b4554c6b10f8034e1608e68bc,True,True,2026-05-29T02:31:30Z
M1-MVTEC-SUPERVISED-PAIRED_random_forest_test_seed54_88470145,M1-MVTEC-SUPERVISED-PAIRED,MVTec 3D-AD,PatchCore supervised-paired,54,random_forest,test,elara_master_c/predictions/development/M1-MVTEC-SUPERVISED-PAIRED__MVTec_3D-AD__PatchCore_supervised-paired/random_forest/test/seed_54.parquet,278,8847014596843eeebf96c89727d7d9f6321d19924b969d5827efc1b72e6796f5,7b87491aba2c922801a5c8a7c16b19f891f3a96fb80677932c3b14ba5a596af1,dfdf39c8ada6b52b4554c6b10f8034e1608e68bc,True,True,2026-05-29T02:31:30Z
M1-MVTEC-SUPERVISED-PAIRED_confidence_weighted_mean_test_seed54_2a616206,M1-MVTEC-SUPERVISED-PAIRED,MVTec 3D-AD,PatchCore supervised-paired,54,confidence_weighted_mean,test,elara_master_c/predictions/development/M1-MVTEC-SUPERVISED-PAIRED__MVTec_3D-AD__PatchCore_supervised-paired/confidence_weighted_mean/test/seed_54.parquet,278,2a6162068527c091e6113469e8fb0149ec9ae73ee0c11b2e10f949cb0616fa27,7b87491aba2c922801a5c8a7c16b19f891f3a96fb80677932c3b14ba5a596af1,dfdf39c8ada6b52b4554c6b10f8034e1608e68bc,True,True,2026-05-29T02:31:30Z
M1-MVTEC-SUPERVISED-PAIRED_tent_score_adapter_test_seed54_d7c48e8e,M1-MVTEC-SUPERVISED-PAIRED,MVTec 3D-AD,PatchCore supervised-paired,54,tent_score_adapter,test,elara_master_c/predictions/development/M1-MVTEC-SUPERVISED-PAIRED__MVTec_3D-AD__PatchCore_supervised-paired/tent_score_adapter/test/seed_54.parquet,278,d7c48e8eb9a6e02d7868cd19b41f454c3b17b7c7dfef779675930960722df1ef,7b87491aba2c922801a5c8a7c16b19f891f3a96fb80677932c3b14ba5a596af1,dfdf39c8ada6b52b4554c6b10f8034e1608e68bc,True,True,2026-05-29T02:31:30Z
M1-MVTEC-SUPERVISED-PAIRED_ttt_pseudo_label_adapter_test_seed54_6ef83760,M1-MVTEC-SUPERVISED-PAIRED,MVTec 3D-AD,PatchCore supervised-paired,54,ttt_pseudo_label_adapter,test,elara_master_c/predictions/development/M1-MVTEC-SUPERVISED-PAIRED__MVTec_3D-AD__PatchCore_supervised-paired/ttt_pseudo_label_adapter/test/seed_54.parquet,278,6ef83760e26b98f2d6dd33ae3c73e9c2a0cc1d598b94c2261c515c62187997e3,7b87491aba2c922801a5c8a7c16b19f891f3a96fb80677932c3b14ba5a596af1,dfdf39c8ada6b52b4554c6b10f8034e1608e68bc,True,True,2026-05-29T02:31:30Z
M1-MVTEC-SUPERVISED-PAIRED_eata_score_adapter_test_seed54_815083ad,M1-MVTEC-SUPERVISED-PAIRED,MVTec 3D-AD,PatchCore supervised-paired,54,eata_score_adapter,test,elara_master_c/predictions/development/M1-MVTEC-SUPERVISED-PAIRED__MVTec_3D-AD__PatchCore_supervised-paired/eata_score_adapter/test/seed_54.parquet,278,815083ad1e7566e6eb36d008f929bd7d7a8dde297a187c7c60894b97e0ab876a,7b87491aba2c922801a5c8a7c16b19f891f3a96fb80677932c3b14ba5a596af1,dfdf39c8ada6b52b4554c6b10f8034e1608e68bc,True,True,2026-05-29T02:31:30Z
M1-MVTEC-SUPERVISED-PAIRED_sar_score_adapter_test_seed54_8a177778,M1-MVTEC-SUPERVISED-PAIRED,MVTec 3D-AD,PatchCore supervised-paired,54,sar_score_adapter,test,elara_master_c/predictions/development/M1-MVTEC-SUPERVISED-PAIRED__MVTec_3D-AD__PatchCore_supervised-paired/sar_score_adapter/test/seed_54.parquet,278,8a177778e633e5f02593246f038cad86c09d58b29236c2ce2520c26dbb234239,7b87491aba2c922801a5c8a7c16b19f891f3a96fb80677932c3b14ba5a596af1,dfdf39c8ada6b52b4554c6b10f8034e1608e68bc,True,True,2026-05-29T02:31:30Z
M1-MVTEC-SUPERVISED-PAIRED_static_attention_test_seed55_99bd33ed,M1-MVTEC-SUPERVISED-PAIRED,MVTec 3D-AD,PatchCore supervised-paired,55,static_attention,test,elara_master_c/predictions/development/M1-MVTEC-SUPERVISED-PAIRED__MVTec_3D-AD__PatchCore_supervised-paired/static_attention/test/seed_55.parquet,278,99bd33ed1f3e6c21bd799b2920cecd9a30fce9733bc4805619dc7b608649bf93,7b87491aba2c922801a5c8a7c16b19f891f3a96fb80677932c3b14ba5a596af1,dfdf39c8ada6b52b4554c6b10f8034e1608e68bc,True,True,2026-05-29T02:31:55Z
M1-MVTEC-SUPERVISED-PAIRED_craf_attention_test_seed55_9c1c902b,M1-MVTEC-SUPERVISED-PAIRED,MVTec 3D-AD,PatchCore supervised-paired,55,craf_attention,test,elara_master_c/predictions/development/M1-MVTEC-SUPERVISED-PAIRED__MVTec_3D-AD__PatchCore_supervised-paired/craf_attention/test/seed_55.parquet,278,9c1c902b69790a983cb08ce564296f971c382a6cbf960eb559090c8f8f093aae,7b87491aba2c922801a5c8a7c16b19f891f3a96fb80677932c3b14ba5a596af1,dfdf39c8ada6b52b4554c6b10f8034e1608e68bc,True,True,2026-05-29T02:31:55Z
M1-MVTEC-SUPERVISED-PAIRED_rga_boosted_fusion_test_seed55_68d5bb93,M1-MVTEC-SUPERVISED-PAIRED,MVTec 3D-AD,PatchCore supervised-paired,55,rga_boosted_fusion,test,elara_master_c/predictions/development/M1-MVTEC-SUPERVISED-PAIRED__MVTec_3D-AD__PatchCore_supervised-paired/rga_boosted_fusion/test/seed_55.parquet,278,68d5bb93a6862b26ecda662d97ebcc2ff41d0899cd5e4886a499c18579b64bd0,7b87491aba2c922801a5c8a7c16b19f891f3a96fb80677932c3b14ba5a596af1,dfdf39c8ada6b52b4554c6b10f8034e1608e68bc,True,True,2026-05-29T02:31:55Z
M1-MVTEC-SUPERVISED-PAIRED_rga_meta_router_test_seed55_5e046581,M1-MVTEC-SUPERVISED-PAIRED,MVTec 3D-AD,PatchCore supervised-paired,55,rga_meta_router,test,elara_master_c/predictions/development/M1-MVTEC-SUPERVISED-PAIRED__MVTec_3D-AD__PatchCore_supervised-paired/rga_meta_router/test/seed_55.parquet,278,5e0465817d0d5356d7779e31c8093d60e433dc5eecb7eec96b5c6497364c7166,7b87491aba2c922801a5c8a7c16b19f891f3a96fb80677932c3b14ba5a596af1,dfdf39c8ada6b52b4554c6b10f8034e1608e68bc,True,True,2026-05-29T02:31:55Z
M1-MVTEC-SUPERVISED-PAIRED_early_fusion_mlp_test_seed55_9d68e448,M1-MVTEC-SUPERVISED-PAIRED,MVTec 3D-AD,PatchCore supervised-paired,55,early_fusion_mlp,test,elara_master_c/predictions/development/M1-MVTEC-SUPERVISED-PAIRED__MVTec_3D-AD__PatchCore_supervised-paired/early_fusion_mlp/test/seed_55.parquet,278,9d68e448e685a3f22ec5abc742574f0d9942dcffc31f41bbdb35514fcf906cec,7b87491aba2c922801a5c8a7c16b19f891f3a96fb80677932c3b14ba5a596af1,dfdf39c8ada6b52b4554c6b10f8034e1608e68bc,True,True,2026-05-29T02:31:55Z
M1-MVTEC-SUPERVISED-PAIRED_late_fusion_ensemble_test_seed55_86fffd61,M1-MVTEC-SUPERVISED-PAIRED,MVTec 3D-AD,PatchCore supervised-paired,55,late_fusion_ensemble,test,elara_master_c/predictions/development/M1-MVTEC-SUPERVISED-PAIRED__MVTec_3D-AD__PatchCore_supervised-paired/late_fusion_ensemble/test/seed_55.parquet,278,86fffd6152017e0272594006b4826894d846b7d7ae86ca9a95b25e46fca27547,7b87491aba2c922801a5c8a7c16b19f891f3a96fb80677932c3b14ba5a596af1,dfdf39c8ada6b52b4554c6b10f8034e1608e68bc,True,True,2026-05-29T02:31:55Z
M1-MVTEC-SUPERVISED-PAIRED_random_forest_test_seed55_f010f06f,M1-MVTEC-SUPERVISED-PAIRED,MVTec 3D-AD,PatchCore supervised-paired,55,random_forest,test,elara_master_c/predictions/development/M1-MVTEC-SUPERVISED-PAIRED__MVTec_3D-AD__PatchCore_supervised-paired/random_forest/test/seed_55.parquet,278,f010f06f62f7225833593d016e4e76723034babc6598877a345c988c09ca95cb,7b87491aba2c922801a5c8a7c16b19f891f3a96fb80677932c3b14ba5a596af1,dfdf39c8ada6b52b4554c6b10f8034e1608e68bc,True,True,2026-05-29T02:31:55Z
M1-MVTEC-SUPERVISED-PAIRED_confidence_weighted_mean_test_seed55_c62db5f7,M1-MVTEC-SUPERVISED-PAIRED,MVTec 3D-AD,PatchCore supervised-paired,55,confidence_weighted_mean,test,elara_master_c/predictions/development/M1-MVTEC-SUPERVISED-PAIRED__MVTec_3D-AD__PatchCore_supervised-paired/confidence_weighted_mean/test/seed_55.parquet,278,c62db5f778189119dc79e81a3c9b02090217f463348aedc675e538074f578e6f,7b87491aba2c922801a5c8a7c16b19f891f3a96fb80677932c3b14ba5a596af1,dfdf39c8ada6b52b4554c6b10f8034e1608e68bc,True,True,2026-05-29T02:31:55Z
M1-MVTEC-SUPERVISED-PAIRED_tent_score_adapter_test_seed55_15098f4d,M1-MVTEC-SUPERVISED-PAIRED,MVTec 3D-AD,PatchCore supervised-paired,55,tent_score_adapter,test,elara_master_c/predictions/development/M1-MVTEC-SUPERVISED-PAIRED__MVTec_3D-AD__PatchCore_supervised-paired/tent_score_adapter/test/seed_55.parquet,278,15098f4db1f586a0584df3a2b205d0fe8ef0db4278941c888dcd4a240a84b003,7b87491aba2c922801a5c8a7c16b19f891f3a96fb80677932c3b14ba5a596af1,dfdf39c8ada6b52b4554c6b10f8034e1608e68bc,True,True,2026-05-29T02:31:55Z
M1-MVTEC-SUPERVISED-PAIRED_ttt_pseudo_label_adapter_test_seed55_e396af56,M1-MVTEC-SUPERVISED-PAIRED,MVTec 3D-AD,PatchCore supervised-paired,55,ttt_pseudo_label_adapter,test,elara_master_c/predictions/development/M1-MVTEC-SUPERVISED-PAIRED__MVTec_3D-AD__PatchCore_supervised-paired/ttt_pseudo_label_adapter/test/seed_55.parquet,278,e396af56027dc0f77d3c985352307e0271a7e1211ec39e2168de2e1c89f6e8ac,7b87491aba2c922801a5c8a7c16b19f891f3a96fb80677932c3b14ba5a596af1,dfdf39c8ada6b52b4554c6b10f8034e1608e68bc,True,True,2026-05-29T02:31:55Z
M1-MVTEC-SUPERVISED-PAIRED_eata_score_adapter_test_seed55_e0aa29aa,M1-MVTEC-SUPERVISED-PAIRED,MVTec 3D-AD,PatchCore supervised-paired,55,eata_score_adapter,test,elara_master_c/predictions/development/M1-MVTEC-SUPERVISED-PAIRED__MVTec_3D-AD__PatchCore_supervised-paired/eata_score_adapter/test/seed_55.parquet,278,e0aa29aac315d644b7bc89d6556bd61b427b9b9f63c3ce33ea83089280d7fe8b,7b87491aba2c922801a5c8a7c16b19f891f3a96fb80677932c3b14ba5a596af1,dfdf39c8ada6b52b4554c6b10f8034e1608e68bc,True,True,2026-05-29T02:31:55Z
M1-MVTEC-SUPERVISED-PAIRED_sar_score_adapter_test_seed55_d24d2f2d,M1-MVTEC-SUPERVISED-PAIRED,MVTec 3D-AD,PatchCore supervised-paired,55,sar_score_adapter,test,elara_master_c/predictions/development/M1-MVTEC-SUPERVISED-PAIRED__MVTec_3D-AD__PatchCore_supervised-paired/sar_score_adapter/test/seed_55.parquet,278,d24d2f2dd90244ae4365dab18d1985cc8dea2ddb0ba34a8b67c1dd7ceef9be1a,7b87491aba2c922801a5c8a7c16b19f891f3a96fb80677932c3b14ba5a596af1,dfdf39c8ada6b52b4554c6b10f8034e1608e68bc,True,True,2026-05-29T02:31:55Z
M1-MVTEC-SUPERVISED-PAIRED_static_attention_test_seed56_7985a91c,M1-MVTEC-SUPERVISED-PAIRED,MVTec 3D-AD,PatchCore supervised-paired,56,static_attention,test,elara_master_c/predictions/development/M1-MVTEC-SUPERVISED-PAIRED__MVTec_3D-AD__PatchCore_supervised-paired/static_attention/test/seed_56.parquet,278,7985a91c492a5d2b0f347fd5b1ff618e409200829ffe48858b8c1bcfb85da01b,7b87491aba2c922801a5c8a7c16b19f891f3a96fb80677932c3b14ba5a596af1,dfdf39c8ada6b52b4554c6b10f8034e1608e68bc,True,True,2026-05-29T02:32:19Z
M1-MVTEC-SUPERVISED-PAIRED_craf_attention_test_seed56_6b3a5675,M1-MVTEC-SUPERVISED-PAIRED,MVTec 3D-AD,PatchCore supervised-paired,56,craf_attention,test,elara_master_c/predictions/development/M1-MVTEC-SUPERVISED-PAIRED__MVTec_3D-AD__PatchCore_supervised-paired/craf_attention/test/seed_56.parquet,278,6b3a5675a9b7540c3fff7d84a7e8df20bb61be316f0d03c3f1d4ffabe427770f,7b87491aba2c922801a5c8a7c16b19f891f3a96fb80677932c3b14ba5a596af1,dfdf39c8ada6b52b4554c6b10f8034e1608e68bc,True,True,2026-05-29T02:32:19Z
M1-MVTEC-SUPERVISED-PAIRED_rga_boosted_fusion_test_seed56_9aa6c5af,M1-MVTEC-SUPERVISED-PAIRED,MVTec 3D-AD,PatchCore supervised-paired,56,rga_boosted_fusion,test,elara_master_c/predictions/development/M1-MVTEC-SUPERVISED-PAIRED__MVTec_3D-AD__PatchCore_supervised-paired/rga_boosted_fusion/test/seed_56.parquet,278,9aa6c5af64c1872583eee0ca357f4304c1a219e1c0fa03cd42c5590ec576eb49,7b87491aba2c922801a5c8a7c16b19f891f3a96fb80677932c3b14ba5a596af1,dfdf39c8ada6b52b4554c6b10f8034e1608e68bc,True,True,2026-05-29T02:32:19Z
M1-MVTEC-SUPERVISED-PAIRED_rga_meta_router_test_seed56_ada4c24d,M1-MVTEC-SUPERVISED-PAIRED,MVTec 3D-AD,PatchCore supervised-paired,56,rga_meta_router,test,elara_master_c/predictions/development/M1-MVTEC-SUPERVISED-PAIRED__MVTec_3D-AD__PatchCore_supervised-paired/rga_meta_router/test/seed_56.parquet,278,ada4c24dfcf373550403d2e6ecc87a9dcfa1b28c9ccb9347b0a56d8e0b7d409e,7b87491aba2c922801a5c8a7c16b19f891f3a96fb80677932c3b14ba5a596af1,dfdf39c8ada6b52b4554c6b10f8034e1608e68bc,True,True,2026-05-29T02:32:19Z
M1-MVTEC-SUPERVISED-PAIRED_early_fusion_mlp_test_seed56_d1da3d81,M1-MVTEC-SUPERVISED-PAIRED,MVTec 3D-AD,PatchCore supervised-paired,56,early_fusion_mlp,test,elara_master_c/predictions/development/M1-MVTEC-SUPERVISED-PAIRED__MVTec_3D-AD__PatchCore_supervised-paired/early_fusion_mlp/test/seed_56.parquet,278,d1da3d81ad697558e8d07040a9ac9a3240ba9402c7b2df8fd4cb284a4d0c6658,7b87491aba2c922801a5c8a7c16b19f891f3a96fb80677932c3b14ba5a596af1,dfdf39c8ada6b52b4554c6b10f8034e1608e68bc,True,True,2026-05-29T02:32:19Z
M1-MVTEC-SUPERVISED-PAIRED_late_fusion_ensemble_test_seed56_ac03f224,M1-MVTEC-SUPERVISED-PAIRED,MVTec 3D-AD,PatchCore supervised-paired,56,late_fusion_ensemble,test,elara_master_c/predictions/development/M1-MVTEC-SUPERVISED-PAIRED__MVTec_3D-AD__PatchCore_supervised-paired/late_fusion_ensemble/test/seed_56.parquet,278,ac03f224631787b91814da5d8b4d70f0d41f5bb761f6225856cc3eb765dfa4d1,7b87491aba2c922801a5c8a7c16b19f891f3a96fb80677932c3b14ba5a596af1,dfdf39c8ada6b52b4554c6b10f8034e1608e68bc,True,True,2026-05-29T02:32:19Z
M1-MVTEC-SUPERVISED-PAIRED_random_forest_test_seed56_35eaca88,M1-MVTEC-SUPERVISED-PAIRED,MVTec 3D-AD,PatchCore supervised-paired,56,random_forest,test,elara_master_c/predictions/development/M1-MVTEC-SUPERVISED-PAIRED__MVTec_3D-AD__PatchCore_supervised-paired/random_forest/test/seed_56.parquet,278,35eaca886160448cb58ce479aed399561f57a69159a6ed332a9bec013169f449,7b87491aba2c922801a5c8a7c16b19f891f3a96fb80677932c3b14ba5a596af1,dfdf39c8ada6b52b4554c6b10f8034e1608e68bc,True,True,2026-05-29T02:32:19Z
M1-MVTEC-SUPERVISED-PAIRED_confidence_weighted_mean_test_seed56_7d7880c9,M1-MVTEC-SUPERVISED-PAIRED,MVTec 3D-AD,PatchCore supervised-paired,56,confidence_weighted_mean,test,elara_master_c/predictions/development/M1-MVTEC-SUPERVISED-PAIRED__MVTec_3D-AD__PatchCore_supervised-paired/confidence_weighted_mean/test/seed_56.parquet,278,7d7880c9524616db84f677f71de7e19a2d9ba07d389b163db100049854ec87dd,7b87491aba2c922801a5c8a7c16b19f891f3a96fb80677932c3b14ba5a596af1,dfdf39c8ada6b52b4554c6b10f8034e1608e68bc,True,True,2026-05-29T02:32:19Z
M1-MVTEC-SUPERVISED-PAIRED_tent_score_adapter_test_seed56_46d5f254,M1-MVTEC-SUPERVISED-PAIRED,MVTec 3D-AD,PatchCore supervised-paired,56,tent_score_adapter,test,elara_master_c/predictions/development/M1-MVTEC-SUPERVISED-PAIRED__MVTec_3D-AD__PatchCore_supervised-paired/tent_score_adapter/test/seed_56.parquet,278,46d5f2541f736a902633778f2e7202145df6445c3deac94a92651f8a28452710,7b87491aba2c922801a5c8a7c16b19f891f3a96fb80677932c3b14ba5a596af1,dfdf39c8ada6b52b4554c6b10f8034e1608e68bc,True,True,2026-05-29T02:32:19Z
M1-MVTEC-SUPERVISED-PAIRED_ttt_pseudo_label_adapter_test_seed56_4fb14ae9,M1-MVTEC-SUPERVISED-PAIRED,MVTec 3D-AD,PatchCore supervised-paired,56,ttt_pseudo_label_adapter,test,elara_master_c/predictions/development/M1-MVTEC-SUPERVISED-PAIRED__MVTec_3D-AD__PatchCore_supervised-paired/ttt_pseudo_label_adapter/test/seed_56.parquet,278,4fb14ae9c5bc1a02a4e0069f3c29de366c8a6a4924d626e9a843de9a601e8780,7b87491aba2c922801a5c8a7c16b19f891f3a96fb80677932c3b14ba5a596af1,dfdf39c8ada6b52b4554c6b10f8034e1608e68bc,True,True,2026-05-29T02:32:19Z
M1-MVTEC-SUPERVISED-PAIRED_eata_score_adapter_test_seed56_0bff8261,M1-MVTEC-SUPERVISED-PAIRED,MVTec 3D-AD,PatchCore supervised-paired,56,eata_score_adapter,test,elara_master_c/predictions/development/M1-MVTEC-SUPERVISED-PAIRED__MVTec_3D-AD__PatchCore_supervised-paired/eata_score_adapter/test/seed_56.parquet,278,0bff826197972a8ff52dfc9c4222a22623ea60da93a3182645ba478f43958eae,7b87491aba2c922801a5c8a7c16b19f891f3a96fb80677932c3b14ba5a596af1,dfdf39c8ada6b52b4554c6b10f8034e1608e68bc,True,True,2026-05-29T02:32:19Z
M1-MVTEC-SUPERVISED-PAIRED_sar_score_adapter_test_seed56_5ece8171,M1-MVTEC-SUPERVISED-PAIRED,MVTec 3D-AD,PatchCore supervised-paired,56,sar_score_adapter,test,elara_master_c/predictions/development/M1-MVTEC-SUPERVISED-PAIRED__MVTec_3D-AD__PatchCore_supervised-paired/sar_score_adapter/test/seed_56.parquet,278,5ece8171440f88b9875e3cf5c3320f5376de13066c40462bffff3e760fe6e160,7b87491aba2c922801a5c8a7c16b19f891f3a96fb80677932c3b14ba5a596af1,dfdf39c8ada6b52b4554c6b10f8034e1608e68bc,True,True,2026-05-29T02:32:19Z
M1-MVTEC-SUPERVISED-PAIRED_static_attention_test_seed57_13f0fc0e,M1-MVTEC-SUPERVISED-PAIRED,MVTec 3D-AD,PatchCore supervised-paired,57,static_attention,test,elara_master_c/predictions/development/M1-MVTEC-SUPERVISED-PAIRED__MVTec_3D-AD__PatchCore_supervised-paired/static_attention/test/seed_57.parquet,278,13f0fc0ebb22c8c7d4f98df9d5d6f99dc56ead4c5aebe67eb9118543f6349f5c,7b87491aba2c922801a5c8a7c16b19f891f3a96fb80677932c3b14ba5a596af1,dfdf39c8ada6b52b4554c6b10f8034e1608e68bc,True,True,2026-05-29T02:32:42Z
M1-MVTEC-SUPERVISED-PAIRED_craf_attention_test_seed57_110a6ba9,M1-MVTEC-SUPERVISED-PAIRED,MVTec 3D-AD,PatchCore supervised-paired,57,craf_attention,test,elara_master_c/predictions/development/M1-MVTEC-SUPERVISED-PAIRED__MVTec_3D-AD__PatchCore_supervised-paired/craf_attention/test/seed_57.parquet,278,110a6ba988e6e33d8a52ccfd480f634fa305dda1bf06d057aac1aa787960113c,7b87491aba2c922801a5c8a7c16b19f891f3a96fb80677932c3b14ba5a596af1,dfdf39c8ada6b52b4554c6b10f8034e1608e68bc,True,True,2026-05-29T02:32:42Z
M1-MVTEC-SUPERVISED-PAIRED_rga_boosted_fusion_test_seed57_3c375752,M1-MVTEC-SUPERVISED-PAIRED,MVTec 3D-AD,PatchCore supervised-paired,57,rga_boosted_fusion,test,elara_master_c/predictions/development/M1-MVTEC-SUPERVISED-PAIRED__MVTec_3D-AD__PatchCore_supervised-paired/rga_boosted_fusion/test/seed_57.parquet,278,3c3757524a8660ed4f3eebeac1a014b42bbf4908470749499916a625235852da,7b87491aba2c922801a5c8a7c16b19f891f3a96fb80677932c3b14ba5a596af1,dfdf39c8ada6b52b4554c6b10f8034e1608e68bc,True,True,2026-05-29T02:32:42Z
M1-MVTEC-SUPERVISED-PAIRED_rga_meta_router_test_seed57_1ac97094,M1-MVTEC-SUPERVISED-PAIRED,MVTec 3D-AD,PatchCore supervised-paired,57,rga_meta_router,test,elara_master_c/predictions/development/M1-MVTEC-SUPERVISED-PAIRED__MVTec_3D-AD__PatchCore_supervised-paired/rga_meta_router/test/seed_57.parquet,278,1ac9709415047764083d01f22d584970f4fcb150ac65c330577d9939aa47ea79,7b87491aba2c922801a5c8a7c16b19f891f3a96fb80677932c3b14ba5a596af1,dfdf39c8ada6b52b4554c6b10f8034e1608e68bc,True,True,2026-05-29T02:32:42Z
M1-MVTEC-SUPERVISED-PAIRED_early_fusion_mlp_test_seed57_6f148605,M1-MVTEC-SUPERVISED-PAIRED,MVTec 3D-AD,PatchCore supervised-paired,57,early_fusion_mlp,test,elara_master_c/predictions/development/M1-MVTEC-SUPERVISED-PAIRED__MVTec_3D-AD__PatchCore_supervised-paired/early_fusion_mlp/test/seed_57.parquet,278,6f148605e145f253fc0b432718e471cc61c358fb8e1de4c4838544fe5d0cd008,7b87491aba2c922801a5c8a7c16b19f891f3a96fb80677932c3b14ba5a596af1,dfdf39c8ada6b52b4554c6b10f8034e1608e68bc,True,True,2026-05-29T02:32:42Z
M1-MVTEC-SUPERVISED-PAIRED_late_fusion_ensemble_test_seed57_aab2ee29,M1-MVTEC-SUPERVISED-PAIRED,MVTec 3D-AD,PatchCore supervised-paired,57,late_fusion_ensemble,test,elara_master_c/predictions/development/M1-MVTEC-SUPERVISED-PAIRED__MVTec_3D-AD__PatchCore_supervised-paired/late_fusion_ensemble/test/seed_57.parquet,278,aab2ee2950194c3c0901a9879e2b11cafd2f10ceed1b268c7d561629902f0652,7b87491aba2c922801a5c8a7c16b19f891f3a96fb80677932c3b14ba5a596af1,dfdf39c8ada6b52b4554c6b10f8034e1608e68bc,True,True,2026-05-29T02:32:42Z
M1-MVTEC-SUPERVISED-PAIRED_random_forest_test_seed57_3d6004a4,M1-MVTEC-SUPERVISED-PAIRED,MVTec 3D-AD,PatchCore supervised-paired,57,random_forest,test,elara_master_c/predictions/development/M1-MVTEC-SUPERVISED-PAIRED__MVTec_3D-AD__PatchCore_supervised-paired/random_forest/test/seed_57.parquet,278,3d6004a4ed077234d9218dbaa217ff645cf01a32526115872eb7c0519ebc60ec,7b87491aba2c922801a5c8a7c16b19f891f3a96fb80677932c3b14ba5a596af1,dfdf39c8ada6b52b4554c6b10f8034e1608e68bc,True,True,2026-05-29T02:32:42Z
M1-MVTEC-SUPERVISED-PAIRED_confidence_weighted_mean_test_seed57_761fb022,M1-MVTEC-SUPERVISED-PAIRED,MVTec 3D-AD,PatchCore supervised-paired,57,confidence_weighted_mean,test,elara_master_c/predictions/development/M1-MVTEC-SUPERVISED-PAIRED__MVTec_3D-AD__PatchCore_supervised-paired/confidence_weighted_mean/test/seed_57.parquet,278,761fb022c07f5b27b5f5f47420e922b99fc50dc00e38ef831dd52651f55a2627,7b87491aba2c922801a5c8a7c16b19f891f3a96fb80677932c3b14ba5a596af1,dfdf39c8ada6b52b4554c6b10f8034e1608e68bc,True,True,2026-05-29T02:32:42Z
M1-MVTEC-SUPERVISED-PAIRED_tent_score_adapter_test_seed57_97a41819,M1-MVTEC-SUPERVISED-PAIRED,MVTec 3D-AD,PatchCore supervised-paired,57,tent_score_adapter,test,elara_master_c/predictions/development/M1-MVTEC-SUPERVISED-PAIRED__MVTec_3D-AD__PatchCore_supervised-paired/tent_score_adapter/test/seed_57.parquet,278,97a41819536f0b9165da46be65b36eb218e8c1074bc1814b0ff677a17e78f7da,7b87491aba2c922801a5c8a7c16b19f891f3a96fb80677932c3b14ba5a596af1,dfdf39c8ada6b52b4554c6b10f8034e1608e68bc,True,True,2026-05-29T02:32:42Z
M1-MVTEC-SUPERVISED-PAIRED_ttt_pseudo_label_adapter_test_seed57_b7fd6c82,M1-MVTEC-SUPERVISED-PAIRED,MVTec 3D-AD,PatchCore supervised-paired,57,ttt_pseudo_label_adapter,test,elara_master_c/predictions/development/M1-MVTEC-SUPERVISED-PAIRED__MVTec_3D-AD__PatchCore_supervised-paired/ttt_pseudo_label_adapter/test/seed_57.parquet,278,b7fd6c82fc608d9ebbc249692fc1c6f4b2f28621fb5353e30da2d3d7d8d01791,7b87491aba2c922801a5c8a7c16b19f891f3a96fb80677932c3b14ba5a596af1,dfdf39c8ada6b52b4554c6b10f8034e1608e68bc,True,True,2026-05-29T02:32:42Z
M1-MVTEC-SUPERVISED-PAIRED_eata_score_adapter_test_seed57_cb07f7ac,M1-MVTEC-SUPERVISED-PAIRED,MVTec 3D-AD,PatchCore supervised-paired,57,eata_score_adapter,test,elara_master_c/predictions/development/M1-MVTEC-SUPERVISED-PAIRED__MVTec_3D-AD__PatchCore_supervised-paired/eata_score_adapter/test/seed_57.parquet,278,cb07f7acebd879af68f7253cbb2076942e256d7a42b1957a5e15c2b33bfb9af9,7b87491aba2c922801a5c8a7c16b19f891f3a96fb80677932c3b14ba5a596af1,dfdf39c8ada6b52b4554c6b10f8034e1608e68bc,True,True,2026-05-29T02:32:42Z
M1-MVTEC-SUPERVISED-PAIRED_sar_score_adapter_test_seed57_43ba5038,M1-MVTEC-SUPERVISED-PAIRED,MVTec 3D-AD,PatchCore supervised-paired,57,sar_score_adapter,test,elara_master_c/predictions/development/M1-MVTEC-SUPERVISED-PAIRED__MVTec_3D-AD__PatchCore_supervised-paired/sar_score_adapter/test/seed_57.parquet,278,43ba503805107b3edef5b7089ab8da92188093bcc9f76be342f0ba2ab28f5867,7b87491aba2c922801a5c8a7c16b19f891f3a96fb80677932c3b14ba5a596af1,dfdf39c8ada6b52b4554c6b10f8034e1608e68bc,True,True,2026-05-29T02:32:42Z
M1-MVTEC-SUPERVISED-PAIRED_static_attention_test_seed58_9ba9b3ef,M1-MVTEC-SUPERVISED-PAIRED,MVTec 3D-AD,PatchCore supervised-paired,58,static_attention,test,elara_master_c/predictions/development/M1-MVTEC-SUPERVISED-PAIRED__MVTec_3D-AD__PatchCore_supervised-paired/static_attention/test/seed_58.parquet,278,9ba9b3efa4216aeec6eab4f3effc015219c446ef2dfe1b0e69e722a1dea27eba,7b87491aba2c922801a5c8a7c16b19f891f3a96fb80677932c3b14ba5a596af1,dfdf39c8ada6b52b4554c6b10f8034e1608e68bc,True,True,2026-05-29T02:33:09Z
M1-MVTEC-SUPERVISED-PAIRED_craf_attention_test_seed58_ad677a61,M1-MVTEC-SUPERVISED-PAIRED,MVTec 3D-AD,PatchCore supervised-paired,58,craf_attention,test,elara_master_c/predictions/development/M1-MVTEC-SUPERVISED-PAIRED__MVTec_3D-AD__PatchCore_supervised-paired/craf_attention/test/seed_58.parquet,278,ad677a6139dd9cc738bd1986f9650173951886ad09bbd7ebaa8e64db1f14f35f,7b87491aba2c922801a5c8a7c16b19f891f3a96fb80677932c3b14ba5a596af1,dfdf39c8ada6b52b4554c6b10f8034e1608e68bc,True,True,2026-05-29T02:33:09Z
M1-MVTEC-SUPERVISED-PAIRED_rga_boosted_fusion_test_seed58_f2f0e176,M1-MVTEC-SUPERVISED-PAIRED,MVTec 3D-AD,PatchCore supervised-paired,58,rga_boosted_fusion,test,elara_master_c/predictions/development/M1-MVTEC-SUPERVISED-PAIRED__MVTec_3D-AD__PatchCore_supervised-paired/rga_boosted_fusion/test/seed_58.parquet,278,f2f0e176b6c8b501f88d7908723102327ea29223d06eee08a6502449ee4d4428,7b87491aba2c922801a5c8a7c16b19f891f3a96fb80677932c3b14ba5a596af1,dfdf39c8ada6b52b4554c6b10f8034e1608e68bc,True,True,2026-05-29T02:33:09Z
M1-MVTEC-SUPERVISED-PAIRED_rga_meta_router_test_seed58_50f33517,M1-MVTEC-SUPERVISED-PAIRED,MVTec 3D-AD,PatchCore supervised-paired,58,rga_meta_router,test,elara_master_c/predictions/development/M1-MVTEC-SUPERVISED-PAIRED__MVTec_3D-AD__PatchCore_supervised-paired/rga_meta_router/test/seed_58.parquet,278,50f335174ccb6afb6a183485c8585292a78ba22106853b4c6c2058580f1fa72f,7b87491aba2c922801a5c8a7c16b19f891f3a96fb80677932c3b14ba5a596af1,dfdf39c8ada6b52b4554c6b10f8034e1608e68bc,True,True,2026-05-29T02:33:09Z
M1-MVTEC-SUPERVISED-PAIRED_early_fusion_mlp_test_seed58_54de4ce0,M1-MVTEC-SUPERVISED-PAIRED,MVTec 3D-AD,PatchCore supervised-paired,58,early_fusion_mlp,test,elara_master_c/predictions/development/M1-MVTEC-SUPERVISED-PAIRED__MVTec_3D-AD__PatchCore_supervised-paired/early_fusion_mlp/test/seed_58.parquet,278,54de4ce030fed1d657112021aab431df925a6a84ba06d853285934212088a3c9,7b87491aba2c922801a5c8a7c16b19f891f3a96fb80677932c3b14ba5a596af1,dfdf39c8ada6b52b4554c6b10f8034e1608e68bc,True,True,2026-05-29T02:33:09Z
M1-MVTEC-SUPERVISED-PAIRED_late_fusion_ensemble_test_seed58_c563148a,M1-MVTEC-SUPERVISED-PAIRED,MVTec 3D-AD,PatchCore supervised-paired,58,late_fusion_ensemble,test,elara_master_c/predictions/development/M1-MVTEC-SUPERVISED-PAIRED__MVTec_3D-AD__PatchCore_supervised-paired/late_fusion_ensemble/test/seed_58.parquet,278,c563148a27695b9fcbc4abcb1a35796d53f7d1f7d6baf15d1ec10307851c9972,7b87491aba2c922801a5c8a7c16b19f891f3a96fb80677932c3b14ba5a596af1,dfdf39c8ada6b52b4554c6b10f8034e1608e68bc,True,True,2026-05-29T02:33:09Z
M1-MVTEC-SUPERVISED-PAIRED_random_forest_test_seed58_6f360d3a,M1-MVTEC-SUPERVISED-PAIRED,MVTec 3D-AD,PatchCore supervised-paired,58,random_forest,test,elara_master_c/predictions/development/M1-MVTEC-SUPERVISED-PAIRED__MVTec_3D-AD__PatchCore_supervised-paired/random_forest/test/seed_58.parquet,278,6f360d3a119d63ced49d2d14b78bc32002de079c241505c7f3ce0f1d2dc38f4e,7b87491aba2c922801a5c8a7c16b19f891f3a96fb80677932c3b14ba5a596af1,dfdf39c8ada6b52b4554c6b10f8034e1608e68bc,True,True,2026-05-29T02:33:09Z
M1-MVTEC-SUPERVISED-PAIRED_confidence_weighted_mean_test_seed58_ca4fe2b9,M1-MVTEC-SUPERVISED-PAIRED,MVTec 3D-AD,PatchCore supervised-paired,58,confidence_weighted_mean,test,elara_master_c/predictions/development/M1-MVTEC-SUPERVISED-PAIRED__MVTec_3D-AD__PatchCore_supervised-paired/confidence_weighted_mean/test/seed_58.parquet,278,ca4fe2b959c4e0c630be934339eb6305614a6e240bfac55c49e24b4063d2c0e4,7b87491aba2c922801a5c8a7c16b19f891f3a96fb80677932c3b14ba5a596af1,dfdf39c8ada6b52b4554c6b10f8034e1608e68bc,True,True,2026-05-29T02:33:09Z
M1-MVTEC-SUPERVISED-PAIRED_tent_score_adapter_test_seed58_91ef35d8,M1-MVTEC-SUPERVISED-PAIRED,MVTec 3D-AD,PatchCore supervised-paired,58,tent_score_adapter,test,elara_master_c/predictions/development/M1-MVTEC-SUPERVISED-PAIRED__MVTec_3D-AD__PatchCore_supervised-paired/tent_score_adapter/test/seed_58.parquet,278,91ef35d8e95640b102abc309f36d40fd7da4617deab9e5b7816e95f17bce8ea8,7b87491aba2c922801a5c8a7c16b19f891f3a96fb80677932c3b14ba5a596af1,dfdf39c8ada6b52b4554c6b10f8034e1608e68bc,True,True,2026-05-29T02:33:09Z
M1-MVTEC-SUPERVISED-PAIRED_ttt_pseudo_label_adapter_test_seed58_1b299c3d,M1-MVTEC-SUPERVISED-PAIRED,MVTec 3D-AD,PatchCore supervised-paired,58,ttt_pseudo_label_adapter,test,elara_master_c/predictions/development/M1-MVTEC-SUPERVISED-PAIRED__MVTec_3D-AD__PatchCore_supervised-paired/ttt_pseudo_label_adapter/test/seed_58.parquet,278,1b299c3db9968d61ccb50a75a52d5f7e8a7405b5877f365014a55d59e66a4642,7b87491aba2c922801a5c8a7c16b19f891f3a96fb80677932c3b14ba5a596af1,dfdf39c8ada6b52b4554c6b10f8034e1608e68bc,True,True,2026-05-29T02:33:09Z
M1-MVTEC-SUPERVISED-PAIRED_eata_score_adapter_test_seed58_9b9aceff,M1-MVTEC-SUPERVISED-PAIRED,MVTec 3D-AD,PatchCore supervised-paired,58,eata_score_adapter,test,elara_master_c/predictions/development/M1-MVTEC-SUPERVISED-PAIRED__MVTec_3D-AD__PatchCore_supervised-paired/eata_score_adapter/test/seed_58.parquet,278,9b9aceff6e6dd9f756cdff9212e448a24d0f4d328f0c3e7e72d9e59b7d0cfef9,7b87491aba2c922801a5c8a7c16b19f891f3a96fb80677932c3b14ba5a596af1,dfdf39c8ada6b52b4554c6b10f8034e1608e68bc,True,True,2026-05-29T02:33:09Z
M1-MVTEC-SUPERVISED-PAIRED_sar_score_adapter_test_seed58_ac032dce,M1-MVTEC-SUPERVISED-PAIRED,MVTec 3D-AD,PatchCore supervised-paired,58,sar_score_adapter,test,elara_master_c/predictions/development/M1-MVTEC-SUPERVISED-PAIRED__MVTec_3D-AD__PatchCore_supervised-paired/sar_score_adapter/test/seed_58.parquet,278,ac032dce631de04dfcb56dd231d42802ad8dd6068228e28cd1cc5b4997a2c4dc,7b87491aba2c922801a5c8a7c16b19f891f3a96fb80677932c3b14ba5a596af1,dfdf39c8ada6b52b4554c6b10f8034e1608e68bc,True,True,2026-05-29T02:33:09Z
M1-MVTEC-SUPERVISED-PAIRED_static_attention_test_seed59_ff20524a,M1-MVTEC-SUPERVISED-PAIRED,MVTec 3D-AD,PatchCore supervised-paired,59,static_attention,test,elara_master_c/predictions/development/M1-MVTEC-SUPERVISED-PAIRED__MVTec_3D-AD__PatchCore_supervised-paired/static_attention/test/seed_59.parquet,278,ff20524ab10a1c1caf7f9ab964645ca0ce39fbba243dd6d4ddaaa11753d143de,7b87491aba2c922801a5c8a7c16b19f891f3a96fb80677932c3b14ba5a596af1,dfdf39c8ada6b52b4554c6b10f8034e1608e68bc,True,True,2026-05-29T02:33:32Z
M1-MVTEC-SUPERVISED-PAIRED_craf_attention_test_seed59_3aa38751,M1-MVTEC-SUPERVISED-PAIRED,MVTec 3D-AD,PatchCore supervised-paired,59,craf_attention,test,elara_master_c/predictions/development/M1-MVTEC-SUPERVISED-PAIRED__MVTec_3D-AD__PatchCore_supervised-paired/craf_attention/test/seed_59.parquet,278,3aa3875119005b2a3d5efb6dcf22808f12215dd722079b82d530fbe1ce8510ca,7b87491aba2c922801a5c8a7c16b19f891f3a96fb80677932c3b14ba5a596af1,dfdf39c8ada6b52b4554c6b10f8034e1608e68bc,True,True,2026-05-29T02:33:32Z
M1-MVTEC-SUPERVISED-PAIRED_rga_boosted_fusion_test_seed59_57ad48f8,M1-MVTEC-SUPERVISED-PAIRED,MVTec 3D-AD,PatchCore supervised-paired,59,rga_boosted_fusion,test,elara_master_c/predictions/development/M1-MVTEC-SUPERVISED-PAIRED__MVTec_3D-AD__PatchCore_supervised-paired/rga_boosted_fusion/test/seed_59.parquet,278,57ad48f85eed64ae6f1ecc19194897809aa078e112fd191811eee178fee8957a,7b87491aba2c922801a5c8a7c16b19f891f3a96fb80677932c3b14ba5a596af1,dfdf39c8ada6b52b4554c6b10f8034e1608e68bc,True,True,2026-05-29T02:33:32Z
M1-MVTEC-SUPERVISED-PAIRED_rga_meta_router_test_seed59_3f523740,M1-MVTEC-SUPERVISED-PAIRED,MVTec 3D-AD,PatchCore supervised-paired,59,rga_meta_router,test,elara_master_c/predictions/development/M1-MVTEC-SUPERVISED-PAIRED__MVTec_3D-AD__PatchCore_supervised-paired/rga_meta_router/test/seed_59.parquet,278,3f52374099486d94ffb4a568bb64aacdcc679ba39d886c5cacc6e6f0626b6e82,7b87491aba2c922801a5c8a7c16b19f891f3a96fb80677932c3b14ba5a596af1,dfdf39c8ada6b52b4554c6b10f8034e1608e68bc,True,True,2026-05-29T02:33:32Z
M1-MVTEC-SUPERVISED-PAIRED_early_fusion_mlp_test_seed59_42ed72ba,M1-MVTEC-SUPERVISED-PAIRED,MVTec 3D-AD,PatchCore supervised-paired,59,early_fusion_mlp,test,elara_master_c/predictions/development/M1-MVTEC-SUPERVISED-PAIRED__MVTec_3D-AD__PatchCore_supervised-paired/early_fusion_mlp/test/seed_59.parquet,278,42ed72baf7dc34ed163a29fe9d0c49acc56b85b2d43573c2a30adfeee07ff481,7b87491aba2c922801a5c8a7c16b19f891f3a96fb80677932c3b14ba5a596af1,dfdf39c8ada6b52b4554c6b10f8034e1608e68bc,True,True,2026-05-29T02:33:32Z
M1-MVTEC-SUPERVISED-PAIRED_late_fusion_ensemble_test_seed59_2309a103,M1-MVTEC-SUPERVISED-PAIRED,MVTec 3D-AD,PatchCore supervised-paired,59,late_fusion_ensemble,test,elara_master_c/predictions/development/M1-MVTEC-SUPERVISED-PAIRED__MVTec_3D-AD__PatchCore_supervised-paired/late_fusion_ensemble/test/seed_59.parquet,278,2309a1035820fad991914179e47e8a9d56900df50571030dcd62d45eedbac830,7b87491aba2c922801a5c8a7c16b19f891f3a96fb80677932c3b14ba5a596af1,dfdf39c8ada6b52b4554c6b10f8034e1608e68bc,True,True,2026-05-29T02:33:32Z
M1-MVTEC-SUPERVISED-PAIRED_random_forest_test_seed59_c8cdc5d7,M1-MVTEC-SUPERVISED-PAIRED,MVTec 3D-AD,PatchCore supervised-paired,59,random_forest,test,elara_master_c/predictions/development/M1-MVTEC-SUPERVISED-PAIRED__MVTec_3D-AD__PatchCore_supervised-paired/random_forest/test/seed_59.parquet,278,c8cdc5d7a43976db3d0d6c8580a47cc3d82583c4e5699d16f54bdbeb463a0d6a,7b87491aba2c922801a5c8a7c16b19f891f3a96fb80677932c3b14ba5a596af1,dfdf39c8ada6b52b4554c6b10f8034e1608e68bc,True,True,2026-05-29T02:33:32Z
M1-MVTEC-SUPERVISED-PAIRED_confidence_weighted_mean_test_seed59_fc9d76ab,M1-MVTEC-SUPERVISED-PAIRED,MVTec 3D-AD,PatchCore supervised-paired,59,confidence_weighted_mean,test,elara_master_c/predictions/development/M1-MVTEC-SUPERVISED-PAIRED__MVTec_3D-AD__PatchCore_supervised-paired/confidence_weighted_mean/test/seed_59.parquet,278,fc9d76abef07b750c01dcb5f5ec9a57fda487d20bf9f4f444422b2c545bd94ba,7b87491aba2c922801a5c8a7c16b19f891f3a96fb80677932c3b14ba5a596af1,dfdf39c8ada6b52b4554c6b10f8034e1608e68bc,True,True,2026-05-29T02:33:32Z
M1-MVTEC-SUPERVISED-PAIRED_tent_score_adapter_test_seed59_aade7c5a,M1-MVTEC-SUPERVISED-PAIRED,MVTec 3D-AD,PatchCore supervised-paired,59,tent_score_adapter,test,elara_master_c/predictions/development/M1-MVTEC-SUPERVISED-PAIRED__MVTec_3D-AD__PatchCore_supervised-paired/tent_score_adapter/test/seed_59.parquet,278,aade7c5a91c6723617db52aa971249f73b32587716914a07d100c49498ef39c6,7b87491aba2c922801a5c8a7c16b19f891f3a96fb80677932c3b14ba5a596af1,dfdf39c8ada6b52b4554c6b10f8034e1608e68bc,True,True,2026-05-29T02:33:32Z
M1-MVTEC-SUPERVISED-PAIRED_ttt_pseudo_label_adapter_test_seed59_c6e92a8d,M1-MVTEC-SUPERVISED-PAIRED,MVTec 3D-AD,PatchCore supervised-paired,59,ttt_pseudo_label_adapter,test,elara_master_c/predictions/development/M1-MVTEC-SUPERVISED-PAIRED__MVTec_3D-AD__PatchCore_supervised-paired/ttt_pseudo_label_adapter/test/seed_59.parquet,278,c6e92a8d8cc914816ff07d4ce9c52b0e1396eab64f055063141bbeb09f3ce329,7b87491aba2c922801a5c8a7c16b19f891f3a96fb80677932c3b14ba5a596af1,dfdf39c8ada6b52b4554c6b10f8034e1608e68bc,True,True,2026-05-29T02:33:32Z
M1-MVTEC-SUPERVISED-PAIRED_eata_score_adapter_test_seed59_651c91d3,M1-MVTEC-SUPERVISED-PAIRED,MVTec 3D-AD,PatchCore supervised-paired,59,eata_score_adapter,test,elara_master_c/predictions/development/M1-MVTEC-SUPERVISED-PAIRED__MVTec_3D-AD__PatchCore_supervised-paired/eata_score_adapter/test/seed_59.parquet,278,651c91d34bfe9552070c05a8fbc88b08f0d4ffac84ca3960f218efeb161ea4a3,7b87491aba2c922801a5c8a7c16b19f891f3a96fb80677932c3b14ba5a596af1,dfdf39c8ada6b52b4554c6b10f8034e1608e68bc,True,True,2026-05-29T02:33:32Z
M1-MVTEC-SUPERVISED-PAIRED_sar_score_adapter_test_seed59_3580d674,M1-MVTEC-SUPERVISED-PAIRED,MVTec 3D-AD,PatchCore supervised-paired,59,sar_score_adapter,test,elara_master_c/predictions/development/M1-MVTEC-SUPERVISED-PAIRED__MVTec_3D-AD__PatchCore_supervised-paired/sar_score_adapter/test/seed_59.parquet,278,3580d674d354fc9b625e25b5d8f2a6b027a995d5f477b522bc19325296193611,7b87491aba2c922801a5c8a7c16b19f891f3a96fb80677932c3b14ba5a596af1,dfdf39c8ada6b52b4554c6b10f8034e1608e68bc,True,True,2026-05-29T02:33:32Z
M1-MVTEC-SUPERVISED-PAIRED_static_attention_test_seed60_669e201d,M1-MVTEC-SUPERVISED-PAIRED,MVTec 3D-AD,PatchCore supervised-paired,60,static_attention,test,elara_master_c/predictions/development/M1-MVTEC-SUPERVISED-PAIRED__MVTec_3D-AD__PatchCore_supervised-paired/static_attention/test/seed_60.parquet,278,669e201d5dd9b87856ee8d3280b04495de62bba2f7bf99f6aa9552b533d5ea7a,7b87491aba2c922801a5c8a7c16b19f891f3a96fb80677932c3b14ba5a596af1,dfdf39c8ada6b52b4554c6b10f8034e1608e68bc,True,True,2026-05-29T02:33:53Z
M1-MVTEC-SUPERVISED-PAIRED_craf_attention_test_seed60_beef4080,M1-MVTEC-SUPERVISED-PAIRED,MVTec 3D-AD,PatchCore supervised-paired,60,craf_attention,test,elara_master_c/predictions/development/M1-MVTEC-SUPERVISED-PAIRED__MVTec_3D-AD__PatchCore_supervised-paired/craf_attention/test/seed_60.parquet,278,beef40801ba9160e256ded252a2af37981cc0c2f7eccb234215611b5b6ff86f2,7b87491aba2c922801a5c8a7c16b19f891f3a96fb80677932c3b14ba5a596af1,dfdf39c8ada6b52b4554c6b10f8034e1608e68bc,True,True,2026-05-29T02:33:53Z
M1-MVTEC-SUPERVISED-PAIRED_rga_boosted_fusion_test_seed60_ead79a0b,M1-MVTEC-SUPERVISED-PAIRED,MVTec 3D-AD,PatchCore supervised-paired,60,rga_boosted_fusion,test,elara_master_c/predictions/development/M1-MVTEC-SUPERVISED-PAIRED__MVTec_3D-AD__PatchCore_supervised-paired/rga_boosted_fusion/test/seed_60.parquet,278,ead79a0bcfa3b14a24c4def1794a6d1c6aed948c314cc051935219b58b5108ab,7b87491aba2c922801a5c8a7c16b19f891f3a96fb80677932c3b14ba5a596af1,dfdf39c8ada6b52b4554c6b10f8034e1608e68bc,True,True,2026-05-29T02:33:53Z
M1-MVTEC-SUPERVISED-PAIRED_rga_meta_router_test_seed60_7657d60d,M1-MVTEC-SUPERVISED-PAIRED,MVTec 3D-AD,PatchCore supervised-paired,60,rga_meta_router,test,elara_master_c/predictions/development/M1-MVTEC-SUPERVISED-PAIRED__MVTec_3D-AD__PatchCore_supervised-paired/rga_meta_router/test/seed_60.parquet,278,7657d60de0f5332a894a4a249b51ad4baeb86e3c9df8ddf941d56ec1f4c43cb5,7b87491aba2c922801a5c8a7c16b19f891f3a96fb80677932c3b14ba5a596af1,dfdf39c8ada6b52b4554c6b10f8034e1608e68bc,True,True,2026-05-29T02:33:53Z
M1-MVTEC-SUPERVISED-PAIRED_early_fusion_mlp_test_seed60_af5360c4,M1-MVTEC-SUPERVISED-PAIRED,MVTec 3D-AD,PatchCore supervised-paired,60,early_fusion_mlp,test,elara_master_c/predictions/development/M1-MVTEC-SUPERVISED-PAIRED__MVTec_3D-AD__PatchCore_supervised-paired/early_fusion_mlp/test/seed_60.parquet,278,af5360c4b660fe50893590c26d2fdec616b44a163d8cee8bdfa832ef1ae898a8,7b87491aba2c922801a5c8a7c16b19f891f3a96fb80677932c3b14ba5a596af1,dfdf39c8ada6b52b4554c6b10f8034e1608e68bc,True,True,2026-05-29T02:33:53Z
M1-MVTEC-SUPERVISED-PAIRED_late_fusion_ensemble_test_seed60_8ac7fec1,M1-MVTEC-SUPERVISED-PAIRED,MVTec 3D-AD,PatchCore supervised-paired,60,late_fusion_ensemble,test,elara_master_c/predictions/development/M1-MVTEC-SUPERVISED-PAIRED__MVTec_3D-AD__PatchCore_supervised-paired/late_fusion_ensemble/test/seed_60.parquet,278,8ac7fec152077cf6cf118057479edfb6af6e10239c24be5bc4c1a6fc5ac8e785,7b87491aba2c922801a5c8a7c16b19f891f3a96fb80677932c3b14ba5a596af1,dfdf39c8ada6b52b4554c6b10f8034e1608e68bc,True,True,2026-05-29T02:33:53Z
M1-MVTEC-SUPERVISED-PAIRED_random_forest_test_seed60_8f365413,M1-MVTEC-SUPERVISED-PAIRED,MVTec 3D-AD,PatchCore supervised-paired,60,random_forest,test,elara_master_c/predictions/development/M1-MVTEC-SUPERVISED-PAIRED__MVTec_3D-AD__PatchCore_supervised-paired/random_forest/test/seed_60.parquet,278,8f3654137e0f09d9e1357bd00de9e327f5372a9020dd8f7979e0c08c165c8201,7b87491aba2c922801a5c8a7c16b19f891f3a96fb80677932c3b14ba5a596af1,dfdf39c8ada6b52b4554c6b10f8034e1608e68bc,True,True,2026-05-29T02:33:53Z
M1-MVTEC-SUPERVISED-PAIRED_confidence_weighted_mean_test_seed60_4c75bead,M1-MVTEC-SUPERVISED-PAIRED,MVTec 3D-AD,PatchCore supervised-paired,60,confidence_weighted_mean,test,elara_master_c/predictions/development/M1-MVTEC-SUPERVISED-PAIRED__MVTec_3D-AD__PatchCore_supervised-paired/confidence_weighted_mean/test/seed_60.parquet,278,4c75bead1015729b5cbde9a0123186b79c3d3c2ee7da4007134383d3303dd693,7b87491aba2c922801a5c8a7c16b19f891f3a96fb80677932c3b14ba5a596af1,dfdf39c8ada6b52b4554c6b10f8034e1608e68bc,True,True,2026-05-29T02:33:53Z
M1-MVTEC-SUPERVISED-PAIRED_tent_score_adapter_test_seed60_5be368dd,M1-MVTEC-SUPERVISED-PAIRED,MVTec 3D-AD,PatchCore supervised-paired,60,tent_score_adapter,test,elara_master_c/predictions/development/M1-MVTEC-SUPERVISED-PAIRED__MVTec_3D-AD__PatchCore_supervised-paired/tent_score_adapter/test/seed_60.parquet,278,5be368dde9561f7f0c24e9bdbb19a9a50473aa013a7cf002ab3c008bd7ca8b52,7b87491aba2c922801a5c8a7c16b19f891f3a96fb80677932c3b14ba5a596af1,dfdf39c8ada6b52b4554c6b10f8034e1608e68bc,True,True,2026-05-29T02:33:53Z
M1-MVTEC-SUPERVISED-PAIRED_ttt_pseudo_label_adapter_test_seed60_065b2bc7,M1-MVTEC-SUPERVISED-PAIRED,MVTec 3D-AD,PatchCore supervised-paired,60,ttt_pseudo_label_adapter,test,elara_master_c/predictions/development/M1-MVTEC-SUPERVISED-PAIRED__MVTec_3D-AD__PatchCore_supervised-paired/ttt_pseudo_label_adapter/test/seed_60.parquet,278,065b2bc79403c244e8518989921abffb7b6f700b79a34dd4e145c281787839d7,7b87491aba2c922801a5c8a7c16b19f891f3a96fb80677932c3b14ba5a596af1,dfdf39c8ada6b52b4554c6b10f8034e1608e68bc,True,True,2026-05-29T02:33:53Z
M1-MVTEC-SUPERVISED-PAIRED_eata_score_adapter_test_seed60_b0ce24a6,M1-MVTEC-SUPERVISED-PAIRED,MVTec 3D-AD,PatchCore supervised-paired,60,eata_score_adapter,test,elara_master_c/predictions/development/M1-MVTEC-SUPERVISED-PAIRED__MVTec_3D-AD__PatchCore_supervised-paired/eata_score_adapter/test/seed_60.parquet,278,b0ce24a65a00534e7dcc814fbd38f6c6af1e58068d7eb625a4fa5e3f80caad7d,7b87491aba2c922801a5c8a7c16b19f891f3a96fb80677932c3b14ba5a596af1,dfdf39c8ada6b52b4554c6b10f8034e1608e68bc,True,True,2026-05-29T02:33:53Z
M1-MVTEC-SUPERVISED-PAIRED_sar_score_adapter_test_seed60_eff1782f,M1-MVTEC-SUPERVISED-PAIRED,MVTec 3D-AD,PatchCore supervised-paired,60,sar_score_adapter,test,elara_master_c/predictions/development/M1-MVTEC-SUPERVISED-PAIRED__MVTec_3D-AD__PatchCore_supervised-paired/sar_score_adapter/test/seed_60.parquet,278,eff1782f6654fa55e1430ed94608d128af08fea00ca858f9eb37600e61a129be,7b87491aba2c922801a5c8a7c16b19f891f3a96fb80677932c3b14ba5a596af1,dfdf39c8ada6b52b4554c6b10f8034e1608e68bc,True,True,2026-05-29T02:33:53Z
M1-MVTEC-SUPERVISED-PAIRED_static_attention_test_seed61_103559ca,M1-MVTEC-SUPERVISED-PAIRED,MVTec 3D-AD,PatchCore supervised-paired,61,static_attention,test,elara_master_c/predictions/development/M1-MVTEC-SUPERVISED-PAIRED__MVTec_3D-AD__PatchCore_supervised-paired/static_attention/test/seed_61.parquet,278,103559caab14d914678a6e353f52fc6df4ce4ff2763fcc086cd19d7bc0209230,7b87491aba2c922801a5c8a7c16b19f891f3a96fb80677932c3b14ba5a596af1,96863bf7bdbf08a36d5e732fe188588112f3c361,True,True,2026-05-29T02:34:14Z
M1-MVTEC-SUPERVISED-PAIRED_craf_attention_test_seed61_af9ca4d7,M1-MVTEC-SUPERVISED-PAIRED,MVTec 3D-AD,PatchCore supervised-paired,61,craf_attention,test,elara_master_c/predictions/development/M1-MVTEC-SUPERVISED-PAIRED__MVTec_3D-AD__PatchCore_supervised-paired/craf_attention/test/seed_61.parquet,278,af9ca4d765709e84e425e96134cd44d822c311da25474261204b71fc4c6a2091,7b87491aba2c922801a5c8a7c16b19f891f3a96fb80677932c3b14ba5a596af1,96863bf7bdbf08a36d5e732fe188588112f3c361,True,True,2026-05-29T02:34:14Z
M1-MVTEC-SUPERVISED-PAIRED_rga_boosted_fusion_test_seed61_3fd5e6d3,M1-MVTEC-SUPERVISED-PAIRED,MVTec 3D-AD,PatchCore supervised-paired,61,rga_boosted_fusion,test,elara_master_c/predictions/development/M1-MVTEC-SUPERVISED-PAIRED__MVTec_3D-AD__PatchCore_supervised-paired/rga_boosted_fusion/test/seed_61.parquet,278,3fd5e6d3d41a0a66d6dd1267f782cc93ca286c1e12cfb78a55d032e2080aa72b,7b87491aba2c922801a5c8a7c16b19f891f3a96fb80677932c3b14ba5a596af1,96863bf7bdbf08a36d5e732fe188588112f3c361,True,True,2026-05-29T02:34:15Z
M1-MVTEC-SUPERVISED-PAIRED_rga_meta_router_test_seed61_88d71b9f,M1-MVTEC-SUPERVISED-PAIRED,MVTec 3D-AD,PatchCore supervised-paired,61,rga_meta_router,test,elara_master_c/predictions/development/M1-MVTEC-SUPERVISED-PAIRED__MVTec_3D-AD__PatchCore_supervised-paired/rga_meta_router/test/seed_61.parquet,278,88d71b9fe37f02f43b64db1adbd295d761e116b1f8c8feac083da40312099ad4,7b87491aba2c922801a5c8a7c16b19f891f3a96fb80677932c3b14ba5a596af1,96863bf7bdbf08a36d5e732fe188588112f3c361,True,True,2026-05-29T02:34:15Z
M1-MVTEC-SUPERVISED-PAIRED_early_fusion_mlp_test_seed61_5c1587bf,M1-MVTEC-SUPERVISED-PAIRED,MVTec 3D-AD,PatchCore supervised-paired,61,early_fusion_mlp,test,elara_master_c/predictions/development/M1-MVTEC-SUPERVISED-PAIRED__MVTec_3D-AD__PatchCore_supervised-paired/early_fusion_mlp/test/seed_61.parquet,278,5c1587bfe58a0a3928ee36547aaf4c81879a05d6c3ae6c29cf0cf452324f0902,7b87491aba2c922801a5c8a7c16b19f891f3a96fb80677932c3b14ba5a596af1,96863bf7bdbf08a36d5e732fe188588112f3c361,True,True,2026-05-29T02:34:15Z
M1-MVTEC-SUPERVISED-PAIRED_late_fusion_ensemble_test_seed61_1e380c3c,M1-MVTEC-SUPERVISED-PAIRED,MVTec 3D-AD,PatchCore supervised-paired,61,late_fusion_ensemble,test,elara_master_c/predictions/development/M1-MVTEC-SUPERVISED-PAIRED__MVTec_3D-AD__PatchCore_supervised-paired/late_fusion_ensemble/test/seed_61.parquet,278,1e380c3cfb6a68db4c2351f3491e05b5cfba40dea1a132351c032af9f257f999,7b87491aba2c922801a5c8a7c16b19f891f3a96fb80677932c3b14ba5a596af1,96863bf7bdbf08a36d5e732fe188588112f3c361,True,True,2026-05-29T02:34:15Z
M1-MVTEC-SUPERVISED-PAIRED_random_forest_test_seed61_2342a3b1,M1-MVTEC-SUPERVISED-PAIRED,MVTec 3D-AD,PatchCore supervised-paired,61,random_forest,test,elara_master_c/predictions/development/M1-MVTEC-SUPERVISED-PAIRED__MVTec_3D-AD__PatchCore_supervised-paired/random_forest/test/seed_61.parquet,278,2342a3b18766721a0e636462971b788a533094d44302abdd4c830c8b535e67e8,7b87491aba2c922801a5c8a7c16b19f891f3a96fb80677932c3b14ba5a596af1,96863bf7bdbf08a36d5e732fe188588112f3c361,True,True,2026-05-29T02:34:15Z
M1-MVTEC-SUPERVISED-PAIRED_confidence_weighted_mean_test_seed61_1f60f511,M1-MVTEC-SUPERVISED-PAIRED,MVTec 3D-AD,PatchCore supervised-paired,61,confidence_weighted_mean,test,elara_master_c/predictions/development/M1-MVTEC-SUPERVISED-PAIRED__MVTec_3D-AD__PatchCore_supervised-paired/confidence_weighted_mean/test/seed_61.parquet,278,1f60f511269d3ba93c260947b62e87453a1601976d0bc8ce4d4500827a61a3c1,7b87491aba2c922801a5c8a7c16b19f891f3a96fb80677932c3b14ba5a596af1,96863bf7bdbf08a36d5e732fe188588112f3c361,True,True,2026-05-29T02:34:15Z
M1-MVTEC-SUPERVISED-PAIRED_tent_score_adapter_test_seed61_ce3fd13a,M1-MVTEC-SUPERVISED-PAIRED,MVTec 3D-AD,PatchCore supervised-paired,61,tent_score_adapter,test,elara_master_c/predictions/development/M1-MVTEC-SUPERVISED-PAIRED__MVTec_3D-AD__PatchCore_supervised-paired/tent_score_adapter/test/seed_61.parquet,278,ce3fd13a91efb7e9436bdc79a37e87a0f4645c46d9aefa00e27dde5dd8a96f6e,7b87491aba2c922801a5c8a7c16b19f891f3a96fb80677932c3b14ba5a596af1,96863bf7bdbf08a36d5e732fe188588112f3c361,True,True,2026-05-29T02:34:15Z
M1-MVTEC-SUPERVISED-PAIRED_ttt_pseudo_label_adapter_test_seed61_95b06059,M1-MVTEC-SUPERVISED-PAIRED,MVTec 3D-AD,PatchCore supervised-paired,61,ttt_pseudo_label_adapter,test,elara_master_c/predictions/development/M1-MVTEC-SUPERVISED-PAIRED__MVTec_3D-AD__PatchCore_supervised-paired/ttt_pseudo_label_adapter/test/seed_61.parquet,278,95b06059125b3879e2f29bd6fe78a94de9e11f676ba43b07ded63e5a8012fe22,7b87491aba2c922801a5c8a7c16b19f891f3a96fb80677932c3b14ba5a596af1,96863bf7bdbf08a36d5e732fe188588112f3c361,True,True,2026-05-29T02:34:15Z
M1-MVTEC-SUPERVISED-PAIRED_eata_score_adapter_test_seed61_888347c6,M1-MVTEC-SUPERVISED-PAIRED,MVTec 3D-AD,PatchCore supervised-paired,61,eata_score_adapter,test,elara_master_c/predictions/development/M1-MVTEC-SUPERVISED-PAIRED__MVTec_3D-AD__PatchCore_supervised-paired/eata_score_adapter/test/seed_61.parquet,278,888347c6425d6ffeaeeccbe8070b3db0fc78ca689c4369ec95498bb99182be4f,7b87491aba2c922801a5c8a7c16b19f891f3a96fb80677932c3b14ba5a596af1,96863bf7bdbf08a36d5e732fe188588112f3c361,True,True,2026-05-29T02:34:15Z
M1-MVTEC-SUPERVISED-PAIRED_sar_score_adapter_test_seed61_52129fd3,M1-MVTEC-SUPERVISED-PAIRED,MVTec 3D-AD,PatchCore supervised-paired,61,sar_score_adapter,test,elara_master_c/predictions/development/M1-MVTEC-SUPERVISED-PAIRED__MVTec_3D-AD__PatchCore_supervised-paired/sar_score_adapter/test/seed_61.parquet,278,52129fd3702ed6846a0c455b51d94a37124c941a495cd5df4b9fafb7e27392dd,7b87491aba2c922801a5c8a7c16b19f891f3a96fb80677932c3b14ba5a596af1,96863bf7bdbf08a36d5e732fe188588112f3c361,True,True,2026-05-29T02:34:15Z
M1-MVTEC-SUPERVISED-PAIRED_static_attention_test_seed62_2d072e4d,M1-MVTEC-SUPERVISED-PAIRED,MVTec 3D-AD,PatchCore supervised-paired,62,static_attention,test,elara_master_c/predictions/development/M1-MVTEC-SUPERVISED-PAIRED__MVTec_3D-AD__PatchCore_supervised-paired/static_attention/test/seed_62.parquet,278,2d072e4d58d615769a9e8790fe8e72d570ff739d61c90d3eabfa70ad5bf9b155,7b87491aba2c922801a5c8a7c16b19f891f3a96fb80677932c3b14ba5a596af1,41b0edc6ddac65496e48c14673a27413f6efe3dd,True,True,2026-05-29T02:34:38Z
M1-MVTEC-SUPERVISED-PAIRED_craf_attention_test_seed62_6823a12b,M1-MVTEC-SUPERVISED-PAIRED,MVTec 3D-AD,PatchCore supervised-paired,62,craf_attention,test,elara_master_c/predictions/development/M1-MVTEC-SUPERVISED-PAIRED__MVTec_3D-AD__PatchCore_supervised-paired/craf_attention/test/seed_62.parquet,278,6823a12bbd9a7209f982d4729cac0e8bfc78d248124a0dfbf05d5bd61f1c5f8c,7b87491aba2c922801a5c8a7c16b19f891f3a96fb80677932c3b14ba5a596af1,41b0edc6ddac65496e48c14673a27413f6efe3dd,True,True,2026-05-29T02:34:38Z
M1-MVTEC-SUPERVISED-PAIRED_rga_boosted_fusion_test_seed62_0c1480ae,M1-MVTEC-SUPERVISED-PAIRED,MVTec 3D-AD,PatchCore supervised-paired,62,rga_boosted_fusion,test,elara_master_c/predictions/development/M1-MVTEC-SUPERVISED-PAIRED__MVTec_3D-AD__PatchCore_supervised-paired/rga_boosted_fusion/test/seed_62.parquet,278,0c1480aef5c42133158125f9475982ac956b28ef02edb2f839ee0204d9fa48bd,7b87491aba2c922801a5c8a7c16b19f891f3a96fb80677932c3b14ba5a596af1,41b0edc6ddac65496e48c14673a27413f6efe3dd,True,True,2026-05-29T02:34:38Z
M1-MVTEC-SUPERVISED-PAIRED_rga_meta_router_test_seed62_c77df4c8,M1-MVTEC-SUPERVISED-PAIRED,MVTec 3D-AD,PatchCore supervised-paired,62,rga_meta_router,test,elara_master_c/predictions/development/M1-MVTEC-SUPERVISED-PAIRED__MVTec_3D-AD__PatchCore_supervised-paired/rga_meta_router/test/seed_62.parquet,278,c77df4c80be8b66783135910c561a24464c0f26dc5e1a813d58747926fa8d38a,7b87491aba2c922801a5c8a7c16b19f891f3a96fb80677932c3b14ba5a596af1,41b0edc6ddac65496e48c14673a27413f6efe3dd,True,True,2026-05-29T02:34:38Z
M1-MVTEC-SUPERVISED-PAIRED_early_fusion_mlp_test_seed62_f96ea5d8,M1-MVTEC-SUPERVISED-PAIRED,MVTec 3D-AD,PatchCore supervised-paired,62,early_fusion_mlp,test,elara_master_c/predictions/development/M1-MVTEC-SUPERVISED-PAIRED__MVTec_3D-AD__PatchCore_supervised-paired/early_fusion_mlp/test/seed_62.parquet,278,f96ea5d87e95644b65ce78cc4c50d1b042a7e927c53b4b77556b0f2826c162b9,7b87491aba2c922801a5c8a7c16b19f891f3a96fb80677932c3b14ba5a596af1,41b0edc6ddac65496e48c14673a27413f6efe3dd,True,True,2026-05-29T02:34:38Z
M1-MVTEC-SUPERVISED-PAIRED_late_fusion_ensemble_test_seed62_24685730,M1-MVTEC-SUPERVISED-PAIRED,MVTec 3D-AD,PatchCore supervised-paired,62,late_fusion_ensemble,test,elara_master_c/predictions/development/M1-MVTEC-SUPERVISED-PAIRED__MVTec_3D-AD__PatchCore_supervised-paired/late_fusion_ensemble/test/seed_62.parquet,278,246857307aee731535881193831862fff959b1d942c079161f11fb9a0bb1316c,7b87491aba2c922801a5c8a7c16b19f891f3a96fb80677932c3b14ba5a596af1,41b0edc6ddac65496e48c14673a27413f6efe3dd,True,True,2026-05-29T02:34:38Z
M1-MVTEC-SUPERVISED-PAIRED_random_forest_test_seed62_7b284947,M1-MVTEC-SUPERVISED-PAIRED,MVTec 3D-AD,PatchCore supervised-paired,62,random_forest,test,elara_master_c/predictions/development/M1-MVTEC-SUPERVISED-PAIRED__MVTec_3D-AD__PatchCore_supervised-paired/random_forest/test/seed_62.parquet,278,7b28494792f0720fa4d45ce8f333cf57db180bb75d627aa6dffce61227c3af97,7b87491aba2c922801a5c8a7c16b19f891f3a96fb80677932c3b14ba5a596af1,41b0edc6ddac65496e48c14673a27413f6efe3dd,True,True,2026-05-29T02:34:38Z
M1-MVTEC-SUPERVISED-PAIRED_confidence_weighted_mean_test_seed62_663d47c8,M1-MVTEC-SUPERVISED-PAIRED,MVTec 3D-AD,PatchCore supervised-paired,62,confidence_weighted_mean,test,elara_master_c/predictions/development/M1-MVTEC-SUPERVISED-PAIRED__MVTec_3D-AD__PatchCore_supervised-paired/confidence_weighted_mean/test/seed_62.parquet,278,663d47c8d05de8ca8534ad06f9cdc765ee4fe730ae40e9cd1c9fbb2997682d0a,7b87491aba2c922801a5c8a7c16b19f891f3a96fb80677932c3b14ba5a596af1,41b0edc6ddac65496e48c14673a27413f6efe3dd,True,True,2026-05-29T02:34:38Z
M1-MVTEC-SUPERVISED-PAIRED_tent_score_adapter_test_seed62_a491a86b,M1-MVTEC-SUPERVISED-PAIRED,MVTec 3D-AD,PatchCore supervised-paired,62,tent_score_adapter,test,elara_master_c/predictions/development/M1-MVTEC-SUPERVISED-PAIRED__MVTec_3D-AD__PatchCore_supervised-paired/tent_score_adapter/test/seed_62.parquet,278,a491a86b82b8dc909e4123f1dadd0b0eff11d5dee5003c0c99e258b07b29197a,7b87491aba2c922801a5c8a7c16b19f891f3a96fb80677932c3b14ba5a596af1,41b0edc6ddac65496e48c14673a27413f6efe3dd,True,True,2026-05-29T02:34:39Z
M1-MVTEC-SUPERVISED-PAIRED_ttt_pseudo_label_adapter_test_seed62_fc84b277,M1-MVTEC-SUPERVISED-PAIRED,MVTec 3D-AD,PatchCore supervised-paired,62,ttt_pseudo_label_adapter,test,elara_master_c/predictions/development/M1-MVTEC-SUPERVISED-PAIRED__MVTec_3D-AD__PatchCore_supervised-paired/ttt_pseudo_label_adapter/test/seed_62.parquet,278,fc84b277d991d023ceecd8bb7c4859517cc428ba9f2814550a05e8afb9f06e10,7b87491aba2c922801a5c8a7c16b19f891f3a96fb80677932c3b14ba5a596af1,41b0edc6ddac65496e48c14673a27413f6efe3dd,True,True,2026-05-29T02:34:39Z
M1-MVTEC-SUPERVISED-PAIRED_eata_score_adapter_test_seed62_b3c513dd,M1-MVTEC-SUPERVISED-PAIRED,MVTec 3D-AD,PatchCore supervised-paired,62,eata_score_adapter,test,elara_master_c/predictions/development/M1-MVTEC-SUPERVISED-PAIRED__MVTec_3D-AD__PatchCore_supervised-paired/eata_score_adapter/test/seed_62.parquet,278,b3c513dddbf465aabf973086e5aeeb11c2fde4b3565a39d19ee8ff9d598feddd,7b87491aba2c922801a5c8a7c16b19f891f3a96fb80677932c3b14ba5a596af1,41b0edc6ddac65496e48c14673a27413f6efe3dd,True,True,2026-05-29T02:34:39Z
M1-MVTEC-SUPERVISED-PAIRED_sar_score_adapter_test_seed62_c461db00,M1-MVTEC-SUPERVISED-PAIRED,MVTec 3D-AD,PatchCore supervised-paired,62,sar_score_adapter,test,elara_master_c/predictions/development/M1-MVTEC-SUPERVISED-PAIRED__MVTec_3D-AD__PatchCore_supervised-paired/sar_score_adapter/test/seed_62.parquet,278,c461db001d80f38b6e6e3a3b4831264ae569c9810563e028d967b6feba5607c7,7b87491aba2c922801a5c8a7c16b19f891f3a96fb80677932c3b14ba5a596af1,41b0edc6ddac65496e48c14673a27413f6efe3dd,True,True,2026-05-29T02:34:39Z
M1-MVTEC-SUPERVISED-PAIRED_static_attention_test_seed63_0928f750,M1-MVTEC-SUPERVISED-PAIRED,MVTec 3D-AD,PatchCore supervised-paired,63,static_attention,test,elara_master_c/predictions/development/M1-MVTEC-SUPERVISED-PAIRED__MVTec_3D-AD__PatchCore_supervised-paired/static_attention/test/seed_63.parquet,278,0928f750815d613755c704bc18716b961aaa744cf35c8228ab34cec956d3783b,7b87491aba2c922801a5c8a7c16b19f891f3a96fb80677932c3b14ba5a596af1,41b0edc6ddac65496e48c14673a27413f6efe3dd,True,True,2026-05-29T02:34:59Z
M1-MVTEC-SUPERVISED-PAIRED_craf_attention_test_seed63_9ff7c23c,M1-MVTEC-SUPERVISED-PAIRED,MVTec 3D-AD,PatchCore supervised-paired,63,craf_attention,test,elara_master_c/predictions/development/M1-MVTEC-SUPERVISED-PAIRED__MVTec_3D-AD__PatchCore_supervised-paired/craf_attention/test/seed_63.parquet,278,9ff7c23c63f3bf2b6ae4e2d297f06c09a8fd8f356a368721dcbb891df95d5a03,7b87491aba2c922801a5c8a7c16b19f891f3a96fb80677932c3b14ba5a596af1,41b0edc6ddac65496e48c14673a27413f6efe3dd,True,True,2026-05-29T02:34:59Z
M1-MVTEC-SUPERVISED-PAIRED_rga_boosted_fusion_test_seed63_198435f4,M1-MVTEC-SUPERVISED-PAIRED,MVTec 3D-AD,PatchCore supervised-paired,63,rga_boosted_fusion,test,elara_master_c/predictions/development/M1-MVTEC-SUPERVISED-PAIRED__MVTec_3D-AD__PatchCore_supervised-paired/rga_boosted_fusion/test/seed_63.parquet,278,198435f4c984be6f69e8bfdbb070508315d75d7d32b0e04d83d138dee83d36b0,7b87491aba2c922801a5c8a7c16b19f891f3a96fb80677932c3b14ba5a596af1,67d88871fdc5f3706dad8da2f54385f5f316d699,True,True,2026-05-29T02:34:59Z
M1-MVTEC-SUPERVISED-PAIRED_rga_meta_router_test_seed63_358eac1c,M1-MVTEC-SUPERVISED-PAIRED,MVTec 3D-AD,PatchCore supervised-paired,63,rga_meta_router,test,elara_master_c/predictions/development/M1-MVTEC-SUPERVISED-PAIRED__MVTec_3D-AD__PatchCore_supervised-paired/rga_meta_router/test/seed_63.parquet,278,358eac1c4f8ecc4e7fb09a27c467aa54d27b7cc33c61d37a4c4101ab12bf58d3,7b87491aba2c922801a5c8a7c16b19f891f3a96fb80677932c3b14ba5a596af1,67d88871fdc5f3706dad8da2f54385f5f316d699,True,True,2026-05-29T02:34:59Z
M1-MVTEC-SUPERVISED-PAIRED_early_fusion_mlp_test_seed63_114d6cbf,M1-MVTEC-SUPERVISED-PAIRED,MVTec 3D-AD,PatchCore supervised-paired,63,early_fusion_mlp,test,elara_master_c/predictions/development/M1-MVTEC-SUPERVISED-PAIRED__MVTec_3D-AD__PatchCore_supervised-paired/early_fusion_mlp/test/seed_63.parquet,278,114d6cbf3a5b00d09e2ed4bddae459c900b468c92d41728cf6ea71af0f66cf3c,7b87491aba2c922801a5c8a7c16b19f891f3a96fb80677932c3b14ba5a596af1,67d88871fdc5f3706dad8da2f54385f5f316d699,True,True,2026-05-29T02:34:59Z
M1-MVTEC-SUPERVISED-PAIRED_late_fusion_ensemble_test_seed63_dacf7c52,M1-MVTEC-SUPERVISED-PAIRED,MVTec 3D-AD,PatchCore supervised-paired,63,late_fusion_ensemble,test,elara_master_c/predictions/development/M1-MVTEC-SUPERVISED-PAIRED__MVTec_3D-AD__PatchCore_supervised-paired/late_fusion_ensemble/test/seed_63.parquet,278,dacf7c52ed983ae992f3f9fedf957d2f1e4edf999abbbaefd30ed5bc0c7ab306,7b87491aba2c922801a5c8a7c16b19f891f3a96fb80677932c3b14ba5a596af1,67d88871fdc5f3706dad8da2f54385f5f316d699,True,True,2026-05-29T02:34:59Z
M1-MVTEC-SUPERVISED-PAIRED_random_forest_test_seed63_b3549bdf,M1-MVTEC-SUPERVISED-PAIRED,MVTec 3D-AD,PatchCore supervised-paired,63,random_forest,test,elara_master_c/predictions/development/M1-MVTEC-SUPERVISED-PAIRED__MVTec_3D-AD__PatchCore_supervised-paired/random_forest/test/seed_63.parquet,278,b3549bdffee358727bb29ebcf319f05e63c524dd1a997f1e5eaf9155ccaac634,7b87491aba2c922801a5c8a7c16b19f891f3a96fb80677932c3b14ba5a596af1,67d88871fdc5f3706dad8da2f54385f5f316d699,True,True,2026-05-29T02:34:59Z
M1-MVTEC-SUPERVISED-PAIRED_confidence_weighted_mean_test_seed63_cc1d93ee,M1-MVTEC-SUPERVISED-PAIRED,MVTec 3D-AD,PatchCore supervised-paired,63,confidence_weighted_mean,test,elara_master_c/predictions/development/M1-MVTEC-SUPERVISED-PAIRED__MVTec_3D-AD__PatchCore_supervised-paired/confidence_weighted_mean/test/seed_63.parquet,278,cc1d93eeeb0051308985ffb5b7ab961ddbcec5ed785e27a1635ddecf0f53e8c3,7b87491aba2c922801a5c8a7c16b19f891f3a96fb80677932c3b14ba5a596af1,67d88871fdc5f3706dad8da2f54385f5f316d699,True,True,2026-05-29T02:34:59Z
M1-MVTEC-SUPERVISED-PAIRED_tent_score_adapter_test_seed63_fc0b518a,M1-MVTEC-SUPERVISED-PAIRED,MVTec 3D-AD,PatchCore supervised-paired,63,tent_score_adapter,test,elara_master_c/predictions/development/M1-MVTEC-SUPERVISED-PAIRED__MVTec_3D-AD__PatchCore_supervised-paired/tent_score_adapter/test/seed_63.parquet,278,fc0b518a1c8f709c42ce0d57d068b5169be93b0c22dbe79dbe760aa9f03feb91,7b87491aba2c922801a5c8a7c16b19f891f3a96fb80677932c3b14ba5a596af1,67d88871fdc5f3706dad8da2f54385f5f316d699,True,True,2026-05-29T02:34:59Z
M1-MVTEC-SUPERVISED-PAIRED_ttt_pseudo_label_adapter_test_seed63_3e0ba697,M1-MVTEC-SUPERVISED-PAIRED,MVTec 3D-AD,PatchCore supervised-paired,63,ttt_pseudo_label_adapter,test,elara_master_c/predictions/development/M1-MVTEC-SUPERVISED-PAIRED__MVTec_3D-AD__PatchCore_supervised-paired/ttt_pseudo_label_adapter/test/seed_63.parquet,278,3e0ba69788bedde666a834210f7544174798117a9983cf080956495f93aeeaf4,7b87491aba2c922801a5c8a7c16b19f891f3a96fb80677932c3b14ba5a596af1,67d88871fdc5f3706dad8da2f54385f5f316d699,True,True,2026-05-29T02:34:59Z
M1-MVTEC-SUPERVISED-PAIRED_eata_score_adapter_test_seed63_ceb048f0,M1-MVTEC-SUPERVISED-PAIRED,MVTec 3D-AD,PatchCore supervised-paired,63,eata_score_adapter,test,elara_master_c/predictions/development/M1-MVTEC-SUPERVISED-PAIRED__MVTec_3D-AD__PatchCore_supervised-paired/eata_score_adapter/test/seed_63.parquet,278,ceb048f05206918aac0805cef418e6bc621e47aa4e02ea4e14a6fa88b1a55bb5,7b87491aba2c922801a5c8a7c16b19f891f3a96fb80677932c3b14ba5a596af1,67d88871fdc5f3706dad8da2f54385f5f316d699,True,True,2026-05-29T02:34:59Z
M1-MVTEC-SUPERVISED-PAIRED_sar_score_adapter_test_seed63_a1a69e6c,M1-MVTEC-SUPERVISED-PAIRED,MVTec 3D-AD,PatchCore supervised-paired,63,sar_score_adapter,test,elara_master_c/predictions/development/M1-MVTEC-SUPERVISED-PAIRED__MVTec_3D-AD__PatchCore_supervised-paired/sar_score_adapter/test/seed_63.parquet,278,a1a69e6c70a1152174853c7d07243f332397fe0960bf04488d923abbdfe0b2e9,7b87491aba2c922801a5c8a7c16b19f891f3a96fb80677932c3b14ba5a596af1,67d88871fdc5f3706dad8da2f54385f5f316d699,True,True,2026-05-29T02:34:59Z
M1-MVTEC-SUPERVISED-PAIRED_static_attention_test_seed64_e0450cf3,M1-MVTEC-SUPERVISED-PAIRED,MVTec 3D-AD,PatchCore supervised-paired,64,static_attention,test,elara_master_c/predictions/development/M1-MVTEC-SUPERVISED-PAIRED__MVTec_3D-AD__PatchCore_supervised-paired/static_attention/test/seed_64.parquet,278,e0450cf3d916e2727ba92b2175a1ee18f0ca225a901abd8834bbd0396a6e8c72,7b87491aba2c922801a5c8a7c16b19f891f3a96fb80677932c3b14ba5a596af1,67d88871fdc5f3706dad8da2f54385f5f316d699,True,True,2026-05-29T02:35:24Z
M1-MVTEC-SUPERVISED-PAIRED_craf_attention_test_seed64_14e08ba6,M1-MVTEC-SUPERVISED-PAIRED,MVTec 3D-AD,PatchCore supervised-paired,64,craf_attention,test,elara_master_c/predictions/development/M1-MVTEC-SUPERVISED-PAIRED__MVTec_3D-AD__PatchCore_supervised-paired/craf_attention/test/seed_64.parquet,278,14e08ba66e4bc3f131df369aed50b30e1ac0ccc04d0e1391fab93dde40df7f56,7b87491aba2c922801a5c8a7c16b19f891f3a96fb80677932c3b14ba5a596af1,67d88871fdc5f3706dad8da2f54385f5f316d699,True,True,2026-05-29T02:35:24Z
M1-MVTEC-SUPERVISED-PAIRED_rga_boosted_fusion_test_seed64_2bf56022,M1-MVTEC-SUPERVISED-PAIRED,MVTec 3D-AD,PatchCore supervised-paired,64,rga_boosted_fusion,test,elara_master_c/predictions/development/M1-MVTEC-SUPERVISED-PAIRED__MVTec_3D-AD__PatchCore_supervised-paired/rga_boosted_fusion/test/seed_64.parquet,278,2bf5602251a154688522893827cbaea08a112cae93bd1f253824c08a1dd418f8,7b87491aba2c922801a5c8a7c16b19f891f3a96fb80677932c3b14ba5a596af1,67d88871fdc5f3706dad8da2f54385f5f316d699,True,True,2026-05-29T02:35:24Z
M1-MVTEC-SUPERVISED-PAIRED_rga_meta_router_test_seed64_7849553f,M1-MVTEC-SUPERVISED-PAIRED,MVTec 3D-AD,PatchCore supervised-paired,64,rga_meta_router,test,elara_master_c/predictions/development/M1-MVTEC-SUPERVISED-PAIRED__MVTec_3D-AD__PatchCore_supervised-paired/rga_meta_router/test/seed_64.parquet,278,7849553faed9c07581d55b2b60c1330fa7f17d5934ec490f8ce3ce9ccf70253b,7b87491aba2c922801a5c8a7c16b19f891f3a96fb80677932c3b14ba5a596af1,67d88871fdc5f3706dad8da2f54385f5f316d699,True,True,2026-05-29T02:35:24Z
M1-MVTEC-SUPERVISED-PAIRED_early_fusion_mlp_test_seed64_35499195,M1-MVTEC-SUPERVISED-PAIRED,MVTec 3D-AD,PatchCore supervised-paired,64,early_fusion_mlp,test,elara_master_c/predictions/development/M1-MVTEC-SUPERVISED-PAIRED__MVTec_3D-AD__PatchCore_supervised-paired/early_fusion_mlp/test/seed_64.parquet,278,354991950c5de2863116959d92684de4b5fcad4a1e7fa65ac361e4e679ff1aa1,7b87491aba2c922801a5c8a7c16b19f891f3a96fb80677932c3b14ba5a596af1,67d88871fdc5f3706dad8da2f54385f5f316d699,True,True,2026-05-29T02:35:24Z
M1-MVTEC-SUPERVISED-PAIRED_late_fusion_ensemble_test_seed64_c2948a9d,M1-MVTEC-SUPERVISED-PAIRED,MVTec 3D-AD,PatchCore supervised-paired,64,late_fusion_ensemble,test,elara_master_c/predictions/development/M1-MVTEC-SUPERVISED-PAIRED__MVTec_3D-AD__PatchCore_supervised-paired/late_fusion_ensemble/test/seed_64.parquet,278,c2948a9d40b7a51dde364ff242f755c570629e12efd56777f0adb9fb0ab7b998,7b87491aba2c922801a5c8a7c16b19f891f3a96fb80677932c3b14ba5a596af1,67d88871fdc5f3706dad8da2f54385f5f316d699,True,True,2026-05-29T02:35:24Z
M1-MVTEC-SUPERVISED-PAIRED_random_forest_test_seed64_ead4a667,M1-MVTEC-SUPERVISED-PAIRED,MVTec 3D-AD,PatchCore supervised-paired,64,random_forest,test,elara_master_c/predictions/development/M1-MVTEC-SUPERVISED-PAIRED__MVTec_3D-AD__PatchCore_supervised-paired/random_forest/test/seed_64.parquet,278,ead4a6677ffcc9f40f9a1c156c26bacc63ed94eef8c612cda21fe81f5a427119,7b87491aba2c922801a5c8a7c16b19f891f3a96fb80677932c3b14ba5a596af1,67d88871fdc5f3706dad8da2f54385f5f316d699,True,True,2026-05-29T02:35:25Z
M1-MVTEC-SUPERVISED-PAIRED_confidence_weighted_mean_test_seed64_dc1bb7e7,M1-MVTEC-SUPERVISED-PAIRED,MVTec 3D-AD,PatchCore supervised-paired,64,confidence_weighted_mean,test,elara_master_c/predictions/development/M1-MVTEC-SUPERVISED-PAIRED__MVTec_3D-AD__PatchCore_supervised-paired/confidence_weighted_mean/test/seed_64.parquet,278,dc1bb7e75f5961fa2f4ac870de97cb5258d44ad024dd55a9ac7f450a994362ef,7b87491aba2c922801a5c8a7c16b19f891f3a96fb80677932c3b14ba5a596af1,67d88871fdc5f3706dad8da2f54385f5f316d699,True,True,2026-05-29T02:35:25Z
M1-MVTEC-SUPERVISED-PAIRED_tent_score_adapter_test_seed64_593d92e9,M1-MVTEC-SUPERVISED-PAIRED,MVTec 3D-AD,PatchCore supervised-paired,64,tent_score_adapter,test,elara_master_c/predictions/development/M1-MVTEC-SUPERVISED-PAIRED__MVTec_3D-AD__PatchCore_supervised-paired/tent_score_adapter/test/seed_64.parquet,278,593d92e9bc6781816eda4699fb86cb59ec229a7a088b68f9740e185f57efb918,7b87491aba2c922801a5c8a7c16b19f891f3a96fb80677932c3b14ba5a596af1,67d88871fdc5f3706dad8da2f54385f5f316d699,True,True,2026-05-29T02:35:25Z
M1-MVTEC-SUPERVISED-PAIRED_ttt_pseudo_label_adapter_test_seed64_e54e87fd,M1-MVTEC-SUPERVISED-PAIRED,MVTec 3D-AD,PatchCore supervised-paired,64,ttt_pseudo_label_adapter,test,elara_master_c/predictions/development/M1-MVTEC-SUPERVISED-PAIRED__MVTec_3D-AD__PatchCore_supervised-paired/ttt_pseudo_label_adapter/test/seed_64.parquet,278,e54e87fdc4bf54cecb1efff63eb7d5190941e1e473f5b674a28e319ff0e5567f,7b87491aba2c922801a5c8a7c16b19f891f3a96fb80677932c3b14ba5a596af1,67d88871fdc5f3706dad8da2f54385f5f316d699,True,True,2026-05-29T02:35:25Z
M1-MVTEC-SUPERVISED-PAIRED_eata_score_adapter_test_seed64_3e3ba2ad,M1-MVTEC-SUPERVISED-PAIRED,MVTec 3D-AD,PatchCore supervised-paired,64,eata_score_adapter,test,elara_master_c/predictions/development/M1-MVTEC-SUPERVISED-PAIRED__MVTec_3D-AD__PatchCore_supervised-paired/eata_score_adapter/test/seed_64.parquet,278,3e3ba2ad27c5b76c74cb7281ba6b7dd99f5632bde52b4e8d5bd39d50a0e363e4,7b87491aba2c922801a5c8a7c16b19f891f3a96fb80677932c3b14ba5a596af1,67d88871fdc5f3706dad8da2f54385f5f316d699,True,True,2026-05-29T02:35:25Z
M1-MVTEC-SUPERVISED-PAIRED_sar_score_adapter_test_seed64_9f5568ea,M1-MVTEC-SUPERVISED-PAIRED,MVTec 3D-AD,PatchCore supervised-paired,64,sar_score_adapter,test,elara_master_c/predictions/development/M1-MVTEC-SUPERVISED-PAIRED__MVTec_3D-AD__PatchCore_supervised-paired/sar_score_adapter/test/seed_64.parquet,278,9f5568eaa8aa5c141e34844786c13d4a967b76c0493dc30f7ca7fabed434529d,7b87491aba2c922801a5c8a7c16b19f891f3a96fb80677932c3b14ba5a596af1,67d88871fdc5f3706dad8da2f54385f5f316d699,True,True,2026-05-29T02:35:25Z
M1-MVTEC-SUPERVISED-PAIRED_static_attention_test_seed65_d3d2b82b,M1-MVTEC-SUPERVISED-PAIRED,MVTec 3D-AD,PatchCore supervised-paired,65,static_attention,test,elara_master_c/predictions/development/M1-MVTEC-SUPERVISED-PAIRED__MVTec_3D-AD__PatchCore_supervised-paired/static_attention/test/seed_65.parquet,278,d3d2b82b54adfb08fc0c7193ddadc7d775e6896662e58319ab6469f517d350c9,7b87491aba2c922801a5c8a7c16b19f891f3a96fb80677932c3b14ba5a596af1,67d88871fdc5f3706dad8da2f54385f5f316d699,True,True,2026-05-29T02:35:48Z
M1-MVTEC-SUPERVISED-PAIRED_craf_attention_test_seed65_2ddf43c7,M1-MVTEC-SUPERVISED-PAIRED,MVTec 3D-AD,PatchCore supervised-paired,65,craf_attention,test,elara_master_c/predictions/development/M1-MVTEC-SUPERVISED-PAIRED__MVTec_3D-AD__PatchCore_supervised-paired/craf_attention/test/seed_65.parquet,278,2ddf43c788ee41fea0cd2fee314ffb2a298993fd290085199720f7dae6972b7b,7b87491aba2c922801a5c8a7c16b19f891f3a96fb80677932c3b14ba5a596af1,67d88871fdc5f3706dad8da2f54385f5f316d699,True,True,2026-05-29T02:35:48Z
EYECANDIES-TRANSFER-DEV-V1_static_attention_test_seed42_c8a3103b,EYECANDIES-TRANSFER-DEV-V1,Eyecandies,family_d_development_transfer_v1,42,static_attention,test,elara_master_c/predictions/development/EYECANDIES-TRANSFER-DEV-V1__Eyecandies__family_d_development_transfer_v1/static_attention/test/seed_42.parquet,500,c8a3103bfd80abdddc110a7ef12ff90d0f817c684c5daf411e937911dadac35c,83da44d3778c319b1941e3af901b8f022911f8ba1625dc978c2ef7f023b3e2ce,95c62addb36a00ddb81512b9fbf2e7384b9565b0,True,True,2026-05-29T03:53:38Z
EYECANDIES-TRANSFER-DEV-V1_craf_attention_test_seed42_0261a604,EYECANDIES-TRANSFER-DEV-V1,Eyecandies,family_d_development_transfer_v1,42,craf_attention,test,elara_master_c/predictions/development/EYECANDIES-TRANSFER-DEV-V1__Eyecandies__family_d_development_transfer_v1/craf_attention/test/seed_42.parquet,500,0261a6046b4dbe1ab4aae488a3c105d1b5405c5064a7b327c49a64e08538ccc8,83da44d3778c319b1941e3af901b8f022911f8ba1625dc978c2ef7f023b3e2ce,95c62addb36a00ddb81512b9fbf2e7384b9565b0,True,True,2026-05-29T03:53:38Z
EYECANDIES-TRANSFER-DEV-V1_rga_boosted_fusion_test_seed42_5f1566f1,EYECANDIES-TRANSFER-DEV-V1,Eyecandies,family_d_development_transfer_v1,42,rga_boosted_fusion,test,elara_master_c/predictions/development/EYECANDIES-TRANSFER-DEV-V1__Eyecandies__family_d_development_transfer_v1/rga_boosted_fusion/test/seed_42.parquet,500,5f1566f143a302af431aa3dfdc19b1a5a28f143cdf4df386d32d131fc621d250,83da44d3778c319b1941e3af901b8f022911f8ba1625dc978c2ef7f023b3e2ce,95c62addb36a00ddb81512b9fbf2e7384b9565b0,True,True,2026-05-29T03:53:38Z
EYECANDIES-TRANSFER-DEV-V1_rga_meta_router_test_seed42_7a579c59,EYECANDIES-TRANSFER-DEV-V1,Eyecandies,family_d_development_transfer_v1,42,rga_meta_router,test,elara_master_c/predictions/development/EYECANDIES-TRANSFER-DEV-V1__Eyecandies__family_d_development_transfer_v1/rga_meta_router/test/seed_42.parquet,500,7a579c598addccf73feb2213cedd7c3d42cdc6561621d9943b8e71c73dbcf4eb,83da44d3778c319b1941e3af901b8f022911f8ba1625dc978c2ef7f023b3e2ce,95c62addb36a00ddb81512b9fbf2e7384b9565b0,True,True,2026-05-29T03:53:38Z
EYECANDIES-TRANSFER-DEV-V1_early_fusion_mlp_test_seed42_4897cabc,EYECANDIES-TRANSFER-DEV-V1,Eyecandies,family_d_development_transfer_v1,42,early_fusion_mlp,test,elara_master_c/predictions/development/EYECANDIES-TRANSFER-DEV-V1__Eyecandies__family_d_development_transfer_v1/early_fusion_mlp/test/seed_42.parquet,500,4897cabcb0b59615c323aff077d105c53af05112189a90f5a701f4a72863c188,83da44d3778c319b1941e3af901b8f022911f8ba1625dc978c2ef7f023b3e2ce,95c62addb36a00ddb81512b9fbf2e7384b9565b0,True,True,2026-05-29T03:53:38Z
EYECANDIES-TRANSFER-DEV-V1_late_fusion_ensemble_test_seed42_fef70786,EYECANDIES-TRANSFER-DEV-V1,Eyecandies,family_d_development_transfer_v1,42,late_fusion_ensemble,test,elara_master_c/predictions/development/EYECANDIES-TRANSFER-DEV-V1__Eyecandies__family_d_development_transfer_v1/late_fusion_ensemble/test/seed_42.parquet,500,fef70786a77b224a84ce250b2724e86729572f31b5ec0cd0dba04e49a998082d,83da44d3778c319b1941e3af901b8f022911f8ba1625dc978c2ef7f023b3e2ce,95c62addb36a00ddb81512b9fbf2e7384b9565b0,True,True,2026-05-29T03:53:38Z
EYECANDIES-TRANSFER-DEV-V1_random_forest_test_seed42_c0ce5d6b,EYECANDIES-TRANSFER-DEV-V1,Eyecandies,family_d_development_transfer_v1,42,random_forest,test,elara_master_c/predictions/development/EYECANDIES-TRANSFER-DEV-V1__Eyecandies__family_d_development_transfer_v1/random_forest/test/seed_42.parquet,500,c0ce5d6bcfc3178ffb833e14410bcf8e2b7d0fc58e7445d1e9b9a65782efcbbc,83da44d3778c319b1941e3af901b8f022911f8ba1625dc978c2ef7f023b3e2ce,95c62addb36a00ddb81512b9fbf2e7384b9565b0,True,True,2026-05-29T03:53:39Z
EYECANDIES-TRANSFER-DEV-V1_confidence_weighted_mean_test_seed42_14b6f4b8,EYECANDIES-TRANSFER-DEV-V1,Eyecandies,family_d_development_transfer_v1,42,confidence_weighted_mean,test,elara_master_c/predictions/development/EYECANDIES-TRANSFER-DEV-V1__Eyecandies__family_d_development_transfer_v1/confidence_weighted_mean/test/seed_42.parquet,500,14b6f4b8d6f9e167e3a5de4e0f883c7ead911f524325929e24bfea76d0af06be,83da44d3778c319b1941e3af901b8f022911f8ba1625dc978c2ef7f023b3e2ce,95c62addb36a00ddb81512b9fbf2e7384b9565b0,True,True,2026-05-29T03:53:39Z
EYECANDIES-TRANSFER-DEV-V1_tent_score_adapter_test_seed42_a11dbec4,EYECANDIES-TRANSFER-DEV-V1,Eyecandies,family_d_development_transfer_v1,42,tent_score_adapter,test,elara_master_c/predictions/development/EYECANDIES-TRANSFER-DEV-V1__Eyecandies__family_d_development_transfer_v1/tent_score_adapter/test/seed_42.parquet,500,a11dbec424f043b8bb944d3422c304ddcd679e2f10af0b2a45942a1db5f90208,83da44d3778c319b1941e3af901b8f022911f8ba1625dc978c2ef7f023b3e2ce,95c62addb36a00ddb81512b9fbf2e7384b9565b0,True,True,2026-05-29T03:53:39Z
EYECANDIES-TRANSFER-DEV-V1_ttt_pseudo_label_adapter_test_seed42_c107690e,EYECANDIES-TRANSFER-DEV-V1,Eyecandies,family_d_development_transfer_v1,42,ttt_pseudo_label_adapter,test,elara_master_c/predictions/development/EYECANDIES-TRANSFER-DEV-V1__Eyecandies__family_d_development_transfer_v1/ttt_pseudo_label_adapter/test/seed_42.parquet,500,c107690e47bab387dab536be276581285c54ac49d90fff8089b55dd078963095,83da44d3778c319b1941e3af901b8f022911f8ba1625dc978c2ef7f023b3e2ce,95c62addb36a00ddb81512b9fbf2e7384b9565b0,True,True,2026-05-29T03:53:39Z
EYECANDIES-TRANSFER-DEV-V1_eata_score_adapter_test_seed42_a8f2aacc,EYECANDIES-TRANSFER-DEV-V1,Eyecandies,family_d_development_transfer_v1,42,eata_score_adapter,test,elara_master_c/predictions/development/EYECANDIES-TRANSFER-DEV-V1__Eyecandies__family_d_development_transfer_v1/eata_score_adapter/test/seed_42.parquet,500,a8f2aacc080dbad91d42da33329fc4901c7bd5fd7b1235ebace88734f6790f62,83da44d3778c319b1941e3af901b8f022911f8ba1625dc978c2ef7f023b3e2ce,95c62addb36a00ddb81512b9fbf2e7384b9565b0,True,True,2026-05-29T03:53:39Z
EYECANDIES-TRANSFER-DEV-V1_sar_score_adapter_test_seed42_1a3e9651,EYECANDIES-TRANSFER-DEV-V1,Eyecandies,family_d_development_transfer_v1,42,sar_score_adapter,test,elara_master_c/predictions/development/EYECANDIES-TRANSFER-DEV-V1__Eyecandies__family_d_development_transfer_v1/sar_score_adapter/test/seed_42.parquet,500,1a3e9651c75c43e3fb1436195dfc138221c7c24d6c72ae45aa87a4f6adb53f69,83da44d3778c319b1941e3af901b8f022911f8ba1625dc978c2ef7f023b3e2ce,95c62addb36a00ddb81512b9fbf2e7384b9565b0,True,True,2026-05-29T03:53:39Z
EYECANDIES-TRANSFER-DEV-V1_static_attention_test_seed42_c03c6dcf,EYECANDIES-TRANSFER-DEV-V1,Eyecandies,family_d_development_transfer_v1,42,static_attention,test,elara_master_c/predictions/development/EYECANDIES-TRANSFER-DEV-V1__Eyecandies__family_d_development_transfer_v1/static_attention/test/seed_42__rerun_1.parquet,500,c03c6dcfd472ec9c74c3ecf25251625ff50d57c5f583bdd6708b0e29af1c5f53,83da44d3778c319b1941e3af901b8f022911f8ba1625dc978c2ef7f023b3e2ce,81706cde6e0a1ede182fc1c855c195eeeb838e94,True,True,2026-05-29T04:44:55Z
EYECANDIES-TRANSFER-DEV-V1_craf_attention_test_seed42_fee4ecb1,EYECANDIES-TRANSFER-DEV-V1,Eyecandies,family_d_development_transfer_v1,42,craf_attention,test,elara_master_c/predictions/development/EYECANDIES-TRANSFER-DEV-V1__Eyecandies__family_d_development_transfer_v1/craf_attention/test/seed_42__rerun_1.parquet,500,fee4ecb122404d1fdc362c0b01aa269df8a996a3861787c44c16f36bd63d41b8,83da44d3778c319b1941e3af901b8f022911f8ba1625dc978c2ef7f023b3e2ce,81706cde6e0a1ede182fc1c855c195eeeb838e94,True,True,2026-05-29T04:44:55Z
EYECANDIES-TRANSFER-DEV-V1_rga_boosted_fusion_test_seed42_78c1e0ae,EYECANDIES-TRANSFER-DEV-V1,Eyecandies,family_d_development_transfer_v1,42,rga_boosted_fusion,test,elara_master_c/predictions/development/EYECANDIES-TRANSFER-DEV-V1__Eyecandies__family_d_development_transfer_v1/rga_boosted_fusion/test/seed_42__rerun_1.parquet,500,78c1e0aef4ab8a246f4cccc6c9e6a85c622d067ca74b13c90eabb40bb5ebbb42,83da44d3778c319b1941e3af901b8f022911f8ba1625dc978c2ef7f023b3e2ce,81706cde6e0a1ede182fc1c855c195eeeb838e94,True,True,2026-05-29T04:44:55Z
EYECANDIES-TRANSFER-DEV-V1_rga_meta_router_test_seed42_24a987d1,EYECANDIES-TRANSFER-DEV-V1,Eyecandies,family_d_development_transfer_v1,42,rga_meta_router,test,elara_master_c/predictions/development/EYECANDIES-TRANSFER-DEV-V1__Eyecandies__family_d_development_transfer_v1/rga_meta_router/test/seed_42__rerun_1.parquet,500,24a987d135b01d6691e93df5fd0ca30e8c151f3e146e9745c084cd00e7d3ee8f,83da44d3778c319b1941e3af901b8f022911f8ba1625dc978c2ef7f023b3e2ce,81706cde6e0a1ede182fc1c855c195eeeb838e94,True,True,2026-05-29T04:44:55Z
EYECANDIES-TRANSFER-DEV-V1_early_fusion_mlp_test_seed42_a9a271b6,EYECANDIES-TRANSFER-DEV-V1,Eyecandies,family_d_development_transfer_v1,42,early_fusion_mlp,test,elara_master_c/predictions/development/EYECANDIES-TRANSFER-DEV-V1__Eyecandies__family_d_development_transfer_v1/early_fusion_mlp/test/seed_42__rerun_1.parquet,500,a9a271b6a7d705cbc9976d8a5f66bcbef908a5301936c6b83f3b0a03786b5652,83da44d3778c319b1941e3af901b8f022911f8ba1625dc978c2ef7f023b3e2ce,81706cde6e0a1ede182fc1c855c195eeeb838e94,True,True,2026-05-29T04:44:55Z
EYECANDIES-TRANSFER-DEV-V1_late_fusion_ensemble_test_seed42_162d80a2,EYECANDIES-TRANSFER-DEV-V1,Eyecandies,family_d_development_transfer_v1,42,late_fusion_ensemble,test,elara_master_c/predictions/development/EYECANDIES-TRANSFER-DEV-V1__Eyecandies__family_d_development_transfer_v1/late_fusion_ensemble/test/seed_42__rerun_1.parquet,500,162d80a2603af31fef2741eeae27b72c32d2b44077f10302ba2242de74489483,83da44d3778c319b1941e3af901b8f022911f8ba1625dc978c2ef7f023b3e2ce,81706cde6e0a1ede182fc1c855c195eeeb838e94,True,True,2026-05-29T04:44:55Z
EYECANDIES-TRANSFER-DEV-V1_random_forest_test_seed42_9b19a1a0,EYECANDIES-TRANSFER-DEV-V1,Eyecandies,family_d_development_transfer_v1,42,random_forest,test,elara_master_c/predictions/development/EYECANDIES-TRANSFER-DEV-V1__Eyecandies__family_d_development_transfer_v1/random_forest/test/seed_42__rerun_1.parquet,500,9b19a1a0a09fe922a91d0cedf09efdabaa5c96858ff5bed868400ec816cc29bd,83da44d3778c319b1941e3af901b8f022911f8ba1625dc978c2ef7f023b3e2ce,81706cde6e0a1ede182fc1c855c195eeeb838e94,True,True,2026-05-29T04:44:55Z
EYECANDIES-TRANSFER-DEV-V1_confidence_weighted_mean_test_seed42_85cd583e,EYECANDIES-TRANSFER-DEV-V1,Eyecandies,family_d_development_transfer_v1,42,confidence_weighted_mean,test,elara_master_c/predictions/development/EYECANDIES-TRANSFER-DEV-V1__Eyecandies__family_d_development_transfer_v1/confidence_weighted_mean/test/seed_42__rerun_1.parquet,500,85cd583e22c087ee3478e0956d47920c73621b2cb3c82cd7d886647de4912125,83da44d3778c319b1941e3af901b8f022911f8ba1625dc978c2ef7f023b3e2ce,81706cde6e0a1ede182fc1c855c195eeeb838e94,True,True,2026-05-29T04:44:55Z
EYECANDIES-TRANSFER-DEV-V1_tent_score_adapter_test_seed42_afb0365f,EYECANDIES-TRANSFER-DEV-V1,Eyecandies,family_d_development_transfer_v1,42,tent_score_adapter,test,elara_master_c/predictions/development/EYECANDIES-TRANSFER-DEV-V1__Eyecandies__family_d_development_transfer_v1/tent_score_adapter/test/seed_42__rerun_1.parquet,500,afb0365f2c92e76eb235d1d9e31a07046e4ecdd7dfbcf9f3a5ec91ac7a1ec5b2,83da44d3778c319b1941e3af901b8f022911f8ba1625dc978c2ef7f023b3e2ce,81706cde6e0a1ede182fc1c855c195eeeb838e94,True,True,2026-05-29T04:44:55Z
EYECANDIES-TRANSFER-DEV-V1_ttt_pseudo_label_adapter_test_seed42_cace84cf,EYECANDIES-TRANSFER-DEV-V1,Eyecandies,family_d_development_transfer_v1,42,ttt_pseudo_label_adapter,test,elara_master_c/predictions/development/EYECANDIES-TRANSFER-DEV-V1__Eyecandies__family_d_development_transfer_v1/ttt_pseudo_label_adapter/test/seed_42__rerun_1.parquet,500,cace84cf99c6dad6656a547f49b6de9f337f934c789d5e25a3f4bd2fbe090131,83da44d3778c319b1941e3af901b8f022911f8ba1625dc978c2ef7f023b3e2ce,81706cde6e0a1ede182fc1c855c195eeeb838e94,True,True,2026-05-29T04:44:55Z
EYECANDIES-TRANSFER-DEV-V1_eata_score_adapter_test_seed42_f6bca393,EYECANDIES-TRANSFER-DEV-V1,Eyecandies,family_d_development_transfer_v1,42,eata_score_adapter,test,elara_master_c/predictions/development/EYECANDIES-TRANSFER-DEV-V1__Eyecandies__family_d_development_transfer_v1/eata_score_adapter/test/seed_42__rerun_1.parquet,500,f6bca393cf2dd9e20efb7ee26ad8051e139cfe70d027c8c961621f1b5832f4eb,83da44d3778c319b1941e3af901b8f022911f8ba1625dc978c2ef7f023b3e2ce,81706cde6e0a1ede182fc1c855c195eeeb838e94,True,True,2026-05-29T04:44:55Z
EYECANDIES-TRANSFER-DEV-V1_sar_score_adapter_test_seed42_cdadc3a9,EYECANDIES-TRANSFER-DEV-V1,Eyecandies,family_d_development_transfer_v1,42,sar_score_adapter,test,elara_master_c/predictions/development/EYECANDIES-TRANSFER-DEV-V1__Eyecandies__family_d_development_transfer_v1/sar_score_adapter/test/seed_42__rerun_1.parquet,500,cdadc3a93a7aee1bcd1c4347fd1eb1c871498bc490b01ee05886844974998835,83da44d3778c319b1941e3af901b8f022911f8ba1625dc978c2ef7f023b3e2ce,81706cde6e0a1ede182fc1c855c195eeeb838e94,True,True,2026-05-29T04:44:55Z
M0-ELARA-BENCH-LA_static_attention_test_seed42_4e8ce276,M0-ELARA-BENCH-LA,ELARA-Bench-LA,label_aligned_mechanism,42,static_attention,test,elara_master_c/predictions/development/M0-ELARA-BENCH-LA__ELARA-Bench-LA__label_aligned_mechanism/static_attention/test/seed_42__rerun_2.parquet,1600,4e8ce27687ddc6dda42a57c320b3a197319dd9ba643fe4ef721c9f0c4a9a2c6b,85d225b419ae3367505bb8e6ceb554c195602f60636f50b138885b9d63e65af9,a64a8a13f8b933cdc5f5e07263cbacd83f976f81,True,True,2026-06-01T21:21:41Z
M0-ELARA-BENCH-LA_craf_attention_test_seed42_fa83ad0c,M0-ELARA-BENCH-LA,ELARA-Bench-LA,label_aligned_mechanism,42,craf_attention,test,elara_master_c/predictions/development/M0-ELARA-BENCH-LA__ELARA-Bench-LA__label_aligned_mechanism/craf_attention/test/seed_42__rerun_2.parquet,1600,fa83ad0c0117600aedb04d19173b91e7a60597802d544c99a3c79e4185c61bd1,85d225b419ae3367505bb8e6ceb554c195602f60636f50b138885b9d63e65af9,a64a8a13f8b933cdc5f5e07263cbacd83f976f81,True,True,2026-06-01T21:21:41Z
M0-ELARA-BENCH-LA_rga_boosted_fusion_test_seed42_2b4dc88a,M0-ELARA-BENCH-LA,ELARA-Bench-LA,label_aligned_mechanism,42,rga_boosted_fusion,test,elara_master_c/predictions/development/M0-ELARA-BENCH-LA__ELARA-Bench-LA__label_aligned_mechanism/rga_boosted_fusion/test/seed_42__rerun_2.parquet,1600,2b4dc88a7a9cedbd3caa2272874f3ef1a4b5a1f4100351ae983c754336f3e1b9,85d225b419ae3367505bb8e6ceb554c195602f60636f50b138885b9d63e65af9,a64a8a13f8b933cdc5f5e07263cbacd83f976f81,True,True,2026-06-01T21:21:41Z
M0-ELARA-BENCH-LA_rga_meta_router_test_seed42_b149bdd3,M0-ELARA-BENCH-LA,ELARA-Bench-LA,label_aligned_mechanism,42,rga_meta_router,test,elara_master_c/predictions/development/M0-ELARA-BENCH-LA__ELARA-Bench-LA__label_aligned_mechanism/rga_meta_router/test/seed_42__rerun_2.parquet,1600,b149bdd31eba643ebeb8e120ebb3fb9cc1a636efb995a6d0a1fcd0f52ce6166e,85d225b419ae3367505bb8e6ceb554c195602f60636f50b138885b9d63e65af9,a64a8a13f8b933cdc5f5e07263cbacd83f976f81,True,True,2026-06-01T21:21:41Z
M0-ELARA-BENCH-LA_early_fusion_mlp_test_seed42_7e891081,M0-ELARA-BENCH-LA,ELARA-Bench-LA,label_aligned_mechanism,42,early_fusion_mlp,test,elara_master_c/predictions/development/M0-ELARA-BENCH-LA__ELARA-Bench-LA__label_aligned_mechanism/early_fusion_mlp/test/seed_42__rerun_2.parquet,1600,7e891081d07c1a8264c787267b33445ae4fa6f53e39fb217251b8da4a12c760e,85d225b419ae3367505bb8e6ceb554c195602f60636f50b138885b9d63e65af9,a64a8a13f8b933cdc5f5e07263cbacd83f976f81,True,True,2026-06-01T21:21:41Z
M0-ELARA-BENCH-LA_late_fusion_ensemble_test_seed42_97602145,M0-ELARA-BENCH-LA,ELARA-Bench-LA,label_aligned_mechanism,42,late_fusion_ensemble,test,elara_master_c/predictions/development/M0-ELARA-BENCH-LA__ELARA-Bench-LA__label_aligned_mechanism/late_fusion_ensemble/test/seed_42__rerun_2.parquet,1600,976021458c1cdfdbfeee3ca40d2ecf396a59001800c02962b79b0ee6d8f46f50,85d225b419ae3367505bb8e6ceb554c195602f60636f50b138885b9d63e65af9,a64a8a13f8b933cdc5f5e07263cbacd83f976f81,True,True,2026-06-01T21:21:41Z
M0-ELARA-BENCH-LA_random_forest_test_seed42_a16143a0,M0-ELARA-BENCH-LA,ELARA-Bench-LA,label_aligned_mechanism,42,random_forest,test,elara_master_c/predictions/development/M0-ELARA-BENCH-LA__ELARA-Bench-LA__label_aligned_mechanism/random_forest/test/seed_42__rerun_2.parquet,1600,a16143a0b7f4c29b4de6829f2a8e8f35d9fd8166c059ef31b6ee77e3e9da98f7,85d225b419ae3367505bb8e6ceb554c195602f60636f50b138885b9d63e65af9,a64a8a13f8b933cdc5f5e07263cbacd83f976f81,True,True,2026-06-01T21:21:41Z
M0-ELARA-BENCH-LA_confidence_weighted_mean_test_seed42_1e845ffc,M0-ELARA-BENCH-LA,ELARA-Bench-LA,label_aligned_mechanism,42,confidence_weighted_mean,test,elara_master_c/predictions/development/M0-ELARA-BENCH-LA__ELARA-Bench-LA__label_aligned_mechanism/confidence_weighted_mean/test/seed_42__rerun_2.parquet,1600,1e845ffc59efbc8ba8f18fe86c46db7f0edec5917be89b626a7874e49cb60540,85d225b419ae3367505bb8e6ceb554c195602f60636f50b138885b9d63e65af9,a64a8a13f8b933cdc5f5e07263cbacd83f976f81,True,True,2026-06-01T21:21:41Z
M0-ELARA-BENCH-LA_tent_score_adapter_test_seed42_674c6261,M0-ELARA-BENCH-LA,ELARA-Bench-LA,label_aligned_mechanism,42,tent_score_adapter,test,elara_master_c/predictions/development/M0-ELARA-BENCH-LA__ELARA-Bench-LA__label_aligned_mechanism/tent_score_adapter/test/seed_42__rerun_2.parquet,1600,674c6261150af1ba9c692aa123fd4e59677f942759dffa599b26c413c5516799,85d225b419ae3367505bb8e6ceb554c195602f60636f50b138885b9d63e65af9,a64a8a13f8b933cdc5f5e07263cbacd83f976f81,True,True,2026-06-01T21:21:41Z
M0-ELARA-BENCH-LA_ttt_pseudo_label_adapter_test_seed42_b0f61678,M0-ELARA-BENCH-LA,ELARA-Bench-LA,label_aligned_mechanism,42,ttt_pseudo_label_adapter,test,elara_master_c/predictions/development/M0-ELARA-BENCH-LA__ELARA-Bench-LA__label_aligned_mechanism/ttt_pseudo_label_adapter/test/seed_42__rerun_2.parquet,1600,b0f616788c4397ca51bfd683e3e0d6e6fcb93513ed6abf71b9a41abfad1079a5,85d225b419ae3367505bb8e6ceb554c195602f60636f50b138885b9d63e65af9,a64a8a13f8b933cdc5f5e07263cbacd83f976f81,True,True,2026-06-01T21:21:41Z
M0-ELARA-BENCH-LA_eata_score_adapter_test_seed42_20173098,M0-ELARA-BENCH-LA,ELARA-Bench-LA,label_aligned_mechanism,42,eata_score_adapter,test,elara_master_c/predictions/development/M0-ELARA-BENCH-LA__ELARA-Bench-LA__label_aligned_mechanism/eata_score_adapter/test/seed_42__rerun_2.parquet,1600,201730981e32a4a4f505db6cbb77750b3ac437faa1a23bdaba8a20044d866749,85d225b419ae3367505bb8e6ceb554c195602f60636f50b138885b9d63e65af9,a64a8a13f8b933cdc5f5e07263cbacd83f976f81,True,True,2026-06-01T21:21:41Z
M0-ELARA-BENCH-LA_sar_score_adapter_test_seed42_c699bfe4,M0-ELARA-BENCH-LA,ELARA-Bench-LA,label_aligned_mechanism,42,sar_score_adapter,test,elara_master_c/predictions/development/M0-ELARA-BENCH-LA__ELARA-Bench-LA__label_aligned_mechanism/sar_score_adapter/test/seed_42__rerun_2.parquet,1600,c699bfe41231e7dbc5c8b2dca5f267b802b7f4298e8ebd3bf5b66c3188754b76,85d225b419ae3367505bb8e6ceb554c195602f60636f50b138885b9d63e65af9,a64a8a13f8b933cdc5f5e07263cbacd83f976f81,True,True,2026-06-01T21:21:41Z
M0-ELARA-BENCH-LA_static_attention_test_seed43_b679d94c,M0-ELARA-BENCH-LA,ELARA-Bench-LA,label_aligned_mechanism,43,static_attention,test,elara_master_c/predictions/development/M0-ELARA-BENCH-LA__ELARA-Bench-LA__label_aligned_mechanism/static_attention/test/seed_43__rerun_1.parquet,1600,b679d94c865a0b72014e4919d1c1c45a544511f4adbcb8a71292e9472a34306e,85d225b419ae3367505bb8e6ceb554c195602f60636f50b138885b9d63e65af9,a64a8a13f8b933cdc5f5e07263cbacd83f976f81,True,True,2026-06-01T21:22:06Z
M0-ELARA-BENCH-LA_craf_attention_test_seed43_697186c3,M0-ELARA-BENCH-LA,ELARA-Bench-LA,label_aligned_mechanism,43,craf_attention,test,elara_master_c/predictions/development/M0-ELARA-BENCH-LA__ELARA-Bench-LA__label_aligned_mechanism/craf_attention/test/seed_43__rerun_1.parquet,1600,697186c393d9a1a08a1ee7ef3d883d279427e510290b8561bd4e1ea26cb87319,85d225b419ae3367505bb8e6ceb554c195602f60636f50b138885b9d63e65af9,a64a8a13f8b933cdc5f5e07263cbacd83f976f81,True,True,2026-06-01T21:22:06Z
M0-ELARA-BENCH-LA_rga_boosted_fusion_test_seed43_c814141f,M0-ELARA-BENCH-LA,ELARA-Bench-LA,label_aligned_mechanism,43,rga_boosted_fusion,test,elara_master_c/predictions/development/M0-ELARA-BENCH-LA__ELARA-Bench-LA__label_aligned_mechanism/rga_boosted_fusion/test/seed_43__rerun_1.parquet,1600,c814141f345faca3e39ab66d526c80a429ebc194212d489fabb4fb0ee2bb926c,85d225b419ae3367505bb8e6ceb554c195602f60636f50b138885b9d63e65af9,a64a8a13f8b933cdc5f5e07263cbacd83f976f81,True,True,2026-06-01T21:22:06Z
M0-ELARA-BENCH-LA_rga_meta_router_test_seed43_1879dd7f,M0-ELARA-BENCH-LA,ELARA-Bench-LA,label_aligned_mechanism,43,rga_meta_router,test,elara_master_c/predictions/development/M0-ELARA-BENCH-LA__ELARA-Bench-LA__label_aligned_mechanism/rga_meta_router/test/seed_43__rerun_1.parquet,1600,1879dd7f25985413004c52d399e6b0356b9264f3e5c3565a8ccac5c9c8a1c53d,85d225b419ae3367505bb8e6ceb554c195602f60636f50b138885b9d63e65af9,a64a8a13f8b933cdc5f5e07263cbacd83f976f81,True,True,2026-06-01T21:22:06Z
M0-ELARA-BENCH-LA_early_fusion_mlp_test_seed43_853a5790,M0-ELARA-BENCH-LA,ELARA-Bench-LA,label_aligned_mechanism,43,early_fusion_mlp,test,elara_master_c/predictions/development/M0-ELARA-BENCH-LA__ELARA-Bench-LA__label_aligned_mechanism/early_fusion_mlp/test/seed_43__rerun_1.parquet,1600,853a57903eb50553fdc4e9abd71c3a940f78a9c9130b54fcf7b9d1d1b21ebe1d,85d225b419ae3367505bb8e6ceb554c195602f60636f50b138885b9d63e65af9,a64a8a13f8b933cdc5f5e07263cbacd83f976f81,True,True,2026-06-01T21:22:06Z
M0-ELARA-BENCH-LA_late_fusion_ensemble_test_seed43_05afd05d,M0-ELARA-BENCH-LA,ELARA-Bench-LA,label_aligned_mechanism,43,late_fusion_ensemble,test,elara_master_c/predictions/development/M0-ELARA-BENCH-LA__ELARA-Bench-LA__label_aligned_mechanism/late_fusion_ensemble/test/seed_43__rerun_1.parquet,1600,05afd05dadd442a937da33ffaeb5d51f509086ed2e978d38ce9c676d9a2950ad,85d225b419ae3367505bb8e6ceb554c195602f60636f50b138885b9d63e65af9,a64a8a13f8b933cdc5f5e07263cbacd83f976f81,True,True,2026-06-01T21:22:06Z
M0-ELARA-BENCH-LA_random_forest_test_seed43_cd337046,M0-ELARA-BENCH-LA,ELARA-Bench-LA,label_aligned_mechanism,43,random_forest,test,elara_master_c/predictions/development/M0-ELARA-BENCH-LA__ELARA-Bench-LA__label_aligned_mechanism/random_forest/test/seed_43__rerun_1.parquet,1600,cd33704688a139c2d0c1e96bc929a0d37fb8226b353a8aeb77807c6e8e5837ae,85d225b419ae3367505bb8e6ceb554c195602f60636f50b138885b9d63e65af9,a64a8a13f8b933cdc5f5e07263cbacd83f976f81,True,True,2026-06-01T21:22:06Z
M0-ELARA-BENCH-LA_confidence_weighted_mean_test_seed43_c1fa8134,M0-ELARA-BENCH-LA,ELARA-Bench-LA,label_aligned_mechanism,43,confidence_weighted_mean,test,elara_master_c/predictions/development/M0-ELARA-BENCH-LA__ELARA-Bench-LA__label_aligned_mechanism/confidence_weighted_mean/test/seed_43__rerun_1.parquet,1600,c1fa81344fcbf89e9c2ac65cde37d401b118e78fd3a235b57430e0bc67bd65f7,85d225b419ae3367505bb8e6ceb554c195602f60636f50b138885b9d63e65af9,a64a8a13f8b933cdc5f5e07263cbacd83f976f81,True,True,2026-06-01T21:22:06Z
M0-ELARA-BENCH-LA_tent_score_adapter_test_seed43_221a0777,M0-ELARA-BENCH-LA,ELARA-Bench-LA,label_aligned_mechanism,43,tent_score_adapter,test,elara_master_c/predictions/development/M0-ELARA-BENCH-LA__ELARA-Bench-LA__label_aligned_mechanism/tent_score_adapter/test/seed_43__rerun_1.parquet,1600,221a077758a8e1a706b1995f3e5e7ea12fc918cdaad8d8119a3c6255d4586b64,85d225b419ae3367505bb8e6ceb554c195602f60636f50b138885b9d63e65af9,a64a8a13f8b933cdc5f5e07263cbacd83f976f81,True,True,2026-06-01T21:22:06Z
M0-ELARA-BENCH-LA_ttt_pseudo_label_adapter_test_seed43_24839c79,M0-ELARA-BENCH-LA,ELARA-Bench-LA,label_aligned_mechanism,43,ttt_pseudo_label_adapter,test,elara_master_c/predictions/development/M0-ELARA-BENCH-LA__ELARA-Bench-LA__label_aligned_mechanism/ttt_pseudo_label_adapter/test/seed_43__rerun_1.parquet,1600,24839c7941f79f02948ebf26e8f541f13e88399ca92cddc84e8de6ccaf2a0011,85d225b419ae3367505bb8e6ceb554c195602f60636f50b138885b9d63e65af9,a64a8a13f8b933cdc5f5e07263cbacd83f976f81,True,True,2026-06-01T21:22:07Z
M0-ELARA-BENCH-LA_eata_score_adapter_test_seed43_97fbc93d,M0-ELARA-BENCH-LA,ELARA-Bench-LA,label_aligned_mechanism,43,eata_score_adapter,test,elara_master_c/predictions/development/M0-ELARA-BENCH-LA__ELARA-Bench-LA__label_aligned_mechanism/eata_score_adapter/test/seed_43__rerun_1.parquet,1600,97fbc93dcd9aaf56fc37f5f9c93f68f183360c76148145366a0b03e41748b4fc,85d225b419ae3367505bb8e6ceb554c195602f60636f50b138885b9d63e65af9,a64a8a13f8b933cdc5f5e07263cbacd83f976f81,True,True,2026-06-01T21:22:07Z
M0-ELARA-BENCH-LA_sar_score_adapter_test_seed43_4ac638a5,M0-ELARA-BENCH-LA,ELARA-Bench-LA,label_aligned_mechanism,43,sar_score_adapter,test,elara_master_c/predictions/development/M0-ELARA-BENCH-LA__ELARA-Bench-LA__label_aligned_mechanism/sar_score_adapter/test/seed_43__rerun_1.parquet,1600,4ac638a56fff98e76de72eafed47cb08767239fda345d80ffaa1a805f1af5922,85d225b419ae3367505bb8e6ceb554c195602f60636f50b138885b9d63e65af9,a64a8a13f8b933cdc5f5e07263cbacd83f976f81,True,True,2026-06-01T21:22:07Z
M0-ELARA-BENCH-LA_static_attention_test_seed44_b6eefd7e,M0-ELARA-BENCH-LA,ELARA-Bench-LA,label_aligned_mechanism,44,static_attention,test,elara_master_c/predictions/development/M0-ELARA-BENCH-LA__ELARA-Bench-LA__label_aligned_mechanism/static_attention/test/seed_44__rerun_1.parquet,1600,b6eefd7ede459ee66745d015f142a39d016a6d82afde67651d524b618261bd7f,85d225b419ae3367505bb8e6ceb554c195602f60636f50b138885b9d63e65af9,a64a8a13f8b933cdc5f5e07263cbacd83f976f81,True,True,2026-06-01T21:22:31Z
M0-ELARA-BENCH-LA_craf_attention_test_seed44_50200cee,M0-ELARA-BENCH-LA,ELARA-Bench-LA,label_aligned_mechanism,44,craf_attention,test,elara_master_c/predictions/development/M0-ELARA-BENCH-LA__ELARA-Bench-LA__label_aligned_mechanism/craf_attention/test/seed_44__rerun_1.parquet,1600,50200ceeaef4498dd4898b607adbda9885b308e58e12e7fe521936e2dbbb5e88,85d225b419ae3367505bb8e6ceb554c195602f60636f50b138885b9d63e65af9,a64a8a13f8b933cdc5f5e07263cbacd83f976f81,True,True,2026-06-01T21:22:31Z
M0-ELARA-BENCH-LA_rga_boosted_fusion_test_seed44_23fd8b65,M0-ELARA-BENCH-LA,ELARA-Bench-LA,label_aligned_mechanism,44,rga_boosted_fusion,test,elara_master_c/predictions/development/M0-ELARA-BENCH-LA__ELARA-Bench-LA__label_aligned_mechanism/rga_boosted_fusion/test/seed_44__rerun_1.parquet,1600,23fd8b65d080e573bdb11ca45e3c7d7110a5fb4142fc5bf92fb0e2bd2ea25218,85d225b419ae3367505bb8e6ceb554c195602f60636f50b138885b9d63e65af9,a64a8a13f8b933cdc5f5e07263cbacd83f976f81,True,True,2026-06-01T21:22:31Z
M0-ELARA-BENCH-LA_rga_meta_router_test_seed44_305fd2d3,M0-ELARA-BENCH-LA,ELARA-Bench-LA,label_aligned_mechanism,44,rga_meta_router,test,elara_master_c/predictions/development/M0-ELARA-BENCH-LA__ELARA-Bench-LA__label_aligned_mechanism/rga_meta_router/test/seed_44__rerun_1.parquet,1600,305fd2d36cb64b153cdfe65ecdda655cb0df32a7ad6b1f5b6954ba308668bacd,85d225b419ae3367505bb8e6ceb554c195602f60636f50b138885b9d63e65af9,a64a8a13f8b933cdc5f5e07263cbacd83f976f81,True,True,2026-06-01T21:22:31Z
M0-ELARA-BENCH-LA_early_fusion_mlp_test_seed44_0a4135ea,M0-ELARA-BENCH-LA,ELARA-Bench-LA,label_aligned_mechanism,44,early_fusion_mlp,test,elara_master_c/predictions/development/M0-ELARA-BENCH-LA__ELARA-Bench-LA__label_aligned_mechanism/early_fusion_mlp/test/seed_44__rerun_1.parquet,1600,0a4135ea9d52e53778ed46ac9e861bd3ddcfc73fdede9b260ab5b5737845775c,85d225b419ae3367505bb8e6ceb554c195602f60636f50b138885b9d63e65af9,a64a8a13f8b933cdc5f5e07263cbacd83f976f81,True,True,2026-06-01T21:22:31Z
M0-ELARA-BENCH-LA_late_fusion_ensemble_test_seed44_b249f5f1,M0-ELARA-BENCH-LA,ELARA-Bench-LA,label_aligned_mechanism,44,late_fusion_ensemble,test,elara_master_c/predictions/development/M0-ELARA-BENCH-LA__ELARA-Bench-LA__label_aligned_mechanism/late_fusion_ensemble/test/seed_44__rerun_1.parquet,1600,b249f5f1ff03a057e5d05f2a042fb7d578cab5c7585fb956d0fd2b3cc6d6b32a,85d225b419ae3367505bb8e6ceb554c195602f60636f50b138885b9d63e65af9,a64a8a13f8b933cdc5f5e07263cbacd83f976f81,True,True,2026-06-01T21:22:31Z
M0-ELARA-BENCH-LA_random_forest_test_seed44_78a4cb56,M0-ELARA-BENCH-LA,ELARA-Bench-LA,label_aligned_mechanism,44,random_forest,test,elara_master_c/predictions/development/M0-ELARA-BENCH-LA__ELARA-Bench-LA__label_aligned_mechanism/random_forest/test/seed_44__rerun_1.parquet,1600,78a4cb5657c1501a706c9eae84e2b2b8320fdba14f150b5613b47437067054a7,85d225b419ae3367505bb8e6ceb554c195602f60636f50b138885b9d63e65af9,a64a8a13f8b933cdc5f5e07263cbacd83f976f81,True,True,2026-06-01T21:22:31Z
M0-ELARA-BENCH-LA_confidence_weighted_mean_test_seed44_158cecbd,M0-ELARA-BENCH-LA,ELARA-Bench-LA,label_aligned_mechanism,44,confidence_weighted_mean,test,elara_master_c/predictions/development/M0-ELARA-BENCH-LA__ELARA-Bench-LA__label_aligned_mechanism/confidence_weighted_mean/test/seed_44__rerun_1.parquet,1600,158cecbd1d0caddeff28f675620c5c7f8d8c3b24b9cae8829d8149354cdf9eb3,85d225b419ae3367505bb8e6ceb554c195602f60636f50b138885b9d63e65af9,a64a8a13f8b933cdc5f5e07263cbacd83f976f81,True,True,2026-06-01T21:22:31Z
M0-ELARA-BENCH-LA_tent_score_adapter_test_seed44_51dfd15a,M0-ELARA-BENCH-LA,ELARA-Bench-LA,label_aligned_mechanism,44,tent_score_adapter,test,elara_master_c/predictions/development/M0-ELARA-BENCH-LA__ELARA-Bench-LA__label_aligned_mechanism/tent_score_adapter/test/seed_44__rerun_1.parquet,1600,51dfd15ad747713c1491a36e2a3c1b31f0339b25e028eb91d48b3c28c109cdc0,85d225b419ae3367505bb8e6ceb554c195602f60636f50b138885b9d63e65af9,a64a8a13f8b933cdc5f5e07263cbacd83f976f81,True,True,2026-06-01T21:22:32Z
M0-ELARA-BENCH-LA_ttt_pseudo_label_adapter_test_seed44_1d9fb575,M0-ELARA-BENCH-LA,ELARA-Bench-LA,label_aligned_mechanism,44,ttt_pseudo_label_adapter,test,elara_master_c/predictions/development/M0-ELARA-BENCH-LA__ELARA-Bench-LA__label_aligned_mechanism/ttt_pseudo_label_adapter/test/seed_44__rerun_1.parquet,1600,1d9fb57571a5a8c8a9e3e81227fe5a6a5e4ce4497e8cde57b16ac6ab44f1bd98,85d225b419ae3367505bb8e6ceb554c195602f60636f50b138885b9d63e65af9,a64a8a13f8b933cdc5f5e07263cbacd83f976f81,True,True,2026-06-01T21:22:32Z
M0-ELARA-BENCH-LA_eata_score_adapter_test_seed44_0f053dc0,M0-ELARA-BENCH-LA,ELARA-Bench-LA,label_aligned_mechanism,44,eata_score_adapter,test,elara_master_c/predictions/development/M0-ELARA-BENCH-LA__ELARA-Bench-LA__label_aligned_mechanism/eata_score_adapter/test/seed_44__rerun_1.parquet,1600,0f053dc0b3ce0230437154f09bbe9037c184ad5d1f890ea04e3432bcf5ae98b4,85d225b419ae3367505bb8e6ceb554c195602f60636f50b138885b9d63e65af9,a64a8a13f8b933cdc5f5e07263cbacd83f976f81,True,True,2026-06-01T21:22:32Z
M0-ELARA-BENCH-LA_sar_score_adapter_test_seed44_70997b91,M0-ELARA-BENCH-LA,ELARA-Bench-LA,label_aligned_mechanism,44,sar_score_adapter,test,elara_master_c/predictions/development/M0-ELARA-BENCH-LA__ELARA-Bench-LA__label_aligned_mechanism/sar_score_adapter/test/seed_44__rerun_1.parquet,1600,70997b91028db91d6e1e7a503974c11e6115a3e18bda5b0bc888a4a202a0d167,85d225b419ae3367505bb8e6ceb554c195602f60636f50b138885b9d63e65af9,a64a8a13f8b933cdc5f5e07263cbacd83f976f81,True,True,2026-06-01T21:22:32Z
M0-ELARA-BENCH-LA_static_attention_test_seed45_7c97081c,M0-ELARA-BENCH-LA,ELARA-Bench-LA,label_aligned_mechanism,45,static_attention,test,elara_master_c/predictions/development/M0-ELARA-BENCH-LA__ELARA-Bench-LA__label_aligned_mechanism/static_attention/test/seed_45__rerun_1.parquet,1600,7c97081c77992f8ef9fb6cfa0c787bb6bd78bc68615c3af21c863da94856fe79,85d225b419ae3367505bb8e6ceb554c195602f60636f50b138885b9d63e65af9,a64a8a13f8b933cdc5f5e07263cbacd83f976f81,True,True,2026-06-01T21:22:56Z
M0-ELARA-BENCH-LA_craf_attention_test_seed45_18b5cac2,M0-ELARA-BENCH-LA,ELARA-Bench-LA,label_aligned_mechanism,45,craf_attention,test,elara_master_c/predictions/development/M0-ELARA-BENCH-LA__ELARA-Bench-LA__label_aligned_mechanism/craf_attention/test/seed_45__rerun_1.parquet,1600,18b5cac2e7e1aacc68b09061ff0daedd7ef839c76906d713f93b762ef9370963,85d225b419ae3367505bb8e6ceb554c195602f60636f50b138885b9d63e65af9,a64a8a13f8b933cdc5f5e07263cbacd83f976f81,True,True,2026-06-01T21:22:56Z
M0-ELARA-BENCH-LA_rga_boosted_fusion_test_seed45_29a87b62,M0-ELARA-BENCH-LA,ELARA-Bench-LA,label_aligned_mechanism,45,rga_boosted_fusion,test,elara_master_c/predictions/development/M0-ELARA-BENCH-LA__ELARA-Bench-LA__label_aligned_mechanism/rga_boosted_fusion/test/seed_45__rerun_1.parquet,1600,29a87b622feb1c47936b802ccbc5ddbe0d2a3944435b358ecb6886856fdd8431,85d225b419ae3367505bb8e6ceb554c195602f60636f50b138885b9d63e65af9,a64a8a13f8b933cdc5f5e07263cbacd83f976f81,True,True,2026-06-01T21:22:56Z
M0-ELARA-BENCH-LA_rga_meta_router_test_seed45_4fa7a0cf,M0-ELARA-BENCH-LA,ELARA-Bench-LA,label_aligned_mechanism,45,rga_meta_router,test,elara_master_c/predictions/development/M0-ELARA-BENCH-LA__ELARA-Bench-LA__label_aligned_mechanism/rga_meta_router/test/seed_45__rerun_1.parquet,1600,4fa7a0cfb11bef4371a2a835f5914bb706964965bd069e357bb26aa70b500225,85d225b419ae3367505bb8e6ceb554c195602f60636f50b138885b9d63e65af9,a64a8a13f8b933cdc5f5e07263cbacd83f976f81,True,True,2026-06-01T21:22:56Z
M0-ELARA-BENCH-LA_early_fusion_mlp_test_seed45_ea121a09,M0-ELARA-BENCH-LA,ELARA-Bench-LA,label_aligned_mechanism,45,early_fusion_mlp,test,elara_master_c/predictions/development/M0-ELARA-BENCH-LA__ELARA-Bench-LA__label_aligned_mechanism/early_fusion_mlp/test/seed_45__rerun_1.parquet,1600,ea121a094d4407c0a2dbe99ed827ca3574911db379ae51fef5956ed3192e50fe,85d225b419ae3367505bb8e6ceb554c195602f60636f50b138885b9d63e65af9,a64a8a13f8b933cdc5f5e07263cbacd83f976f81,True,True,2026-06-01T21:22:56Z
M0-ELARA-BENCH-LA_late_fusion_ensemble_test_seed45_c43cc5dc,M0-ELARA-BENCH-LA,ELARA-Bench-LA,label_aligned_mechanism,45,late_fusion_ensemble,test,elara_master_c/predictions/development/M0-ELARA-BENCH-LA__ELARA-Bench-LA__label_aligned_mechanism/late_fusion_ensemble/test/seed_45__rerun_1.parquet,1600,c43cc5dc992c014498bf994fbed5caa0592f1693d27d96bcbd465c2d24852503,85d225b419ae3367505bb8e6ceb554c195602f60636f50b138885b9d63e65af9,a64a8a13f8b933cdc5f5e07263cbacd83f976f81,True,True,2026-06-01T21:22:57Z
M0-ELARA-BENCH-LA_random_forest_test_seed45_4818af1d,M0-ELARA-BENCH-LA,ELARA-Bench-LA,label_aligned_mechanism,45,random_forest,test,elara_master_c/predictions/development/M0-ELARA-BENCH-LA__ELARA-Bench-LA__label_aligned_mechanism/random_forest/test/seed_45__rerun_1.parquet,1600,4818af1dd782d4db5df36e4a0bef542e1cec1d1683b18be4d43c94c547cbeb98,85d225b419ae3367505bb8e6ceb554c195602f60636f50b138885b9d63e65af9,a64a8a13f8b933cdc5f5e07263cbacd83f976f81,True,True,2026-06-01T21:22:57Z
M0-ELARA-BENCH-LA_confidence_weighted_mean_test_seed45_56aa45a6,M0-ELARA-BENCH-LA,ELARA-Bench-LA,label_aligned_mechanism,45,confidence_weighted_mean,test,elara_master_c/predictions/development/M0-ELARA-BENCH-LA__ELARA-Bench-LA__label_aligned_mechanism/confidence_weighted_mean/test/seed_45__rerun_1.parquet,1600,56aa45a6273204462ee4db69791a453104d2305b672db8b9efbc2091db3c3030,85d225b419ae3367505bb8e6ceb554c195602f60636f50b138885b9d63e65af9,a64a8a13f8b933cdc5f5e07263cbacd83f976f81,True,True,2026-06-01T21:22:57Z
M0-ELARA-BENCH-LA_tent_score_adapter_test_seed45_81451ad5,M0-ELARA-BENCH-LA,ELARA-Bench-LA,label_aligned_mechanism,45,tent_score_adapter,test,elara_master_c/predictions/development/M0-ELARA-BENCH-LA__ELARA-Bench-LA__label_aligned_mechanism/tent_score_adapter/test/seed_45__rerun_1.parquet,1600,81451ad5748824380dbf8c88370a0ce4d6017c1f44b21ce225b13bc83feb4dee,85d225b419ae3367505bb8e6ceb554c195602f60636f50b138885b9d63e65af9,a64a8a13f8b933cdc5f5e07263cbacd83f976f81,True,True,2026-06-01T21:22:57Z
M0-ELARA-BENCH-LA_ttt_pseudo_label_adapter_test_seed45_8fc23d24,M0-ELARA-BENCH-LA,ELARA-Bench-LA,label_aligned_mechanism,45,ttt_pseudo_label_adapter,test,elara_master_c/predictions/development/M0-ELARA-BENCH-LA__ELARA-Bench-LA__label_aligned_mechanism/ttt_pseudo_label_adapter/test/seed_45__rerun_1.parquet,1600,8fc23d24e1ae8295fd44bfcb2c06433a0eb5c73c669d2022c9faf747e469c17a,85d225b419ae3367505bb8e6ceb554c195602f60636f50b138885b9d63e65af9,a64a8a13f8b933cdc5f5e07263cbacd83f976f81,True,True,2026-06-01T21:22:57Z
M0-ELARA-BENCH-LA_eata_score_adapter_test_seed45_4807e9f3,M0-ELARA-BENCH-LA,ELARA-Bench-LA,label_aligned_mechanism,45,eata_score_adapter,test,elara_master_c/predictions/development/M0-ELARA-BENCH-LA__ELARA-Bench-LA__label_aligned_mechanism/eata_score_adapter/test/seed_45__rerun_1.parquet,1600,4807e9f30d7b127a8d03776036ca833fa425dcee040e68c0991846c283535586,85d225b419ae3367505bb8e6ceb554c195602f60636f50b138885b9d63e65af9,a64a8a13f8b933cdc5f5e07263cbacd83f976f81,True,True,2026-06-01T21:22:57Z
M0-ELARA-BENCH-LA_sar_score_adapter_test_seed45_f5fc5eed,M0-ELARA-BENCH-LA,ELARA-Bench-LA,label_aligned_mechanism,45,sar_score_adapter,test,elara_master_c/predictions/development/M0-ELARA-BENCH-LA__ELARA-Bench-LA__label_aligned_mechanism/sar_score_adapter/test/seed_45__rerun_1.parquet,1600,f5fc5eed6cd76fb2f5b8450656563d86e896319a5afd562d8e1c74183b0eeb2e,85d225b419ae3367505bb8e6ceb554c195602f60636f50b138885b9d63e65af9,a64a8a13f8b933cdc5f5e07263cbacd83f976f81,True,True,2026-06-01T21:22:57Z
M0-ELARA-BENCH-LA_static_attention_test_seed46_0aaa8718,M0-ELARA-BENCH-LA,ELARA-Bench-LA,label_aligned_mechanism,46,static_attention,test,elara_master_c/predictions/development/M0-ELARA-BENCH-LA__ELARA-Bench-LA__label_aligned_mechanism/static_attention/test/seed_46__rerun_1.parquet,1600,0aaa87189a79ec6b6f6bfee04b8b3fe2fc92d8267f0d75a0718b5d05b46e7b89,85d225b419ae3367505bb8e6ceb554c195602f60636f50b138885b9d63e65af9,a64a8a13f8b933cdc5f5e07263cbacd83f976f81,True,True,2026-06-01T21:23:22Z
M0-ELARA-BENCH-LA_craf_attention_test_seed46_21f6ea04,M0-ELARA-BENCH-LA,ELARA-Bench-LA,label_aligned_mechanism,46,craf_attention,test,elara_master_c/predictions/development/M0-ELARA-BENCH-LA__ELARA-Bench-LA__label_aligned_mechanism/craf_attention/test/seed_46__rerun_1.parquet,1600,21f6ea04d9eab30a0b06f79262e9da200e6fe8c390758efc90c3aebeeb8aa087,85d225b419ae3367505bb8e6ceb554c195602f60636f50b138885b9d63e65af9,a64a8a13f8b933cdc5f5e07263cbacd83f976f81,True,True,2026-06-01T21:23:22Z
M0-ELARA-BENCH-LA_rga_boosted_fusion_test_seed46_155a647e,M0-ELARA-BENCH-LA,ELARA-Bench-LA,label_aligned_mechanism,46,rga_boosted_fusion,test,elara_master_c/predictions/development/M0-ELARA-BENCH-LA__ELARA-Bench-LA__label_aligned_mechanism/rga_boosted_fusion/test/seed_46__rerun_1.parquet,1600,155a647eaeef46a7e851640b9bd74776ed164fb917f75d7d59fa74e46c488e55,85d225b419ae3367505bb8e6ceb554c195602f60636f50b138885b9d63e65af9,a64a8a13f8b933cdc5f5e07263cbacd83f976f81,True,True,2026-06-01T21:23:22Z
M0-ELARA-BENCH-LA_rga_meta_router_test_seed46_7cc1cc1c,M0-ELARA-BENCH-LA,ELARA-Bench-LA,label_aligned_mechanism,46,rga_meta_router,test,elara_master_c/predictions/development/M0-ELARA-BENCH-LA__ELARA-Bench-LA__label_aligned_mechanism/rga_meta_router/test/seed_46__rerun_1.parquet,1600,7cc1cc1ceb561c77756dac775cbd6c6324674f1300cf4f46b85e65632f94cb4e,85d225b419ae3367505bb8e6ceb554c195602f60636f50b138885b9d63e65af9,a64a8a13f8b933cdc5f5e07263cbacd83f976f81,True,True,2026-06-01T21:23:22Z
M0-ELARA-BENCH-LA_early_fusion_mlp_test_seed46_1554c753,M0-ELARA-BENCH-LA,ELARA-Bench-LA,label_aligned_mechanism,46,early_fusion_mlp,test,elara_master_c/predictions/development/M0-ELARA-BENCH-LA__ELARA-Bench-LA__label_aligned_mechanism/early_fusion_mlp/test/seed_46__rerun_1.parquet,1600,1554c7539618fe1d2ec0cda5c4b7ca6d88a87652502e648bfc94269a59b0d47c,85d225b419ae3367505bb8e6ceb554c195602f60636f50b138885b9d63e65af9,a64a8a13f8b933cdc5f5e07263cbacd83f976f81,True,True,2026-06-01T21:23:22Z
M0-ELARA-BENCH-LA_late_fusion_ensemble_test_seed46_f5f7a537,M0-ELARA-BENCH-LA,ELARA-Bench-LA,label_aligned_mechanism,46,late_fusion_ensemble,test,elara_master_c/predictions/development/M0-ELARA-BENCH-LA__ELARA-Bench-LA__label_aligned_mechanism/late_fusion_ensemble/test/seed_46__rerun_1.parquet,1600,f5f7a537b600811df283400b0114cb4551bdba9149de7f0dfbba209f1ea2f5fe,85d225b419ae3367505bb8e6ceb554c195602f60636f50b138885b9d63e65af9,a64a8a13f8b933cdc5f5e07263cbacd83f976f81,True,True,2026-06-01T21:23:22Z
M0-ELARA-BENCH-LA_random_forest_test_seed46_bdfda45b,M0-ELARA-BENCH-LA,ELARA-Bench-LA,label_aligned_mechanism,46,random_forest,test,elara_master_c/predictions/development/M0-ELARA-BENCH-LA__ELARA-Bench-LA__label_aligned_mechanism/random_forest/test/seed_46__rerun_1.parquet,1600,bdfda45b9d0d8c899bf5829674c6f25c347e3e027ced97b52b718cf524f48e99,85d225b419ae3367505bb8e6ceb554c195602f60636f50b138885b9d63e65af9,a64a8a13f8b933cdc5f5e07263cbacd83f976f81,True,True,2026-06-01T21:23:23Z
M0-ELARA-BENCH-LA_confidence_weighted_mean_test_seed46_e2857ca1,M0-ELARA-BENCH-LA,ELARA-Bench-LA,label_aligned_mechanism,46,confidence_weighted_mean,test,elara_master_c/predictions/development/M0-ELARA-BENCH-LA__ELARA-Bench-LA__label_aligned_mechanism/confidence_weighted_mean/test/seed_46__rerun_1.parquet,1600,e2857ca1d67267b6de2c9ac5c34336d09d4f39728ef531e0356dc6b355ad01a5,85d225b419ae3367505bb8e6ceb554c195602f60636f50b138885b9d63e65af9,a64a8a13f8b933cdc5f5e07263cbacd83f976f81,True,True,2026-06-01T21:23:23Z
M0-ELARA-BENCH-LA_tent_score_adapter_test_seed46_c1fa894a,M0-ELARA-BENCH-LA,ELARA-Bench-LA,label_aligned_mechanism,46,tent_score_adapter,test,elara_master_c/predictions/development/M0-ELARA-BENCH-LA__ELARA-Bench-LA__label_aligned_mechanism/tent_score_adapter/test/seed_46__rerun_1.parquet,1600,c1fa894ab062f0051a5eb6a427637fe99e47bc2552ad3e672d69e56a24654e65,85d225b419ae3367505bb8e6ceb554c195602f60636f50b138885b9d63e65af9,a64a8a13f8b933cdc5f5e07263cbacd83f976f81,True,True,2026-06-01T21:23:23Z
M0-ELARA-BENCH-LA_ttt_pseudo_label_adapter_test_seed46_3db5ec27,M0-ELARA-BENCH-LA,ELARA-Bench-LA,label_aligned_mechanism,46,ttt_pseudo_label_adapter,test,elara_master_c/predictions/development/M0-ELARA-BENCH-LA__ELARA-Bench-LA__label_aligned_mechanism/ttt_pseudo_label_adapter/test/seed_46__rerun_1.parquet,1600,3db5ec270719f8f90af17b0291e11b308a2aca69d771a88639db92eda9ad5a28,85d225b419ae3367505bb8e6ceb554c195602f60636f50b138885b9d63e65af9,a64a8a13f8b933cdc5f5e07263cbacd83f976f81,True,True,2026-06-01T21:23:23Z
M0-ELARA-BENCH-LA_eata_score_adapter_test_seed46_caace68a,M0-ELARA-BENCH-LA,ELARA-Bench-LA,label_aligned_mechanism,46,eata_score_adapter,test,elara_master_c/predictions/development/M0-ELARA-BENCH-LA__ELARA-Bench-LA__label_aligned_mechanism/eata_score_adapter/test/seed_46__rerun_1.parquet,1600,caace68a439a76c2a3bdfe14d6640b16244f5e7b10b729548467c6a8cc56ad99,85d225b419ae3367505bb8e6ceb554c195602f60636f50b138885b9d63e65af9,a64a8a13f8b933cdc5f5e07263cbacd83f976f81,True,True,2026-06-01T21:23:23Z
M0-ELARA-BENCH-LA_sar_score_adapter_test_seed46_1611fce4,M0-ELARA-BENCH-LA,ELARA-Bench-LA,label_aligned_mechanism,46,sar_score_adapter,test,elara_master_c/predictions/development/M0-ELARA-BENCH-LA__ELARA-Bench-LA__label_aligned_mechanism/sar_score_adapter/test/seed_46__rerun_1.parquet,1600,1611fce4d2b0dabb3135805af58079d3801272dcb2b71d4656f37c6913633817,85d225b419ae3367505bb8e6ceb554c195602f60636f50b138885b9d63e65af9,a64a8a13f8b933cdc5f5e07263cbacd83f976f81,True,True,2026-06-01T21:23:23Z
M0-ELARA-BENCH-LA_static_attention_test_seed47_be07ded3,M0-ELARA-BENCH-LA,ELARA-Bench-LA,label_aligned_mechanism,47,static_attention,test,elara_master_c/predictions/development/M0-ELARA-BENCH-LA__ELARA-Bench-LA__label_aligned_mechanism/static_attention/test/seed_47.parquet,1600,be07ded32ba31b60bd2a43ba4b3304a555d34445e0f27bd4d1c5f86ce29ed130,85d225b419ae3367505bb8e6ceb554c195602f60636f50b138885b9d63e65af9,a64a8a13f8b933cdc5f5e07263cbacd83f976f81,True,True,2026-06-01T21:23:50Z
M0-ELARA-BENCH-LA_craf_attention_test_seed47_4122e275,M0-ELARA-BENCH-LA,ELARA-Bench-LA,label_aligned_mechanism,47,craf_attention,test,elara_master_c/predictions/development/M0-ELARA-BENCH-LA__ELARA-Bench-LA__label_aligned_mechanism/craf_attention/test/seed_47.parquet,1600,4122e2750f18b2f927203cbf20bf0a8287c2fcbc153b78e66798d039d8e981fb,85d225b419ae3367505bb8e6ceb554c195602f60636f50b138885b9d63e65af9,a64a8a13f8b933cdc5f5e07263cbacd83f976f81,True,True,2026-06-01T21:23:50Z
M0-ELARA-BENCH-LA_rga_boosted_fusion_test_seed47_3aa233ff,M0-ELARA-BENCH-LA,ELARA-Bench-LA,label_aligned_mechanism,47,rga_boosted_fusion,test,elara_master_c/predictions/development/M0-ELARA-BENCH-LA__ELARA-Bench-LA__label_aligned_mechanism/rga_boosted_fusion/test/seed_47.parquet,1600,3aa233ff8dd4f415b70994eb55856b29b90d2ac0b9ed83a32569a1add6830726,85d225b419ae3367505bb8e6ceb554c195602f60636f50b138885b9d63e65af9,a64a8a13f8b933cdc5f5e07263cbacd83f976f81,True,True,2026-06-01T21:23:50Z
M0-ELARA-BENCH-LA_rga_meta_router_test_seed47_ba190daf,M0-ELARA-BENCH-LA,ELARA-Bench-LA,label_aligned_mechanism,47,rga_meta_router,test,elara_master_c/predictions/development/M0-ELARA-BENCH-LA__ELARA-Bench-LA__label_aligned_mechanism/rga_meta_router/test/seed_47.parquet,1600,ba190daf0f26a2ac11de1ee9200555e680df4955bbfdf159cd1a808b9fb4d54b,85d225b419ae3367505bb8e6ceb554c195602f60636f50b138885b9d63e65af9,a64a8a13f8b933cdc5f5e07263cbacd83f976f81,True,True,2026-06-01T21:23:50Z
M0-ELARA-BENCH-LA_early_fusion_mlp_test_seed47_9fc37cf5,M0-ELARA-BENCH-LA,ELARA-Bench-LA,label_aligned_mechanism,47,early_fusion_mlp,test,elara_master_c/predictions/development/M0-ELARA-BENCH-LA__ELARA-Bench-LA__label_aligned_mechanism/early_fusion_mlp/test/seed_47.parquet,1600,9fc37cf54674d7c4a60f997474a7d1b44e107e91072d16bd2dab5e8ca9efe172,85d225b419ae3367505bb8e6ceb554c195602f60636f50b138885b9d63e65af9,a64a8a13f8b933cdc5f5e07263cbacd83f976f81,True,True,2026-06-01T21:23:50Z
M0-ELARA-BENCH-LA_late_fusion_ensemble_test_seed47_89fa3b2b,M0-ELARA-BENCH-LA,ELARA-Bench-LA,label_aligned_mechanism,47,late_fusion_ensemble,test,elara_master_c/predictions/development/M0-ELARA-BENCH-LA__ELARA-Bench-LA__label_aligned_mechanism/late_fusion_ensemble/test/seed_47.parquet,1600,89fa3b2b97c7ccede3163f8c69b3b070610930f1f5f2eedddd3858b3a165999d,85d225b419ae3367505bb8e6ceb554c195602f60636f50b138885b9d63e65af9,a64a8a13f8b933cdc5f5e07263cbacd83f976f81,True,True,2026-06-01T21:23:50Z
M0-ELARA-BENCH-LA_random_forest_test_seed47_c7fca1a1,M0-ELARA-BENCH-LA,ELARA-Bench-LA,label_aligned_mechanism,47,random_forest,test,elara_master_c/predictions/development/M0-ELARA-BENCH-LA__ELARA-Bench-LA__label_aligned_mechanism/random_forest/test/seed_47.parquet,1600,c7fca1a17e8b720eaacbbe1ea1d4facbbc6c892a489453f0ad15346e3b3b49d2,85d225b419ae3367505bb8e6ceb554c195602f60636f50b138885b9d63e65af9,a64a8a13f8b933cdc5f5e07263cbacd83f976f81,True,True,2026-06-01T21:23:50Z
M0-ELARA-BENCH-LA_confidence_weighted_mean_test_seed47_fdd8585b,M0-ELARA-BENCH-LA,ELARA-Bench-LA,label_aligned_mechanism,47,confidence_weighted_mean,test,elara_master_c/predictions/development/M0-ELARA-BENCH-LA__ELARA-Bench-LA__label_aligned_mechanism/confidence_weighted_mean/test/seed_47.parquet,1600,fdd8585b80fb711b69fd0791228a3113bf9cf005a12aff6dffabf353ec7a4800,85d225b419ae3367505bb8e6ceb554c195602f60636f50b138885b9d63e65af9,a64a8a13f8b933cdc5f5e07263cbacd83f976f81,True,True,2026-06-01T21:23:50Z
M0-ELARA-BENCH-LA_tent_score_adapter_test_seed47_1e20f6d0,M0-ELARA-BENCH-LA,ELARA-Bench-LA,label_aligned_mechanism,47,tent_score_adapter,test,elara_master_c/predictions/development/M0-ELARA-BENCH-LA__ELARA-Bench-LA__label_aligned_mechanism/tent_score_adapter/test/seed_47.parquet,1600,1e20f6d03ac0322de906b03f7fdeb3686426b5ce7c2b8a0c527c9985034a5ba1,85d225b419ae3367505bb8e6ceb554c195602f60636f50b138885b9d63e65af9,a64a8a13f8b933cdc5f5e07263cbacd83f976f81,True,True,2026-06-01T21:23:50Z
M0-ELARA-BENCH-LA_ttt_pseudo_label_adapter_test_seed47_acb6835f,M0-ELARA-BENCH-LA,ELARA-Bench-LA,label_aligned_mechanism,47,ttt_pseudo_label_adapter,test,elara_master_c/predictions/development/M0-ELARA-BENCH-LA__ELARA-Bench-LA__label_aligned_mechanism/ttt_pseudo_label_adapter/test/seed_47.parquet,1600,acb6835f253d5caf4bcfbb14bff80315a8cb39ccaf831206e8d7621c4ed4e27e,85d225b419ae3367505bb8e6ceb554c195602f60636f50b138885b9d63e65af9,a64a8a13f8b933cdc5f5e07263cbacd83f976f81,True,True,2026-06-01T21:23:50Z
M0-ELARA-BENCH-LA_eata_score_adapter_test_seed47_b7ad4cdf,M0-ELARA-BENCH-LA,ELARA-Bench-LA,label_aligned_mechanism,47,eata_score_adapter,test,elara_master_c/predictions/development/M0-ELARA-BENCH-LA__ELARA-Bench-LA__label_aligned_mechanism/eata_score_adapter/test/seed_47.parquet,1600,b7ad4cdf9cecf13ae3719524b0cbca1ddcaa70ec89c0ea0d56444231495224e0,85d225b419ae3367505bb8e6ceb554c195602f60636f50b138885b9d63e65af9,a64a8a13f8b933cdc5f5e07263cbacd83f976f81,True,True,2026-06-01T21:23:50Z
M0-ELARA-BENCH-LA_sar_score_adapter_test_seed47_26936b3e,M0-ELARA-BENCH-LA,ELARA-Bench-LA,label_aligned_mechanism,47,sar_score_adapter,test,elara_master_c/predictions/development/M0-ELARA-BENCH-LA__ELARA-Bench-LA__label_aligned_mechanism/sar_score_adapter/test/seed_47.parquet,1600,26936b3e64cd715319287a12a330e51e8ccf23115b8908535ce57ca18c6ede21,85d225b419ae3367505bb8e6ceb554c195602f60636f50b138885b9d63e65af9,a64a8a13f8b933cdc5f5e07263cbacd83f976f81,True,True,2026-06-01T21:23:50Z
M0-ELARA-BENCH-LA_static_attention_test_seed48_f6aca782,M0-ELARA-BENCH-LA,ELARA-Bench-LA,label_aligned_mechanism,48,static_attention,test,elara_master_c/predictions/development/M0-ELARA-BENCH-LA__ELARA-Bench-LA__label_aligned_mechanism/static_attention/test/seed_48.parquet,1600,f6aca782e9e6a707862dd7eca2ea0af34d002d71083a38fcd96ed68193f08237,85d225b419ae3367505bb8e6ceb554c195602f60636f50b138885b9d63e65af9,a64a8a13f8b933cdc5f5e07263cbacd83f976f81,True,True,2026-06-01T21:24:14Z
M0-ELARA-BENCH-LA_craf_attention_test_seed48_9cf3325f,M0-ELARA-BENCH-LA,ELARA-Bench-LA,label_aligned_mechanism,48,craf_attention,test,elara_master_c/predictions/development/M0-ELARA-BENCH-LA__ELARA-Bench-LA__label_aligned_mechanism/craf_attention/test/seed_48.parquet,1600,9cf3325f009e2501b7f5e6e7fd01872564f24f188b85c5d5a8c56b3467bf3d5d,85d225b419ae3367505bb8e6ceb554c195602f60636f50b138885b9d63e65af9,a64a8a13f8b933cdc5f5e07263cbacd83f976f81,True,True,2026-06-01T21:24:14Z
M0-ELARA-BENCH-LA_rga_boosted_fusion_test_seed48_6ae7ff94,M0-ELARA-BENCH-LA,ELARA-Bench-LA,label_aligned_mechanism,48,rga_boosted_fusion,test,elara_master_c/predictions/development/M0-ELARA-BENCH-LA__ELARA-Bench-LA__label_aligned_mechanism/rga_boosted_fusion/test/seed_48.parquet,1600,6ae7ff9400de1549df47c35120ed686a098f6bdb334e1fecbcccd1ffe7fb38c6,85d225b419ae3367505bb8e6ceb554c195602f60636f50b138885b9d63e65af9,a64a8a13f8b933cdc5f5e07263cbacd83f976f81,True,True,2026-06-01T21:24:14Z
M0-ELARA-BENCH-LA_rga_meta_router_test_seed48_b19dd5db,M0-ELARA-BENCH-LA,ELARA-Bench-LA,label_aligned_mechanism,48,rga_meta_router,test,elara_master_c/predictions/development/M0-ELARA-BENCH-LA__ELARA-Bench-LA__label_aligned_mechanism/rga_meta_router/test/seed_48.parquet,1600,b19dd5dbcc1b5d7645d15299228ead65b9dd5c8e7bd332632467ad735cb16055,85d225b419ae3367505bb8e6ceb554c195602f60636f50b138885b9d63e65af9,a64a8a13f8b933cdc5f5e07263cbacd83f976f81,True,True,2026-06-01T21:24:14Z
M0-ELARA-BENCH-LA_early_fusion_mlp_test_seed48_c7990822,M0-ELARA-BENCH-LA,ELARA-Bench-LA,label_aligned_mechanism,48,early_fusion_mlp,test,elara_master_c/predictions/development/M0-ELARA-BENCH-LA__ELARA-Bench-LA__label_aligned_mechanism/early_fusion_mlp/test/seed_48.parquet,1600,c799082290af63a225bf4f0337a508028f6c5ddc4fbd604f91afc8b3cba60bb8,85d225b419ae3367505bb8e6ceb554c195602f60636f50b138885b9d63e65af9,a64a8a13f8b933cdc5f5e07263cbacd83f976f81,True,True,2026-06-01T21:24:14Z
M0-ELARA-BENCH-LA_late_fusion_ensemble_test_seed48_1ec804ee,M0-ELARA-BENCH-LA,ELARA-Bench-LA,label_aligned_mechanism,48,late_fusion_ensemble,test,elara_master_c/predictions/development/M0-ELARA-BENCH-LA__ELARA-Bench-LA__label_aligned_mechanism/late_fusion_ensemble/test/seed_48.parquet,1600,1ec804eefd8c8f75d5e5c1aa8153d323daba9e9ea296f78460313aeb9f955f36,85d225b419ae3367505bb8e6ceb554c195602f60636f50b138885b9d63e65af9,a64a8a13f8b933cdc5f5e07263cbacd83f976f81,True,True,2026-06-01T21:24:14Z
M0-ELARA-BENCH-LA_random_forest_test_seed48_9ff2723b,M0-ELARA-BENCH-LA,ELARA-Bench-LA,label_aligned_mechanism,48,random_forest,test,elara_master_c/predictions/development/M0-ELARA-BENCH-LA__ELARA-Bench-LA__label_aligned_mechanism/random_forest/test/seed_48.parquet,1600,9ff2723b41e98b0c2191b19b1b49d1b809074a0b9733fe888f9c7dcf379fb624,85d225b419ae3367505bb8e6ceb554c195602f60636f50b138885b9d63e65af9,a64a8a13f8b933cdc5f5e07263cbacd83f976f81,True,True,2026-06-01T21:24:14Z
M0-ELARA-BENCH-LA_confidence_weighted_mean_test_seed48_b3f53c85,M0-ELARA-BENCH-LA,ELARA-Bench-LA,label_aligned_mechanism,48,confidence_weighted_mean,test,elara_master_c/predictions/development/M0-ELARA-BENCH-LA__ELARA-Bench-LA__label_aligned_mechanism/confidence_weighted_mean/test/seed_48.parquet,1600,b3f53c85274f3aa72131f781ef14b9d3744375e16ed8dc35d6cc553e52727746,85d225b419ae3367505bb8e6ceb554c195602f60636f50b138885b9d63e65af9,a64a8a13f8b933cdc5f5e07263cbacd83f976f81,True,True,2026-06-01T21:24:14Z
M0-ELARA-BENCH-LA_tent_score_adapter_test_seed48_c15db527,M0-ELARA-BENCH-LA,ELARA-Bench-LA,label_aligned_mechanism,48,tent_score_adapter,test,elara_master_c/predictions/development/M0-ELARA-BENCH-LA__ELARA-Bench-LA__label_aligned_mechanism/tent_score_adapter/test/seed_48.parquet,1600,c15db527c38fe8bc8ca11e49ee8fb46e269839635b2cf6b12bdf5d321d67398b,85d225b419ae3367505bb8e6ceb554c195602f60636f50b138885b9d63e65af9,a64a8a13f8b933cdc5f5e07263cbacd83f976f81,True,True,2026-06-01T21:24:14Z
M0-ELARA-BENCH-LA_ttt_pseudo_label_adapter_test_seed48_8a46f4ff,M0-ELARA-BENCH-LA,ELARA-Bench-LA,label_aligned_mechanism,48,ttt_pseudo_label_adapter,test,elara_master_c/predictions/development/M0-ELARA-BENCH-LA__ELARA-Bench-LA__label_aligned_mechanism/ttt_pseudo_label_adapter/test/seed_48.parquet,1600,8a46f4ff99c1bfcba9fc7f35f6f64e47980e6c2859fdbd7e1ad4f8798269b2a1,85d225b419ae3367505bb8e6ceb554c195602f60636f50b138885b9d63e65af9,a64a8a13f8b933cdc5f5e07263cbacd83f976f81,True,True,2026-06-01T21:24:15Z
M0-ELARA-BENCH-LA_eata_score_adapter_test_seed48_14e495d3,M0-ELARA-BENCH-LA,ELARA-Bench-LA,label_aligned_mechanism,48,eata_score_adapter,test,elara_master_c/predictions/development/M0-ELARA-BENCH-LA__ELARA-Bench-LA__label_aligned_mechanism/eata_score_adapter/test/seed_48.parquet,1600,14e495d3e329729a6b4aae00179c90d0afc291296d145611446ff7a1c594e917,85d225b419ae3367505bb8e6ceb554c195602f60636f50b138885b9d63e65af9,a64a8a13f8b933cdc5f5e07263cbacd83f976f81,True,True,2026-06-01T21:24:15Z
M0-ELARA-BENCH-LA_sar_score_adapter_test_seed48_b47af417,M0-ELARA-BENCH-LA,ELARA-Bench-LA,label_aligned_mechanism,48,sar_score_adapter,test,elara_master_c/predictions/development/M0-ELARA-BENCH-LA__ELARA-Bench-LA__label_aligned_mechanism/sar_score_adapter/test/seed_48.parquet,1600,b47af41767b2ab71d5ab11bdedca95cad28f228b7eabb01bf670857225aea220,85d225b419ae3367505bb8e6ceb554c195602f60636f50b138885b9d63e65af9,a64a8a13f8b933cdc5f5e07263cbacd83f976f81,True,True,2026-06-01T21:24:15Z
M0-ELARA-BENCH-LA_static_attention_test_seed49_01470580,M0-ELARA-BENCH-LA,ELARA-Bench-LA,label_aligned_mechanism,49,static_attention,test,elara_master_c/predictions/development/M0-ELARA-BENCH-LA__ELARA-Bench-LA__label_aligned_mechanism/static_attention/test/seed_49.parquet,1600,01470580f786aa5f3d3203d9360498de152750da571afe888081b736ada1eeef,85d225b419ae3367505bb8e6ceb554c195602f60636f50b138885b9d63e65af9,a64a8a13f8b933cdc5f5e07263cbacd83f976f81,True,True,2026-06-01T21:24:39Z
M0-ELARA-BENCH-LA_craf_attention_test_seed49_87c1cc1d,M0-ELARA-BENCH-LA,ELARA-Bench-LA,label_aligned_mechanism,49,craf_attention,test,elara_master_c/predictions/development/M0-ELARA-BENCH-LA__ELARA-Bench-LA__label_aligned_mechanism/craf_attention/test/seed_49.parquet,1600,87c1cc1d401fd06c7091176134c1797f4581d0e137d28073c76079aba847e36f,85d225b419ae3367505bb8e6ceb554c195602f60636f50b138885b9d63e65af9,a64a8a13f8b933cdc5f5e07263cbacd83f976f81,True,True,2026-06-01T21:24:39Z
M0-ELARA-BENCH-LA_rga_boosted_fusion_test_seed49_583c50b8,M0-ELARA-BENCH-LA,ELARA-Bench-LA,label_aligned_mechanism,49,rga_boosted_fusion,test,elara_master_c/predictions/development/M0-ELARA-BENCH-LA__ELARA-Bench-LA__label_aligned_mechanism/rga_boosted_fusion/test/seed_49.parquet,1600,583c50b808a869c64ca5babf9c41585d53779a2163cc40c423457f3ae8f28023,85d225b419ae3367505bb8e6ceb554c195602f60636f50b138885b9d63e65af9,a64a8a13f8b933cdc5f5e07263cbacd83f976f81,True,True,2026-06-01T21:24:39Z
M0-ELARA-BENCH-LA_rga_meta_router_test_seed49_7d18390b,M0-ELARA-BENCH-LA,ELARA-Bench-LA,label_aligned_mechanism,49,rga_meta_router,test,elara_master_c/predictions/development/M0-ELARA-BENCH-LA__ELARA-Bench-LA__label_aligned_mechanism/rga_meta_router/test/seed_49.parquet,1600,7d18390b7e368468fb7a7f853ca4c6daf4bc1fb64bd03127d387beb55ac60b07,85d225b419ae3367505bb8e6ceb554c195602f60636f50b138885b9d63e65af9,a64a8a13f8b933cdc5f5e07263cbacd83f976f81,True,True,2026-06-01T21:24:39Z
M0-ELARA-BENCH-LA_early_fusion_mlp_test_seed49_4438341c,M0-ELARA-BENCH-LA,ELARA-Bench-LA,label_aligned_mechanism,49,early_fusion_mlp,test,elara_master_c/predictions/development/M0-ELARA-BENCH-LA__ELARA-Bench-LA__label_aligned_mechanism/early_fusion_mlp/test/seed_49.parquet,1600,4438341ca41e08aed11fe9d1c6dc391c994adfad2efac10e54a21bdf50dd5c51,85d225b419ae3367505bb8e6ceb554c195602f60636f50b138885b9d63e65af9,a64a8a13f8b933cdc5f5e07263cbacd83f976f81,True,True,2026-06-01T21:24:39Z
M0-ELARA-BENCH-LA_late_fusion_ensemble_test_seed49_20f1e876,M0-ELARA-BENCH-LA,ELARA-Bench-LA,label_aligned_mechanism,49,late_fusion_ensemble,test,elara_master_c/predictions/development/M0-ELARA-BENCH-LA__ELARA-Bench-LA__label_aligned_mechanism/late_fusion_ensemble/test/seed_49.parquet,1600,20f1e876bf85dbaed1ec16153ca1b46809edc9fac22e35c50bdb140ab39722a1,85d225b419ae3367505bb8e6ceb554c195602f60636f50b138885b9d63e65af9,a64a8a13f8b933cdc5f5e07263cbacd83f976f81,True,True,2026-06-01T21:24:39Z
M0-ELARA-BENCH-LA_random_forest_test_seed49_c8003475,M0-ELARA-BENCH-LA,ELARA-Bench-LA,label_aligned_mechanism,49,random_forest,test,elara_master_c/predictions/development/M0-ELARA-BENCH-LA__ELARA-Bench-LA__label_aligned_mechanism/random_forest/test/seed_49.parquet,1600,c8003475bda6800bc3c7da300849473e4f75dc39d3c217fc787416ad4021a43f,85d225b419ae3367505bb8e6ceb554c195602f60636f50b138885b9d63e65af9,a64a8a13f8b933cdc5f5e07263cbacd83f976f81,True,True,2026-06-01T21:24:39Z
M0-ELARA-BENCH-LA_confidence_weighted_mean_test_seed49_1c398608,M0-ELARA-BENCH-LA,ELARA-Bench-LA,label_aligned_mechanism,49,confidence_weighted_mean,test,elara_master_c/predictions/development/M0-ELARA-BENCH-LA__ELARA-Bench-LA__label_aligned_mechanism/confidence_weighted_mean/test/seed_49.parquet,1600,1c3986086e097c87980f62e1d0c4ff4ea101f8797e455e2c6223313e089c6e32,85d225b419ae3367505bb8e6ceb554c195602f60636f50b138885b9d63e65af9,a64a8a13f8b933cdc5f5e07263cbacd83f976f81,True,True,2026-06-01T21:24:39Z
M0-ELARA-BENCH-LA_tent_score_adapter_test_seed49_e93eb0a6,M0-ELARA-BENCH-LA,ELARA-Bench-LA,label_aligned_mechanism,49,tent_score_adapter,test,elara_master_c/predictions/development/M0-ELARA-BENCH-LA__ELARA-Bench-LA__label_aligned_mechanism/tent_score_adapter/test/seed_49.parquet,1600,e93eb0a6c7eeac6c8d646f4849038317088bfaaf31a4a6f23cef18dbdb6870e1,85d225b419ae3367505bb8e6ceb554c195602f60636f50b138885b9d63e65af9,a64a8a13f8b933cdc5f5e07263cbacd83f976f81,True,True,2026-06-01T21:24:39Z
M0-ELARA-BENCH-LA_ttt_pseudo_label_adapter_test_seed49_6c681f48,M0-ELARA-BENCH-LA,ELARA-Bench-LA,label_aligned_mechanism,49,ttt_pseudo_label_adapter,test,elara_master_c/predictions/development/M0-ELARA-BENCH-LA__ELARA-Bench-LA__label_aligned_mechanism/ttt_pseudo_label_adapter/test/seed_49.parquet,1600,6c681f48d4a27b5281e20160af4a7157224792eab45232711c157993bf7ad6ad,85d225b419ae3367505bb8e6ceb554c195602f60636f50b138885b9d63e65af9,a64a8a13f8b933cdc5f5e07263cbacd83f976f81,True,True,2026-06-01T21:24:39Z
M0-ELARA-BENCH-LA_eata_score_adapter_test_seed49_114fa2a9,M0-ELARA-BENCH-LA,ELARA-Bench-LA,label_aligned_mechanism,49,eata_score_adapter,test,elara_master_c/predictions/development/M0-ELARA-BENCH-LA__ELARA-Bench-LA__label_aligned_mechanism/eata_score_adapter/test/seed_49.parquet,1600,114fa2a9bd2958e2c902aa6ce0e54dd517d6f520d7fb9dab246d10331f2fea75,85d225b419ae3367505bb8e6ceb554c195602f60636f50b138885b9d63e65af9,a64a8a13f8b933cdc5f5e07263cbacd83f976f81,True,True,2026-06-01T21:24:39Z
M0-ELARA-BENCH-LA_sar_score_adapter_test_seed49_a056a98e,M0-ELARA-BENCH-LA,ELARA-Bench-LA,label_aligned_mechanism,49,sar_score_adapter,test,elara_master_c/predictions/development/M0-ELARA-BENCH-LA__ELARA-Bench-LA__label_aligned_mechanism/sar_score_adapter/test/seed_49.parquet,1600,a056a98ee8c5136c8fec064301d9c6ba8fa4beaf61cffed0d515420b96a3b161,85d225b419ae3367505bb8e6ceb554c195602f60636f50b138885b9d63e65af9,a64a8a13f8b933cdc5f5e07263cbacd83f976f81,True,True,2026-06-01T21:24:39Z
M0-ELARA-BENCH-LA_static_attention_test_seed50_6831a7d8,M0-ELARA-BENCH-LA,ELARA-Bench-LA,label_aligned_mechanism,50,static_attention,test,elara_master_c/predictions/development/M0-ELARA-BENCH-LA__ELARA-Bench-LA__label_aligned_mechanism/static_attention/test/seed_50.parquet,1600,6831a7d8e7dcadf8c6e5bfde1476ccd3a4d3c2e97f9bfdce7ffb025be1751ad5,85d225b419ae3367505bb8e6ceb554c195602f60636f50b138885b9d63e65af9,a64a8a13f8b933cdc5f5e07263cbacd83f976f81,True,True,2026-06-01T21:25:03Z
M0-ELARA-BENCH-LA_craf_attention_test_seed50_41cbd9f3,M0-ELARA-BENCH-LA,ELARA-Bench-LA,label_aligned_mechanism,50,craf_attention,test,elara_master_c/predictions/development/M0-ELARA-BENCH-LA__ELARA-Bench-LA__label_aligned_mechanism/craf_attention/test/seed_50.parquet,1600,41cbd9f38026e241b170fd0c9cbf551e3c6493e54d578a26f33c7190983a3104,85d225b419ae3367505bb8e6ceb554c195602f60636f50b138885b9d63e65af9,a64a8a13f8b933cdc5f5e07263cbacd83f976f81,True,True,2026-06-01T21:25:03Z
M0-ELARA-BENCH-LA_rga_boosted_fusion_test_seed50_f23a044f,M0-ELARA-BENCH-LA,ELARA-Bench-LA,label_aligned_mechanism,50,rga_boosted_fusion,test,elara_master_c/predictions/development/M0-ELARA-BENCH-LA__ELARA-Bench-LA__label_aligned_mechanism/rga_boosted_fusion/test/seed_50.parquet,1600,f23a044ff735f4de1ba099151d4cd86cae8f68596f0b79bddd1b59eb2d16242e,85d225b419ae3367505bb8e6ceb554c195602f60636f50b138885b9d63e65af9,a64a8a13f8b933cdc5f5e07263cbacd83f976f81,True,True,2026-06-01T21:25:03Z
M0-ELARA-BENCH-LA_rga_meta_router_test_seed50_0ae813c1,M0-ELARA-BENCH-LA,ELARA-Bench-LA,label_aligned_mechanism,50,rga_meta_router,test,elara_master_c/predictions/development/M0-ELARA-BENCH-LA__ELARA-Bench-LA__label_aligned_mechanism/rga_meta_router/test/seed_50.parquet,1600,0ae813c1d2255a4fc7943466e08e2fe86a627b03753bf926187dd5fb3683f63d,85d225b419ae3367505bb8e6ceb554c195602f60636f50b138885b9d63e65af9,a64a8a13f8b933cdc5f5e07263cbacd83f976f81,True,True,2026-06-01T21:25:03Z
M0-ELARA-BENCH-LA_early_fusion_mlp_test_seed50_d065b5c6,M0-ELARA-BENCH-LA,ELARA-Bench-LA,label_aligned_mechanism,50,early_fusion_mlp,test,elara_master_c/predictions/development/M0-ELARA-BENCH-LA__ELARA-Bench-LA__label_aligned_mechanism/early_fusion_mlp/test/seed_50.parquet,1600,d065b5c6929f556f14f5abe51df6011b72596882dc04fc32c59284673ed2eadd,85d225b419ae3367505bb8e6ceb554c195602f60636f50b138885b9d63e65af9,a64a8a13f8b933cdc5f5e07263cbacd83f976f81,True,True,2026-06-01T21:25:03Z
M0-ELARA-BENCH-LA_late_fusion_ensemble_test_seed50_96379848,M0-ELARA-BENCH-LA,ELARA-Bench-LA,label_aligned_mechanism,50,late_fusion_ensemble,test,elara_master_c/predictions/development/M0-ELARA-BENCH-LA__ELARA-Bench-LA__label_aligned_mechanism/late_fusion_ensemble/test/seed_50.parquet,1600,96379848a1c01dc9be0a2da0bbfd950faca051e3f0c7660e924df0037aacaded,85d225b419ae3367505bb8e6ceb554c195602f60636f50b138885b9d63e65af9,a64a8a13f8b933cdc5f5e07263cbacd83f976f81,True,True,2026-06-01T21:25:03Z
M0-ELARA-BENCH-LA_random_forest_test_seed50_c8522f87,M0-ELARA-BENCH-LA,ELARA-Bench-LA,label_aligned_mechanism,50,random_forest,test,elara_master_c/predictions/development/M0-ELARA-BENCH-LA__ELARA-Bench-LA__label_aligned_mechanism/random_forest/test/seed_50.parquet,1600,c8522f87006749f4c876ec3fec8beefb0cea7f9a1e517daf43e7f98cf3b7356c,85d225b419ae3367505bb8e6ceb554c195602f60636f50b138885b9d63e65af9,a64a8a13f8b933cdc5f5e07263cbacd83f976f81,True,True,2026-06-01T21:25:03Z
M0-ELARA-BENCH-LA_confidence_weighted_mean_test_seed50_c9ac1c28,M0-ELARA-BENCH-LA,ELARA-Bench-LA,label_aligned_mechanism,50,confidence_weighted_mean,test,elara_master_c/predictions/development/M0-ELARA-BENCH-LA__ELARA-Bench-LA__label_aligned_mechanism/confidence_weighted_mean/test/seed_50.parquet,1600,c9ac1c289d98a4b2e2985a71266acf7dc6ccfc2f58c4a800fe5aac4f193c4d35,85d225b419ae3367505bb8e6ceb554c195602f60636f50b138885b9d63e65af9,a64a8a13f8b933cdc5f5e07263cbacd83f976f81,True,True,2026-06-01T21:25:03Z
M0-ELARA-BENCH-LA_tent_score_adapter_test_seed50_1d4cc2cf,M0-ELARA-BENCH-LA,ELARA-Bench-LA,label_aligned_mechanism,50,tent_score_adapter,test,elara_master_c/predictions/development/M0-ELARA-BENCH-LA__ELARA-Bench-LA__label_aligned_mechanism/tent_score_adapter/test/seed_50.parquet,1600,1d4cc2cf83d07394b096b334e814916fc4c0d4b906b878d7c583c6eed0222d85,85d225b419ae3367505bb8e6ceb554c195602f60636f50b138885b9d63e65af9,a64a8a13f8b933cdc5f5e07263cbacd83f976f81,True,True,2026-06-01T21:25:03Z
M0-ELARA-BENCH-LA_ttt_pseudo_label_adapter_test_seed50_110b83ff,M0-ELARA-BENCH-LA,ELARA-Bench-LA,label_aligned_mechanism,50,ttt_pseudo_label_adapter,test,elara_master_c/predictions/development/M0-ELARA-BENCH-LA__ELARA-Bench-LA__label_aligned_mechanism/ttt_pseudo_label_adapter/test/seed_50.parquet,1600,110b83ff6ddc7ff388ae2618bab2319842a7db5e7afaf1a5017c086845dd7b59,85d225b419ae3367505bb8e6ceb554c195602f60636f50b138885b9d63e65af9,a64a8a13f8b933cdc5f5e07263cbacd83f976f81,True,True,2026-06-01T21:25:03Z
M0-ELARA-BENCH-LA_eata_score_adapter_test_seed50_3c459838,M0-ELARA-BENCH-LA,ELARA-Bench-LA,label_aligned_mechanism,50,eata_score_adapter,test,elara_master_c/predictions/development/M0-ELARA-BENCH-LA__ELARA-Bench-LA__label_aligned_mechanism/eata_score_adapter/test/seed_50.parquet,1600,3c4598388fcd2c5eeb06f8ae61b5601aac878ac8d10c9faa98280d8d98ff5962,85d225b419ae3367505bb8e6ceb554c195602f60636f50b138885b9d63e65af9,a64a8a13f8b933cdc5f5e07263cbacd83f976f81,True,True,2026-06-01T21:25:03Z
M0-ELARA-BENCH-LA_sar_score_adapter_test_seed50_0afbad04,M0-ELARA-BENCH-LA,ELARA-Bench-LA,label_aligned_mechanism,50,sar_score_adapter,test,elara_master_c/predictions/development/M0-ELARA-BENCH-LA__ELARA-Bench-LA__label_aligned_mechanism/sar_score_adapter/test/seed_50.parquet,1600,0afbad04bc9f6474426008582ddb663332e70bee0ebba97e83f1f3a377746e8a,85d225b419ae3367505bb8e6ceb554c195602f60636f50b138885b9d63e65af9,a64a8a13f8b933cdc5f5e07263cbacd83f976f81,True,True,2026-06-01T21:25:03Z
M0-ELARA-BENCH-LA_static_attention_test_seed51_00fcdd9a,M0-ELARA-BENCH-LA,ELARA-Bench-LA,label_aligned_mechanism,51,static_attention,test,elara_master_c/predictions/development/M0-ELARA-BENCH-LA__ELARA-Bench-LA__label_aligned_mechanism/static_attention/test/seed_51.parquet,1600,00fcdd9a8c24f0cb7d6fd8015155891383f31449745f1430d961c9299c9b434c,85d225b419ae3367505bb8e6ceb554c195602f60636f50b138885b9d63e65af9,a64a8a13f8b933cdc5f5e07263cbacd83f976f81,True,True,2026-06-01T21:25:28Z
M0-ELARA-BENCH-LA_craf_attention_test_seed51_b4b22c48,M0-ELARA-BENCH-LA,ELARA-Bench-LA,label_aligned_mechanism,51,craf_attention,test,elara_master_c/predictions/development/M0-ELARA-BENCH-LA__ELARA-Bench-LA__label_aligned_mechanism/craf_attention/test/seed_51.parquet,1600,b4b22c48c8443c7834d959c972ff4a6d2010c6697c37e505db100ea9081fcd7f,85d225b419ae3367505bb8e6ceb554c195602f60636f50b138885b9d63e65af9,a64a8a13f8b933cdc5f5e07263cbacd83f976f81,True,True,2026-06-01T21:25:28Z
M0-ELARA-BENCH-LA_rga_boosted_fusion_test_seed51_7d353a68,M0-ELARA-BENCH-LA,ELARA-Bench-LA,label_aligned_mechanism,51,rga_boosted_fusion,test,elara_master_c/predictions/development/M0-ELARA-BENCH-LA__ELARA-Bench-LA__label_aligned_mechanism/rga_boosted_fusion/test/seed_51.parquet,1600,7d353a68fd44608dff7c41e8597a17f6ee7bd9fed0212550d19e1e64b3275195,85d225b419ae3367505bb8e6ceb554c195602f60636f50b138885b9d63e65af9,a64a8a13f8b933cdc5f5e07263cbacd83f976f81,True,True,2026-06-01T21:25:28Z
M0-ELARA-BENCH-LA_rga_meta_router_test_seed51_3a013d35,M0-ELARA-BENCH-LA,ELARA-Bench-LA,label_aligned_mechanism,51,rga_meta_router,test,elara_master_c/predictions/development/M0-ELARA-BENCH-LA__ELARA-Bench-LA__label_aligned_mechanism/rga_meta_router/test/seed_51.parquet,1600,3a013d35ba6a39be5928fa87e771534a112c24a784ae0b46b788b3cda707f532,85d225b419ae3367505bb8e6ceb554c195602f60636f50b138885b9d63e65af9,a64a8a13f8b933cdc5f5e07263cbacd83f976f81,True,True,2026-06-01T21:25:29Z
M0-ELARA-BENCH-LA_early_fusion_mlp_test_seed51_c3a05669,M0-ELARA-BENCH-LA,ELARA-Bench-LA,label_aligned_mechanism,51,early_fusion_mlp,test,elara_master_c/predictions/development/M0-ELARA-BENCH-LA__ELARA-Bench-LA__label_aligned_mechanism/early_fusion_mlp/test/seed_51.parquet,1600,c3a05669bb693828f2d79f08e5353b0811d6c0d8b221397f554a772b0699cb26,85d225b419ae3367505bb8e6ceb554c195602f60636f50b138885b9d63e65af9,a64a8a13f8b933cdc5f5e07263cbacd83f976f81,True,True,2026-06-01T21:25:29Z
M0-ELARA-BENCH-LA_late_fusion_ensemble_test_seed51_814aeaaa,M0-ELARA-BENCH-LA,ELARA-Bench-LA,label_aligned_mechanism,51,late_fusion_ensemble,test,elara_master_c/predictions/development/M0-ELARA-BENCH-LA__ELARA-Bench-LA__label_aligned_mechanism/late_fusion_ensemble/test/seed_51.parquet,1600,814aeaaaf2df4d133e549420b5c5d461c1ae6a52dcb2196ac2bc87af36e5d7ce,85d225b419ae3367505bb8e6ceb554c195602f60636f50b138885b9d63e65af9,a64a8a13f8b933cdc5f5e07263cbacd83f976f81,True,True,2026-06-01T21:25:29Z
M0-ELARA-BENCH-LA_random_forest_test_seed51_42a67eef,M0-ELARA-BENCH-LA,ELARA-Bench-LA,label_aligned_mechanism,51,random_forest,test,elara_master_c/predictions/development/M0-ELARA-BENCH-LA__ELARA-Bench-LA__label_aligned_mechanism/random_forest/test/seed_51.parquet,1600,42a67eef21237b8547d4bb9252d883084a65b77adf9340bb58685e44ec5f36e3,85d225b419ae3367505bb8e6ceb554c195602f60636f50b138885b9d63e65af9,a64a8a13f8b933cdc5f5e07263cbacd83f976f81,True,True,2026-06-01T21:25:29Z
M0-ELARA-BENCH-LA_confidence_weighted_mean_test_seed51_69338a65,M0-ELARA-BENCH-LA,ELARA-Bench-LA,label_aligned_mechanism,51,confidence_weighted_mean,test,elara_master_c/predictions/development/M0-ELARA-BENCH-LA__ELARA-Bench-LA__label_aligned_mechanism/confidence_weighted_mean/test/seed_51.parquet,1600,69338a65d71b349e3628845e4f9bf18bd593f4167e7b181fab0a747f566818ea,85d225b419ae3367505bb8e6ceb554c195602f60636f50b138885b9d63e65af9,a64a8a13f8b933cdc5f5e07263cbacd83f976f81,True,True,2026-06-01T21:25:29Z
M0-ELARA-BENCH-LA_tent_score_adapter_test_seed51_346095ae,M0-ELARA-BENCH-LA,ELARA-Bench-LA,label_aligned_mechanism,51,tent_score_adapter,test,elara_master_c/predictions/development/M0-ELARA-BENCH-LA__ELARA-Bench-LA__label_aligned_mechanism/tent_score_adapter/test/seed_51.parquet,1600,346095ae0d4b7d1ba255398b262914f58feedc13ab6cb08a9f8d28c2fdddc443,85d225b419ae3367505bb8e6ceb554c195602f60636f50b138885b9d63e65af9,a64a8a13f8b933cdc5f5e07263cbacd83f976f81,True,True,2026-06-01T21:25:29Z
M0-ELARA-BENCH-LA_ttt_pseudo_label_adapter_test_seed51_df5b4b27,M0-ELARA-BENCH-LA,ELARA-Bench-LA,label_aligned_mechanism,51,ttt_pseudo_label_adapter,test,elara_master_c/predictions/development/M0-ELARA-BENCH-LA__ELARA-Bench-LA__label_aligned_mechanism/ttt_pseudo_label_adapter/test/seed_51.parquet,1600,df5b4b27db7ef6b8c498943e798e75280750240204691a1ded60eb74c7b4082b,85d225b419ae3367505bb8e6ceb554c195602f60636f50b138885b9d63e65af9,a64a8a13f8b933cdc5f5e07263cbacd83f976f81,True,True,2026-06-01T21:25:29Z
M0-ELARA-BENCH-LA_eata_score_adapter_test_seed51_8d0b77ec,M0-ELARA-BENCH-LA,ELARA-Bench-LA,label_aligned_mechanism,51,eata_score_adapter,test,elara_master_c/predictions/development/M0-ELARA-BENCH-LA__ELARA-Bench-LA__label_aligned_mechanism/eata_score_adapter/test/seed_51.parquet,1600,8d0b77ecf12cdadb9ae3cb0d9d500ba3ebb26ce656f92a054d6b4d47304e05fa,85d225b419ae3367505bb8e6ceb554c195602f60636f50b138885b9d63e65af9,a64a8a13f8b933cdc5f5e07263cbacd83f976f81,True,True,2026-06-01T21:25:29Z
M0-ELARA-BENCH-LA_sar_score_adapter_test_seed51_6bcad903,M0-ELARA-BENCH-LA,ELARA-Bench-LA,label_aligned_mechanism,51,sar_score_adapter,test,elara_master_c/predictions/development/M0-ELARA-BENCH-LA__ELARA-Bench-LA__label_aligned_mechanism/sar_score_adapter/test/seed_51.parquet,1600,6bcad903db8345f2c7b393efef410673334745c5b453e2d856add2e7d1ef0c1c,85d225b419ae3367505bb8e6ceb554c195602f60636f50b138885b9d63e65af9,a64a8a13f8b933cdc5f5e07263cbacd83f976f81,True,True,2026-06-01T21:25:29Z
M1-MVTEC-SUPERVISED-PAIRED_static_attention_test_seed42_6c3dd170,M1-MVTEC-SUPERVISED-PAIRED,MVTec 3D-AD,PatchCore supervised-paired,42,static_attention,test,elara_master_c/predictions/development/M1-MVTEC-SUPERVISED-PAIRED__MVTec_3D-AD__PatchCore_supervised-paired/static_attention/test/seed_42__rerun_2.parquet,278,6c3dd170344fef10d9fb2ee8c865499b8bd84650bd94e97b419d581e95f63767,23444d914caa26cd2d01dd1eaaa5ae3aad1aeea1dd67cf40e65fc45e14c1717e,a64a8a13f8b933cdc5f5e07263cbacd83f976f81,True,True,2026-06-01T21:25:48Z
M1-MVTEC-SUPERVISED-PAIRED_craf_attention_test_seed42_c772b8c1,M1-MVTEC-SUPERVISED-PAIRED,MVTec 3D-AD,PatchCore supervised-paired,42,craf_attention,test,elara_master_c/predictions/development/M1-MVTEC-SUPERVISED-PAIRED__MVTec_3D-AD__PatchCore_supervised-paired/craf_attention/test/seed_42__rerun_2.parquet,278,c772b8c1c29d05ba8fe084a7b012f5d69caf081ccdaebac2688ea9d0989f6f1d,23444d914caa26cd2d01dd1eaaa5ae3aad1aeea1dd67cf40e65fc45e14c1717e,a64a8a13f8b933cdc5f5e07263cbacd83f976f81,True,True,2026-06-01T21:25:48Z
M1-MVTEC-SUPERVISED-PAIRED_rga_boosted_fusion_test_seed42_711adf58,M1-MVTEC-SUPERVISED-PAIRED,MVTec 3D-AD,PatchCore supervised-paired,42,rga_boosted_fusion,test,elara_master_c/predictions/development/M1-MVTEC-SUPERVISED-PAIRED__MVTec_3D-AD__PatchCore_supervised-paired/rga_boosted_fusion/test/seed_42__rerun_2.parquet,278,711adf5853875d58db489929cd5e161d939d87705ddb318514e41cff7ffe88e4,23444d914caa26cd2d01dd1eaaa5ae3aad1aeea1dd67cf40e65fc45e14c1717e,a64a8a13f8b933cdc5f5e07263cbacd83f976f81,True,True,2026-06-01T21:25:48Z
M1-MVTEC-SUPERVISED-PAIRED_rga_meta_router_test_seed42_1f20e404,M1-MVTEC-SUPERVISED-PAIRED,MVTec 3D-AD,PatchCore supervised-paired,42,rga_meta_router,test,elara_master_c/predictions/development/M1-MVTEC-SUPERVISED-PAIRED__MVTec_3D-AD__PatchCore_supervised-paired/rga_meta_router/test/seed_42__rerun_2.parquet,278,1f20e40496147a7020e6190803d7103a385555d00a6c77ef457baf1dc106cedc,23444d914caa26cd2d01dd1eaaa5ae3aad1aeea1dd67cf40e65fc45e14c1717e,a64a8a13f8b933cdc5f5e07263cbacd83f976f81,True,True,2026-06-01T21:25:48Z
M1-MVTEC-SUPERVISED-PAIRED_early_fusion_mlp_test_seed42_86124391,M1-MVTEC-SUPERVISED-PAIRED,MVTec 3D-AD,PatchCore supervised-paired,42,early_fusion_mlp,test,elara_master_c/predictions/development/M1-MVTEC-SUPERVISED-PAIRED__MVTec_3D-AD__PatchCore_supervised-paired/early_fusion_mlp/test/seed_42__rerun_2.parquet,278,86124391658a193a87b49ce450009d94e7dc29cdbc0185bf6c8d5665da0327f4,23444d914caa26cd2d01dd1eaaa5ae3aad1aeea1dd67cf40e65fc45e14c1717e,a64a8a13f8b933cdc5f5e07263cbacd83f976f81,True,True,2026-06-01T21:25:48Z
M1-MVTEC-SUPERVISED-PAIRED_late_fusion_ensemble_test_seed42_73aa253f,M1-MVTEC-SUPERVISED-PAIRED,MVTec 3D-AD,PatchCore supervised-paired,42,late_fusion_ensemble,test,elara_master_c/predictions/development/M1-MVTEC-SUPERVISED-PAIRED__MVTec_3D-AD__PatchCore_supervised-paired/late_fusion_ensemble/test/seed_42__rerun_2.parquet,278,73aa253f96acba5159dd276cc78bbab5692fd045d634adaf55bcd6f7f1ad2bcf,23444d914caa26cd2d01dd1eaaa5ae3aad1aeea1dd67cf40e65fc45e14c1717e,a64a8a13f8b933cdc5f5e07263cbacd83f976f81,True,True,2026-06-01T21:25:48Z
M1-MVTEC-SUPERVISED-PAIRED_random_forest_test_seed42_4cbe44fc,M1-MVTEC-SUPERVISED-PAIRED,MVTec 3D-AD,PatchCore supervised-paired,42,random_forest,test,elara_master_c/predictions/development/M1-MVTEC-SUPERVISED-PAIRED__MVTec_3D-AD__PatchCore_supervised-paired/random_forest/test/seed_42__rerun_2.parquet,278,4cbe44fc84888d09b77f55e6796440dada2cd33a416eb50e67d84f37e9332653,23444d914caa26cd2d01dd1eaaa5ae3aad1aeea1dd67cf40e65fc45e14c1717e,a64a8a13f8b933cdc5f5e07263cbacd83f976f81,True,True,2026-06-01T21:25:48Z
M1-MVTEC-SUPERVISED-PAIRED_confidence_weighted_mean_test_seed42_1d2658bb,M1-MVTEC-SUPERVISED-PAIRED,MVTec 3D-AD,PatchCore supervised-paired,42,confidence_weighted_mean,test,elara_master_c/predictions/development/M1-MVTEC-SUPERVISED-PAIRED__MVTec_3D-AD__PatchCore_supervised-paired/confidence_weighted_mean/test/seed_42__rerun_2.parquet,278,1d2658bb5883c447f3b80239e7756969b72725d7d38dee039fa0a8fd79fc74d0,23444d914caa26cd2d01dd1eaaa5ae3aad1aeea1dd67cf40e65fc45e14c1717e,a64a8a13f8b933cdc5f5e07263cbacd83f976f81,True,True,2026-06-01T21:25:48Z
M1-MVTEC-SUPERVISED-PAIRED_tent_score_adapter_test_seed42_c7208ae6,M1-MVTEC-SUPERVISED-PAIRED,MVTec 3D-AD,PatchCore supervised-paired,42,tent_score_adapter,test,elara_master_c/predictions/development/M1-MVTEC-SUPERVISED-PAIRED__MVTec_3D-AD__PatchCore_supervised-paired/tent_score_adapter/test/seed_42__rerun_2.parquet,278,c7208ae64f6bc6ae5b3e171a1370cf91185db6509e9f6d6c96e9d862bd1088d3,23444d914caa26cd2d01dd1eaaa5ae3aad1aeea1dd67cf40e65fc45e14c1717e,a64a8a13f8b933cdc5f5e07263cbacd83f976f81,True,True,2026-06-01T21:25:48Z
M1-MVTEC-SUPERVISED-PAIRED_ttt_pseudo_label_adapter_test_seed42_dda757e0,M1-MVTEC-SUPERVISED-PAIRED,MVTec 3D-AD,PatchCore supervised-paired,42,ttt_pseudo_label_adapter,test,elara_master_c/predictions/development/M1-MVTEC-SUPERVISED-PAIRED__MVTec_3D-AD__PatchCore_supervised-paired/ttt_pseudo_label_adapter/test/seed_42__rerun_2.parquet,278,dda757e05b717aff0b786c0f2cbbb52911e07ceda40d2c16dafc10ed253a6455,23444d914caa26cd2d01dd1eaaa5ae3aad1aeea1dd67cf40e65fc45e14c1717e,a64a8a13f8b933cdc5f5e07263cbacd83f976f81,True,True,2026-06-01T21:25:48Z
M1-MVTEC-SUPERVISED-PAIRED_eata_score_adapter_test_seed42_5691702c,M1-MVTEC-SUPERVISED-PAIRED,MVTec 3D-AD,PatchCore supervised-paired,42,eata_score_adapter,test,elara_master_c/predictions/development/M1-MVTEC-SUPERVISED-PAIRED__MVTec_3D-AD__PatchCore_supervised-paired/eata_score_adapter/test/seed_42__rerun_2.parquet,278,5691702c190b5f6dd60ef9ce0684abba86d775ffcf63399e2bbc1faae2964c41,23444d914caa26cd2d01dd1eaaa5ae3aad1aeea1dd67cf40e65fc45e14c1717e,a64a8a13f8b933cdc5f5e07263cbacd83f976f81,True,True,2026-06-01T21:25:48Z
M1-MVTEC-SUPERVISED-PAIRED_sar_score_adapter_test_seed42_6a023702,M1-MVTEC-SUPERVISED-PAIRED,MVTec 3D-AD,PatchCore supervised-paired,42,sar_score_adapter,test,elara_master_c/predictions/development/M1-MVTEC-SUPERVISED-PAIRED__MVTec_3D-AD__PatchCore_supervised-paired/sar_score_adapter/test/seed_42__rerun_2.parquet,278,6a0237020bad7161aca5bc37f80e980fe72199366ec4909fe218960a6dc094fb,23444d914caa26cd2d01dd1eaaa5ae3aad1aeea1dd67cf40e65fc45e14c1717e,a64a8a13f8b933cdc5f5e07263cbacd83f976f81,True,True,2026-06-01T21:25:48Z
M1-MVTEC-SUPERVISED-PAIRED_static_attention_test_seed43_86e18894,M1-MVTEC-SUPERVISED-PAIRED,MVTec 3D-AD,PatchCore supervised-paired,43,static_attention,test,elara_master_c/predictions/development/M1-MVTEC-SUPERVISED-PAIRED__MVTec_3D-AD__PatchCore_supervised-paired/static_attention/test/seed_43__rerun_1.parquet,278,86e18894568462ceac25c41ff7aa4716e8ecbcb3e80f2e18b9fbf809d5754f1e,23444d914caa26cd2d01dd1eaaa5ae3aad1aeea1dd67cf40e65fc45e14c1717e,a64a8a13f8b933cdc5f5e07263cbacd83f976f81,True,True,2026-06-01T21:26:04Z
M1-MVTEC-SUPERVISED-PAIRED_craf_attention_test_seed43_cb44e1c4,M1-MVTEC-SUPERVISED-PAIRED,MVTec 3D-AD,PatchCore supervised-paired,43,craf_attention,test,elara_master_c/predictions/development/M1-MVTEC-SUPERVISED-PAIRED__MVTec_3D-AD__PatchCore_supervised-paired/craf_attention/test/seed_43__rerun_1.parquet,278,cb44e1c47dd80c4f61b9ffc792bb390e4ada0f9b902295a53690e5e04497592d,23444d914caa26cd2d01dd1eaaa5ae3aad1aeea1dd67cf40e65fc45e14c1717e,a64a8a13f8b933cdc5f5e07263cbacd83f976f81,True,True,2026-06-01T21:26:04Z
M1-MVTEC-SUPERVISED-PAIRED_rga_boosted_fusion_test_seed43_382a74e3,M1-MVTEC-SUPERVISED-PAIRED,MVTec 3D-AD,PatchCore supervised-paired,43,rga_boosted_fusion,test,elara_master_c/predictions/development/M1-MVTEC-SUPERVISED-PAIRED__MVTec_3D-AD__PatchCore_supervised-paired/rga_boosted_fusion/test/seed_43__rerun_1.parquet,278,382a74e34196f0887cab118759aa91310d27273b01fa0e3a3d2326d9a5b6206f,23444d914caa26cd2d01dd1eaaa5ae3aad1aeea1dd67cf40e65fc45e14c1717e,a64a8a13f8b933cdc5f5e07263cbacd83f976f81,True,True,2026-06-01T21:26:04Z
M1-MVTEC-SUPERVISED-PAIRED_rga_meta_router_test_seed43_0bec366e,M1-MVTEC-SUPERVISED-PAIRED,MVTec 3D-AD,PatchCore supervised-paired,43,rga_meta_router,test,elara_master_c/predictions/development/M1-MVTEC-SUPERVISED-PAIRED__MVTec_3D-AD__PatchCore_supervised-paired/rga_meta_router/test/seed_43__rerun_1.parquet,278,0bec366ec6de604e38b948e815e9c2112d3e35e520968b5ca99fc53367960c93,23444d914caa26cd2d01dd1eaaa5ae3aad1aeea1dd67cf40e65fc45e14c1717e,a64a8a13f8b933cdc5f5e07263cbacd83f976f81,True,True,2026-06-01T21:26:04Z
M1-MVTEC-SUPERVISED-PAIRED_early_fusion_mlp_test_seed43_87060328,M1-MVTEC-SUPERVISED-PAIRED,MVTec 3D-AD,PatchCore supervised-paired,43,early_fusion_mlp,test,elara_master_c/predictions/development/M1-MVTEC-SUPERVISED-PAIRED__MVTec_3D-AD__PatchCore_supervised-paired/early_fusion_mlp/test/seed_43__rerun_1.parquet,278,87060328d3cdf320a33f33f4377659558fc2c791030a5a590f38f890636d4756,23444d914caa26cd2d01dd1eaaa5ae3aad1aeea1dd67cf40e65fc45e14c1717e,a64a8a13f8b933cdc5f5e07263cbacd83f976f81,True,True,2026-06-01T21:26:04Z
M1-MVTEC-SUPERVISED-PAIRED_late_fusion_ensemble_test_seed43_85cecbba,M1-MVTEC-SUPERVISED-PAIRED,MVTec 3D-AD,PatchCore supervised-paired,43,late_fusion_ensemble,test,elara_master_c/predictions/development/M1-MVTEC-SUPERVISED-PAIRED__MVTec_3D-AD__PatchCore_supervised-paired/late_fusion_ensemble/test/seed_43__rerun_1.parquet,278,85cecbba9bdbf1e624bcaf91ec5b44ff1d1773b4b3c09d1702f1633d44fa0c0c,23444d914caa26cd2d01dd1eaaa5ae3aad1aeea1dd67cf40e65fc45e14c1717e,a64a8a13f8b933cdc5f5e07263cbacd83f976f81,True,True,2026-06-01T21:26:04Z
M1-MVTEC-SUPERVISED-PAIRED_random_forest_test_seed43_4506195f,M1-MVTEC-SUPERVISED-PAIRED,MVTec 3D-AD,PatchCore supervised-paired,43,random_forest,test,elara_master_c/predictions/development/M1-MVTEC-SUPERVISED-PAIRED__MVTec_3D-AD__PatchCore_supervised-paired/random_forest/test/seed_43__rerun_1.parquet,278,4506195feb7a6db676d146bb2bb166609e24b3db0e17b8b485d467513e772ae3,23444d914caa26cd2d01dd1eaaa5ae3aad1aeea1dd67cf40e65fc45e14c1717e,a64a8a13f8b933cdc5f5e07263cbacd83f976f81,True,True,2026-06-01T21:26:04Z
M1-MVTEC-SUPERVISED-PAIRED_confidence_weighted_mean_test_seed43_c255523b,M1-MVTEC-SUPERVISED-PAIRED,MVTec 3D-AD,PatchCore supervised-paired,43,confidence_weighted_mean,test,elara_master_c/predictions/development/M1-MVTEC-SUPERVISED-PAIRED__MVTec_3D-AD__PatchCore_supervised-paired/confidence_weighted_mean/test/seed_43__rerun_1.parquet,278,c255523b376d6a6978c0e9f3444c98d0f9e8c4223b6fcbe9e72f4dafed0212de,23444d914caa26cd2d01dd1eaaa5ae3aad1aeea1dd67cf40e65fc45e14c1717e,a64a8a13f8b933cdc5f5e07263cbacd83f976f81,True,True,2026-06-01T21:26:04Z
M1-MVTEC-SUPERVISED-PAIRED_tent_score_adapter_test_seed43_29b284d3,M1-MVTEC-SUPERVISED-PAIRED,MVTec 3D-AD,PatchCore supervised-paired,43,tent_score_adapter,test,elara_master_c/predictions/development/M1-MVTEC-SUPERVISED-PAIRED__MVTec_3D-AD__PatchCore_supervised-paired/tent_score_adapter/test/seed_43__rerun_1.parquet,278,29b284d3ebc2f97f7ea30d84573916d17676bb22e9f70e983ff04ecc4d34a095,23444d914caa26cd2d01dd1eaaa5ae3aad1aeea1dd67cf40e65fc45e14c1717e,a64a8a13f8b933cdc5f5e07263cbacd83f976f81,True,True,2026-06-01T21:26:04Z
M1-MVTEC-SUPERVISED-PAIRED_ttt_pseudo_label_adapter_test_seed43_94e23942,M1-MVTEC-SUPERVISED-PAIRED,MVTec 3D-AD,PatchCore supervised-paired,43,ttt_pseudo_label_adapter,test,elara_master_c/predictions/development/M1-MVTEC-SUPERVISED-PAIRED__MVTec_3D-AD__PatchCore_supervised-paired/ttt_pseudo_label_adapter/test/seed_43__rerun_1.parquet,278,94e23942f72a7baead14944aaf6318619d155e73a74e4e2721ba7c99e0e7b8a2,23444d914caa26cd2d01dd1eaaa5ae3aad1aeea1dd67cf40e65fc45e14c1717e,a64a8a13f8b933cdc5f5e07263cbacd83f976f81,True,True,2026-06-01T21:26:04Z
M1-MVTEC-SUPERVISED-PAIRED_eata_score_adapter_test_seed43_bcd4a492,M1-MVTEC-SUPERVISED-PAIRED,MVTec 3D-AD,PatchCore supervised-paired,43,eata_score_adapter,test,elara_master_c/predictions/development/M1-MVTEC-SUPERVISED-PAIRED__MVTec_3D-AD__PatchCore_supervised-paired/eata_score_adapter/test/seed_43__rerun_1.parquet,278,bcd4a4921236a288c90121586dca5892643fa50230a28e633e0efbba771b7a37,23444d914caa26cd2d01dd1eaaa5ae3aad1aeea1dd67cf40e65fc45e14c1717e,a64a8a13f8b933cdc5f5e07263cbacd83f976f81,True,True,2026-06-01T21:26:04Z
M1-MVTEC-SUPERVISED-PAIRED_sar_score_adapter_test_seed43_5e4f4728,M1-MVTEC-SUPERVISED-PAIRED,MVTec 3D-AD,PatchCore supervised-paired,43,sar_score_adapter,test,elara_master_c/predictions/development/M1-MVTEC-SUPERVISED-PAIRED__MVTec_3D-AD__PatchCore_supervised-paired/sar_score_adapter/test/seed_43__rerun_1.parquet,278,5e4f472858b710db0d8dadc4fd859f4c04d98aeee4b494bec3b16dc37f6e4c06,23444d914caa26cd2d01dd1eaaa5ae3aad1aeea1dd67cf40e65fc45e14c1717e,a64a8a13f8b933cdc5f5e07263cbacd83f976f81,True,True,2026-06-01T21:26:04Z
M1-MVTEC-SUPERVISED-PAIRED_static_attention_test_seed44_e957606b,M1-MVTEC-SUPERVISED-PAIRED,MVTec 3D-AD,PatchCore supervised-paired,44,static_attention,test,elara_master_c/predictions/development/M1-MVTEC-SUPERVISED-PAIRED__MVTec_3D-AD__PatchCore_supervised-paired/static_attention/test/seed_44__rerun_1.parquet,278,e957606b13b95eaa03bd0830737a98ea043d7a47ba9287a3cab505cc4da58f1e,23444d914caa26cd2d01dd1eaaa5ae3aad1aeea1dd67cf40e65fc45e14c1717e,a64a8a13f8b933cdc5f5e07263cbacd83f976f81,True,True,2026-06-01T21:26:20Z
M1-MVTEC-SUPERVISED-PAIRED_craf_attention_test_seed44_2aae6a21,M1-MVTEC-SUPERVISED-PAIRED,MVTec 3D-AD,PatchCore supervised-paired,44,craf_attention,test,elara_master_c/predictions/development/M1-MVTEC-SUPERVISED-PAIRED__MVTec_3D-AD__PatchCore_supervised-paired/craf_attention/test/seed_44__rerun_1.parquet,278,2aae6a21a48e4d1f1c959db1812e102fd63ba661e14a6a82c84273ac2cf4d746,23444d914caa26cd2d01dd1eaaa5ae3aad1aeea1dd67cf40e65fc45e14c1717e,a64a8a13f8b933cdc5f5e07263cbacd83f976f81,True,True,2026-06-01T21:26:21Z
M1-MVTEC-SUPERVISED-PAIRED_rga_boosted_fusion_test_seed44_4bb90b6f,M1-MVTEC-SUPERVISED-PAIRED,MVTec 3D-AD,PatchCore supervised-paired,44,rga_boosted_fusion,test,elara_master_c/predictions/development/M1-MVTEC-SUPERVISED-PAIRED__MVTec_3D-AD__PatchCore_supervised-paired/rga_boosted_fusion/test/seed_44__rerun_1.parquet,278,4bb90b6f05b10f89d0f819e0362b5c5a52081636e969276b014e593f15e97005,23444d914caa26cd2d01dd1eaaa5ae3aad1aeea1dd67cf40e65fc45e14c1717e,a64a8a13f8b933cdc5f5e07263cbacd83f976f81,True,True,2026-06-01T21:26:21Z
M1-MVTEC-SUPERVISED-PAIRED_rga_meta_router_test_seed44_aa12a044,M1-MVTEC-SUPERVISED-PAIRED,MVTec 3D-AD,PatchCore supervised-paired,44,rga_meta_router,test,elara_master_c/predictions/development/M1-MVTEC-SUPERVISED-PAIRED__MVTec_3D-AD__PatchCore_supervised-paired/rga_meta_router/test/seed_44__rerun_1.parquet,278,aa12a0445aeb699cf4001d003a5be80da5002be750ecaec1230ce804f2560138,23444d914caa26cd2d01dd1eaaa5ae3aad1aeea1dd67cf40e65fc45e14c1717e,a64a8a13f8b933cdc5f5e07263cbacd83f976f81,True,True,2026-06-01T21:26:21Z
M1-MVTEC-SUPERVISED-PAIRED_early_fusion_mlp_test_seed44_79e85492,M1-MVTEC-SUPERVISED-PAIRED,MVTec 3D-AD,PatchCore supervised-paired,44,early_fusion_mlp,test,elara_master_c/predictions/development/M1-MVTEC-SUPERVISED-PAIRED__MVTec_3D-AD__PatchCore_supervised-paired/early_fusion_mlp/test/seed_44__rerun_1.parquet,278,79e8549259877ff7fa4a2a6a665ed0490008db16a1d651074c32022a8f619e56,23444d914caa26cd2d01dd1eaaa5ae3aad1aeea1dd67cf40e65fc45e14c1717e,a64a8a13f8b933cdc5f5e07263cbacd83f976f81,True,True,2026-06-01T21:26:21Z
M1-MVTEC-SUPERVISED-PAIRED_late_fusion_ensemble_test_seed44_64bdf047,M1-MVTEC-SUPERVISED-PAIRED,MVTec 3D-AD,PatchCore supervised-paired,44,late_fusion_ensemble,test,elara_master_c/predictions/development/M1-MVTEC-SUPERVISED-PAIRED__MVTec_3D-AD__PatchCore_supervised-paired/late_fusion_ensemble/test/seed_44__rerun_1.parquet,278,64bdf047016013c008422ee7f791671a5254c331a52d94e6905b0faf562de10b,23444d914caa26cd2d01dd1eaaa5ae3aad1aeea1dd67cf40e65fc45e14c1717e,a64a8a13f8b933cdc5f5e07263cbacd83f976f81,True,True,2026-06-01T21:26:21Z
M1-MVTEC-SUPERVISED-PAIRED_random_forest_test_seed44_294b6e8a,M1-MVTEC-SUPERVISED-PAIRED,MVTec 3D-AD,PatchCore supervised-paired,44,random_forest,test,elara_master_c/predictions/development/M1-MVTEC-SUPERVISED-PAIRED__MVTec_3D-AD__PatchCore_supervised-paired/random_forest/test/seed_44__rerun_1.parquet,278,294b6e8a710842b52bb2cf42b6f6b132d950f039173eb957208d7f1090ace83e,23444d914caa26cd2d01dd1eaaa5ae3aad1aeea1dd67cf40e65fc45e14c1717e,a64a8a13f8b933cdc5f5e07263cbacd83f976f81,True,True,2026-06-01T21:26:21Z
M1-MVTEC-SUPERVISED-PAIRED_confidence_weighted_mean_test_seed44_2d59ab4c,M1-MVTEC-SUPERVISED-PAIRED,MVTec 3D-AD,PatchCore supervised-paired,44,confidence_weighted_mean,test,elara_master_c/predictions/development/M1-MVTEC-SUPERVISED-PAIRED__MVTec_3D-AD__PatchCore_supervised-paired/confidence_weighted_mean/test/seed_44__rerun_1.parquet,278,2d59ab4c48708c272d43e85e1b2918d21014eab698ff452e23846d12daeba5ea,23444d914caa26cd2d01dd1eaaa5ae3aad1aeea1dd67cf40e65fc45e14c1717e,a64a8a13f8b933cdc5f5e07263cbacd83f976f81,True,True,2026-06-01T21:26:21Z
M1-MVTEC-SUPERVISED-PAIRED_tent_score_adapter_test_seed44_08c96980,M1-MVTEC-SUPERVISED-PAIRED,MVTec 3D-AD,PatchCore supervised-paired,44,tent_score_adapter,test,elara_master_c/predictions/development/M1-MVTEC-SUPERVISED-PAIRED__MVTec_3D-AD__PatchCore_supervised-paired/tent_score_adapter/test/seed_44__rerun_1.parquet,278,08c969806a6bde9a78eb1cc96dc5e804c759249b7969db448a9fc68a935efcc5,23444d914caa26cd2d01dd1eaaa5ae3aad1aeea1dd67cf40e65fc45e14c1717e,a64a8a13f8b933cdc5f5e07263cbacd83f976f81,True,True,2026-06-01T21:26:21Z
M1-MVTEC-SUPERVISED-PAIRED_ttt_pseudo_label_adapter_test_seed44_153b5171,M1-MVTEC-SUPERVISED-PAIRED,MVTec 3D-AD,PatchCore supervised-paired,44,ttt_pseudo_label_adapter,test,elara_master_c/predictions/development/M1-MVTEC-SUPERVISED-PAIRED__MVTec_3D-AD__PatchCore_supervised-paired/ttt_pseudo_label_adapter/test/seed_44__rerun_1.parquet,278,153b517168386ec16141d001603314ae2856b134d7058b35ff1c7c4294d3ec63,23444d914caa26cd2d01dd1eaaa5ae3aad1aeea1dd67cf40e65fc45e14c1717e,a64a8a13f8b933cdc5f5e07263cbacd83f976f81,True,True,2026-06-01T21:26:21Z
M1-MVTEC-SUPERVISED-PAIRED_eata_score_adapter_test_seed44_1ad12784,M1-MVTEC-SUPERVISED-PAIRED,MVTec 3D-AD,PatchCore supervised-paired,44,eata_score_adapter,test,elara_master_c/predictions/development/M1-MVTEC-SUPERVISED-PAIRED__MVTec_3D-AD__PatchCore_supervised-paired/eata_score_adapter/test/seed_44__rerun_1.parquet,278,1ad1278460fa61468a64cfb00ce3e5efa413f4dbe8bd3cc621d7ee45e342c9b7,23444d914caa26cd2d01dd1eaaa5ae3aad1aeea1dd67cf40e65fc45e14c1717e,a64a8a13f8b933cdc5f5e07263cbacd83f976f81,True,True,2026-06-01T21:26:21Z
M1-MVTEC-SUPERVISED-PAIRED_sar_score_adapter_test_seed44_f11b8a01,M1-MVTEC-SUPERVISED-PAIRED,MVTec 3D-AD,PatchCore supervised-paired,44,sar_score_adapter,test,elara_master_c/predictions/development/M1-MVTEC-SUPERVISED-PAIRED__MVTec_3D-AD__PatchCore_supervised-paired/sar_score_adapter/test/seed_44__rerun_1.parquet,278,f11b8a01e5b533dca1f37d5346fb67664f2e2aae9866c4154d96adbd7007c94c,23444d914caa26cd2d01dd1eaaa5ae3aad1aeea1dd67cf40e65fc45e14c1717e,a64a8a13f8b933cdc5f5e07263cbacd83f976f81,True,True,2026-06-01T21:26:21Z
M1-MVTEC-SUPERVISED-PAIRED_static_attention_test_seed45_c38a10c2,M1-MVTEC-SUPERVISED-PAIRED,MVTec 3D-AD,PatchCore supervised-paired,45,static_attention,test,elara_master_c/predictions/development/M1-MVTEC-SUPERVISED-PAIRED__MVTec_3D-AD__PatchCore_supervised-paired/static_attention/test/seed_45__rerun_1.parquet,278,c38a10c20668aa88af349ecdb354f24d5f8eb8cb1d4947286c5450c8ab09f31b,23444d914caa26cd2d01dd1eaaa5ae3aad1aeea1dd67cf40e65fc45e14c1717e,a64a8a13f8b933cdc5f5e07263cbacd83f976f81,True,True,2026-06-01T21:26:41Z
M1-MVTEC-SUPERVISED-PAIRED_craf_attention_test_seed45_85e583f8,M1-MVTEC-SUPERVISED-PAIRED,MVTec 3D-AD,PatchCore supervised-paired,45,craf_attention,test,elara_master_c/predictions/development/M1-MVTEC-SUPERVISED-PAIRED__MVTec_3D-AD__PatchCore_supervised-paired/craf_attention/test/seed_45__rerun_1.parquet,278,85e583f8ee96b11136c154016a7777462d54d1d2a57e31b4996c60202b46bcc7,23444d914caa26cd2d01dd1eaaa5ae3aad1aeea1dd67cf40e65fc45e14c1717e,a64a8a13f8b933cdc5f5e07263cbacd83f976f81,True,True,2026-06-01T21:26:41Z
M1-MVTEC-SUPERVISED-PAIRED_rga_boosted_fusion_test_seed45_ef2ac53e,M1-MVTEC-SUPERVISED-PAIRED,MVTec 3D-AD,PatchCore supervised-paired,45,rga_boosted_fusion,test,elara_master_c/predictions/development/M1-MVTEC-SUPERVISED-PAIRED__MVTec_3D-AD__PatchCore_supervised-paired/rga_boosted_fusion/test/seed_45__rerun_1.parquet,278,ef2ac53ead049b44de6ce0775a086f2edde7a5d090a77c944abe7eb3a1e0c199,23444d914caa26cd2d01dd1eaaa5ae3aad1aeea1dd67cf40e65fc45e14c1717e,a64a8a13f8b933cdc5f5e07263cbacd83f976f81,True,True,2026-06-01T21:26:41Z
M1-MVTEC-SUPERVISED-PAIRED_rga_meta_router_test_seed45_fbbbb912,M1-MVTEC-SUPERVISED-PAIRED,MVTec 3D-AD,PatchCore supervised-paired,45,rga_meta_router,test,elara_master_c/predictions/development/M1-MVTEC-SUPERVISED-PAIRED__MVTec_3D-AD__PatchCore_supervised-paired/rga_meta_router/test/seed_45__rerun_1.parquet,278,fbbbb912130c105013d2543c564a9bae1487033ea70ade9918d88123591ac949,23444d914caa26cd2d01dd1eaaa5ae3aad1aeea1dd67cf40e65fc45e14c1717e,a64a8a13f8b933cdc5f5e07263cbacd83f976f81,True,True,2026-06-01T21:26:41Z
M1-MVTEC-SUPERVISED-PAIRED_early_fusion_mlp_test_seed45_a98bb076,M1-MVTEC-SUPERVISED-PAIRED,MVTec 3D-AD,PatchCore supervised-paired,45,early_fusion_mlp,test,elara_master_c/predictions/development/M1-MVTEC-SUPERVISED-PAIRED__MVTec_3D-AD__PatchCore_supervised-paired/early_fusion_mlp/test/seed_45__rerun_1.parquet,278,a98bb076fb4aa856afb0f45df0618a0fdbbd65826e6f66f51163c26918fca252,23444d914caa26cd2d01dd1eaaa5ae3aad1aeea1dd67cf40e65fc45e14c1717e,a64a8a13f8b933cdc5f5e07263cbacd83f976f81,True,True,2026-06-01T21:26:41Z
M1-MVTEC-SUPERVISED-PAIRED_late_fusion_ensemble_test_seed45_6a02bdfb,M1-MVTEC-SUPERVISED-PAIRED,MVTec 3D-AD,PatchCore supervised-paired,45,late_fusion_ensemble,test,elara_master_c/predictions/development/M1-MVTEC-SUPERVISED-PAIRED__MVTec_3D-AD__PatchCore_supervised-paired/late_fusion_ensemble/test/seed_45__rerun_1.parquet,278,6a02bdfb93b0a460ebd3cfc76c9ed9193c53881949ff48e0f25082a6a850f122,23444d914caa26cd2d01dd1eaaa5ae3aad1aeea1dd67cf40e65fc45e14c1717e,a64a8a13f8b933cdc5f5e07263cbacd83f976f81,True,True,2026-06-01T21:26:41Z
M1-MVTEC-SUPERVISED-PAIRED_random_forest_test_seed45_96af51c3,M1-MVTEC-SUPERVISED-PAIRED,MVTec 3D-AD,PatchCore supervised-paired,45,random_forest,test,elara_master_c/predictions/development/M1-MVTEC-SUPERVISED-PAIRED__MVTec_3D-AD__PatchCore_supervised-paired/random_forest/test/seed_45__rerun_1.parquet,278,96af51c37a65cfa313de6b6d5202726bb904649aba45ffc288618028b574ace7,23444d914caa26cd2d01dd1eaaa5ae3aad1aeea1dd67cf40e65fc45e14c1717e,a64a8a13f8b933cdc5f5e07263cbacd83f976f81,True,True,2026-06-01T21:26:41Z
M1-MVTEC-SUPERVISED-PAIRED_confidence_weighted_mean_test_seed45_6d54c54b,M1-MVTEC-SUPERVISED-PAIRED,MVTec 3D-AD,PatchCore supervised-paired,45,confidence_weighted_mean,test,elara_master_c/predictions/development/M1-MVTEC-SUPERVISED-PAIRED__MVTec_3D-AD__PatchCore_supervised-paired/confidence_weighted_mean/test/seed_45__rerun_1.parquet,278,6d54c54be2f773566fd33eedf33ec2cf23d02643bb1fa37f72562e50f13de5b4,23444d914caa26cd2d01dd1eaaa5ae3aad1aeea1dd67cf40e65fc45e14c1717e,a64a8a13f8b933cdc5f5e07263cbacd83f976f81,True,True,2026-06-01T21:26:41Z
M1-MVTEC-SUPERVISED-PAIRED_tent_score_adapter_test_seed45_a07515fe,M1-MVTEC-SUPERVISED-PAIRED,MVTec 3D-AD,PatchCore supervised-paired,45,tent_score_adapter,test,elara_master_c/predictions/development/M1-MVTEC-SUPERVISED-PAIRED__MVTec_3D-AD__PatchCore_supervised-paired/tent_score_adapter/test/seed_45__rerun_1.parquet,278,a07515fe744ee0eeba54e46616c1667d6e90dcb0185324446f6579cf566f9784,23444d914caa26cd2d01dd1eaaa5ae3aad1aeea1dd67cf40e65fc45e14c1717e,a64a8a13f8b933cdc5f5e07263cbacd83f976f81,True,True,2026-06-01T21:26:41Z
M1-MVTEC-SUPERVISED-PAIRED_ttt_pseudo_label_adapter_test_seed45_6e5b9f40,M1-MVTEC-SUPERVISED-PAIRED,MVTec 3D-AD,PatchCore supervised-paired,45,ttt_pseudo_label_adapter,test,elara_master_c/predictions/development/M1-MVTEC-SUPERVISED-PAIRED__MVTec_3D-AD__PatchCore_supervised-paired/ttt_pseudo_label_adapter/test/seed_45__rerun_1.parquet,278,6e5b9f401cc6319249e024c22d1282729fe59041a86f7afd9828e23a875bfd61,23444d914caa26cd2d01dd1eaaa5ae3aad1aeea1dd67cf40e65fc45e14c1717e,a64a8a13f8b933cdc5f5e07263cbacd83f976f81,True,True,2026-06-01T21:26:41Z
M1-MVTEC-SUPERVISED-PAIRED_eata_score_adapter_test_seed45_7bb6da1d,M1-MVTEC-SUPERVISED-PAIRED,MVTec 3D-AD,PatchCore supervised-paired,45,eata_score_adapter,test,elara_master_c/predictions/development/M1-MVTEC-SUPERVISED-PAIRED__MVTec_3D-AD__PatchCore_supervised-paired/eata_score_adapter/test/seed_45__rerun_1.parquet,278,7bb6da1daf94bafff2ed888b81284f048c3f56c9078d5405b88f2921e39a9ae1,23444d914caa26cd2d01dd1eaaa5ae3aad1aeea1dd67cf40e65fc45e14c1717e,a64a8a13f8b933cdc5f5e07263cbacd83f976f81,True,True,2026-06-01T21:26:41Z
M1-MVTEC-SUPERVISED-PAIRED_sar_score_adapter_test_seed45_64d094ce,M1-MVTEC-SUPERVISED-PAIRED,MVTec 3D-AD,PatchCore supervised-paired,45,sar_score_adapter,test,elara_master_c/predictions/development/M1-MVTEC-SUPERVISED-PAIRED__MVTec_3D-AD__PatchCore_supervised-paired/sar_score_adapter/test/seed_45__rerun_1.parquet,278,64d094ce3b6c71912e4c6c4e8a526375f3649c456e8125619e76205ba0da53ad,23444d914caa26cd2d01dd1eaaa5ae3aad1aeea1dd67cf40e65fc45e14c1717e,a64a8a13f8b933cdc5f5e07263cbacd83f976f81,True,True,2026-06-01T21:26:41Z
M1-MVTEC-SUPERVISED-PAIRED_static_attention_test_seed46_290765aa,M1-MVTEC-SUPERVISED-PAIRED,MVTec 3D-AD,PatchCore supervised-paired,46,static_attention,test,elara_master_c/predictions/development/M1-MVTEC-SUPERVISED-PAIRED__MVTec_3D-AD__PatchCore_supervised-paired/static_attention/test/seed_46__rerun_1.parquet,278,290765aa935f434de2eaba99708e383c3c71f1b7c59007a8ff71b8c9b2aa4917,23444d914caa26cd2d01dd1eaaa5ae3aad1aeea1dd67cf40e65fc45e14c1717e,a64a8a13f8b933cdc5f5e07263cbacd83f976f81,True,True,2026-06-01T21:27:00Z
M1-MVTEC-SUPERVISED-PAIRED_craf_attention_test_seed46_3179ccc5,M1-MVTEC-SUPERVISED-PAIRED,MVTec 3D-AD,PatchCore supervised-paired,46,craf_attention,test,elara_master_c/predictions/development/M1-MVTEC-SUPERVISED-PAIRED__MVTec_3D-AD__PatchCore_supervised-paired/craf_attention/test/seed_46__rerun_1.parquet,278,3179ccc5405b87997ca039eeec32afa032585c6e9d57228a18e4b1801c0e6817,23444d914caa26cd2d01dd1eaaa5ae3aad1aeea1dd67cf40e65fc45e14c1717e,a64a8a13f8b933cdc5f5e07263cbacd83f976f81,True,True,2026-06-01T21:27:00Z
M1-MVTEC-SUPERVISED-PAIRED_rga_boosted_fusion_test_seed46_e0edab1a,M1-MVTEC-SUPERVISED-PAIRED,MVTec 3D-AD,PatchCore supervised-paired,46,rga_boosted_fusion,test,elara_master_c/predictions/development/M1-MVTEC-SUPERVISED-PAIRED__MVTec_3D-AD__PatchCore_supervised-paired/rga_boosted_fusion/test/seed_46__rerun_1.parquet,278,e0edab1a8f7e25cb157a7f4b4bd47e5b342c47cb3098b8aa148a2e35d0b95d66,23444d914caa26cd2d01dd1eaaa5ae3aad1aeea1dd67cf40e65fc45e14c1717e,a64a8a13f8b933cdc5f5e07263cbacd83f976f81,True,True,2026-06-01T21:27:00Z
M1-MVTEC-SUPERVISED-PAIRED_rga_meta_router_test_seed46_454631f9,M1-MVTEC-SUPERVISED-PAIRED,MVTec 3D-AD,PatchCore supervised-paired,46,rga_meta_router,test,elara_master_c/predictions/development/M1-MVTEC-SUPERVISED-PAIRED__MVTec_3D-AD__PatchCore_supervised-paired/rga_meta_router/test/seed_46__rerun_1.parquet,278,454631f9247d24915695f1ac643c77371b17b3e4167770a5b07736b1df0c3206,23444d914caa26cd2d01dd1eaaa5ae3aad1aeea1dd67cf40e65fc45e14c1717e,a64a8a13f8b933cdc5f5e07263cbacd83f976f81,True,True,2026-06-01T21:27:00Z
M1-MVTEC-SUPERVISED-PAIRED_early_fusion_mlp_test_seed46_0b14b1cf,M1-MVTEC-SUPERVISED-PAIRED,MVTec 3D-AD,PatchCore supervised-paired,46,early_fusion_mlp,test,elara_master_c/predictions/development/M1-MVTEC-SUPERVISED-PAIRED__MVTec_3D-AD__PatchCore_supervised-paired/early_fusion_mlp/test/seed_46__rerun_1.parquet,278,0b14b1cfb3154058a8ce32e6872daf53fea9f67f0cd80c5b1f7a60084cc5f1f2,23444d914caa26cd2d01dd1eaaa5ae3aad1aeea1dd67cf40e65fc45e14c1717e,a64a8a13f8b933cdc5f5e07263cbacd83f976f81,True,True,2026-06-01T21:27:00Z
M1-MVTEC-SUPERVISED-PAIRED_late_fusion_ensemble_test_seed46_0f1c0428,M1-MVTEC-SUPERVISED-PAIRED,MVTec 3D-AD,PatchCore supervised-paired,46,late_fusion_ensemble,test,elara_master_c/predictions/development/M1-MVTEC-SUPERVISED-PAIRED__MVTec_3D-AD__PatchCore_supervised-paired/late_fusion_ensemble/test/seed_46__rerun_1.parquet,278,0f1c0428cc685b95e1f0dd55236ee2a593f8a90fb23d2a7f759bd9a431abd32c,23444d914caa26cd2d01dd1eaaa5ae3aad1aeea1dd67cf40e65fc45e14c1717e,a64a8a13f8b933cdc5f5e07263cbacd83f976f81,True,True,2026-06-01T21:27:00Z
M1-MVTEC-SUPERVISED-PAIRED_random_forest_test_seed46_060f0e7f,M1-MVTEC-SUPERVISED-PAIRED,MVTec 3D-AD,PatchCore supervised-paired,46,random_forest,test,elara_master_c/predictions/development/M1-MVTEC-SUPERVISED-PAIRED__MVTec_3D-AD__PatchCore_supervised-paired/random_forest/test/seed_46__rerun_1.parquet,278,060f0e7ff15b273f9b030b86d860d40fad96ec9a2bebb2132433946b656ae167,23444d914caa26cd2d01dd1eaaa5ae3aad1aeea1dd67cf40e65fc45e14c1717e,a64a8a13f8b933cdc5f5e07263cbacd83f976f81,True,True,2026-06-01T21:27:00Z
M1-MVTEC-SUPERVISED-PAIRED_confidence_weighted_mean_test_seed46_59494ca7,M1-MVTEC-SUPERVISED-PAIRED,MVTec 3D-AD,PatchCore supervised-paired,46,confidence_weighted_mean,test,elara_master_c/predictions/development/M1-MVTEC-SUPERVISED-PAIRED__MVTec_3D-AD__PatchCore_supervised-paired/confidence_weighted_mean/test/seed_46__rerun_1.parquet,278,59494ca703021133a91b4f2c3dc6a3a16ceaed2ca2662aa64cb81c5d3036f9d5,23444d914caa26cd2d01dd1eaaa5ae3aad1aeea1dd67cf40e65fc45e14c1717e,a64a8a13f8b933cdc5f5e07263cbacd83f976f81,True,True,2026-06-01T21:27:00Z
M1-MVTEC-SUPERVISED-PAIRED_tent_score_adapter_test_seed46_5d33f8b7,M1-MVTEC-SUPERVISED-PAIRED,MVTec 3D-AD,PatchCore supervised-paired,46,tent_score_adapter,test,elara_master_c/predictions/development/M1-MVTEC-SUPERVISED-PAIRED__MVTec_3D-AD__PatchCore_supervised-paired/tent_score_adapter/test/seed_46__rerun_1.parquet,278,5d33f8b74e81080e4e9f614ed85942d6589bb4e84b07687e5dcc00e42cf9d5db,23444d914caa26cd2d01dd1eaaa5ae3aad1aeea1dd67cf40e65fc45e14c1717e,a64a8a13f8b933cdc5f5e07263cbacd83f976f81,True,True,2026-06-01T21:27:00Z
M1-MVTEC-SUPERVISED-PAIRED_ttt_pseudo_label_adapter_test_seed46_9f39f11c,M1-MVTEC-SUPERVISED-PAIRED,MVTec 3D-AD,PatchCore supervised-paired,46,ttt_pseudo_label_adapter,test,elara_master_c/predictions/development/M1-MVTEC-SUPERVISED-PAIRED__MVTec_3D-AD__PatchCore_supervised-paired/ttt_pseudo_label_adapter/test/seed_46__rerun_1.parquet,278,9f39f11c50a7a26c190cecc638d0c1a1e436b3160ef5e9b89b7b7adb088bc13f,23444d914caa26cd2d01dd1eaaa5ae3aad1aeea1dd67cf40e65fc45e14c1717e,a64a8a13f8b933cdc5f5e07263cbacd83f976f81,True,True,2026-06-01T21:27:00Z
M1-MVTEC-SUPERVISED-PAIRED_eata_score_adapter_test_seed46_2ec4d237,M1-MVTEC-SUPERVISED-PAIRED,MVTec 3D-AD,PatchCore supervised-paired,46,eata_score_adapter,test,elara_master_c/predictions/development/M1-MVTEC-SUPERVISED-PAIRED__MVTec_3D-AD__PatchCore_supervised-paired/eata_score_adapter/test/seed_46__rerun_1.parquet,278,2ec4d237b91d9c8f230f904a1f4a04b5cbdf39642e0be0e202c7d36f433d2992,23444d914caa26cd2d01dd1eaaa5ae3aad1aeea1dd67cf40e65fc45e14c1717e,a64a8a13f8b933cdc5f5e07263cbacd83f976f81,True,True,2026-06-01T21:27:00Z
M1-MVTEC-SUPERVISED-PAIRED_sar_score_adapter_test_seed46_3911fa4f,M1-MVTEC-SUPERVISED-PAIRED,MVTec 3D-AD,PatchCore supervised-paired,46,sar_score_adapter,test,elara_master_c/predictions/development/M1-MVTEC-SUPERVISED-PAIRED__MVTec_3D-AD__PatchCore_supervised-paired/sar_score_adapter/test/seed_46__rerun_1.parquet,278,3911fa4f910c17ef2532dbd42d892a65f830502d96770189d33fc2fe48e84878,23444d914caa26cd2d01dd1eaaa5ae3aad1aeea1dd67cf40e65fc45e14c1717e,a64a8a13f8b933cdc5f5e07263cbacd83f976f81,True,True,2026-06-01T21:27:00Z
M1-MVTEC-SUPERVISED-PAIRED_static_attention_test_seed47_1eee3ee0,M1-MVTEC-SUPERVISED-PAIRED,MVTec 3D-AD,PatchCore supervised-paired,47,static_attention,test,elara_master_c/predictions/development/M1-MVTEC-SUPERVISED-PAIRED__MVTec_3D-AD__PatchCore_supervised-paired/static_attention/test/seed_47__rerun_1.parquet,278,1eee3ee040f4560a8fa7aacbbc3132d29109a13ce5d3ee207b6726ea155e4c7d,23444d914caa26cd2d01dd1eaaa5ae3aad1aeea1dd67cf40e65fc45e14c1717e,a64a8a13f8b933cdc5f5e07263cbacd83f976f81,True,True,2026-06-01T21:27:16Z
M1-MVTEC-SUPERVISED-PAIRED_craf_attention_test_seed47_7a7e3b20,M1-MVTEC-SUPERVISED-PAIRED,MVTec 3D-AD,PatchCore supervised-paired,47,craf_attention,test,elara_master_c/predictions/development/M1-MVTEC-SUPERVISED-PAIRED__MVTec_3D-AD__PatchCore_supervised-paired/craf_attention/test/seed_47__rerun_1.parquet,278,7a7e3b201c88f853bb81f4141abf08c2d604de8ccb5732cb6814317a526dff79,23444d914caa26cd2d01dd1eaaa5ae3aad1aeea1dd67cf40e65fc45e14c1717e,a64a8a13f8b933cdc5f5e07263cbacd83f976f81,True,True,2026-06-01T21:27:16Z
M1-MVTEC-SUPERVISED-PAIRED_rga_boosted_fusion_test_seed47_6f29ce83,M1-MVTEC-SUPERVISED-PAIRED,MVTec 3D-AD,PatchCore supervised-paired,47,rga_boosted_fusion,test,elara_master_c/predictions/development/M1-MVTEC-SUPERVISED-PAIRED__MVTec_3D-AD__PatchCore_supervised-paired/rga_boosted_fusion/test/seed_47__rerun_1.parquet,278,6f29ce830e8e242ddf167da5789685e169c4bc82e22c14dcbceeb66fa225b31c,23444d914caa26cd2d01dd1eaaa5ae3aad1aeea1dd67cf40e65fc45e14c1717e,a64a8a13f8b933cdc5f5e07263cbacd83f976f81,True,True,2026-06-01T21:27:16Z
M1-MVTEC-SUPERVISED-PAIRED_rga_meta_router_test_seed47_ddbaf280,M1-MVTEC-SUPERVISED-PAIRED,MVTec 3D-AD,PatchCore supervised-paired,47,rga_meta_router,test,elara_master_c/predictions/development/M1-MVTEC-SUPERVISED-PAIRED__MVTec_3D-AD__PatchCore_supervised-paired/rga_meta_router/test/seed_47__rerun_1.parquet,278,ddbaf280c43c0cd69173fdaaf78565272a017a53aefe3e819d9259d9f3c88c42,23444d914caa26cd2d01dd1eaaa5ae3aad1aeea1dd67cf40e65fc45e14c1717e,a64a8a13f8b933cdc5f5e07263cbacd83f976f81,True,True,2026-06-01T21:27:16Z
M1-MVTEC-SUPERVISED-PAIRED_early_fusion_mlp_test_seed47_166c8336,M1-MVTEC-SUPERVISED-PAIRED,MVTec 3D-AD,PatchCore supervised-paired,47,early_fusion_mlp,test,elara_master_c/predictions/development/M1-MVTEC-SUPERVISED-PAIRED__MVTec_3D-AD__PatchCore_supervised-paired/early_fusion_mlp/test/seed_47__rerun_1.parquet,278,166c83365b2933f5df55fe36208f049d957f8aa7626da82979f0c754d844e7ca,23444d914caa26cd2d01dd1eaaa5ae3aad1aeea1dd67cf40e65fc45e14c1717e,a64a8a13f8b933cdc5f5e07263cbacd83f976f81,True,True,2026-06-01T21:27:16Z
M1-MVTEC-SUPERVISED-PAIRED_late_fusion_ensemble_test_seed47_9f03defb,M1-MVTEC-SUPERVISED-PAIRED,MVTec 3D-AD,PatchCore supervised-paired,47,late_fusion_ensemble,test,elara_master_c/predictions/development/M1-MVTEC-SUPERVISED-PAIRED__MVTec_3D-AD__PatchCore_supervised-paired/late_fusion_ensemble/test/seed_47__rerun_1.parquet,278,9f03defb30205409378be4a6e4891b4f29e7433578ee73b4cc71d6d8562f80b6,23444d914caa26cd2d01dd1eaaa5ae3aad1aeea1dd67cf40e65fc45e14c1717e,a64a8a13f8b933cdc5f5e07263cbacd83f976f81,True,True,2026-06-01T21:27:17Z
M1-MVTEC-SUPERVISED-PAIRED_random_forest_test_seed47_3a3abb67,M1-MVTEC-SUPERVISED-PAIRED,MVTec 3D-AD,PatchCore supervised-paired,47,random_forest,test,elara_master_c/predictions/development/M1-MVTEC-SUPERVISED-PAIRED__MVTec_3D-AD__PatchCore_supervised-paired/random_forest/test/seed_47__rerun_1.parquet,278,3a3abb67f51902047ff8997e2125846c1aeca787d348afab9ba8aa4911d5ddcf,23444d914caa26cd2d01dd1eaaa5ae3aad1aeea1dd67cf40e65fc45e14c1717e,a64a8a13f8b933cdc5f5e07263cbacd83f976f81,True,True,2026-06-01T21:27:17Z
M1-MVTEC-SUPERVISED-PAIRED_confidence_weighted_mean_test_seed47_98013739,M1-MVTEC-SUPERVISED-PAIRED,MVTec 3D-AD,PatchCore supervised-paired,47,confidence_weighted_mean,test,elara_master_c/predictions/development/M1-MVTEC-SUPERVISED-PAIRED__MVTec_3D-AD__PatchCore_supervised-paired/confidence_weighted_mean/test/seed_47__rerun_1.parquet,278,98013739937b3344200c4934654b082d518d3f3b5ca46c4cf77b4adbd8e2d9bb,23444d914caa26cd2d01dd1eaaa5ae3aad1aeea1dd67cf40e65fc45e14c1717e,a64a8a13f8b933cdc5f5e07263cbacd83f976f81,True,True,2026-06-01T21:27:17Z
M1-MVTEC-SUPERVISED-PAIRED_tent_score_adapter_test_seed47_1bd39c29,M1-MVTEC-SUPERVISED-PAIRED,MVTec 3D-AD,PatchCore supervised-paired,47,tent_score_adapter,test,elara_master_c/predictions/development/M1-MVTEC-SUPERVISED-PAIRED__MVTec_3D-AD__PatchCore_supervised-paired/tent_score_adapter/test/seed_47__rerun_1.parquet,278,1bd39c295c6414bf13fac66002b19deb4d90fb8da7ce3125a0647717048fa0b9,23444d914caa26cd2d01dd1eaaa5ae3aad1aeea1dd67cf40e65fc45e14c1717e,a64a8a13f8b933cdc5f5e07263cbacd83f976f81,True,True,2026-06-01T21:27:17Z
M1-MVTEC-SUPERVISED-PAIRED_ttt_pseudo_label_adapter_test_seed47_3513b518,M1-MVTEC-SUPERVISED-PAIRED,MVTec 3D-AD,PatchCore supervised-paired,47,ttt_pseudo_label_adapter,test,elara_master_c/predictions/development/M1-MVTEC-SUPERVISED-PAIRED__MVTec_3D-AD__PatchCore_supervised-paired/ttt_pseudo_label_adapter/test/seed_47__rerun_1.parquet,278,3513b51804a984ffc0e6aa8169470c0c6acede74eeae647a150038faf45d25b3,23444d914caa26cd2d01dd1eaaa5ae3aad1aeea1dd67cf40e65fc45e14c1717e,a64a8a13f8b933cdc5f5e07263cbacd83f976f81,True,True,2026-06-01T21:27:17Z
M1-MVTEC-SUPERVISED-PAIRED_eata_score_adapter_test_seed47_3c8e665d,M1-MVTEC-SUPERVISED-PAIRED,MVTec 3D-AD,PatchCore supervised-paired,47,eata_score_adapter,test,elara_master_c/predictions/development/M1-MVTEC-SUPERVISED-PAIRED__MVTec_3D-AD__PatchCore_supervised-paired/eata_score_adapter/test/seed_47__rerun_1.parquet,278,3c8e665d6efe76ff12a5fd41d7cbb41e45e6e717210b17f0fe59e3980fbdf75b,23444d914caa26cd2d01dd1eaaa5ae3aad1aeea1dd67cf40e65fc45e14c1717e,a64a8a13f8b933cdc5f5e07263cbacd83f976f81,True,True,2026-06-01T21:27:17Z
M1-MVTEC-SUPERVISED-PAIRED_sar_score_adapter_test_seed47_cdb160a8,M1-MVTEC-SUPERVISED-PAIRED,MVTec 3D-AD,PatchCore supervised-paired,47,sar_score_adapter,test,elara_master_c/predictions/development/M1-MVTEC-SUPERVISED-PAIRED__MVTec_3D-AD__PatchCore_supervised-paired/sar_score_adapter/test/seed_47__rerun_1.parquet,278,cdb160a819a7e7a12ec2ba5e3d1817684a5b8ed0a45d4bcbe8fcdfff5645327c,23444d914caa26cd2d01dd1eaaa5ae3aad1aeea1dd67cf40e65fc45e14c1717e,a64a8a13f8b933cdc5f5e07263cbacd83f976f81,True,True,2026-06-01T21:27:17Z
M1-MVTEC-SUPERVISED-PAIRED_static_attention_test_seed48_3070d68b,M1-MVTEC-SUPERVISED-PAIRED,MVTec 3D-AD,PatchCore supervised-paired,48,static_attention,test,elara_master_c/predictions/development/M1-MVTEC-SUPERVISED-PAIRED__MVTec_3D-AD__PatchCore_supervised-paired/static_attention/test/seed_48__rerun_1.parquet,278,3070d68bc271c83f31c1c73b940a54933b565379edb49484494a5d50af7ac221,23444d914caa26cd2d01dd1eaaa5ae3aad1aeea1dd67cf40e65fc45e14c1717e,a64a8a13f8b933cdc5f5e07263cbacd83f976f81,True,True,2026-06-01T21:27:35Z
M1-MVTEC-SUPERVISED-PAIRED_craf_attention_test_seed48_54890abf,M1-MVTEC-SUPERVISED-PAIRED,MVTec 3D-AD,PatchCore supervised-paired,48,craf_attention,test,elara_master_c/predictions/development/M1-MVTEC-SUPERVISED-PAIRED__MVTec_3D-AD__PatchCore_supervised-paired/craf_attention/test/seed_48__rerun_1.parquet,278,54890abf669249d9d9fca8696e55131ce243fc401864d318a1850dec23816329,23444d914caa26cd2d01dd1eaaa5ae3aad1aeea1dd67cf40e65fc45e14c1717e,a64a8a13f8b933cdc5f5e07263cbacd83f976f81,True,True,2026-06-01T21:27:35Z
M1-MVTEC-SUPERVISED-PAIRED_rga_boosted_fusion_test_seed48_a6077d1c,M1-MVTEC-SUPERVISED-PAIRED,MVTec 3D-AD,PatchCore supervised-paired,48,rga_boosted_fusion,test,elara_master_c/predictions/development/M1-MVTEC-SUPERVISED-PAIRED__MVTec_3D-AD__PatchCore_supervised-paired/rga_boosted_fusion/test/seed_48__rerun_1.parquet,278,a6077d1c770aa239b5b30068855cf0b5cdf0035b4a2535c0be04e33afa5c0b74,23444d914caa26cd2d01dd1eaaa5ae3aad1aeea1dd67cf40e65fc45e14c1717e,a64a8a13f8b933cdc5f5e07263cbacd83f976f81,True,True,2026-06-01T21:27:35Z
M1-MVTEC-SUPERVISED-PAIRED_rga_meta_router_test_seed48_9b9c6be5,M1-MVTEC-SUPERVISED-PAIRED,MVTec 3D-AD,PatchCore supervised-paired,48,rga_meta_router,test,elara_master_c/predictions/development/M1-MVTEC-SUPERVISED-PAIRED__MVTec_3D-AD__PatchCore_supervised-paired/rga_meta_router/test/seed_48__rerun_1.parquet,278,9b9c6be5a0820538be14f2e789efa36ab8b1f3e5c72a78f8f7d2285d183dec85,23444d914caa26cd2d01dd1eaaa5ae3aad1aeea1dd67cf40e65fc45e14c1717e,a64a8a13f8b933cdc5f5e07263cbacd83f976f81,True,True,2026-06-01T21:27:35Z
M1-MVTEC-SUPERVISED-PAIRED_early_fusion_mlp_test_seed48_4c0bac43,M1-MVTEC-SUPERVISED-PAIRED,MVTec 3D-AD,PatchCore supervised-paired,48,early_fusion_mlp,test,elara_master_c/predictions/development/M1-MVTEC-SUPERVISED-PAIRED__MVTec_3D-AD__PatchCore_supervised-paired/early_fusion_mlp/test/seed_48__rerun_1.parquet,278,4c0bac4339f5f2603e6626127b1863ddead28fee9a24ae29027b5b0ddf8a9d92,23444d914caa26cd2d01dd1eaaa5ae3aad1aeea1dd67cf40e65fc45e14c1717e,a64a8a13f8b933cdc5f5e07263cbacd83f976f81,True,True,2026-06-01T21:27:35Z
M1-MVTEC-SUPERVISED-PAIRED_late_fusion_ensemble_test_seed48_66791823,M1-MVTEC-SUPERVISED-PAIRED,MVTec 3D-AD,PatchCore supervised-paired,48,late_fusion_ensemble,test,elara_master_c/predictions/development/M1-MVTEC-SUPERVISED-PAIRED__MVTec_3D-AD__PatchCore_supervised-paired/late_fusion_ensemble/test/seed_48__rerun_1.parquet,278,66791823a95f879e985d80462b82de68bace4e482749df57267e40fca46a1a14,23444d914caa26cd2d01dd1eaaa5ae3aad1aeea1dd67cf40e65fc45e14c1717e,a64a8a13f8b933cdc5f5e07263cbacd83f976f81,True,True,2026-06-01T21:27:35Z
M1-MVTEC-SUPERVISED-PAIRED_random_forest_test_seed48_7e450e26,M1-MVTEC-SUPERVISED-PAIRED,MVTec 3D-AD,PatchCore supervised-paired,48,random_forest,test,elara_master_c/predictions/development/M1-MVTEC-SUPERVISED-PAIRED__MVTec_3D-AD__PatchCore_supervised-paired/random_forest/test/seed_48__rerun_1.parquet,278,7e450e26c05d6493526c7d3887e51eff5354edb7caaf677259e9eaba70a27eea,23444d914caa26cd2d01dd1eaaa5ae3aad1aeea1dd67cf40e65fc45e14c1717e,a64a8a13f8b933cdc5f5e07263cbacd83f976f81,True,True,2026-06-01T21:27:35Z
M1-MVTEC-SUPERVISED-PAIRED_confidence_weighted_mean_test_seed48_fa35b84b,M1-MVTEC-SUPERVISED-PAIRED,MVTec 3D-AD,PatchCore supervised-paired,48,confidence_weighted_mean,test,elara_master_c/predictions/development/M1-MVTEC-SUPERVISED-PAIRED__MVTec_3D-AD__PatchCore_supervised-paired/confidence_weighted_mean/test/seed_48__rerun_1.parquet,278,fa35b84bbfea4810a4cc9bcd234b2c86e8e995cbc18bf70b199354db7f6ccf14,23444d914caa26cd2d01dd1eaaa5ae3aad1aeea1dd67cf40e65fc45e14c1717e,a64a8a13f8b933cdc5f5e07263cbacd83f976f81,True,True,2026-06-01T21:27:35Z
M1-MVTEC-SUPERVISED-PAIRED_tent_score_adapter_test_seed48_7c10e14e,M1-MVTEC-SUPERVISED-PAIRED,MVTec 3D-AD,PatchCore supervised-paired,48,tent_score_adapter,test,elara_master_c/predictions/development/M1-MVTEC-SUPERVISED-PAIRED__MVTec_3D-AD__PatchCore_supervised-paired/tent_score_adapter/test/seed_48__rerun_1.parquet,278,7c10e14e922ff43176de947e3fd81bff774d5fc88e4d46df3ec4dc61ffe0bbb4,23444d914caa26cd2d01dd1eaaa5ae3aad1aeea1dd67cf40e65fc45e14c1717e,a64a8a13f8b933cdc5f5e07263cbacd83f976f81,True,True,2026-06-01T21:27:35Z
M1-MVTEC-SUPERVISED-PAIRED_ttt_pseudo_label_adapter_test_seed48_f1c68abc,M1-MVTEC-SUPERVISED-PAIRED,MVTec 3D-AD,PatchCore supervised-paired,48,ttt_pseudo_label_adapter,test,elara_master_c/predictions/development/M1-MVTEC-SUPERVISED-PAIRED__MVTec_3D-AD__PatchCore_supervised-paired/ttt_pseudo_label_adapter/test/seed_48__rerun_1.parquet,278,f1c68abcc1e81c93b8b1eb87de74cdade0ff386a3d1d4ac645ba9506b12ccbfc,23444d914caa26cd2d01dd1eaaa5ae3aad1aeea1dd67cf40e65fc45e14c1717e,a64a8a13f8b933cdc5f5e07263cbacd83f976f81,True,True,2026-06-01T21:27:35Z
M1-MVTEC-SUPERVISED-PAIRED_eata_score_adapter_test_seed48_ebb4ec8b,M1-MVTEC-SUPERVISED-PAIRED,MVTec 3D-AD,PatchCore supervised-paired,48,eata_score_adapter,test,elara_master_c/predictions/development/M1-MVTEC-SUPERVISED-PAIRED__MVTec_3D-AD__PatchCore_supervised-paired/eata_score_adapter/test/seed_48__rerun_1.parquet,278,ebb4ec8b3f497222688d8cf94cc75655bee6636d193929c842284c69adf6b170,23444d914caa26cd2d01dd1eaaa5ae3aad1aeea1dd67cf40e65fc45e14c1717e,a64a8a13f8b933cdc5f5e07263cbacd83f976f81,True,True,2026-06-01T21:27:35Z
M1-MVTEC-SUPERVISED-PAIRED_sar_score_adapter_test_seed48_9ba778de,M1-MVTEC-SUPERVISED-PAIRED,MVTec 3D-AD,PatchCore supervised-paired,48,sar_score_adapter,test,elara_master_c/predictions/development/M1-MVTEC-SUPERVISED-PAIRED__MVTec_3D-AD__PatchCore_supervised-paired/sar_score_adapter/test/seed_48__rerun_1.parquet,278,9ba778def06e72befe1cd7e81db1211d3c7b6c650d409f834090999a43df4a3d,23444d914caa26cd2d01dd1eaaa5ae3aad1aeea1dd67cf40e65fc45e14c1717e,a64a8a13f8b933cdc5f5e07263cbacd83f976f81,True,True,2026-06-01T21:27:35Z
M1-MVTEC-SUPERVISED-PAIRED_static_attention_test_seed49_aa0e8b10,M1-MVTEC-SUPERVISED-PAIRED,MVTec 3D-AD,PatchCore supervised-paired,49,static_attention,test,elara_master_c/predictions/development/M1-MVTEC-SUPERVISED-PAIRED__MVTec_3D-AD__PatchCore_supervised-paired/static_attention/test/seed_49__rerun_1.parquet,278,aa0e8b10c41d51bbe424db3c33e8e8395f27be0bc6cc17803e6127e57d4f6832,23444d914caa26cd2d01dd1eaaa5ae3aad1aeea1dd67cf40e65fc45e14c1717e,a64a8a13f8b933cdc5f5e07263cbacd83f976f81,True,True,2026-06-01T21:27:52Z
M1-MVTEC-SUPERVISED-PAIRED_craf_attention_test_seed49_3ba990de,M1-MVTEC-SUPERVISED-PAIRED,MVTec 3D-AD,PatchCore supervised-paired,49,craf_attention,test,elara_master_c/predictions/development/M1-MVTEC-SUPERVISED-PAIRED__MVTec_3D-AD__PatchCore_supervised-paired/craf_attention/test/seed_49__rerun_1.parquet,278,3ba990de1342258f1576c2866d747b6be743f7c6bede92cdc716f0e7fb54c6cc,23444d914caa26cd2d01dd1eaaa5ae3aad1aeea1dd67cf40e65fc45e14c1717e,a64a8a13f8b933cdc5f5e07263cbacd83f976f81,True,True,2026-06-01T21:27:52Z
M1-MVTEC-SUPERVISED-PAIRED_rga_boosted_fusion_test_seed49_76901756,M1-MVTEC-SUPERVISED-PAIRED,MVTec 3D-AD,PatchCore supervised-paired,49,rga_boosted_fusion,test,elara_master_c/predictions/development/M1-MVTEC-SUPERVISED-PAIRED__MVTec_3D-AD__PatchCore_supervised-paired/rga_boosted_fusion/test/seed_49__rerun_1.parquet,278,76901756eaa5ced2df5e20226c59fa03839e718a1205ab4ca14f467d3269e05a,23444d914caa26cd2d01dd1eaaa5ae3aad1aeea1dd67cf40e65fc45e14c1717e,a64a8a13f8b933cdc5f5e07263cbacd83f976f81,True,True,2026-06-01T21:27:52Z
M1-MVTEC-SUPERVISED-PAIRED_rga_meta_router_test_seed49_4a167ae4,M1-MVTEC-SUPERVISED-PAIRED,MVTec 3D-AD,PatchCore supervised-paired,49,rga_meta_router,test,elara_master_c/predictions/development/M1-MVTEC-SUPERVISED-PAIRED__MVTec_3D-AD__PatchCore_supervised-paired/rga_meta_router/test/seed_49__rerun_1.parquet,278,4a167ae4a0ca4f6b0dd19a0d37e514b02f6b1ab1d640afb3424526933361efed,23444d914caa26cd2d01dd1eaaa5ae3aad1aeea1dd67cf40e65fc45e14c1717e,a64a8a13f8b933cdc5f5e07263cbacd83f976f81,True,True,2026-06-01T21:27:52Z
M1-MVTEC-SUPERVISED-PAIRED_early_fusion_mlp_test_seed49_e96d2014,M1-MVTEC-SUPERVISED-PAIRED,MVTec 3D-AD,PatchCore supervised-paired,49,early_fusion_mlp,test,elara_master_c/predictions/development/M1-MVTEC-SUPERVISED-PAIRED__MVTec_3D-AD__PatchCore_supervised-paired/early_fusion_mlp/test/seed_49__rerun_1.parquet,278,e96d20147fb41753f87f339eec6743919aa83961bd60334e3506ee7f4f37ff29,23444d914caa26cd2d01dd1eaaa5ae3aad1aeea1dd67cf40e65fc45e14c1717e,a64a8a13f8b933cdc5f5e07263cbacd83f976f81,True,True,2026-06-01T21:27:52Z
M1-MVTEC-SUPERVISED-PAIRED_late_fusion_ensemble_test_seed49_7e9f70a4,M1-MVTEC-SUPERVISED-PAIRED,MVTec 3D-AD,PatchCore supervised-paired,49,late_fusion_ensemble,test,elara_master_c/predictions/development/M1-MVTEC-SUPERVISED-PAIRED__MVTec_3D-AD__PatchCore_supervised-paired/late_fusion_ensemble/test/seed_49__rerun_1.parquet,278,7e9f70a439c8d1c21d69ff98b252f769a5880ec0c84fec6744ad1f75d6814203,23444d914caa26cd2d01dd1eaaa5ae3aad1aeea1dd67cf40e65fc45e14c1717e,a64a8a13f8b933cdc5f5e07263cbacd83f976f81,True,True,2026-06-01T21:27:52Z
M1-MVTEC-SUPERVISED-PAIRED_random_forest_test_seed49_47dbc95c,M1-MVTEC-SUPERVISED-PAIRED,MVTec 3D-AD,PatchCore supervised-paired,49,random_forest,test,elara_master_c/predictions/development/M1-MVTEC-SUPERVISED-PAIRED__MVTec_3D-AD__PatchCore_supervised-paired/random_forest/test/seed_49__rerun_1.parquet,278,47dbc95c4ae82228538b9990cab1e32fe26e8daf1e3ec1d41200eb4a103dac93,23444d914caa26cd2d01dd1eaaa5ae3aad1aeea1dd67cf40e65fc45e14c1717e,a64a8a13f8b933cdc5f5e07263cbacd83f976f81,True,True,2026-06-01T21:27:52Z
M1-MVTEC-SUPERVISED-PAIRED_confidence_weighted_mean_test_seed49_273a3b19,M1-MVTEC-SUPERVISED-PAIRED,MVTec 3D-AD,PatchCore supervised-paired,49,confidence_weighted_mean,test,elara_master_c/predictions/development/M1-MVTEC-SUPERVISED-PAIRED__MVTec_3D-AD__PatchCore_supervised-paired/confidence_weighted_mean/test/seed_49__rerun_1.parquet,278,273a3b19b4b9db0dacb9891f398d5d737d257e4a6a60092b70e5f7c64253bd5a,23444d914caa26cd2d01dd1eaaa5ae3aad1aeea1dd67cf40e65fc45e14c1717e,a64a8a13f8b933cdc5f5e07263cbacd83f976f81,True,True,2026-06-01T21:27:52Z
M1-MVTEC-SUPERVISED-PAIRED_tent_score_adapter_test_seed49_05cca368,M1-MVTEC-SUPERVISED-PAIRED,MVTec 3D-AD,PatchCore supervised-paired,49,tent_score_adapter,test,elara_master_c/predictions/development/M1-MVTEC-SUPERVISED-PAIRED__MVTec_3D-AD__PatchCore_supervised-paired/tent_score_adapter/test/seed_49__rerun_1.parquet,278,05cca368ac833e572ab15cb789efc3a93b97433b4cb621857ee009b51dcc17de,23444d914caa26cd2d01dd1eaaa5ae3aad1aeea1dd67cf40e65fc45e14c1717e,a64a8a13f8b933cdc5f5e07263cbacd83f976f81,True,True,2026-06-01T21:27:52Z
M1-MVTEC-SUPERVISED-PAIRED_ttt_pseudo_label_adapter_test_seed49_c4f4145b,M1-MVTEC-SUPERVISED-PAIRED,MVTec 3D-AD,PatchCore supervised-paired,49,ttt_pseudo_label_adapter,test,elara_master_c/predictions/development/M1-MVTEC-SUPERVISED-PAIRED__MVTec_3D-AD__PatchCore_supervised-paired/ttt_pseudo_label_adapter/test/seed_49__rerun_1.parquet,278,c4f4145b60d0b6a1711a64b6b89bd6664bb3683a9fcc3fff19e8d81eeaff9900,23444d914caa26cd2d01dd1eaaa5ae3aad1aeea1dd67cf40e65fc45e14c1717e,a64a8a13f8b933cdc5f5e07263cbacd83f976f81,True,True,2026-06-01T21:27:52Z
M1-MVTEC-SUPERVISED-PAIRED_eata_score_adapter_test_seed49_0f460583,M1-MVTEC-SUPERVISED-PAIRED,MVTec 3D-AD,PatchCore supervised-paired,49,eata_score_adapter,test,elara_master_c/predictions/development/M1-MVTEC-SUPERVISED-PAIRED__MVTec_3D-AD__PatchCore_supervised-paired/eata_score_adapter/test/seed_49__rerun_1.parquet,278,0f4605830e11a05e63bcb13a2ef9445243b39b4e939ab74b1c78cc6498392936,23444d914caa26cd2d01dd1eaaa5ae3aad1aeea1dd67cf40e65fc45e14c1717e,a64a8a13f8b933cdc5f5e07263cbacd83f976f81,True,True,2026-06-01T21:27:52Z
M1-MVTEC-SUPERVISED-PAIRED_sar_score_adapter_test_seed49_07a29bb4,M1-MVTEC-SUPERVISED-PAIRED,MVTec 3D-AD,PatchCore supervised-paired,49,sar_score_adapter,test,elara_master_c/predictions/development/M1-MVTEC-SUPERVISED-PAIRED__MVTec_3D-AD__PatchCore_supervised-paired/sar_score_adapter/test/seed_49__rerun_1.parquet,278,07a29bb4501a1226bb28329c9d76632cce6742675e1a1e4b9ae407b08c5cd4a5,23444d914caa26cd2d01dd1eaaa5ae3aad1aeea1dd67cf40e65fc45e14c1717e,a64a8a13f8b933cdc5f5e07263cbacd83f976f81,True,True,2026-06-01T21:27:52Z
M1-MVTEC-SUPERVISED-PAIRED_static_attention_test_seed50_c3510a1f,M1-MVTEC-SUPERVISED-PAIRED,MVTec 3D-AD,PatchCore supervised-paired,50,static_attention,test,elara_master_c/predictions/development/M1-MVTEC-SUPERVISED-PAIRED__MVTec_3D-AD__PatchCore_supervised-paired/static_attention/test/seed_50__rerun_1.parquet,278,c3510a1f5f3664dd06d8f1f0838ad9b8574b45a187e6c627d2273d3a6a7a5efa,23444d914caa26cd2d01dd1eaaa5ae3aad1aeea1dd67cf40e65fc45e14c1717e,a64a8a13f8b933cdc5f5e07263cbacd83f976f81,True,True,2026-06-01T21:28:10Z
M1-MVTEC-SUPERVISED-PAIRED_craf_attention_test_seed50_6a09c03c,M1-MVTEC-SUPERVISED-PAIRED,MVTec 3D-AD,PatchCore supervised-paired,50,craf_attention,test,elara_master_c/predictions/development/M1-MVTEC-SUPERVISED-PAIRED__MVTec_3D-AD__PatchCore_supervised-paired/craf_attention/test/seed_50__rerun_1.parquet,278,6a09c03c7b8d961a9ce7f8487f2d42dcbfcc2ceb69baf3e551884f9316e9c877,23444d914caa26cd2d01dd1eaaa5ae3aad1aeea1dd67cf40e65fc45e14c1717e,a64a8a13f8b933cdc5f5e07263cbacd83f976f81,True,True,2026-06-01T21:28:10Z
M1-MVTEC-SUPERVISED-PAIRED_rga_boosted_fusion_test_seed50_d72cf444,M1-MVTEC-SUPERVISED-PAIRED,MVTec 3D-AD,PatchCore supervised-paired,50,rga_boosted_fusion,test,elara_master_c/predictions/development/M1-MVTEC-SUPERVISED-PAIRED__MVTec_3D-AD__PatchCore_supervised-paired/rga_boosted_fusion/test/seed_50__rerun_1.parquet,278,d72cf444e3bd3c64cbbbe2c2065c994c57380987815420fe2591cb2367010aa0,23444d914caa26cd2d01dd1eaaa5ae3aad1aeea1dd67cf40e65fc45e14c1717e,a64a8a13f8b933cdc5f5e07263cbacd83f976f81,True,True,2026-06-01T21:28:10Z
M1-MVTEC-SUPERVISED-PAIRED_rga_meta_router_test_seed50_e4ada367,M1-MVTEC-SUPERVISED-PAIRED,MVTec 3D-AD,PatchCore supervised-paired,50,rga_meta_router,test,elara_master_c/predictions/development/M1-MVTEC-SUPERVISED-PAIRED__MVTec_3D-AD__PatchCore_supervised-paired/rga_meta_router/test/seed_50__rerun_1.parquet,278,e4ada367d86526face7d0f2c0d3d19cf9e6214fb9695ddf23e80a3565ae9f92c,23444d914caa26cd2d01dd1eaaa5ae3aad1aeea1dd67cf40e65fc45e14c1717e,a64a8a13f8b933cdc5f5e07263cbacd83f976f81,True,True,2026-06-01T21:28:10Z
M1-MVTEC-SUPERVISED-PAIRED_early_fusion_mlp_test_seed50_f45d96d6,M1-MVTEC-SUPERVISED-PAIRED,MVTec 3D-AD,PatchCore supervised-paired,50,early_fusion_mlp,test,elara_master_c/predictions/development/M1-MVTEC-SUPERVISED-PAIRED__MVTec_3D-AD__PatchCore_supervised-paired/early_fusion_mlp/test/seed_50__rerun_1.parquet,278,f45d96d6e2f3422cc8fb82ffde721b6f53218a3c883a60484b69bc1890218136,23444d914caa26cd2d01dd1eaaa5ae3aad1aeea1dd67cf40e65fc45e14c1717e,a64a8a13f8b933cdc5f5e07263cbacd83f976f81,True,True,2026-06-01T21:28:10Z
M1-MVTEC-SUPERVISED-PAIRED_late_fusion_ensemble_test_seed50_fa26eeb8,M1-MVTEC-SUPERVISED-PAIRED,MVTec 3D-AD,PatchCore supervised-paired,50,late_fusion_ensemble,test,elara_master_c/predictions/development/M1-MVTEC-SUPERVISED-PAIRED__MVTec_3D-AD__PatchCore_supervised-paired/late_fusion_ensemble/test/seed_50__rerun_1.parquet,278,fa26eeb807db515dc34a579f19623aee5c7bcdd793dfa6a51c6e39c38bf3df13,23444d914caa26cd2d01dd1eaaa5ae3aad1aeea1dd67cf40e65fc45e14c1717e,a64a8a13f8b933cdc5f5e07263cbacd83f976f81,True,True,2026-06-01T21:28:10Z
M1-MVTEC-SUPERVISED-PAIRED_random_forest_test_seed50_b78bd6e7,M1-MVTEC-SUPERVISED-PAIRED,MVTec 3D-AD,PatchCore supervised-paired,50,random_forest,test,elara_master_c/predictions/development/M1-MVTEC-SUPERVISED-PAIRED__MVTec_3D-AD__PatchCore_supervised-paired/random_forest/test/seed_50__rerun_1.parquet,278,b78bd6e76599f80ac61cece55b6575e6bc22d75ca021bb6d0127a2738fb0deda,23444d914caa26cd2d01dd1eaaa5ae3aad1aeea1dd67cf40e65fc45e14c1717e,a64a8a13f8b933cdc5f5e07263cbacd83f976f81,True,True,2026-06-01T21:28:10Z
M1-MVTEC-SUPERVISED-PAIRED_confidence_weighted_mean_test_seed50_03e5e44e,M1-MVTEC-SUPERVISED-PAIRED,MVTec 3D-AD,PatchCore supervised-paired,50,confidence_weighted_mean,test,elara_master_c/predictions/development/M1-MVTEC-SUPERVISED-PAIRED__MVTec_3D-AD__PatchCore_supervised-paired/confidence_weighted_mean/test/seed_50__rerun_1.parquet,278,03e5e44eb26fecf929f65d74a52941845aec42b5265a9b8b5db428193eb8900f,23444d914caa26cd2d01dd1eaaa5ae3aad1aeea1dd67cf40e65fc45e14c1717e,a64a8a13f8b933cdc5f5e07263cbacd83f976f81,True,True,2026-06-01T21:28:10Z
M1-MVTEC-SUPERVISED-PAIRED_tent_score_adapter_test_seed50_19af8bbf,M1-MVTEC-SUPERVISED-PAIRED,MVTec 3D-AD,PatchCore supervised-paired,50,tent_score_adapter,test,elara_master_c/predictions/development/M1-MVTEC-SUPERVISED-PAIRED__MVTec_3D-AD__PatchCore_supervised-paired/tent_score_adapter/test/seed_50__rerun_1.parquet,278,19af8bbfbfceedff9d39dcfd98c5e3776c99c4af89f9d5e03f3706a326b4eaaf,23444d914caa26cd2d01dd1eaaa5ae3aad1aeea1dd67cf40e65fc45e14c1717e,a64a8a13f8b933cdc5f5e07263cbacd83f976f81,True,True,2026-06-01T21:28:10Z
M1-MVTEC-SUPERVISED-PAIRED_ttt_pseudo_label_adapter_test_seed50_9a0a5594,M1-MVTEC-SUPERVISED-PAIRED,MVTec 3D-AD,PatchCore supervised-paired,50,ttt_pseudo_label_adapter,test,elara_master_c/predictions/development/M1-MVTEC-SUPERVISED-PAIRED__MVTec_3D-AD__PatchCore_supervised-paired/ttt_pseudo_label_adapter/test/seed_50__rerun_1.parquet,278,9a0a55943cda052b851ca3dec6b20487dcda9049952c48c259f53dcb97a10f80,23444d914caa26cd2d01dd1eaaa5ae3aad1aeea1dd67cf40e65fc45e14c1717e,a64a8a13f8b933cdc5f5e07263cbacd83f976f81,True,True,2026-06-01T21:28:10Z
M1-MVTEC-SUPERVISED-PAIRED_eata_score_adapter_test_seed50_c1135f78,M1-MVTEC-SUPERVISED-PAIRED,MVTec 3D-AD,PatchCore supervised-paired,50,eata_score_adapter,test,elara_master_c/predictions/development/M1-MVTEC-SUPERVISED-PAIRED__MVTec_3D-AD__PatchCore_supervised-paired/eata_score_adapter/test/seed_50__rerun_1.parquet,278,c1135f78eb9e13d51fe1d763e140f8a0dc2de5efc93f4b4dc394ac280cfd423f,23444d914caa26cd2d01dd1eaaa5ae3aad1aeea1dd67cf40e65fc45e14c1717e,a64a8a13f8b933cdc5f5e07263cbacd83f976f81,True,True,2026-06-01T21:28:10Z
M1-MVTEC-SUPERVISED-PAIRED_sar_score_adapter_test_seed50_1525c0bf,M1-MVTEC-SUPERVISED-PAIRED,MVTec 3D-AD,PatchCore supervised-paired,50,sar_score_adapter,test,elara_master_c/predictions/development/M1-MVTEC-SUPERVISED-PAIRED__MVTec_3D-AD__PatchCore_supervised-paired/sar_score_adapter/test/seed_50__rerun_1.parquet,278,1525c0bf92b93b67fd8074512d0b8ee1bab1f4befa10468bb2502deddecbd0dc,23444d914caa26cd2d01dd1eaaa5ae3aad1aeea1dd67cf40e65fc45e14c1717e,a64a8a13f8b933cdc5f5e07263cbacd83f976f81,True,True,2026-06-01T21:28:10Z
M1-MVTEC-SUPERVISED-PAIRED_static_attention_test_seed51_c6eca476,M1-MVTEC-SUPERVISED-PAIRED,MVTec 3D-AD,PatchCore supervised-paired,51,static_attention,test,elara_master_c/predictions/development/M1-MVTEC-SUPERVISED-PAIRED__MVTec_3D-AD__PatchCore_supervised-paired/static_attention/test/seed_51__rerun_1.parquet,278,c6eca476c58db549a78f848477e7a8f23e6bc90761a2542e8a57e42986232458,23444d914caa26cd2d01dd1eaaa5ae3aad1aeea1dd67cf40e65fc45e14c1717e,a64a8a13f8b933cdc5f5e07263cbacd83f976f81,True,True,2026-06-01T21:28:27Z
M1-MVTEC-SUPERVISED-PAIRED_craf_attention_test_seed51_b08ac640,M1-MVTEC-SUPERVISED-PAIRED,MVTec 3D-AD,PatchCore supervised-paired,51,craf_attention,test,elara_master_c/predictions/development/M1-MVTEC-SUPERVISED-PAIRED__MVTec_3D-AD__PatchCore_supervised-paired/craf_attention/test/seed_51__rerun_1.parquet,278,b08ac64027ed95891438ec3b0703a4a99b881df54356c9d93615a6c14db55428,23444d914caa26cd2d01dd1eaaa5ae3aad1aeea1dd67cf40e65fc45e14c1717e,a64a8a13f8b933cdc5f5e07263cbacd83f976f81,True,True,2026-06-01T21:28:27Z
M1-MVTEC-SUPERVISED-PAIRED_rga_boosted_fusion_test_seed51_af1f3146,M1-MVTEC-SUPERVISED-PAIRED,MVTec 3D-AD,PatchCore supervised-paired,51,rga_boosted_fusion,test,elara_master_c/predictions/development/M1-MVTEC-SUPERVISED-PAIRED__MVTec_3D-AD__PatchCore_supervised-paired/rga_boosted_fusion/test/seed_51__rerun_1.parquet,278,af1f3146bb50d419cec336766391dec699e706ab11098da35d859f40f814dd92,23444d914caa26cd2d01dd1eaaa5ae3aad1aeea1dd67cf40e65fc45e14c1717e,a64a8a13f8b933cdc5f5e07263cbacd83f976f81,True,True,2026-06-01T21:28:27Z
M1-MVTEC-SUPERVISED-PAIRED_rga_meta_router_test_seed51_9487b89c,M1-MVTEC-SUPERVISED-PAIRED,MVTec 3D-AD,PatchCore supervised-paired,51,rga_meta_router,test,elara_master_c/predictions/development/M1-MVTEC-SUPERVISED-PAIRED__MVTec_3D-AD__PatchCore_supervised-paired/rga_meta_router/test/seed_51__rerun_1.parquet,278,9487b89ca5ad22da6967b058f5c5f09ab5d890c46ac2cfac00c2328b2f71c718,23444d914caa26cd2d01dd1eaaa5ae3aad1aeea1dd67cf40e65fc45e14c1717e,a64a8a13f8b933cdc5f5e07263cbacd83f976f81,True,True,2026-06-01T21:28:27Z
M1-MVTEC-SUPERVISED-PAIRED_early_fusion_mlp_test_seed51_34269d27,M1-MVTEC-SUPERVISED-PAIRED,MVTec 3D-AD,PatchCore supervised-paired,51,early_fusion_mlp,test,elara_master_c/predictions/development/M1-MVTEC-SUPERVISED-PAIRED__MVTec_3D-AD__PatchCore_supervised-paired/early_fusion_mlp/test/seed_51__rerun_1.parquet,278,34269d276a80b8b22167d8638db6225646c414dfd82932debaa24cedb64580bb,23444d914caa26cd2d01dd1eaaa5ae3aad1aeea1dd67cf40e65fc45e14c1717e,a64a8a13f8b933cdc5f5e07263cbacd83f976f81,True,True,2026-06-01T21:28:27Z
M1-MVTEC-SUPERVISED-PAIRED_late_fusion_ensemble_test_seed51_4caca2b9,M1-MVTEC-SUPERVISED-PAIRED,MVTec 3D-AD,PatchCore supervised-paired,51,late_fusion_ensemble,test,elara_master_c/predictions/development/M1-MVTEC-SUPERVISED-PAIRED__MVTec_3D-AD__PatchCore_supervised-paired/late_fusion_ensemble/test/seed_51__rerun_1.parquet,278,4caca2b9c9af1c39b7371d4ef24949ad98f537488f58ae22b89967c42de513b8,23444d914caa26cd2d01dd1eaaa5ae3aad1aeea1dd67cf40e65fc45e14c1717e,a64a8a13f8b933cdc5f5e07263cbacd83f976f81,True,True,2026-06-01T21:28:27Z
M1-MVTEC-SUPERVISED-PAIRED_random_forest_test_seed51_763bfd89,M1-MVTEC-SUPERVISED-PAIRED,MVTec 3D-AD,PatchCore supervised-paired,51,random_forest,test,elara_master_c/predictions/development/M1-MVTEC-SUPERVISED-PAIRED__MVTec_3D-AD__PatchCore_supervised-paired/random_forest/test/seed_51__rerun_1.parquet,278,763bfd89394410ddbaf5801787bac85728ee417a7421fbb481af2d96a6714da1,23444d914caa26cd2d01dd1eaaa5ae3aad1aeea1dd67cf40e65fc45e14c1717e,a64a8a13f8b933cdc5f5e07263cbacd83f976f81,True,True,2026-06-01T21:28:27Z
M1-MVTEC-SUPERVISED-PAIRED_confidence_weighted_mean_test_seed51_bd6b063f,M1-MVTEC-SUPERVISED-PAIRED,MVTec 3D-AD,PatchCore supervised-paired,51,confidence_weighted_mean,test,elara_master_c/predictions/development/M1-MVTEC-SUPERVISED-PAIRED__MVTec_3D-AD__PatchCore_supervised-paired/confidence_weighted_mean/test/seed_51__rerun_1.parquet,278,bd6b063f92123f70dab44cedb1ddbefff2b52a28558dafd807f870310c859c4b,23444d914caa26cd2d01dd1eaaa5ae3aad1aeea1dd67cf40e65fc45e14c1717e,a64a8a13f8b933cdc5f5e07263cbacd83f976f81,True,True,2026-06-01T21:28:27Z
M1-MVTEC-SUPERVISED-PAIRED_tent_score_adapter_test_seed51_e89ebadd,M1-MVTEC-SUPERVISED-PAIRED,MVTec 3D-AD,PatchCore supervised-paired,51,tent_score_adapter,test,elara_master_c/predictions/development/M1-MVTEC-SUPERVISED-PAIRED__MVTec_3D-AD__PatchCore_supervised-paired/tent_score_adapter/test/seed_51__rerun_1.parquet,278,e89ebadd34d856f0af30a0848ba635b2a66be60d52ed8d8135101e786f27dd52,23444d914caa26cd2d01dd1eaaa5ae3aad1aeea1dd67cf40e65fc45e14c1717e,a64a8a13f8b933cdc5f5e07263cbacd83f976f81,True,True,2026-06-01T21:28:27Z
M1-MVTEC-SUPERVISED-PAIRED_ttt_pseudo_label_adapter_test_seed51_883b3e40,M1-MVTEC-SUPERVISED-PAIRED,MVTec 3D-AD,PatchCore supervised-paired,51,ttt_pseudo_label_adapter,test,elara_master_c/predictions/development/M1-MVTEC-SUPERVISED-PAIRED__MVTec_3D-AD__PatchCore_supervised-paired/ttt_pseudo_label_adapter/test/seed_51__rerun_1.parquet,278,883b3e40d7f0da8572e8cef9b08705508f6b35d1011a63881e2b459844a5274f,23444d914caa26cd2d01dd1eaaa5ae3aad1aeea1dd67cf40e65fc45e14c1717e,a64a8a13f8b933cdc5f5e07263cbacd83f976f81,True,True,2026-06-01T21:28:27Z
M1-MVTEC-SUPERVISED-PAIRED_eata_score_adapter_test_seed51_48156b4b,M1-MVTEC-SUPERVISED-PAIRED,MVTec 3D-AD,PatchCore supervised-paired,51,eata_score_adapter,test,elara_master_c/predictions/development/M1-MVTEC-SUPERVISED-PAIRED__MVTec_3D-AD__PatchCore_supervised-paired/eata_score_adapter/test/seed_51__rerun_1.parquet,278,48156b4b219d8d6a8c9e65d580defd47567f8cc4ca59a3d061a424046436b7a0,23444d914caa26cd2d01dd1eaaa5ae3aad1aeea1dd67cf40e65fc45e14c1717e,a64a8a13f8b933cdc5f5e07263cbacd83f976f81,True,True,2026-06-01T21:28:27Z
M1-MVTEC-SUPERVISED-PAIRED_sar_score_adapter_test_seed51_eee207f6,M1-MVTEC-SUPERVISED-PAIRED,MVTec 3D-AD,PatchCore supervised-paired,51,sar_score_adapter,test,elara_master_c/predictions/development/M1-MVTEC-SUPERVISED-PAIRED__MVTec_3D-AD__PatchCore_supervised-paired/sar_score_adapter/test/seed_51__rerun_1.parquet,278,eee207f691c360dfdaf77974f18b4f5e50e45a8b3ee2550fd3f49db8430b97d5,23444d914caa26cd2d01dd1eaaa5ae3aad1aeea1dd67cf40e65fc45e14c1717e,a64a8a13f8b933cdc5f5e07263cbacd83f976f81,True,True,2026-06-01T21:28:27Z
M0-ELARA-BENCH-LA_static_attention_test_seed42_2cb18cec,M0-ELARA-BENCH-LA,ELARA-Bench-LA,label_aligned_mechanism,42,static_attention,test,elara_master_c/predictions/development/M0-ELARA-BENCH-LA__ELARA-Bench-LA__label_aligned_mechanism/static_attention/test/seed_42__rerun_3.parquet,1600,2cb18cecbcf1de1822eda5d6ecc4204ebe49cb0a5c65de46f2b02484b24eb4a2,1c61f390dce89b19df824b3a3f8ea6dfcebf425a6de331b77000fe0422c8d8ec,9cfa32ccdcc444d67cf8b26508cd1c70ab30c71c,True,True,2026-06-02T00:54:20Z
M0-ELARA-BENCH-LA_craf_attention_test_seed42_1e4356cb,M0-ELARA-BENCH-LA,ELARA-Bench-LA,label_aligned_mechanism,42,craf_attention,test,elara_master_c/predictions/development/M0-ELARA-BENCH-LA__ELARA-Bench-LA__label_aligned_mechanism/craf_attention/test/seed_42__rerun_3.parquet,1600,1e4356cbbf3dc4294589e48e144318a04d1ec9219111287e848b8a672eeea387,1c61f390dce89b19df824b3a3f8ea6dfcebf425a6de331b77000fe0422c8d8ec,9cfa32ccdcc444d67cf8b26508cd1c70ab30c71c,True,True,2026-06-02T00:54:20Z
M0-ELARA-BENCH-LA_rga_boosted_fusion_test_seed42_9b7086cf,M0-ELARA-BENCH-LA,ELARA-Bench-LA,label_aligned_mechanism,42,rga_boosted_fusion,test,elara_master_c/predictions/development/M0-ELARA-BENCH-LA__ELARA-Bench-LA__label_aligned_mechanism/rga_boosted_fusion/test/seed_42__rerun_3.parquet,1600,9b7086cfb77119c584a112ef0ad6e47d170b8514c053a0ba053547ba83f0db2e,1c61f390dce89b19df824b3a3f8ea6dfcebf425a6de331b77000fe0422c8d8ec,9cfa32ccdcc444d67cf8b26508cd1c70ab30c71c,True,True,2026-06-02T00:54:20Z
M0-ELARA-BENCH-LA_rga_meta_router_test_seed42_fb4d8a7f,M0-ELARA-BENCH-LA,ELARA-Bench-LA,label_aligned_mechanism,42,rga_meta_router,test,elara_master_c/predictions/development/M0-ELARA-BENCH-LA__ELARA-Bench-LA__label_aligned_mechanism/rga_meta_router/test/seed_42__rerun_3.parquet,1600,fb4d8a7f51db90ad64dd947562605db28faa11c49abccd0e6283bd612faf0986,1c61f390dce89b19df824b3a3f8ea6dfcebf425a6de331b77000fe0422c8d8ec,9cfa32ccdcc444d67cf8b26508cd1c70ab30c71c,True,True,2026-06-02T00:54:20Z
M0-ELARA-BENCH-LA_early_fusion_mlp_test_seed42_45486a14,M0-ELARA-BENCH-LA,ELARA-Bench-LA,label_aligned_mechanism,42,early_fusion_mlp,test,elara_master_c/predictions/development/M0-ELARA-BENCH-LA__ELARA-Bench-LA__label_aligned_mechanism/early_fusion_mlp/test/seed_42__rerun_3.parquet,1600,45486a141555a21660d011e74df882cc7fe5518777100b156ba10a67768f442e,1c61f390dce89b19df824b3a3f8ea6dfcebf425a6de331b77000fe0422c8d8ec,9cfa32ccdcc444d67cf8b26508cd1c70ab30c71c,True,True,2026-06-02T00:54:20Z
M0-ELARA-BENCH-LA_late_fusion_ensemble_test_seed42_bab64c36,M0-ELARA-BENCH-LA,ELARA-Bench-LA,label_aligned_mechanism,42,late_fusion_ensemble,test,elara_master_c/predictions/development/M0-ELARA-BENCH-LA__ELARA-Bench-LA__label_aligned_mechanism/late_fusion_ensemble/test/seed_42__rerun_3.parquet,1600,bab64c36e3266d4eb543cc22166ee6ced79a0501d25538a4e852a1f6b813d662,1c61f390dce89b19df824b3a3f8ea6dfcebf425a6de331b77000fe0422c8d8ec,9cfa32ccdcc444d67cf8b26508cd1c70ab30c71c,True,True,2026-06-02T00:54:20Z
M0-ELARA-BENCH-LA_random_forest_test_seed42_c2bd3833,M0-ELARA-BENCH-LA,ELARA-Bench-LA,label_aligned_mechanism,42,random_forest,test,elara_master_c/predictions/development/M0-ELARA-BENCH-LA__ELARA-Bench-LA__label_aligned_mechanism/random_forest/test/seed_42__rerun_3.parquet,1600,c2bd38332f8e8f79e89ae92d1ea6afc5baa358c1c08984ad49203ec69d727e63,1c61f390dce89b19df824b3a3f8ea6dfcebf425a6de331b77000fe0422c8d8ec,9cfa32ccdcc444d67cf8b26508cd1c70ab30c71c,True,True,2026-06-02T00:54:20Z
M0-ELARA-BENCH-LA_confidence_weighted_mean_test_seed42_c94e4a15,M0-ELARA-BENCH-LA,ELARA-Bench-LA,label_aligned_mechanism,42,confidence_weighted_mean,test,elara_master_c/predictions/development/M0-ELARA-BENCH-LA__ELARA-Bench-LA__label_aligned_mechanism/confidence_weighted_mean/test/seed_42__rerun_3.parquet,1600,c94e4a156b769867aabf5f33bb99672f3500b19a1c7cd41fab7dd902acf9ba9c,1c61f390dce89b19df824b3a3f8ea6dfcebf425a6de331b77000fe0422c8d8ec,9cfa32ccdcc444d67cf8b26508cd1c70ab30c71c,True,True,2026-06-02T00:54:20Z
M0-ELARA-BENCH-LA_tent_score_adapter_test_seed42_5a71f8f3,M0-ELARA-BENCH-LA,ELARA-Bench-LA,label_aligned_mechanism,42,tent_score_adapter,test,elara_master_c/predictions/development/M0-ELARA-BENCH-LA__ELARA-Bench-LA__label_aligned_mechanism/tent_score_adapter/test/seed_42__rerun_3.parquet,1600,5a71f8f369dfd21ce426b80240d8863aac4df95e5ea68e5cb06fc071b551985b,1c61f390dce89b19df824b3a3f8ea6dfcebf425a6de331b77000fe0422c8d8ec,9cfa32ccdcc444d67cf8b26508cd1c70ab30c71c,True,True,2026-06-02T00:54:20Z
M0-ELARA-BENCH-LA_ttt_pseudo_label_adapter_test_seed42_6c146a8b,M0-ELARA-BENCH-LA,ELARA-Bench-LA,label_aligned_mechanism,42,ttt_pseudo_label_adapter,test,elara_master_c/predictions/development/M0-ELARA-BENCH-LA__ELARA-Bench-LA__label_aligned_mechanism/ttt_pseudo_label_adapter/test/seed_42__rerun_3.parquet,1600,6c146a8b73a1eaa92044194bb1f1a280b08d040fdd56f3bb7440facd240cafdd,1c61f390dce89b19df824b3a3f8ea6dfcebf425a6de331b77000fe0422c8d8ec,9cfa32ccdcc444d67cf8b26508cd1c70ab30c71c,True,True,2026-06-02T00:54:20Z
M0-ELARA-BENCH-LA_eata_score_adapter_test_seed42_82184df8,M0-ELARA-BENCH-LA,ELARA-Bench-LA,label_aligned_mechanism,42,eata_score_adapter,test,elara_master_c/predictions/development/M0-ELARA-BENCH-LA__ELARA-Bench-LA__label_aligned_mechanism/eata_score_adapter/test/seed_42__rerun_3.parquet,1600,82184df80a3f1d09d1ac28785ca8da9b87a0c0fd15602e3db4a9ba9bcb69f2e9,1c61f390dce89b19df824b3a3f8ea6dfcebf425a6de331b77000fe0422c8d8ec,9cfa32ccdcc444d67cf8b26508cd1c70ab30c71c,True,True,2026-06-02T00:54:20Z
M0-ELARA-BENCH-LA_sar_score_adapter_test_seed42_3a9184ae,M0-ELARA-BENCH-LA,ELARA-Bench-LA,label_aligned_mechanism,42,sar_score_adapter,test,elara_master_c/predictions/development/M0-ELARA-BENCH-LA__ELARA-Bench-LA__label_aligned_mechanism/sar_score_adapter/test/seed_42__rerun_3.parquet,1600,3a9184aef416f54dc1559608d128bd1f073115b798d4b26b57514860a98375a9,1c61f390dce89b19df824b3a3f8ea6dfcebf425a6de331b77000fe0422c8d8ec,9cfa32ccdcc444d67cf8b26508cd1c70ab30c71c,True,True,2026-06-02T00:54:20Z
M0-ELARA-BENCH-LA_static_attention_test_seed43_45b10b3c,M0-ELARA-BENCH-LA,ELARA-Bench-LA,label_aligned_mechanism,43,static_attention,test,elara_master_c/predictions/development/M0-ELARA-BENCH-LA__ELARA-Bench-LA__label_aligned_mechanism/static_attention/test/seed_43__rerun_2.parquet,1600,45b10b3c986182d7dfb5e9d77230d2aa3959fac67d2509f5aef06f0ce76591bc,1c61f390dce89b19df824b3a3f8ea6dfcebf425a6de331b77000fe0422c8d8ec,9cfa32ccdcc444d67cf8b26508cd1c70ab30c71c,True,True,2026-06-02T00:54:45Z
M0-ELARA-BENCH-LA_craf_attention_test_seed43_31983e1b,M0-ELARA-BENCH-LA,ELARA-Bench-LA,label_aligned_mechanism,43,craf_attention,test,elara_master_c/predictions/development/M0-ELARA-BENCH-LA__ELARA-Bench-LA__label_aligned_mechanism/craf_attention/test/seed_43__rerun_2.parquet,1600,31983e1b7ee23c0b517ac7bed3fb97aac17f2299ca2d3c162c8b07bb9118434e,1c61f390dce89b19df824b3a3f8ea6dfcebf425a6de331b77000fe0422c8d8ec,9cfa32ccdcc444d67cf8b26508cd1c70ab30c71c,True,True,2026-06-02T00:54:45Z
M0-ELARA-BENCH-LA_rga_boosted_fusion_test_seed43_687f2c76,M0-ELARA-BENCH-LA,ELARA-Bench-LA,label_aligned_mechanism,43,rga_boosted_fusion,test,elara_master_c/predictions/development/M0-ELARA-BENCH-LA__ELARA-Bench-LA__label_aligned_mechanism/rga_boosted_fusion/test/seed_43__rerun_2.parquet,1600,687f2c76b29475c7c4772d06a71547121fa016223e2537747b985779fa01ce1f,1c61f390dce89b19df824b3a3f8ea6dfcebf425a6de331b77000fe0422c8d8ec,9cfa32ccdcc444d67cf8b26508cd1c70ab30c71c,True,True,2026-06-02T00:54:45Z
M0-ELARA-BENCH-LA_rga_meta_router_test_seed43_d6ae2c3a,M0-ELARA-BENCH-LA,ELARA-Bench-LA,label_aligned_mechanism,43,rga_meta_router,test,elara_master_c/predictions/development/M0-ELARA-BENCH-LA__ELARA-Bench-LA__label_aligned_mechanism/rga_meta_router/test/seed_43__rerun_2.parquet,1600,d6ae2c3a9d9a6c8046330c618e6fa272cb4fa43adda5984a054bc588d5d3c9e6,1c61f390dce89b19df824b3a3f8ea6dfcebf425a6de331b77000fe0422c8d8ec,9cfa32ccdcc444d67cf8b26508cd1c70ab30c71c,True,True,2026-06-02T00:54:45Z
M0-ELARA-BENCH-LA_early_fusion_mlp_test_seed43_bc944aa2,M0-ELARA-BENCH-LA,ELARA-Bench-LA,label_aligned_mechanism,43,early_fusion_mlp,test,elara_master_c/predictions/development/M0-ELARA-BENCH-LA__ELARA-Bench-LA__label_aligned_mechanism/early_fusion_mlp/test/seed_43__rerun_2.parquet,1600,bc944aa2f89485a0e61524a48f80e9ec29d492385520359395145d93c1b2de05,1c61f390dce89b19df824b3a3f8ea6dfcebf425a6de331b77000fe0422c8d8ec,9cfa32ccdcc444d67cf8b26508cd1c70ab30c71c,True,True,2026-06-02T00:54:45Z
M0-ELARA-BENCH-LA_late_fusion_ensemble_test_seed43_5fa04261,M0-ELARA-BENCH-LA,ELARA-Bench-LA,label_aligned_mechanism,43,late_fusion_ensemble,test,elara_master_c/predictions/development/M0-ELARA-BENCH-LA__ELARA-Bench-LA__label_aligned_mechanism/late_fusion_ensemble/test/seed_43__rerun_2.parquet,1600,5fa042611327cee5818627974e3d98bfe3474f63f723462043fed1adf22b1528,1c61f390dce89b19df824b3a3f8ea6dfcebf425a6de331b77000fe0422c8d8ec,9cfa32ccdcc444d67cf8b26508cd1c70ab30c71c,True,True,2026-06-02T00:54:45Z
M0-ELARA-BENCH-LA_random_forest_test_seed43_6c614840,M0-ELARA-BENCH-LA,ELARA-Bench-LA,label_aligned_mechanism,43,random_forest,test,elara_master_c/predictions/development/M0-ELARA-BENCH-LA__ELARA-Bench-LA__label_aligned_mechanism/random_forest/test/seed_43__rerun_2.parquet,1600,6c614840cae829606dcfa49a9e9fd32bcbfbe2033a70e03cf9b7e26a4572f4b9,1c61f390dce89b19df824b3a3f8ea6dfcebf425a6de331b77000fe0422c8d8ec,9cfa32ccdcc444d67cf8b26508cd1c70ab30c71c,True,True,2026-06-02T00:54:45Z
M0-ELARA-BENCH-LA_confidence_weighted_mean_test_seed43_6418f2de,M0-ELARA-BENCH-LA,ELARA-Bench-LA,label_aligned_mechanism,43,confidence_weighted_mean,test,elara_master_c/predictions/development/M0-ELARA-BENCH-LA__ELARA-Bench-LA__label_aligned_mechanism/confidence_weighted_mean/test/seed_43__rerun_2.parquet,1600,6418f2dea2d0987dc4cc5a9c5818add614362d5807f85910d6d888df162f0f9a,1c61f390dce89b19df824b3a3f8ea6dfcebf425a6de331b77000fe0422c8d8ec,9cfa32ccdcc444d67cf8b26508cd1c70ab30c71c,True,True,2026-06-02T00:54:46Z
M0-ELARA-BENCH-LA_tent_score_adapter_test_seed43_db55ff72,M0-ELARA-BENCH-LA,ELARA-Bench-LA,label_aligned_mechanism,43,tent_score_adapter,test,elara_master_c/predictions/development/M0-ELARA-BENCH-LA__ELARA-Bench-LA__label_aligned_mechanism/tent_score_adapter/test/seed_43__rerun_2.parquet,1600,db55ff729110b2f937473ab740d78dba502de511b1b1599b84332f2a69901779,1c61f390dce89b19df824b3a3f8ea6dfcebf425a6de331b77000fe0422c8d8ec,9cfa32ccdcc444d67cf8b26508cd1c70ab30c71c,True,True,2026-06-02T00:54:46Z
M0-ELARA-BENCH-LA_ttt_pseudo_label_adapter_test_seed43_eabefb57,M0-ELARA-BENCH-LA,ELARA-Bench-LA,label_aligned_mechanism,43,ttt_pseudo_label_adapter,test,elara_master_c/predictions/development/M0-ELARA-BENCH-LA__ELARA-Bench-LA__label_aligned_mechanism/ttt_pseudo_label_adapter/test/seed_43__rerun_2.parquet,1600,eabefb57b0cebdcda178fd909f1697e7517f260a7aa9d6630a214432a1c2f668,1c61f390dce89b19df824b3a3f8ea6dfcebf425a6de331b77000fe0422c8d8ec,9cfa32ccdcc444d67cf8b26508cd1c70ab30c71c,True,True,2026-06-02T00:54:46Z
M0-ELARA-BENCH-LA_eata_score_adapter_test_seed43_3e2d517f,M0-ELARA-BENCH-LA,ELARA-Bench-LA,label_aligned_mechanism,43,eata_score_adapter,test,elara_master_c/predictions/development/M0-ELARA-BENCH-LA__ELARA-Bench-LA__label_aligned_mechanism/eata_score_adapter/test/seed_43__rerun_2.parquet,1600,3e2d517fbc6ae8b4cb3eeb78b3d453fb08bdb7250f3b5c9fddb8d34ab1589767,1c61f390dce89b19df824b3a3f8ea6dfcebf425a6de331b77000fe0422c8d8ec,9cfa32ccdcc444d67cf8b26508cd1c70ab30c71c,True,True,2026-06-02T00:54:46Z
M0-ELARA-BENCH-LA_sar_score_adapter_test_seed43_05b64f6c,M0-ELARA-BENCH-LA,ELARA-Bench-LA,label_aligned_mechanism,43,sar_score_adapter,test,elara_master_c/predictions/development/M0-ELARA-BENCH-LA__ELARA-Bench-LA__label_aligned_mechanism/sar_score_adapter/test/seed_43__rerun_2.parquet,1600,05b64f6cf4e33ad053f6ce9ac460a01382abb71783962320bde4c5f0bd4ba2bb,1c61f390dce89b19df824b3a3f8ea6dfcebf425a6de331b77000fe0422c8d8ec,9cfa32ccdcc444d67cf8b26508cd1c70ab30c71c,True,True,2026-06-02T00:54:46Z
M0-ELARA-BENCH-LA_static_attention_test_seed44_3e700303,M0-ELARA-BENCH-LA,ELARA-Bench-LA,label_aligned_mechanism,44,static_attention,test,elara_master_c/predictions/development/M0-ELARA-BENCH-LA__ELARA-Bench-LA__label_aligned_mechanism/static_attention/test/seed_44__rerun_2.parquet,1600,3e700303339a9c2c66272c75409faa5a9840c5dc86f2b5213c781a2d63f0749e,1c61f390dce89b19df824b3a3f8ea6dfcebf425a6de331b77000fe0422c8d8ec,9cfa32ccdcc444d67cf8b26508cd1c70ab30c71c,True,True,2026-06-02T00:55:11Z
M0-ELARA-BENCH-LA_craf_attention_test_seed44_fbf7e740,M0-ELARA-BENCH-LA,ELARA-Bench-LA,label_aligned_mechanism,44,craf_attention,test,elara_master_c/predictions/development/M0-ELARA-BENCH-LA__ELARA-Bench-LA__label_aligned_mechanism/craf_attention/test/seed_44__rerun_2.parquet,1600,fbf7e7408f7f674850860796e3eeaf54e5277f8c71f7afb27bf14438b202c661,1c61f390dce89b19df824b3a3f8ea6dfcebf425a6de331b77000fe0422c8d8ec,9cfa32ccdcc444d67cf8b26508cd1c70ab30c71c,True,True,2026-06-02T00:55:12Z
M0-ELARA-BENCH-LA_rga_boosted_fusion_test_seed44_b625d553,M0-ELARA-BENCH-LA,ELARA-Bench-LA,label_aligned_mechanism,44,rga_boosted_fusion,test,elara_master_c/predictions/development/M0-ELARA-BENCH-LA__ELARA-Bench-LA__label_aligned_mechanism/rga_boosted_fusion/test/seed_44__rerun_2.parquet,1600,b625d553debea23f0d72267cbca48e1b62762cf8730fc95fe4cefa4156ee656f,1c61f390dce89b19df824b3a3f8ea6dfcebf425a6de331b77000fe0422c8d8ec,9cfa32ccdcc444d67cf8b26508cd1c70ab30c71c,True,True,2026-06-02T00:55:12Z
M0-ELARA-BENCH-LA_rga_meta_router_test_seed44_26ea8043,M0-ELARA-BENCH-LA,ELARA-Bench-LA,label_aligned_mechanism,44,rga_meta_router,test,elara_master_c/predictions/development/M0-ELARA-BENCH-LA__ELARA-Bench-LA__label_aligned_mechanism/rga_meta_router/test/seed_44__rerun_2.parquet,1600,26ea8043295a5f2b543e594419357f7f84ef1479eb53858e95412e636b70c6b7,1c61f390dce89b19df824b3a3f8ea6dfcebf425a6de331b77000fe0422c8d8ec,9cfa32ccdcc444d67cf8b26508cd1c70ab30c71c,True,True,2026-06-02T00:55:12Z
M0-ELARA-BENCH-LA_early_fusion_mlp_test_seed44_3cd94517,M0-ELARA-BENCH-LA,ELARA-Bench-LA,label_aligned_mechanism,44,early_fusion_mlp,test,elara_master_c/predictions/development/M0-ELARA-BENCH-LA__ELARA-Bench-LA__label_aligned_mechanism/early_fusion_mlp/test/seed_44__rerun_2.parquet,1600,3cd945171e6962a933b03a5e7f900032bcd81a920f407b356fe532fe5c415028,1c61f390dce89b19df824b3a3f8ea6dfcebf425a6de331b77000fe0422c8d8ec,9cfa32ccdcc444d67cf8b26508cd1c70ab30c71c,True,True,2026-06-02T00:55:12Z
M0-ELARA-BENCH-LA_late_fusion_ensemble_test_seed44_eac1f903,M0-ELARA-BENCH-LA,ELARA-Bench-LA,label_aligned_mechanism,44,late_fusion_ensemble,test,elara_master_c/predictions/development/M0-ELARA-BENCH-LA__ELARA-Bench-LA__label_aligned_mechanism/late_fusion_ensemble/test/seed_44__rerun_2.parquet,1600,eac1f90353c461ba93a30124a22f11dbd1b5871e82a9392cb98dcc541963b012,1c61f390dce89b19df824b3a3f8ea6dfcebf425a6de331b77000fe0422c8d8ec,9cfa32ccdcc444d67cf8b26508cd1c70ab30c71c,True,True,2026-06-02T00:55:12Z
M0-ELARA-BENCH-LA_random_forest_test_seed44_81216b99,M0-ELARA-BENCH-LA,ELARA-Bench-LA,label_aligned_mechanism,44,random_forest,test,elara_master_c/predictions/development/M0-ELARA-BENCH-LA__ELARA-Bench-LA__label_aligned_mechanism/random_forest/test/seed_44__rerun_2.parquet,1600,81216b99883fa7c7697b5a511f089ecc8e545a5f0899c6bb9edae3e8dc938b61,1c61f390dce89b19df824b3a3f8ea6dfcebf425a6de331b77000fe0422c8d8ec,9cfa32ccdcc444d67cf8b26508cd1c70ab30c71c,True,True,2026-06-02T00:55:12Z
M0-ELARA-BENCH-LA_confidence_weighted_mean_test_seed44_0d8c5ccb,M0-ELARA-BENCH-LA,ELARA-Bench-LA,label_aligned_mechanism,44,confidence_weighted_mean,test,elara_master_c/predictions/development/M0-ELARA-BENCH-LA__ELARA-Bench-LA__label_aligned_mechanism/confidence_weighted_mean/test/seed_44__rerun_2.parquet,1600,0d8c5ccb857f2862efc183948eb0c11c22d18fbc2287d07832e036520944c190,1c61f390dce89b19df824b3a3f8ea6dfcebf425a6de331b77000fe0422c8d8ec,9cfa32ccdcc444d67cf8b26508cd1c70ab30c71c,True,True,2026-06-02T00:55:12Z
M0-ELARA-BENCH-LA_tent_score_adapter_test_seed44_aa071a9d,M0-ELARA-BENCH-LA,ELARA-Bench-LA,label_aligned_mechanism,44,tent_score_adapter,test,elara_master_c/predictions/development/M0-ELARA-BENCH-LA__ELARA-Bench-LA__label_aligned_mechanism/tent_score_adapter/test/seed_44__rerun_2.parquet,1600,aa071a9df55e7b99d0ce8a2a664cf6efb5f5ca41863d778f62a694ee74e95432,1c61f390dce89b19df824b3a3f8ea6dfcebf425a6de331b77000fe0422c8d8ec,9cfa32ccdcc444d67cf8b26508cd1c70ab30c71c,True,True,2026-06-02T00:55:12Z
M0-ELARA-BENCH-LA_ttt_pseudo_label_adapter_test_seed44_7decbff6,M0-ELARA-BENCH-LA,ELARA-Bench-LA,label_aligned_mechanism,44,ttt_pseudo_label_adapter,test,elara_master_c/predictions/development/M0-ELARA-BENCH-LA__ELARA-Bench-LA__label_aligned_mechanism/ttt_pseudo_label_adapter/test/seed_44__rerun_2.parquet,1600,7decbff65d2d69e36a0212bda8fcfbe0ae4ff0aa95d1e4825722e7aebc4c8a05,1c61f390dce89b19df824b3a3f8ea6dfcebf425a6de331b77000fe0422c8d8ec,9cfa32ccdcc444d67cf8b26508cd1c70ab30c71c,True,True,2026-06-02T00:55:12Z
M0-ELARA-BENCH-LA_eata_score_adapter_test_seed44_ad141c3f,M0-ELARA-BENCH-LA,ELARA-Bench-LA,label_aligned_mechanism,44,eata_score_adapter,test,elara_master_c/predictions/development/M0-ELARA-BENCH-LA__ELARA-Bench-LA__label_aligned_mechanism/eata_score_adapter/test/seed_44__rerun_2.parquet,1600,ad141c3f3639c576f95bc026cb3738f447c0daa5a1681cd20e8f5bbe5e925924,1c61f390dce89b19df824b3a3f8ea6dfcebf425a6de331b77000fe0422c8d8ec,9cfa32ccdcc444d67cf8b26508cd1c70ab30c71c,True,True,2026-06-02T00:55:12Z
M0-ELARA-BENCH-LA_sar_score_adapter_test_seed44_53a98b09,M0-ELARA-BENCH-LA,ELARA-Bench-LA,label_aligned_mechanism,44,sar_score_adapter,test,elara_master_c/predictions/development/M0-ELARA-BENCH-LA__ELARA-Bench-LA__label_aligned_mechanism/sar_score_adapter/test/seed_44__rerun_2.parquet,1600,53a98b093ce34e1838ac0cdfa3f6cd0902e5cec770006cddcaa84bd6692115b4,1c61f390dce89b19df824b3a3f8ea6dfcebf425a6de331b77000fe0422c8d8ec,9cfa32ccdcc444d67cf8b26508cd1c70ab30c71c,True,True,2026-06-02T00:55:12Z
M0-ELARA-BENCH-LA_static_attention_test_seed45_d5300a4d,M0-ELARA-BENCH-LA,ELARA-Bench-LA,label_aligned_mechanism,45,static_attention,test,elara_master_c/predictions/development/M0-ELARA-BENCH-LA__ELARA-Bench-LA__label_aligned_mechanism/static_attention/test/seed_45__rerun_2.parquet,1600,d5300a4d5306c84ee6f6ce08828790586f3fd3b579dd7c60eb874b1c16fb091b,1c61f390dce89b19df824b3a3f8ea6dfcebf425a6de331b77000fe0422c8d8ec,9cfa32ccdcc444d67cf8b26508cd1c70ab30c71c,True,True,2026-06-02T00:55:37Z
M0-ELARA-BENCH-LA_craf_attention_test_seed45_3830aeb0,M0-ELARA-BENCH-LA,ELARA-Bench-LA,label_aligned_mechanism,45,craf_attention,test,elara_master_c/predictions/development/M0-ELARA-BENCH-LA__ELARA-Bench-LA__label_aligned_mechanism/craf_attention/test/seed_45__rerun_2.parquet,1600,3830aeb04710906e0fc28c8e2977acc91ef05a00d5e99c9e8ae54694c817ea9a,1c61f390dce89b19df824b3a3f8ea6dfcebf425a6de331b77000fe0422c8d8ec,9cfa32ccdcc444d67cf8b26508cd1c70ab30c71c,True,True,2026-06-02T00:55:37Z
M0-ELARA-BENCH-LA_rga_boosted_fusion_test_seed45_f5489b83,M0-ELARA-BENCH-LA,ELARA-Bench-LA,label_aligned_mechanism,45,rga_boosted_fusion,test,elara_master_c/predictions/development/M0-ELARA-BENCH-LA__ELARA-Bench-LA__label_aligned_mechanism/rga_boosted_fusion/test/seed_45__rerun_2.parquet,1600,f5489b837a0798765b9e9951e624f9f42f851b07fbd998a7549c35f0a9f1f514,1c61f390dce89b19df824b3a3f8ea6dfcebf425a6de331b77000fe0422c8d8ec,9cfa32ccdcc444d67cf8b26508cd1c70ab30c71c,True,True,2026-06-02T00:55:37Z
M0-ELARA-BENCH-LA_rga_meta_router_test_seed45_146dde6b,M0-ELARA-BENCH-LA,ELARA-Bench-LA,label_aligned_mechanism,45,rga_meta_router,test,elara_master_c/predictions/development/M0-ELARA-BENCH-LA__ELARA-Bench-LA__label_aligned_mechanism/rga_meta_router/test/seed_45__rerun_2.parquet,1600,146dde6bf3c3e3f3f1eac69679322bcdcf7e3f44540e600ff4e580e7407caf08,1c61f390dce89b19df824b3a3f8ea6dfcebf425a6de331b77000fe0422c8d8ec,9cfa32ccdcc444d67cf8b26508cd1c70ab30c71c,True,True,2026-06-02T00:55:37Z
M0-ELARA-BENCH-LA_early_fusion_mlp_test_seed45_a4b9e180,M0-ELARA-BENCH-LA,ELARA-Bench-LA,label_aligned_mechanism,45,early_fusion_mlp,test,elara_master_c/predictions/development/M0-ELARA-BENCH-LA__ELARA-Bench-LA__label_aligned_mechanism/early_fusion_mlp/test/seed_45__rerun_2.parquet,1600,a4b9e18060c4b128d0f40dafb554ceaee2605cd8ebe33c97f4580b55e6c97c16,1c61f390dce89b19df824b3a3f8ea6dfcebf425a6de331b77000fe0422c8d8ec,9cfa32ccdcc444d67cf8b26508cd1c70ab30c71c,True,True,2026-06-02T00:55:37Z
M0-ELARA-BENCH-LA_late_fusion_ensemble_test_seed45_a51a41a1,M0-ELARA-BENCH-LA,ELARA-Bench-LA,label_aligned_mechanism,45,late_fusion_ensemble,test,elara_master_c/predictions/development/M0-ELARA-BENCH-LA__ELARA-Bench-LA__label_aligned_mechanism/late_fusion_ensemble/test/seed_45__rerun_2.parquet,1600,a51a41a12005c64fb93525257049cbada416b7011004814b9016a308ebeacc7d,1c61f390dce89b19df824b3a3f8ea6dfcebf425a6de331b77000fe0422c8d8ec,9cfa32ccdcc444d67cf8b26508cd1c70ab30c71c,True,True,2026-06-02T00:55:37Z
M0-ELARA-BENCH-LA_random_forest_test_seed45_c0ec4215,M0-ELARA-BENCH-LA,ELARA-Bench-LA,label_aligned_mechanism,45,random_forest,test,elara_master_c/predictions/development/M0-ELARA-BENCH-LA__ELARA-Bench-LA__label_aligned_mechanism/random_forest/test/seed_45__rerun_2.parquet,1600,c0ec4215b44f585d78ac2b91c1adcc65cc2892b543cb9aa606cec3e9963ee802,1c61f390dce89b19df824b3a3f8ea6dfcebf425a6de331b77000fe0422c8d8ec,9cfa32ccdcc444d67cf8b26508cd1c70ab30c71c,True,True,2026-06-02T00:55:37Z
M0-ELARA-BENCH-LA_confidence_weighted_mean_test_seed45_122d1daa,M0-ELARA-BENCH-LA,ELARA-Bench-LA,label_aligned_mechanism,45,confidence_weighted_mean,test,elara_master_c/predictions/development/M0-ELARA-BENCH-LA__ELARA-Bench-LA__label_aligned_mechanism/confidence_weighted_mean/test/seed_45__rerun_2.parquet,1600,122d1daa9fb9223472522ae17601a5ce1045190cf8f216d732f97a3e8af95573,1c61f390dce89b19df824b3a3f8ea6dfcebf425a6de331b77000fe0422c8d8ec,9cfa32ccdcc444d67cf8b26508cd1c70ab30c71c,True,True,2026-06-02T00:55:37Z
M0-ELARA-BENCH-LA_tent_score_adapter_test_seed45_c98d1dcd,M0-ELARA-BENCH-LA,ELARA-Bench-LA,label_aligned_mechanism,45,tent_score_adapter,test,elara_master_c/predictions/development/M0-ELARA-BENCH-LA__ELARA-Bench-LA__label_aligned_mechanism/tent_score_adapter/test/seed_45__rerun_2.parquet,1600,c98d1dcd7c419f4d25c95c98b632989535b9f08bf0bd12baadce6186d2e453da,1c61f390dce89b19df824b3a3f8ea6dfcebf425a6de331b77000fe0422c8d8ec,9cfa32ccdcc444d67cf8b26508cd1c70ab30c71c,True,True,2026-06-02T00:55:37Z
M0-ELARA-BENCH-LA_ttt_pseudo_label_adapter_test_seed45_13df5d52,M0-ELARA-BENCH-LA,ELARA-Bench-LA,label_aligned_mechanism,45,ttt_pseudo_label_adapter,test,elara_master_c/predictions/development/M0-ELARA-BENCH-LA__ELARA-Bench-LA__label_aligned_mechanism/ttt_pseudo_label_adapter/test/seed_45__rerun_2.parquet,1600,13df5d52dbd0258afd241392e9894372a759359d6cd8dc7978ac25eb2b71da89,1c61f390dce89b19df824b3a3f8ea6dfcebf425a6de331b77000fe0422c8d8ec,9cfa32ccdcc444d67cf8b26508cd1c70ab30c71c,True,True,2026-06-02T00:55:37Z
M0-ELARA-BENCH-LA_eata_score_adapter_test_seed45_8303f431,M0-ELARA-BENCH-LA,ELARA-Bench-LA,label_aligned_mechanism,45,eata_score_adapter,test,elara_master_c/predictions/development/M0-ELARA-BENCH-LA__ELARA-Bench-LA__label_aligned_mechanism/eata_score_adapter/test/seed_45__rerun_2.parquet,1600,8303f431b5cea2494085857db6e74f18f83bd25c14a03bd22fc00d71b2b600aa,1c61f390dce89b19df824b3a3f8ea6dfcebf425a6de331b77000fe0422c8d8ec,9cfa32ccdcc444d67cf8b26508cd1c70ab30c71c,True,True,2026-06-02T00:55:37Z
M0-ELARA-BENCH-LA_sar_score_adapter_test_seed45_27d9a3b8,M0-ELARA-BENCH-LA,ELARA-Bench-LA,label_aligned_mechanism,45,sar_score_adapter,test,elara_master_c/predictions/development/M0-ELARA-BENCH-LA__ELARA-Bench-LA__label_aligned_mechanism/sar_score_adapter/test/seed_45__rerun_2.parquet,1600,27d9a3b8b57426ccfbcbf69a646f13becc3603b68ec209928fa0c1e00a55c54b,1c61f390dce89b19df824b3a3f8ea6dfcebf425a6de331b77000fe0422c8d8ec,9cfa32ccdcc444d67cf8b26508cd1c70ab30c71c,True,True,2026-06-02T00:55:37Z
M0-ELARA-BENCH-LA_static_attention_test_seed46_dce50f0f,M0-ELARA-BENCH-LA,ELARA-Bench-LA,label_aligned_mechanism,46,static_attention,test,elara_master_c/predictions/development/M0-ELARA-BENCH-LA__ELARA-Bench-LA__label_aligned_mechanism/static_attention/test/seed_46__rerun_2.parquet,1600,dce50f0f3ec42c8b14f45adf07bec8ba5432f916294c05e3a6ddace4ad692ae4,1c61f390dce89b19df824b3a3f8ea6dfcebf425a6de331b77000fe0422c8d8ec,9cfa32ccdcc444d67cf8b26508cd1c70ab30c71c,True,True,2026-06-02T00:56:03Z
M0-ELARA-BENCH-LA_craf_attention_test_seed46_76cfd2fd,M0-ELARA-BENCH-LA,ELARA-Bench-LA,label_aligned_mechanism,46,craf_attention,test,elara_master_c/predictions/development/M0-ELARA-BENCH-LA__ELARA-Bench-LA__label_aligned_mechanism/craf_attention/test/seed_46__rerun_2.parquet,1600,76cfd2fd7588937647f16cbf1b3a858ba01bd310df43acc4a5cb316dd6e2bf4c,1c61f390dce89b19df824b3a3f8ea6dfcebf425a6de331b77000fe0422c8d8ec,9cfa32ccdcc444d67cf8b26508cd1c70ab30c71c,True,True,2026-06-02T00:56:03Z
M0-ELARA-BENCH-LA_rga_boosted_fusion_test_seed46_32fd18cb,M0-ELARA-BENCH-LA,ELARA-Bench-LA,label_aligned_mechanism,46,rga_boosted_fusion,test,elara_master_c/predictions/development/M0-ELARA-BENCH-LA__ELARA-Bench-LA__label_aligned_mechanism/rga_boosted_fusion/test/seed_46__rerun_2.parquet,1600,32fd18cb78c7088e8b4bcd36911dacbc8b1f5a183ea34a1f83a501764a54adde,1c61f390dce89b19df824b3a3f8ea6dfcebf425a6de331b77000fe0422c8d8ec,9cfa32ccdcc444d67cf8b26508cd1c70ab30c71c,True,True,2026-06-02T00:56:03Z
M0-ELARA-BENCH-LA_rga_meta_router_test_seed46_433be1dd,M0-ELARA-BENCH-LA,ELARA-Bench-LA,label_aligned_mechanism,46,rga_meta_router,test,elara_master_c/predictions/development/M0-ELARA-BENCH-LA__ELARA-Bench-LA__label_aligned_mechanism/rga_meta_router/test/seed_46__rerun_2.parquet,1600,433be1dd492c06f0dca3e69a0aa6ce229833ab24bbf206f9cec41b1ddfc4d345,1c61f390dce89b19df824b3a3f8ea6dfcebf425a6de331b77000fe0422c8d8ec,9cfa32ccdcc444d67cf8b26508cd1c70ab30c71c,True,True,2026-06-02T00:56:03Z
M0-ELARA-BENCH-LA_early_fusion_mlp_test_seed46_c4d27017,M0-ELARA-BENCH-LA,ELARA-Bench-LA,label_aligned_mechanism,46,early_fusion_mlp,test,elara_master_c/predictions/development/M0-ELARA-BENCH-LA__ELARA-Bench-LA__label_aligned_mechanism/early_fusion_mlp/test/seed_46__rerun_2.parquet,1600,c4d27017c0e4ca7480f23d45f00aff6ce54b33f00662781bee7b0d54a49ff95e,1c61f390dce89b19df824b3a3f8ea6dfcebf425a6de331b77000fe0422c8d8ec,9cfa32ccdcc444d67cf8b26508cd1c70ab30c71c,True,True,2026-06-02T00:56:03Z
M0-ELARA-BENCH-LA_late_fusion_ensemble_test_seed46_07146494,M0-ELARA-BENCH-LA,ELARA-Bench-LA,label_aligned_mechanism,46,late_fusion_ensemble,test,elara_master_c/predictions/development/M0-ELARA-BENCH-LA__ELARA-Bench-LA__label_aligned_mechanism/late_fusion_ensemble/test/seed_46__rerun_2.parquet,1600,071464944843b7c2202e3347aff75f3fb77c50c8ecd0ea589440cd0d7b036eee,1c61f390dce89b19df824b3a3f8ea6dfcebf425a6de331b77000fe0422c8d8ec,9cfa32ccdcc444d67cf8b26508cd1c70ab30c71c,True,True,2026-06-02T00:56:03Z
M0-ELARA-BENCH-LA_random_forest_test_seed46_0cdce922,M0-ELARA-BENCH-LA,ELARA-Bench-LA,label_aligned_mechanism,46,random_forest,test,elara_master_c/predictions/development/M0-ELARA-BENCH-LA__ELARA-Bench-LA__label_aligned_mechanism/random_forest/test/seed_46__rerun_2.parquet,1600,0cdce92277ae5d402ab993ca125c15b01ea202930435cf30d559db2575bbbc65,1c61f390dce89b19df824b3a3f8ea6dfcebf425a6de331b77000fe0422c8d8ec,9cfa32ccdcc444d67cf8b26508cd1c70ab30c71c,True,True,2026-06-02T00:56:03Z
M0-ELARA-BENCH-LA_confidence_weighted_mean_test_seed46_7328222b,M0-ELARA-BENCH-LA,ELARA-Bench-LA,label_aligned_mechanism,46,confidence_weighted_mean,test,elara_master_c/predictions/development/M0-ELARA-BENCH-LA__ELARA-Bench-LA__label_aligned_mechanism/confidence_weighted_mean/test/seed_46__rerun_2.parquet,1600,7328222b2cdbe5c0ec11014c3ede6cde3330fb3d1c728259ffbfb0481735f41f,1c61f390dce89b19df824b3a3f8ea6dfcebf425a6de331b77000fe0422c8d8ec,9cfa32ccdcc444d67cf8b26508cd1c70ab30c71c,True,True,2026-06-02T00:56:03Z
M0-ELARA-BENCH-LA_tent_score_adapter_test_seed46_848116a3,M0-ELARA-BENCH-LA,ELARA-Bench-LA,label_aligned_mechanism,46,tent_score_adapter,test,elara_master_c/predictions/development/M0-ELARA-BENCH-LA__ELARA-Bench-LA__label_aligned_mechanism/tent_score_adapter/test/seed_46__rerun_2.parquet,1600,848116a38732d3beab15a0f56f93c228b6845d7391051352d1fe18b63ea65c10,1c61f390dce89b19df824b3a3f8ea6dfcebf425a6de331b77000fe0422c8d8ec,9cfa32ccdcc444d67cf8b26508cd1c70ab30c71c,True,True,2026-06-02T00:56:03Z
M0-ELARA-BENCH-LA_ttt_pseudo_label_adapter_test_seed46_296d49a8,M0-ELARA-BENCH-LA,ELARA-Bench-LA,label_aligned_mechanism,46,ttt_pseudo_label_adapter,test,elara_master_c/predictions/development/M0-ELARA-BENCH-LA__ELARA-Bench-LA__label_aligned_mechanism/ttt_pseudo_label_adapter/test/seed_46__rerun_2.parquet,1600,296d49a86268f3841a161f5816372a88395276f665806cd7cc3fadfc8977a24b,1c61f390dce89b19df824b3a3f8ea6dfcebf425a6de331b77000fe0422c8d8ec,9cfa32ccdcc444d67cf8b26508cd1c70ab30c71c,True,True,2026-06-02T00:56:03Z
M0-ELARA-BENCH-LA_eata_score_adapter_test_seed46_8412ea8c,M0-ELARA-BENCH-LA,ELARA-Bench-LA,label_aligned_mechanism,46,eata_score_adapter,test,elara_master_c/predictions/development/M0-ELARA-BENCH-LA__ELARA-Bench-LA__label_aligned_mechanism/eata_score_adapter/test/seed_46__rerun_2.parquet,1600,8412ea8c3135340e3a15ee93b2dc45a14ee660c87257243d4d6bb172a42ea414,1c61f390dce89b19df824b3a3f8ea6dfcebf425a6de331b77000fe0422c8d8ec,9cfa32ccdcc444d67cf8b26508cd1c70ab30c71c,True,True,2026-06-02T00:56:03Z
M0-ELARA-BENCH-LA_sar_score_adapter_test_seed46_da28ed70,M0-ELARA-BENCH-LA,ELARA-Bench-LA,label_aligned_mechanism,46,sar_score_adapter,test,elara_master_c/predictions/development/M0-ELARA-BENCH-LA__ELARA-Bench-LA__label_aligned_mechanism/sar_score_adapter/test/seed_46__rerun_2.parquet,1600,da28ed703f9adbd283721a7aa358225cc117acdf663bc922e48c5944e7f8c9b0,1c61f390dce89b19df824b3a3f8ea6dfcebf425a6de331b77000fe0422c8d8ec,9cfa32ccdcc444d67cf8b26508cd1c70ab30c71c,True,True,2026-06-02T00:56:03Z
M0-ELARA-BENCH-LA_static_attention_test_seed47_566f260f,M0-ELARA-BENCH-LA,ELARA-Bench-LA,label_aligned_mechanism,47,static_attention,test,elara_master_c/predictions/development/M0-ELARA-BENCH-LA__ELARA-Bench-LA__label_aligned_mechanism/static_attention/test/seed_47__rerun_1.parquet,1600,566f260f0529e35ef80402c5f8ff1367340de2a78e2573085d2872c2825ff912,1c61f390dce89b19df824b3a3f8ea6dfcebf425a6de331b77000fe0422c8d8ec,9cfa32ccdcc444d67cf8b26508cd1c70ab30c71c,True,True,2026-06-02T00:56:28Z
M0-ELARA-BENCH-LA_craf_attention_test_seed47_36d3e0af,M0-ELARA-BENCH-LA,ELARA-Bench-LA,label_aligned_mechanism,47,craf_attention,test,elara_master_c/predictions/development/M0-ELARA-BENCH-LA__ELARA-Bench-LA__label_aligned_mechanism/craf_attention/test/seed_47__rerun_1.parquet,1600,36d3e0afd0e2f71c3adc216ae557988523bc344b1c47d8d49e946da7dcb2fb13,1c61f390dce89b19df824b3a3f8ea6dfcebf425a6de331b77000fe0422c8d8ec,9cfa32ccdcc444d67cf8b26508cd1c70ab30c71c,True,True,2026-06-02T00:56:28Z
M0-ELARA-BENCH-LA_rga_boosted_fusion_test_seed47_7b6a883a,M0-ELARA-BENCH-LA,ELARA-Bench-LA,label_aligned_mechanism,47,rga_boosted_fusion,test,elara_master_c/predictions/development/M0-ELARA-BENCH-LA__ELARA-Bench-LA__label_aligned_mechanism/rga_boosted_fusion/test/seed_47__rerun_1.parquet,1600,7b6a883a85f677fe9605b8d2dafd95826f7e1fa694080f237b7f155f47670756,1c61f390dce89b19df824b3a3f8ea6dfcebf425a6de331b77000fe0422c8d8ec,9cfa32ccdcc444d67cf8b26508cd1c70ab30c71c,True,True,2026-06-02T00:56:28Z
M0-ELARA-BENCH-LA_rga_meta_router_test_seed47_d17a35ee,M0-ELARA-BENCH-LA,ELARA-Bench-LA,label_aligned_mechanism,47,rga_meta_router,test,elara_master_c/predictions/development/M0-ELARA-BENCH-LA__ELARA-Bench-LA__label_aligned_mechanism/rga_meta_router/test/seed_47__rerun_1.parquet,1600,d17a35ee4d1dc20b899b362dce2f7987abc9229e490c5983f1009e02de7fb702,1c61f390dce89b19df824b3a3f8ea6dfcebf425a6de331b77000fe0422c8d8ec,9cfa32ccdcc444d67cf8b26508cd1c70ab30c71c,True,True,2026-06-02T00:56:28Z
M0-ELARA-BENCH-LA_early_fusion_mlp_test_seed47_82eb8558,M0-ELARA-BENCH-LA,ELARA-Bench-LA,label_aligned_mechanism,47,early_fusion_mlp,test,elara_master_c/predictions/development/M0-ELARA-BENCH-LA__ELARA-Bench-LA__label_aligned_mechanism/early_fusion_mlp/test/seed_47__rerun_1.parquet,1600,82eb8558c41245f6ae5f9c87a00c01b562673b39ddaf96c85b2956d71bd8a3da,1c61f390dce89b19df824b3a3f8ea6dfcebf425a6de331b77000fe0422c8d8ec,9cfa32ccdcc444d67cf8b26508cd1c70ab30c71c,True,True,2026-06-02T00:56:28Z
M0-ELARA-BENCH-LA_late_fusion_ensemble_test_seed47_3821417f,M0-ELARA-BENCH-LA,ELARA-Bench-LA,label_aligned_mechanism,47,late_fusion_ensemble,test,elara_master_c/predictions/development/M0-ELARA-BENCH-LA__ELARA-Bench-LA__label_aligned_mechanism/late_fusion_ensemble/test/seed_47__rerun_1.parquet,1600,3821417f668d7ab79ba2ef2c72918e4569dabca056152afa87e741ce459c71eb,1c61f390dce89b19df824b3a3f8ea6dfcebf425a6de331b77000fe0422c8d8ec,9cfa32ccdcc444d67cf8b26508cd1c70ab30c71c,True,True,2026-06-02T00:56:28Z
M0-ELARA-BENCH-LA_random_forest_test_seed47_03eb12b9,M0-ELARA-BENCH-LA,ELARA-Bench-LA,label_aligned_mechanism,47,random_forest,test,elara_master_c/predictions/development/M0-ELARA-BENCH-LA__ELARA-Bench-LA__label_aligned_mechanism/random_forest/test/seed_47__rerun_1.parquet,1600,03eb12b9791d1fa42b1f0ce492619824814f7a2720628577db67b693ea3bcb01,1c61f390dce89b19df824b3a3f8ea6dfcebf425a6de331b77000fe0422c8d8ec,9cfa32ccdcc444d67cf8b26508cd1c70ab30c71c,True,True,2026-06-02T00:56:28Z
M0-ELARA-BENCH-LA_confidence_weighted_mean_test_seed47_03143d80,M0-ELARA-BENCH-LA,ELARA-Bench-LA,label_aligned_mechanism,47,confidence_weighted_mean,test,elara_master_c/predictions/development/M0-ELARA-BENCH-LA__ELARA-Bench-LA__label_aligned_mechanism/confidence_weighted_mean/test/seed_47__rerun_1.parquet,1600,03143d80a0d8a900ced9b95ae96c4e282836bb671de110171dbf17ea17fcd088,1c61f390dce89b19df824b3a3f8ea6dfcebf425a6de331b77000fe0422c8d8ec,9cfa32ccdcc444d67cf8b26508cd1c70ab30c71c,True,True,2026-06-02T00:56:28Z
M0-ELARA-BENCH-LA_tent_score_adapter_test_seed47_f2ab4d3f,M0-ELARA-BENCH-LA,ELARA-Bench-LA,label_aligned_mechanism,47,tent_score_adapter,test,elara_master_c/predictions/development/M0-ELARA-BENCH-LA__ELARA-Bench-LA__label_aligned_mechanism/tent_score_adapter/test/seed_47__rerun_1.parquet,1600,f2ab4d3f297bbf72500424354432283f7e773ec28a77c0fb13d8728b4c6125ca,1c61f390dce89b19df824b3a3f8ea6dfcebf425a6de331b77000fe0422c8d8ec,9cfa32ccdcc444d67cf8b26508cd1c70ab30c71c,True,True,2026-06-02T00:56:28Z
M0-ELARA-BENCH-LA_ttt_pseudo_label_adapter_test_seed47_c4db284d,M0-ELARA-BENCH-LA,ELARA-Bench-LA,label_aligned_mechanism,47,ttt_pseudo_label_adapter,test,elara_master_c/predictions/development/M0-ELARA-BENCH-LA__ELARA-Bench-LA__label_aligned_mechanism/ttt_pseudo_label_adapter/test/seed_47__rerun_1.parquet,1600,c4db284dca348409546fc6c1050d90ba9156ef8fa0f45f73af0cb9b81e2e98c1,1c61f390dce89b19df824b3a3f8ea6dfcebf425a6de331b77000fe0422c8d8ec,9cfa32ccdcc444d67cf8b26508cd1c70ab30c71c,True,True,2026-06-02T00:56:28Z
M0-ELARA-BENCH-LA_eata_score_adapter_test_seed47_db49397c,M0-ELARA-BENCH-LA,ELARA-Bench-LA,label_aligned_mechanism,47,eata_score_adapter,test,elara_master_c/predictions/development/M0-ELARA-BENCH-LA__ELARA-Bench-LA__label_aligned_mechanism/eata_score_adapter/test/seed_47__rerun_1.parquet,1600,db49397c653457e9ad719b230e8cad9696f3e74af19290921358cbdf2650f627,1c61f390dce89b19df824b3a3f8ea6dfcebf425a6de331b77000fe0422c8d8ec,9cfa32ccdcc444d67cf8b26508cd1c70ab30c71c,True,True,2026-06-02T00:56:29Z
M0-ELARA-BENCH-LA_sar_score_adapter_test_seed47_1d9c1095,M0-ELARA-BENCH-LA,ELARA-Bench-LA,label_aligned_mechanism,47,sar_score_adapter,test,elara_master_c/predictions/development/M0-ELARA-BENCH-LA__ELARA-Bench-LA__label_aligned_mechanism/sar_score_adapter/test/seed_47__rerun_1.parquet,1600,1d9c109599dc0377a22faf6340aea05ceec64229fa799cea4d702619405e2b43,1c61f390dce89b19df824b3a3f8ea6dfcebf425a6de331b77000fe0422c8d8ec,9cfa32ccdcc444d67cf8b26508cd1c70ab30c71c,True,True,2026-06-02T00:56:29Z
M0-ELARA-BENCH-LA_static_attention_test_seed48_78dd8a4b,M0-ELARA-BENCH-LA,ELARA-Bench-LA,label_aligned_mechanism,48,static_attention,test,elara_master_c/predictions/development/M0-ELARA-BENCH-LA__ELARA-Bench-LA__label_aligned_mechanism/static_attention/test/seed_48__rerun_1.parquet,1600,78dd8a4b5d599310818c890671f54ec5e775a5e6e6200e62632360195f68f7ac,1c61f390dce89b19df824b3a3f8ea6dfcebf425a6de331b77000fe0422c8d8ec,9cfa32ccdcc444d67cf8b26508cd1c70ab30c71c,True,True,2026-06-02T00:56:53Z
M0-ELARA-BENCH-LA_craf_attention_test_seed48_1d818d6e,M0-ELARA-BENCH-LA,ELARA-Bench-LA,label_aligned_mechanism,48,craf_attention,test,elara_master_c/predictions/development/M0-ELARA-BENCH-LA__ELARA-Bench-LA__label_aligned_mechanism/craf_attention/test/seed_48__rerun_1.parquet,1600,1d818d6efcc3531f20f0cdf3f7a91b9c92f1e42506ca3a75d379df44ec611658,1c61f390dce89b19df824b3a3f8ea6dfcebf425a6de331b77000fe0422c8d8ec,9cfa32ccdcc444d67cf8b26508cd1c70ab30c71c,True,True,2026-06-02T00:56:53Z
M0-ELARA-BENCH-LA_rga_boosted_fusion_test_seed48_e4275943,M0-ELARA-BENCH-LA,ELARA-Bench-LA,label_aligned_mechanism,48,rga_boosted_fusion,test,elara_master_c/predictions/development/M0-ELARA-BENCH-LA__ELARA-Bench-LA__label_aligned_mechanism/rga_boosted_fusion/test/seed_48__rerun_1.parquet,1600,e42759437fb9c276d064bc632e26009eebc0d714ba0ab682e4021cd4c297a1ed,1c61f390dce89b19df824b3a3f8ea6dfcebf425a6de331b77000fe0422c8d8ec,9cfa32ccdcc444d67cf8b26508cd1c70ab30c71c,True,True,2026-06-02T00:56:53Z
M0-ELARA-BENCH-LA_rga_meta_router_test_seed48_90d1b1ef,M0-ELARA-BENCH-LA,ELARA-Bench-LA,label_aligned_mechanism,48,rga_meta_router,test,elara_master_c/predictions/development/M0-ELARA-BENCH-LA__ELARA-Bench-LA__label_aligned_mechanism/rga_meta_router/test/seed_48__rerun_1.parquet,1600,90d1b1ef93fe18b6a6ad9578942e87ea062bdb0e3ce1b4edcceb7e74862a0a6a,1c61f390dce89b19df824b3a3f8ea6dfcebf425a6de331b77000fe0422c8d8ec,9cfa32ccdcc444d67cf8b26508cd1c70ab30c71c,True,True,2026-06-02T00:56:53Z
M0-ELARA-BENCH-LA_early_fusion_mlp_test_seed48_bed8eae8,M0-ELARA-BENCH-LA,ELARA-Bench-LA,label_aligned_mechanism,48,early_fusion_mlp,test,elara_master_c/predictions/development/M0-ELARA-BENCH-LA__ELARA-Bench-LA__label_aligned_mechanism/early_fusion_mlp/test/seed_48__rerun_1.parquet,1600,bed8eae8378e59e49bc2778a0a772d0a31757325c3b80cdcd109d4ffe74f16e1,1c61f390dce89b19df824b3a3f8ea6dfcebf425a6de331b77000fe0422c8d8ec,9cfa32ccdcc444d67cf8b26508cd1c70ab30c71c,True,True,2026-06-02T00:56:53Z
M0-ELARA-BENCH-LA_late_fusion_ensemble_test_seed48_d277cb21,M0-ELARA-BENCH-LA,ELARA-Bench-LA,label_aligned_mechanism,48,late_fusion_ensemble,test,elara_master_c/predictions/development/M0-ELARA-BENCH-LA__ELARA-Bench-LA__label_aligned_mechanism/late_fusion_ensemble/test/seed_48__rerun_1.parquet,1600,d277cb21cdd6ea3777531d682a30af9097ee34ad41f1ae6ead5796d8dd113290,1c61f390dce89b19df824b3a3f8ea6dfcebf425a6de331b77000fe0422c8d8ec,9cfa32ccdcc444d67cf8b26508cd1c70ab30c71c,True,True,2026-06-02T00:56:53Z
M0-ELARA-BENCH-LA_random_forest_test_seed48_63b6a8f0,M0-ELARA-BENCH-LA,ELARA-Bench-LA,label_aligned_mechanism,48,random_forest,test,elara_master_c/predictions/development/M0-ELARA-BENCH-LA__ELARA-Bench-LA__label_aligned_mechanism/random_forest/test/seed_48__rerun_1.parquet,1600,63b6a8f0f87677d435279c6424fae576dd27a6a379012978b7abd31ee5298e32,1c61f390dce89b19df824b3a3f8ea6dfcebf425a6de331b77000fe0422c8d8ec,9cfa32ccdcc444d67cf8b26508cd1c70ab30c71c,True,True,2026-06-02T00:56:53Z
M0-ELARA-BENCH-LA_confidence_weighted_mean_test_seed48_7a0f1d67,M0-ELARA-BENCH-LA,ELARA-Bench-LA,label_aligned_mechanism,48,confidence_weighted_mean,test,elara_master_c/predictions/development/M0-ELARA-BENCH-LA__ELARA-Bench-LA__label_aligned_mechanism/confidence_weighted_mean/test/seed_48__rerun_1.parquet,1600,7a0f1d675d61574875fb7b0f0b1638cbacb67444bce5af9f90d45ba38a5a47a1,1c61f390dce89b19df824b3a3f8ea6dfcebf425a6de331b77000fe0422c8d8ec,9cfa32ccdcc444d67cf8b26508cd1c70ab30c71c,True,True,2026-06-02T00:56:53Z
M0-ELARA-BENCH-LA_tent_score_adapter_test_seed48_6746607a,M0-ELARA-BENCH-LA,ELARA-Bench-LA,label_aligned_mechanism,48,tent_score_adapter,test,elara_master_c/predictions/development/M0-ELARA-BENCH-LA__ELARA-Bench-LA__label_aligned_mechanism/tent_score_adapter/test/seed_48__rerun_1.parquet,1600,6746607a8e0457587f9e96c1f981ec2dc07d371afbb03655410cd1d0d2233ae0,1c61f390dce89b19df824b3a3f8ea6dfcebf425a6de331b77000fe0422c8d8ec,9cfa32ccdcc444d67cf8b26508cd1c70ab30c71c,True,True,2026-06-02T00:56:53Z
M0-ELARA-BENCH-LA_ttt_pseudo_label_adapter_test_seed48_33fafc6f,M0-ELARA-BENCH-LA,ELARA-Bench-LA,label_aligned_mechanism,48,ttt_pseudo_label_adapter,test,elara_master_c/predictions/development/M0-ELARA-BENCH-LA__ELARA-Bench-LA__label_aligned_mechanism/ttt_pseudo_label_adapter/test/seed_48__rerun_1.parquet,1600,33fafc6f2dbacea6e8b8a3c8496c7e3234cbdbc1e5589c1b7845c16cf561497c,1c61f390dce89b19df824b3a3f8ea6dfcebf425a6de331b77000fe0422c8d8ec,9cfa32ccdcc444d67cf8b26508cd1c70ab30c71c,True,True,2026-06-02T00:56:53Z
M0-ELARA-BENCH-LA_eata_score_adapter_test_seed48_87f6feb2,M0-ELARA-BENCH-LA,ELARA-Bench-LA,label_aligned_mechanism,48,eata_score_adapter,test,elara_master_c/predictions/development/M0-ELARA-BENCH-LA__ELARA-Bench-LA__label_aligned_mechanism/eata_score_adapter/test/seed_48__rerun_1.parquet,1600,87f6feb281c458a7bb5e1be9af864cbc6aec889e1e8ae45961a3aa4724c529e6,1c61f390dce89b19df824b3a3f8ea6dfcebf425a6de331b77000fe0422c8d8ec,9cfa32ccdcc444d67cf8b26508cd1c70ab30c71c,True,True,2026-06-02T00:56:53Z
M0-ELARA-BENCH-LA_sar_score_adapter_test_seed48_d16009c0,M0-ELARA-BENCH-LA,ELARA-Bench-LA,label_aligned_mechanism,48,sar_score_adapter,test,elara_master_c/predictions/development/M0-ELARA-BENCH-LA__ELARA-Bench-LA__label_aligned_mechanism/sar_score_adapter/test/seed_48__rerun_1.parquet,1600,d16009c03692b0b8a381aadf6ff214eee93418420989911625cc2906018b4d53,1c61f390dce89b19df824b3a3f8ea6dfcebf425a6de331b77000fe0422c8d8ec,9cfa32ccdcc444d67cf8b26508cd1c70ab30c71c,True,True,2026-06-02T00:56:53Z
M0-ELARA-BENCH-LA_static_attention_test_seed49_688406b4,M0-ELARA-BENCH-LA,ELARA-Bench-LA,label_aligned_mechanism,49,static_attention,test,elara_master_c/predictions/development/M0-ELARA-BENCH-LA__ELARA-Bench-LA__label_aligned_mechanism/static_attention/test/seed_49__rerun_1.parquet,1600,688406b4404e50984ef2fcd40cd7c0faf07249e727b0bcbd2cd412fab1c38ec4,1c61f390dce89b19df824b3a3f8ea6dfcebf425a6de331b77000fe0422c8d8ec,9cfa32ccdcc444d67cf8b26508cd1c70ab30c71c,True,True,2026-06-02T00:57:18Z
M0-ELARA-BENCH-LA_craf_attention_test_seed49_06f43489,M0-ELARA-BENCH-LA,ELARA-Bench-LA,label_aligned_mechanism,49,craf_attention,test,elara_master_c/predictions/development/M0-ELARA-BENCH-LA__ELARA-Bench-LA__label_aligned_mechanism/craf_attention/test/seed_49__rerun_1.parquet,1600,06f434892b3b276a7adb309346881d18436bd8acdc861f468ccba66e9c7c6771,1c61f390dce89b19df824b3a3f8ea6dfcebf425a6de331b77000fe0422c8d8ec,9cfa32ccdcc444d67cf8b26508cd1c70ab30c71c,True,True,2026-06-02T00:57:18Z
M0-ELARA-BENCH-LA_rga_boosted_fusion_test_seed49_046fbe84,M0-ELARA-BENCH-LA,ELARA-Bench-LA,label_aligned_mechanism,49,rga_boosted_fusion,test,elara_master_c/predictions/development/M0-ELARA-BENCH-LA__ELARA-Bench-LA__label_aligned_mechanism/rga_boosted_fusion/test/seed_49__rerun_1.parquet,1600,046fbe842122f90d2932e0d5216ccfbf0f1724d8dfff251dd183a9fad6ee60d4,1c61f390dce89b19df824b3a3f8ea6dfcebf425a6de331b77000fe0422c8d8ec,9cfa32ccdcc444d67cf8b26508cd1c70ab30c71c,True,True,2026-06-02T00:57:18Z
M0-ELARA-BENCH-LA_rga_meta_router_test_seed49_0cb67970,M0-ELARA-BENCH-LA,ELARA-Bench-LA,label_aligned_mechanism,49,rga_meta_router,test,elara_master_c/predictions/development/M0-ELARA-BENCH-LA__ELARA-Bench-LA__label_aligned_mechanism/rga_meta_router/test/seed_49__rerun_1.parquet,1600,0cb679708218400ba25a2c6f9b84c8376e9ee28a39b824e40616c7bddfdba90c,1c61f390dce89b19df824b3a3f8ea6dfcebf425a6de331b77000fe0422c8d8ec,9cfa32ccdcc444d67cf8b26508cd1c70ab30c71c,True,True,2026-06-02T00:57:18Z
M0-ELARA-BENCH-LA_early_fusion_mlp_test_seed49_8d66acfc,M0-ELARA-BENCH-LA,ELARA-Bench-LA,label_aligned_mechanism,49,early_fusion_mlp,test,elara_master_c/predictions/development/M0-ELARA-BENCH-LA__ELARA-Bench-LA__label_aligned_mechanism/early_fusion_mlp/test/seed_49__rerun_1.parquet,1600,8d66acfce8c1323ef22d0a0b332067f2fbef22b9968c5f7d4891d292b5a0365a,1c61f390dce89b19df824b3a3f8ea6dfcebf425a6de331b77000fe0422c8d8ec,9cfa32ccdcc444d67cf8b26508cd1c70ab30c71c,True,True,2026-06-02T00:57:18Z
M0-ELARA-BENCH-LA_late_fusion_ensemble_test_seed49_34934d68,M0-ELARA-BENCH-LA,ELARA-Bench-LA,label_aligned_mechanism,49,late_fusion_ensemble,test,elara_master_c/predictions/development/M0-ELARA-BENCH-LA__ELARA-Bench-LA__label_aligned_mechanism/late_fusion_ensemble/test/seed_49__rerun_1.parquet,1600,34934d680e2720b959e905fb9c24848136776d650ea2caa66f16013f3c09ce16,1c61f390dce89b19df824b3a3f8ea6dfcebf425a6de331b77000fe0422c8d8ec,9cfa32ccdcc444d67cf8b26508cd1c70ab30c71c,True,True,2026-06-02T00:57:18Z
M0-ELARA-BENCH-LA_random_forest_test_seed49_7466b77b,M0-ELARA-BENCH-LA,ELARA-Bench-LA,label_aligned_mechanism,49,random_forest,test,elara_master_c/predictions/development/M0-ELARA-BENCH-LA__ELARA-Bench-LA__label_aligned_mechanism/random_forest/test/seed_49__rerun_1.parquet,1600,7466b77b02bd0cbaf6c2961587146ad3f8580a84bc63c1aa46d1c05f387bab17,1c61f390dce89b19df824b3a3f8ea6dfcebf425a6de331b77000fe0422c8d8ec,9cfa32ccdcc444d67cf8b26508cd1c70ab30c71c,True,True,2026-06-02T00:57:18Z
M0-ELARA-BENCH-LA_confidence_weighted_mean_test_seed49_167bfa9c,M0-ELARA-BENCH-LA,ELARA-Bench-LA,label_aligned_mechanism,49,confidence_weighted_mean,test,elara_master_c/predictions/development/M0-ELARA-BENCH-LA__ELARA-Bench-LA__label_aligned_mechanism/confidence_weighted_mean/test/seed_49__rerun_1.parquet,1600,167bfa9cc1878048799e1718c6b10991e91384ed1050eabd1f1ce045e0b059e4,1c61f390dce89b19df824b3a3f8ea6dfcebf425a6de331b77000fe0422c8d8ec,9cfa32ccdcc444d67cf8b26508cd1c70ab30c71c,True,True,2026-06-02T00:57:18Z
M0-ELARA-BENCH-LA_tent_score_adapter_test_seed49_25abf7e3,M0-ELARA-BENCH-LA,ELARA-Bench-LA,label_aligned_mechanism,49,tent_score_adapter,test,elara_master_c/predictions/development/M0-ELARA-BENCH-LA__ELARA-Bench-LA__label_aligned_mechanism/tent_score_adapter/test/seed_49__rerun_1.parquet,1600,25abf7e330904dfe8346d7ab692ffeeb4a4d3c1e6298fe2d7718715241699696,1c61f390dce89b19df824b3a3f8ea6dfcebf425a6de331b77000fe0422c8d8ec,9cfa32ccdcc444d67cf8b26508cd1c70ab30c71c,True,True,2026-06-02T00:57:18Z
M0-ELARA-BENCH-LA_ttt_pseudo_label_adapter_test_seed49_16f0163d,M0-ELARA-BENCH-LA,ELARA-Bench-LA,label_aligned_mechanism,49,ttt_pseudo_label_adapter,test,elara_master_c/predictions/development/M0-ELARA-BENCH-LA__ELARA-Bench-LA__label_aligned_mechanism/ttt_pseudo_label_adapter/test/seed_49__rerun_1.parquet,1600,16f0163d4bf34f523c3635451000eb43c6e4b7185408719fff82115908875698,1c61f390dce89b19df824b3a3f8ea6dfcebf425a6de331b77000fe0422c8d8ec,9cfa32ccdcc444d67cf8b26508cd1c70ab30c71c,True,True,2026-06-02T00:57:18Z
M0-ELARA-BENCH-LA_eata_score_adapter_test_seed49_b4eff4ec,M0-ELARA-BENCH-LA,ELARA-Bench-LA,label_aligned_mechanism,49,eata_score_adapter,test,elara_master_c/predictions/development/M0-ELARA-BENCH-LA__ELARA-Bench-LA__label_aligned_mechanism/eata_score_adapter/test/seed_49__rerun_1.parquet,1600,b4eff4ece138a33f3e06d3bef38701d2fb3159cdaffc881c280f76d9e6cc2041,1c61f390dce89b19df824b3a3f8ea6dfcebf425a6de331b77000fe0422c8d8ec,9cfa32ccdcc444d67cf8b26508cd1c70ab30c71c,True,True,2026-06-02T00:57:18Z
M0-ELARA-BENCH-LA_sar_score_adapter_test_seed49_9c6df332,M0-ELARA-BENCH-LA,ELARA-Bench-LA,label_aligned_mechanism,49,sar_score_adapter,test,elara_master_c/predictions/development/M0-ELARA-BENCH-LA__ELARA-Bench-LA__label_aligned_mechanism/sar_score_adapter/test/seed_49__rerun_1.parquet,1600,9c6df332b294bf5604fa5668227be0d5930998466a96c245f9fe0a2d83c739df,1c61f390dce89b19df824b3a3f8ea6dfcebf425a6de331b77000fe0422c8d8ec,9cfa32ccdcc444d67cf8b26508cd1c70ab30c71c,True,True,2026-06-02T00:57:18Z
M0-ELARA-BENCH-LA_static_attention_test_seed50_6338d07b,M0-ELARA-BENCH-LA,ELARA-Bench-LA,label_aligned_mechanism,50,static_attention,test,elara_master_c/predictions/development/M0-ELARA-BENCH-LA__ELARA-Bench-LA__label_aligned_mechanism/static_attention/test/seed_50__rerun_1.parquet,1600,6338d07b7864ec107012e8dbd7bdba4a2ded9c70f48aa221fae18967cdaa7e58,1c61f390dce89b19df824b3a3f8ea6dfcebf425a6de331b77000fe0422c8d8ec,9cfa32ccdcc444d67cf8b26508cd1c70ab30c71c,True,True,2026-06-02T00:57:46Z
M0-ELARA-BENCH-LA_craf_attention_test_seed50_22edd170,M0-ELARA-BENCH-LA,ELARA-Bench-LA,label_aligned_mechanism,50,craf_attention,test,elara_master_c/predictions/development/M0-ELARA-BENCH-LA__ELARA-Bench-LA__label_aligned_mechanism/craf_attention/test/seed_50__rerun_1.parquet,1600,22edd1701c8d33e40dccabc3774da43f7fb78093f874329e88df20df3f818a57,1c61f390dce89b19df824b3a3f8ea6dfcebf425a6de331b77000fe0422c8d8ec,9cfa32ccdcc444d67cf8b26508cd1c70ab30c71c,True,True,2026-06-02T00:57:46Z
M0-ELARA-BENCH-LA_rga_boosted_fusion_test_seed50_b0d79131,M0-ELARA-BENCH-LA,ELARA-Bench-LA,label_aligned_mechanism,50,rga_boosted_fusion,test,elara_master_c/predictions/development/M0-ELARA-BENCH-LA__ELARA-Bench-LA__label_aligned_mechanism/rga_boosted_fusion/test/seed_50__rerun_1.parquet,1600,b0d7913103970d31db7f341f05c2c7ada4b31537533b89dccd062f8f114a76dd,1c61f390dce89b19df824b3a3f8ea6dfcebf425a6de331b77000fe0422c8d8ec,9cfa32ccdcc444d67cf8b26508cd1c70ab30c71c,True,True,2026-06-02T00:57:46Z
M0-ELARA-BENCH-LA_rga_meta_router_test_seed50_9415c39f,M0-ELARA-BENCH-LA,ELARA-Bench-LA,label_aligned_mechanism,50,rga_meta_router,test,elara_master_c/predictions/development/M0-ELARA-BENCH-LA__ELARA-Bench-LA__label_aligned_mechanism/rga_meta_router/test/seed_50__rerun_1.parquet,1600,9415c39f90bd005009220c33ba9533eb7a95c7331aabad2b2bc50b4418e348f1,1c61f390dce89b19df824b3a3f8ea6dfcebf425a6de331b77000fe0422c8d8ec,9cfa32ccdcc444d67cf8b26508cd1c70ab30c71c,True,True,2026-06-02T00:57:46Z
M0-ELARA-BENCH-LA_early_fusion_mlp_test_seed50_703fb8de,M0-ELARA-BENCH-LA,ELARA-Bench-LA,label_aligned_mechanism,50,early_fusion_mlp,test,elara_master_c/predictions/development/M0-ELARA-BENCH-LA__ELARA-Bench-LA__label_aligned_mechanism/early_fusion_mlp/test/seed_50__rerun_1.parquet,1600,703fb8deec15da785547494eee0224be6b33f5e26ad79c1546340c0c469924f0,1c61f390dce89b19df824b3a3f8ea6dfcebf425a6de331b77000fe0422c8d8ec,9cfa32ccdcc444d67cf8b26508cd1c70ab30c71c,True,True,2026-06-02T00:57:47Z
M0-ELARA-BENCH-LA_late_fusion_ensemble_test_seed50_5b477ccb,M0-ELARA-BENCH-LA,ELARA-Bench-LA,label_aligned_mechanism,50,late_fusion_ensemble,test,elara_master_c/predictions/development/M0-ELARA-BENCH-LA__ELARA-Bench-LA__label_aligned_mechanism/late_fusion_ensemble/test/seed_50__rerun_1.parquet,1600,5b477ccb26250af05bfb3ab2e82daefe63e71539a854d4dba8c9db038467a612,1c61f390dce89b19df824b3a3f8ea6dfcebf425a6de331b77000fe0422c8d8ec,9cfa32ccdcc444d67cf8b26508cd1c70ab30c71c,True,True,2026-06-02T00:57:47Z
M0-ELARA-BENCH-LA_random_forest_test_seed50_afd331b1,M0-ELARA-BENCH-LA,ELARA-Bench-LA,label_aligned_mechanism,50,random_forest,test,elara_master_c/predictions/development/M0-ELARA-BENCH-LA__ELARA-Bench-LA__label_aligned_mechanism/random_forest/test/seed_50__rerun_1.parquet,1600,afd331b1f4d88b63c68e5e50dfb01fdb66f9388159b0dd3db066a09c04d2bfc2,1c61f390dce89b19df824b3a3f8ea6dfcebf425a6de331b77000fe0422c8d8ec,9cfa32ccdcc444d67cf8b26508cd1c70ab30c71c,True,True,2026-06-02T00:57:47Z
M0-ELARA-BENCH-LA_confidence_weighted_mean_test_seed50_80112584,M0-ELARA-BENCH-LA,ELARA-Bench-LA,label_aligned_mechanism,50,confidence_weighted_mean,test,elara_master_c/predictions/development/M0-ELARA-BENCH-LA__ELARA-Bench-LA__label_aligned_mechanism/confidence_weighted_mean/test/seed_50__rerun_1.parquet,1600,80112584f3c8f8eca1da2a9cfdf82a304755ba45bbb8fc5d8aad6b98cfbc7f83,1c61f390dce89b19df824b3a3f8ea6dfcebf425a6de331b77000fe0422c8d8ec,9cfa32ccdcc444d67cf8b26508cd1c70ab30c71c,True,True,2026-06-02T00:57:47Z
M0-ELARA-BENCH-LA_tent_score_adapter_test_seed50_eb46ed63,M0-ELARA-BENCH-LA,ELARA-Bench-LA,label_aligned_mechanism,50,tent_score_adapter,test,elara_master_c/predictions/development/M0-ELARA-BENCH-LA__ELARA-Bench-LA__label_aligned_mechanism/tent_score_adapter/test/seed_50__rerun_1.parquet,1600,eb46ed631e5c635253e80d1a045cb30dcbc33a6623f048c9ff33d6ed62fd6830,1c61f390dce89b19df824b3a3f8ea6dfcebf425a6de331b77000fe0422c8d8ec,9cfa32ccdcc444d67cf8b26508cd1c70ab30c71c,True,True,2026-06-02T00:57:47Z
M0-ELARA-BENCH-LA_ttt_pseudo_label_adapter_test_seed50_607da1d3,M0-ELARA-BENCH-LA,ELARA-Bench-LA,label_aligned_mechanism,50,ttt_pseudo_label_adapter,test,elara_master_c/predictions/development/M0-ELARA-BENCH-LA__ELARA-Bench-LA__label_aligned_mechanism/ttt_pseudo_label_adapter/test/seed_50__rerun_1.parquet,1600,607da1d38cee95b0d1563b4db595b4c432d37598a13d866e2758f57d639ddc6c,1c61f390dce89b19df824b3a3f8ea6dfcebf425a6de331b77000fe0422c8d8ec,9cfa32ccdcc444d67cf8b26508cd1c70ab30c71c,True,True,2026-06-02T00:57:47Z
M0-ELARA-BENCH-LA_eata_score_adapter_test_seed50_6d6fa20d,M0-ELARA-BENCH-LA,ELARA-Bench-LA,label_aligned_mechanism,50,eata_score_adapter,test,elara_master_c/predictions/development/M0-ELARA-BENCH-LA__ELARA-Bench-LA__label_aligned_mechanism/eata_score_adapter/test/seed_50__rerun_1.parquet,1600,6d6fa20da02b3386983f773e4723e0fd9f2b2eb3b60a726de39f1fafdfa025b2,1c61f390dce89b19df824b3a3f8ea6dfcebf425a6de331b77000fe0422c8d8ec,9cfa32ccdcc444d67cf8b26508cd1c70ab30c71c,True,True,2026-06-02T00:57:47Z
M0-ELARA-BENCH-LA_sar_score_adapter_test_seed50_44e82870,M0-ELARA-BENCH-LA,ELARA-Bench-LA,label_aligned_mechanism,50,sar_score_adapter,test,elara_master_c/predictions/development/M0-ELARA-BENCH-LA__ELARA-Bench-LA__label_aligned_mechanism/sar_score_adapter/test/seed_50__rerun_1.parquet,1600,44e82870ba7fefafd67ce8ff148d2cffc42780754c48920a3f1cfea5a726dae6,1c61f390dce89b19df824b3a3f8ea6dfcebf425a6de331b77000fe0422c8d8ec,9cfa32ccdcc444d67cf8b26508cd1c70ab30c71c,True,True,2026-06-02T00:57:47Z
M0-ELARA-BENCH-LA_static_attention_test_seed51_7aab3155,M0-ELARA-BENCH-LA,ELARA-Bench-LA,label_aligned_mechanism,51,static_attention,test,elara_master_c/predictions/development/M0-ELARA-BENCH-LA__ELARA-Bench-LA__label_aligned_mechanism/static_attention/test/seed_51__rerun_1.parquet,1600,7aab3155cff0742465384bfbeb91d02f7a477e41bb6882c6ee1fdffd659e88e1,1c61f390dce89b19df824b3a3f8ea6dfcebf425a6de331b77000fe0422c8d8ec,9cfa32ccdcc444d67cf8b26508cd1c70ab30c71c,True,True,2026-06-02T00:58:14Z
M0-ELARA-BENCH-LA_craf_attention_test_seed51_214c403b,M0-ELARA-BENCH-LA,ELARA-Bench-LA,label_aligned_mechanism,51,craf_attention,test,elara_master_c/predictions/development/M0-ELARA-BENCH-LA__ELARA-Bench-LA__label_aligned_mechanism/craf_attention/test/seed_51__rerun_1.parquet,1600,214c403bef9af636c634bd85130c7f73915e7b1cd72f511a81b91f5dcf97a3cd,1c61f390dce89b19df824b3a3f8ea6dfcebf425a6de331b77000fe0422c8d8ec,9cfa32ccdcc444d67cf8b26508cd1c70ab30c71c,True,True,2026-06-02T00:58:14Z
M0-ELARA-BENCH-LA_rga_boosted_fusion_test_seed51_0be63641,M0-ELARA-BENCH-LA,ELARA-Bench-LA,label_aligned_mechanism,51,rga_boosted_fusion,test,elara_master_c/predictions/development/M0-ELARA-BENCH-LA__ELARA-Bench-LA__label_aligned_mechanism/rga_boosted_fusion/test/seed_51__rerun_1.parquet,1600,0be63641cc00b84d3bc8e22fad3689242db3febc01227c83603f1aa7d19093b2,1c61f390dce89b19df824b3a3f8ea6dfcebf425a6de331b77000fe0422c8d8ec,9cfa32ccdcc444d67cf8b26508cd1c70ab30c71c,True,True,2026-06-02T00:58:14Z
M0-ELARA-BENCH-LA_rga_meta_router_test_seed51_23cd59ed,M0-ELARA-BENCH-LA,ELARA-Bench-LA,label_aligned_mechanism,51,rga_meta_router,test,elara_master_c/predictions/development/M0-ELARA-BENCH-LA__ELARA-Bench-LA__label_aligned_mechanism/rga_meta_router/test/seed_51__rerun_1.parquet,1600,23cd59ed3fac8fa32c43afdbc8338f2248f008bdd9d81237fbc0453bb879b2e5,1c61f390dce89b19df824b3a3f8ea6dfcebf425a6de331b77000fe0422c8d8ec,9cfa32ccdcc444d67cf8b26508cd1c70ab30c71c,True,True,2026-06-02T00:58:14Z
M0-ELARA-BENCH-LA_early_fusion_mlp_test_seed51_6325008c,M0-ELARA-BENCH-LA,ELARA-Bench-LA,label_aligned_mechanism,51,early_fusion_mlp,test,elara_master_c/predictions/development/M0-ELARA-BENCH-LA__ELARA-Bench-LA__label_aligned_mechanism/early_fusion_mlp/test/seed_51__rerun_1.parquet,1600,6325008cd46e6fdd7165e156be071af55578297c85e5cadc0bfc773a30876d35,1c61f390dce89b19df824b3a3f8ea6dfcebf425a6de331b77000fe0422c8d8ec,9cfa32ccdcc444d67cf8b26508cd1c70ab30c71c,True,True,2026-06-02T00:58:14Z
M0-ELARA-BENCH-LA_late_fusion_ensemble_test_seed51_3d5efc8c,M0-ELARA-BENCH-LA,ELARA-Bench-LA,label_aligned_mechanism,51,late_fusion_ensemble,test,elara_master_c/predictions/development/M0-ELARA-BENCH-LA__ELARA-Bench-LA__label_aligned_mechanism/late_fusion_ensemble/test/seed_51__rerun_1.parquet,1600,3d5efc8cfeac76cf72049204247f7d603c4b2ee28318c992db005070b298b4e3,1c61f390dce89b19df824b3a3f8ea6dfcebf425a6de331b77000fe0422c8d8ec,9cfa32ccdcc444d67cf8b26508cd1c70ab30c71c,True,True,2026-06-02T00:58:14Z
M0-ELARA-BENCH-LA_random_forest_test_seed51_4d0b27f7,M0-ELARA-BENCH-LA,ELARA-Bench-LA,label_aligned_mechanism,51,random_forest,test,elara_master_c/predictions/development/M0-ELARA-BENCH-LA__ELARA-Bench-LA__label_aligned_mechanism/random_forest/test/seed_51__rerun_1.parquet,1600,4d0b27f766ff0107d48bfb5cd79b2de14a270ac13b66572a47313a27c4bda35b,1c61f390dce89b19df824b3a3f8ea6dfcebf425a6de331b77000fe0422c8d8ec,9cfa32ccdcc444d67cf8b26508cd1c70ab30c71c,True,True,2026-06-02T00:58:14Z
M0-ELARA-BENCH-LA_confidence_weighted_mean_test_seed51_46ed374d,M0-ELARA-BENCH-LA,ELARA-Bench-LA,label_aligned_mechanism,51,confidence_weighted_mean,test,elara_master_c/predictions/development/M0-ELARA-BENCH-LA__ELARA-Bench-LA__label_aligned_mechanism/confidence_weighted_mean/test/seed_51__rerun_1.parquet,1600,46ed374d37ce091d7d7ee3c86d4dec3f793ea06959d2bb474dc8e9fc71a3c916,1c61f390dce89b19df824b3a3f8ea6dfcebf425a6de331b77000fe0422c8d8ec,9cfa32ccdcc444d67cf8b26508cd1c70ab30c71c,True,True,2026-06-02T00:58:14Z
M0-ELARA-BENCH-LA_tent_score_adapter_test_seed51_7e93f980,M0-ELARA-BENCH-LA,ELARA-Bench-LA,label_aligned_mechanism,51,tent_score_adapter,test,elara_master_c/predictions/development/M0-ELARA-BENCH-LA__ELARA-Bench-LA__label_aligned_mechanism/tent_score_adapter/test/seed_51__rerun_1.parquet,1600,7e93f980d15e23ee4732d9cafe7f8f6e357c2122da95b25d96728cb3e1927ded,1c61f390dce89b19df824b3a3f8ea6dfcebf425a6de331b77000fe0422c8d8ec,9cfa32ccdcc444d67cf8b26508cd1c70ab30c71c,True,True,2026-06-02T00:58:14Z
M0-ELARA-BENCH-LA_ttt_pseudo_label_adapter_test_seed51_a8d9489b,M0-ELARA-BENCH-LA,ELARA-Bench-LA,label_aligned_mechanism,51,ttt_pseudo_label_adapter,test,elara_master_c/predictions/development/M0-ELARA-BENCH-LA__ELARA-Bench-LA__label_aligned_mechanism/ttt_pseudo_label_adapter/test/seed_51__rerun_1.parquet,1600,a8d9489bdab597248cfd8642862391fd38a97dd11624e17aca678b7952c7f21e,1c61f390dce89b19df824b3a3f8ea6dfcebf425a6de331b77000fe0422c8d8ec,9cfa32ccdcc444d67cf8b26508cd1c70ab30c71c,True,True,2026-06-02T00:58:14Z
M0-ELARA-BENCH-LA_eata_score_adapter_test_seed51_09d05d61,M0-ELARA-BENCH-LA,ELARA-Bench-LA,label_aligned_mechanism,51,eata_score_adapter,test,elara_master_c/predictions/development/M0-ELARA-BENCH-LA__ELARA-Bench-LA__label_aligned_mechanism/eata_score_adapter/test/seed_51__rerun_1.parquet,1600,09d05d6162d754ad09eb81ca342906b0eda914c3d268e3df939d65eb4c563159,1c61f390dce89b19df824b3a3f8ea6dfcebf425a6de331b77000fe0422c8d8ec,9cfa32ccdcc444d67cf8b26508cd1c70ab30c71c,True,True,2026-06-02T00:58:14Z
M0-ELARA-BENCH-LA_sar_score_adapter_test_seed51_84fc76de,M0-ELARA-BENCH-LA,ELARA-Bench-LA,label_aligned_mechanism,51,sar_score_adapter,test,elara_master_c/predictions/development/M0-ELARA-BENCH-LA__ELARA-Bench-LA__label_aligned_mechanism/sar_score_adapter/test/seed_51__rerun_1.parquet,1600,84fc76de28607e0ea44ec73ee4399ba3339f820ba008b8fc7e4411f913e6646c,1c61f390dce89b19df824b3a3f8ea6dfcebf425a6de331b77000fe0422c8d8ec,9cfa32ccdcc444d67cf8b26508cd1c70ab30c71c,True,True,2026-06-02T00:58:14Z
M0-ELARA-BENCH-LA_static_attention_test_seed52_a4386462,M0-ELARA-BENCH-LA,ELARA-Bench-LA,label_aligned_mechanism,52,static_attention,test,elara_master_c/predictions/development/M0-ELARA-BENCH-LA__ELARA-Bench-LA__label_aligned_mechanism/static_attention/test/seed_52.parquet,1600,a4386462eb4733cfa7930f2b58e6ba95d5cd6297e0cf2aec192106e0e385f03b,1c61f390dce89b19df824b3a3f8ea6dfcebf425a6de331b77000fe0422c8d8ec,9cfa32ccdcc444d67cf8b26508cd1c70ab30c71c,True,True,2026-06-02T00:58:40Z
M0-ELARA-BENCH-LA_craf_attention_test_seed52_f21f5e81,M0-ELARA-BENCH-LA,ELARA-Bench-LA,label_aligned_mechanism,52,craf_attention,test,elara_master_c/predictions/development/M0-ELARA-BENCH-LA__ELARA-Bench-LA__label_aligned_mechanism/craf_attention/test/seed_52.parquet,1600,f21f5e814df6f1db5ddf5ff02789919bf693993b3807697d23d049cc42834c2a,1c61f390dce89b19df824b3a3f8ea6dfcebf425a6de331b77000fe0422c8d8ec,9cfa32ccdcc444d67cf8b26508cd1c70ab30c71c,True,True,2026-06-02T00:58:40Z
M0-ELARA-BENCH-LA_rga_boosted_fusion_test_seed52_8d0246de,M0-ELARA-BENCH-LA,ELARA-Bench-LA,label_aligned_mechanism,52,rga_boosted_fusion,test,elara_master_c/predictions/development/M0-ELARA-BENCH-LA__ELARA-Bench-LA__label_aligned_mechanism/rga_boosted_fusion/test/seed_52.parquet,1600,8d0246de07bccbb724f445785ca581afda749cb2acae5a26776134be4488a24e,1c61f390dce89b19df824b3a3f8ea6dfcebf425a6de331b77000fe0422c8d8ec,9cfa32ccdcc444d67cf8b26508cd1c70ab30c71c,True,True,2026-06-02T00:58:40Z
M0-ELARA-BENCH-LA_rga_meta_router_test_seed52_63a51798,M0-ELARA-BENCH-LA,ELARA-Bench-LA,label_aligned_mechanism,52,rga_meta_router,test,elara_master_c/predictions/development/M0-ELARA-BENCH-LA__ELARA-Bench-LA__label_aligned_mechanism/rga_meta_router/test/seed_52.parquet,1600,63a517980fefee63be6a4810d389a4ecde4d61ccaf602130ce46acd14968e37c,1c61f390dce89b19df824b3a3f8ea6dfcebf425a6de331b77000fe0422c8d8ec,9cfa32ccdcc444d67cf8b26508cd1c70ab30c71c,True,True,2026-06-02T00:58:40Z
M0-ELARA-BENCH-LA_early_fusion_mlp_test_seed52_ab5c9266,M0-ELARA-BENCH-LA,ELARA-Bench-LA,label_aligned_mechanism,52,early_fusion_mlp,test,elara_master_c/predictions/development/M0-ELARA-BENCH-LA__ELARA-Bench-LA__label_aligned_mechanism/early_fusion_mlp/test/seed_52.parquet,1600,ab5c9266e5eb8a546f4df8022d914d802009669a838333c8510a3ea770ad65f8,1c61f390dce89b19df824b3a3f8ea6dfcebf425a6de331b77000fe0422c8d8ec,9cfa32ccdcc444d67cf8b26508cd1c70ab30c71c,True,True,2026-06-02T00:58:40Z
M0-ELARA-BENCH-LA_late_fusion_ensemble_test_seed52_120d487a,M0-ELARA-BENCH-LA,ELARA-Bench-LA,label_aligned_mechanism,52,late_fusion_ensemble,test,elara_master_c/predictions/development/M0-ELARA-BENCH-LA__ELARA-Bench-LA__label_aligned_mechanism/late_fusion_ensemble/test/seed_52.parquet,1600,120d487a8c82c92007e952cad6ccb122c99e1f96680afec4a093767f12341fc8,1c61f390dce89b19df824b3a3f8ea6dfcebf425a6de331b77000fe0422c8d8ec,9cfa32ccdcc444d67cf8b26508cd1c70ab30c71c,True,True,2026-06-02T00:58:40Z
M0-ELARA-BENCH-LA_random_forest_test_seed52_c2963d22,M0-ELARA-BENCH-LA,ELARA-Bench-LA,label_aligned_mechanism,52,random_forest,test,elara_master_c/predictions/development/M0-ELARA-BENCH-LA__ELARA-Bench-LA__label_aligned_mechanism/random_forest/test/seed_52.parquet,1600,c2963d2249e29e131a2cb3f31ca307689364c19a479f9358ef406cf9031d1a77,1c61f390dce89b19df824b3a3f8ea6dfcebf425a6de331b77000fe0422c8d8ec,9cfa32ccdcc444d67cf8b26508cd1c70ab30c71c,True,True,2026-06-02T00:58:40Z
M0-ELARA-BENCH-LA_confidence_weighted_mean_test_seed52_42c60f77,M0-ELARA-BENCH-LA,ELARA-Bench-LA,label_aligned_mechanism,52,confidence_weighted_mean,test,elara_master_c/predictions/development/M0-ELARA-BENCH-LA__ELARA-Bench-LA__label_aligned_mechanism/confidence_weighted_mean/test/seed_52.parquet,1600,42c60f770683a45c7759ebf3af653d16951ce4f0c5f29f8c2a6b1adfb4b90d20,1c61f390dce89b19df824b3a3f8ea6dfcebf425a6de331b77000fe0422c8d8ec,9cfa32ccdcc444d67cf8b26508cd1c70ab30c71c,True,True,2026-06-02T00:58:40Z
M0-ELARA-BENCH-LA_tent_score_adapter_test_seed52_aa021917,M0-ELARA-BENCH-LA,ELARA-Bench-LA,label_aligned_mechanism,52,tent_score_adapter,test,elara_master_c/predictions/development/M0-ELARA-BENCH-LA__ELARA-Bench-LA__label_aligned_mechanism/tent_score_adapter/test/seed_52.parquet,1600,aa021917ea6bc3d8ee751e4b969c71dc825173413f2571b63c15cff778dd1941,1c61f390dce89b19df824b3a3f8ea6dfcebf425a6de331b77000fe0422c8d8ec,9cfa32ccdcc444d67cf8b26508cd1c70ab30c71c,True,True,2026-06-02T00:58:40Z
M0-ELARA-BENCH-LA_ttt_pseudo_label_adapter_test_seed52_6fe50b4a,M0-ELARA-BENCH-LA,ELARA-Bench-LA,label_aligned_mechanism,52,ttt_pseudo_label_adapter,test,elara_master_c/predictions/development/M0-ELARA-BENCH-LA__ELARA-Bench-LA__label_aligned_mechanism/ttt_pseudo_label_adapter/test/seed_52.parquet,1600,6fe50b4a20251f222fc27d6109c9ed0fbe1eadf042ce947557acf9d610f0282a,1c61f390dce89b19df824b3a3f8ea6dfcebf425a6de331b77000fe0422c8d8ec,9cfa32ccdcc444d67cf8b26508cd1c70ab30c71c,True,True,2026-06-02T00:58:40Z
M0-ELARA-BENCH-LA_eata_score_adapter_test_seed52_fc80f1a9,M0-ELARA-BENCH-LA,ELARA-Bench-LA,label_aligned_mechanism,52,eata_score_adapter,test,elara_master_c/predictions/development/M0-ELARA-BENCH-LA__ELARA-Bench-LA__label_aligned_mechanism/eata_score_adapter/test/seed_52.parquet,1600,fc80f1a9254a6c98c8712d110464e0352994e5e4ecced2a391a1be91f9474a0a,1c61f390dce89b19df824b3a3f8ea6dfcebf425a6de331b77000fe0422c8d8ec,9cfa32ccdcc444d67cf8b26508cd1c70ab30c71c,True,True,2026-06-02T00:58:40Z
M0-ELARA-BENCH-LA_sar_score_adapter_test_seed52_8763412d,M0-ELARA-BENCH-LA,ELARA-Bench-LA,label_aligned_mechanism,52,sar_score_adapter,test,elara_master_c/predictions/development/M0-ELARA-BENCH-LA__ELARA-Bench-LA__label_aligned_mechanism/sar_score_adapter/test/seed_52.parquet,1600,8763412db73c61dd6832d033872a60fa0540244d38243a1df69a48bb2114a83b,1c61f390dce89b19df824b3a3f8ea6dfcebf425a6de331b77000fe0422c8d8ec,9cfa32ccdcc444d67cf8b26508cd1c70ab30c71c,True,True,2026-06-02T00:58:40Z
M0-ELARA-BENCH-LA_static_attention_test_seed53_a8ca30bd,M0-ELARA-BENCH-LA,ELARA-Bench-LA,label_aligned_mechanism,53,static_attention,test,elara_master_c/predictions/development/M0-ELARA-BENCH-LA__ELARA-Bench-LA__label_aligned_mechanism/static_attention/test/seed_53.parquet,1600,a8ca30bd59b8600fa84ddc5ba9560cd2de9c7f2f5ce58a120c72db1264be5245,1c61f390dce89b19df824b3a3f8ea6dfcebf425a6de331b77000fe0422c8d8ec,9cfa32ccdcc444d67cf8b26508cd1c70ab30c71c,True,True,2026-06-02T00:59:05Z
M0-ELARA-BENCH-LA_craf_attention_test_seed53_6a9ab0c2,M0-ELARA-BENCH-LA,ELARA-Bench-LA,label_aligned_mechanism,53,craf_attention,test,elara_master_c/predictions/development/M0-ELARA-BENCH-LA__ELARA-Bench-LA__label_aligned_mechanism/craf_attention/test/seed_53.parquet,1600,6a9ab0c282852b74f7438e81649354ce6a6032ceb7ef0a683dd9376e3252d77c,1c61f390dce89b19df824b3a3f8ea6dfcebf425a6de331b77000fe0422c8d8ec,9cfa32ccdcc444d67cf8b26508cd1c70ab30c71c,True,True,2026-06-02T00:59:05Z
M0-ELARA-BENCH-LA_rga_boosted_fusion_test_seed53_325c36aa,M0-ELARA-BENCH-LA,ELARA-Bench-LA,label_aligned_mechanism,53,rga_boosted_fusion,test,elara_master_c/predictions/development/M0-ELARA-BENCH-LA__ELARA-Bench-LA__label_aligned_mechanism/rga_boosted_fusion/test/seed_53.parquet,1600,325c36aa53508b4034a9f57cc28b5d52f8d5596e7d49c8682422e9aedc001a59,1c61f390dce89b19df824b3a3f8ea6dfcebf425a6de331b77000fe0422c8d8ec,9cfa32ccdcc444d67cf8b26508cd1c70ab30c71c,True,True,2026-06-02T00:59:05Z
M0-ELARA-BENCH-LA_rga_meta_router_test_seed53_dcbd6bd7,M0-ELARA-BENCH-LA,ELARA-Bench-LA,label_aligned_mechanism,53,rga_meta_router,test,elara_master_c/predictions/development/M0-ELARA-BENCH-LA__ELARA-Bench-LA__label_aligned_mechanism/rga_meta_router/test/seed_53.parquet,1600,dcbd6bd7eb694824714524dc2294bc40bb4ec2e1d93849b2423f09a941418cb4,1c61f390dce89b19df824b3a3f8ea6dfcebf425a6de331b77000fe0422c8d8ec,9cfa32ccdcc444d67cf8b26508cd1c70ab30c71c,True,True,2026-06-02T00:59:05Z
M0-ELARA-BENCH-LA_early_fusion_mlp_test_seed53_7587d2a1,M0-ELARA-BENCH-LA,ELARA-Bench-LA,label_aligned_mechanism,53,early_fusion_mlp,test,elara_master_c/predictions/development/M0-ELARA-BENCH-LA__ELARA-Bench-LA__label_aligned_mechanism/early_fusion_mlp/test/seed_53.parquet,1600,7587d2a1e776035072a338c733c6510c5b9f3f37caa7b21b7207fa03422193f0,1c61f390dce89b19df824b3a3f8ea6dfcebf425a6de331b77000fe0422c8d8ec,9cfa32ccdcc444d67cf8b26508cd1c70ab30c71c,True,True,2026-06-02T00:59:05Z
M0-ELARA-BENCH-LA_late_fusion_ensemble_test_seed53_42743d72,M0-ELARA-BENCH-LA,ELARA-Bench-LA,label_aligned_mechanism,53,late_fusion_ensemble,test,elara_master_c/predictions/development/M0-ELARA-BENCH-LA__ELARA-Bench-LA__label_aligned_mechanism/late_fusion_ensemble/test/seed_53.parquet,1600,42743d72c7bb453b83d60bd2c9870073b1e2cc56f0cddc39c3e5925b08f1124e,1c61f390dce89b19df824b3a3f8ea6dfcebf425a6de331b77000fe0422c8d8ec,9cfa32ccdcc444d67cf8b26508cd1c70ab30c71c,True,True,2026-06-02T00:59:05Z
M0-ELARA-BENCH-LA_random_forest_test_seed53_9d779dfa,M0-ELARA-BENCH-LA,ELARA-Bench-LA,label_aligned_mechanism,53,random_forest,test,elara_master_c/predictions/development/M0-ELARA-BENCH-LA__ELARA-Bench-LA__label_aligned_mechanism/random_forest/test/seed_53.parquet,1600,9d779dfa69958156738d08bb1392636ef14ef4720487da91db2ae2e93d2872ae,1c61f390dce89b19df824b3a3f8ea6dfcebf425a6de331b77000fe0422c8d8ec,9cfa32ccdcc444d67cf8b26508cd1c70ab30c71c,True,True,2026-06-02T00:59:05Z
M0-ELARA-BENCH-LA_confidence_weighted_mean_test_seed53_48977810,M0-ELARA-BENCH-LA,ELARA-Bench-LA,label_aligned_mechanism,53,confidence_weighted_mean,test,elara_master_c/predictions/development/M0-ELARA-BENCH-LA__ELARA-Bench-LA__label_aligned_mechanism/confidence_weighted_mean/test/seed_53.parquet,1600,489778109fc7b987434401f106263fea7595cbf33758a648d44952395090f1a4,1c61f390dce89b19df824b3a3f8ea6dfcebf425a6de331b77000fe0422c8d8ec,9cfa32ccdcc444d67cf8b26508cd1c70ab30c71c,True,True,2026-06-02T00:59:05Z
M0-ELARA-BENCH-LA_tent_score_adapter_test_seed53_ff95418f,M0-ELARA-BENCH-LA,ELARA-Bench-LA,label_aligned_mechanism,53,tent_score_adapter,test,elara_master_c/predictions/development/M0-ELARA-BENCH-LA__ELARA-Bench-LA__label_aligned_mechanism/tent_score_adapter/test/seed_53.parquet,1600,ff95418f7c0afc75454ace7bdf6cb1178cc2a447a8b8461ffca0421eb72fa13e,1c61f390dce89b19df824b3a3f8ea6dfcebf425a6de331b77000fe0422c8d8ec,9cfa32ccdcc444d67cf8b26508cd1c70ab30c71c,True,True,2026-06-02T00:59:05Z
M0-ELARA-BENCH-LA_ttt_pseudo_label_adapter_test_seed53_fc4de128,M0-ELARA-BENCH-LA,ELARA-Bench-LA,label_aligned_mechanism,53,ttt_pseudo_label_adapter,test,elara_master_c/predictions/development/M0-ELARA-BENCH-LA__ELARA-Bench-LA__label_aligned_mechanism/ttt_pseudo_label_adapter/test/seed_53.parquet,1600,fc4de128df09c18381dd87f352dbaa8a89cebf3cd7cef322dd7471ac3564204c,1c61f390dce89b19df824b3a3f8ea6dfcebf425a6de331b77000fe0422c8d8ec,9cfa32ccdcc444d67cf8b26508cd1c70ab30c71c,True,True,2026-06-02T00:59:05Z
M0-ELARA-BENCH-LA_eata_score_adapter_test_seed53_82d88574,M0-ELARA-BENCH-LA,ELARA-Bench-LA,label_aligned_mechanism,53,eata_score_adapter,test,elara_master_c/predictions/development/M0-ELARA-BENCH-LA__ELARA-Bench-LA__label_aligned_mechanism/eata_score_adapter/test/seed_53.parquet,1600,82d88574b87e752d9c42ed2996cc72caf8084f631260c684a095dfaa7ce019d4,1c61f390dce89b19df824b3a3f8ea6dfcebf425a6de331b77000fe0422c8d8ec,9cfa32ccdcc444d67cf8b26508cd1c70ab30c71c,True,True,2026-06-02T00:59:05Z
M0-ELARA-BENCH-LA_sar_score_adapter_test_seed53_ba3e5c3b,M0-ELARA-BENCH-LA,ELARA-Bench-LA,label_aligned_mechanism,53,sar_score_adapter,test,elara_master_c/predictions/development/M0-ELARA-BENCH-LA__ELARA-Bench-LA__label_aligned_mechanism/sar_score_adapter/test/seed_53.parquet,1600,ba3e5c3be00952ed25dd0e1b8ff75875374db8eb7fc1108557de2a4de1616403,1c61f390dce89b19df824b3a3f8ea6dfcebf425a6de331b77000fe0422c8d8ec,9cfa32ccdcc444d67cf8b26508cd1c70ab30c71c,True,True,2026-06-02T00:59:05Z
M0-ELARA-BENCH-LA_static_attention_test_seed54_9746ffde,M0-ELARA-BENCH-LA,ELARA-Bench-LA,label_aligned_mechanism,54,static_attention,test,elara_master_c/predictions/development/M0-ELARA-BENCH-LA__ELARA-Bench-LA__label_aligned_mechanism/static_attention/test/seed_54.parquet,1600,9746ffdeb12d481fcf85c0eeeca26451d4bb6be604a61eb0a5e20459f5b0c410,1c61f390dce89b19df824b3a3f8ea6dfcebf425a6de331b77000fe0422c8d8ec,9cfa32ccdcc444d67cf8b26508cd1c70ab30c71c,True,True,2026-06-02T00:59:35Z
M0-ELARA-BENCH-LA_craf_attention_test_seed54_2928601e,M0-ELARA-BENCH-LA,ELARA-Bench-LA,label_aligned_mechanism,54,craf_attention,test,elara_master_c/predictions/development/M0-ELARA-BENCH-LA__ELARA-Bench-LA__label_aligned_mechanism/craf_attention/test/seed_54.parquet,1600,2928601e6602ba83790cd7a1811d529a1bae74e3546b9138c336478789d01ad1,1c61f390dce89b19df824b3a3f8ea6dfcebf425a6de331b77000fe0422c8d8ec,9cfa32ccdcc444d67cf8b26508cd1c70ab30c71c,True,True,2026-06-02T00:59:35Z
M0-ELARA-BENCH-LA_rga_boosted_fusion_test_seed54_e4d9ffce,M0-ELARA-BENCH-LA,ELARA-Bench-LA,label_aligned_mechanism,54,rga_boosted_fusion,test,elara_master_c/predictions/development/M0-ELARA-BENCH-LA__ELARA-Bench-LA__label_aligned_mechanism/rga_boosted_fusion/test/seed_54.parquet,1600,e4d9ffced1a12a91d13f7d92484475d8ddbf045b9bf6eb9dd995b3c0de4b9cfa,1c61f390dce89b19df824b3a3f8ea6dfcebf425a6de331b77000fe0422c8d8ec,9cfa32ccdcc444d67cf8b26508cd1c70ab30c71c,True,True,2026-06-02T00:59:35Z
M0-ELARA-BENCH-LA_rga_meta_router_test_seed54_1dd77b7d,M0-ELARA-BENCH-LA,ELARA-Bench-LA,label_aligned_mechanism,54,rga_meta_router,test,elara_master_c/predictions/development/M0-ELARA-BENCH-LA__ELARA-Bench-LA__label_aligned_mechanism/rga_meta_router/test/seed_54.parquet,1600,1dd77b7d2ba39d3405a2f8ee7073faca7c74ed6dd6bfaa57adbf88e621b43667,1c61f390dce89b19df824b3a3f8ea6dfcebf425a6de331b77000fe0422c8d8ec,9cfa32ccdcc444d67cf8b26508cd1c70ab30c71c,True,True,2026-06-02T00:59:36Z
M0-ELARA-BENCH-LA_early_fusion_mlp_test_seed54_1aad50bb,M0-ELARA-BENCH-LA,ELARA-Bench-LA,label_aligned_mechanism,54,early_fusion_mlp,test,elara_master_c/predictions/development/M0-ELARA-BENCH-LA__ELARA-Bench-LA__label_aligned_mechanism/early_fusion_mlp/test/seed_54.parquet,1600,1aad50bb73e9daf3fd02de002c5557d843cc9737b54bbddefc3b54c28dcffba3,1c61f390dce89b19df824b3a3f8ea6dfcebf425a6de331b77000fe0422c8d8ec,9cfa32ccdcc444d67cf8b26508cd1c70ab30c71c,True,True,2026-06-02T00:59:36Z
M0-ELARA-BENCH-LA_late_fusion_ensemble_test_seed54_4b5d5c35,M0-ELARA-BENCH-LA,ELARA-Bench-LA,label_aligned_mechanism,54,late_fusion_ensemble,test,elara_master_c/predictions/development/M0-ELARA-BENCH-LA__ELARA-Bench-LA__label_aligned_mechanism/late_fusion_ensemble/test/seed_54.parquet,1600,4b5d5c3572f1a15cd1c6442dd90cb096e3a947b7be58043437da420567eb7c1b,1c61f390dce89b19df824b3a3f8ea6dfcebf425a6de331b77000fe0422c8d8ec,9cfa32ccdcc444d67cf8b26508cd1c70ab30c71c,True,True,2026-06-02T00:59:36Z
M0-ELARA-BENCH-LA_random_forest_test_seed54_fb137572,M0-ELARA-BENCH-LA,ELARA-Bench-LA,label_aligned_mechanism,54,random_forest,test,elara_master_c/predictions/development/M0-ELARA-BENCH-LA__ELARA-Bench-LA__label_aligned_mechanism/random_forest/test/seed_54.parquet,1600,fb1375727ca6736e0779f557ec5ed1803775137ad83a00c0bced125c49fe119b,1c61f390dce89b19df824b3a3f8ea6dfcebf425a6de331b77000fe0422c8d8ec,9cfa32ccdcc444d67cf8b26508cd1c70ab30c71c,True,True,2026-06-02T00:59:36Z
M0-ELARA-BENCH-LA_confidence_weighted_mean_test_seed54_eac3b781,M0-ELARA-BENCH-LA,ELARA-Bench-LA,label_aligned_mechanism,54,confidence_weighted_mean,test,elara_master_c/predictions/development/M0-ELARA-BENCH-LA__ELARA-Bench-LA__label_aligned_mechanism/confidence_weighted_mean/test/seed_54.parquet,1600,eac3b781b3f4357d6f6e875c8b83d5ef31395da0eb91939ddddeddc43af7492e,1c61f390dce89b19df824b3a3f8ea6dfcebf425a6de331b77000fe0422c8d8ec,9cfa32ccdcc444d67cf8b26508cd1c70ab30c71c,True,True,2026-06-02T00:59:36Z
M0-ELARA-BENCH-LA_tent_score_adapter_test_seed54_f0950f93,M0-ELARA-BENCH-LA,ELARA-Bench-LA,label_aligned_mechanism,54,tent_score_adapter,test,elara_master_c/predictions/development/M0-ELARA-BENCH-LA__ELARA-Bench-LA__label_aligned_mechanism/tent_score_adapter/test/seed_54.parquet,1600,f0950f93a38160a40e9aa5601194af8dbdc84596160c1509513815d020e34723,1c61f390dce89b19df824b3a3f8ea6dfcebf425a6de331b77000fe0422c8d8ec,9cfa32ccdcc444d67cf8b26508cd1c70ab30c71c,True,True,2026-06-02T00:59:36Z
M0-ELARA-BENCH-LA_ttt_pseudo_label_adapter_test_seed54_9a0b84a5,M0-ELARA-BENCH-LA,ELARA-Bench-LA,label_aligned_mechanism,54,ttt_pseudo_label_adapter,test,elara_master_c/predictions/development/M0-ELARA-BENCH-LA__ELARA-Bench-LA__label_aligned_mechanism/ttt_pseudo_label_adapter/test/seed_54.parquet,1600,9a0b84a51f30a745c0d59ff0525f744c04e7306ef243eef54f6fc9955cc4543e,1c61f390dce89b19df824b3a3f8ea6dfcebf425a6de331b77000fe0422c8d8ec,9cfa32ccdcc444d67cf8b26508cd1c70ab30c71c,True,True,2026-06-02T00:59:36Z
M0-ELARA-BENCH-LA_eata_score_adapter_test_seed54_960ec314,M0-ELARA-BENCH-LA,ELARA-Bench-LA,label_aligned_mechanism,54,eata_score_adapter,test,elara_master_c/predictions/development/M0-ELARA-BENCH-LA__ELARA-Bench-LA__label_aligned_mechanism/eata_score_adapter/test/seed_54.parquet,1600,960ec314be673fe12a805455c41f262f533c5a3212b01b075ba80b6a7afab478,1c61f390dce89b19df824b3a3f8ea6dfcebf425a6de331b77000fe0422c8d8ec,9cfa32ccdcc444d67cf8b26508cd1c70ab30c71c,True,True,2026-06-02T00:59:36Z
M0-ELARA-BENCH-LA_sar_score_adapter_test_seed54_6eb774a5,M0-ELARA-BENCH-LA,ELARA-Bench-LA,label_aligned_mechanism,54,sar_score_adapter,test,elara_master_c/predictions/development/M0-ELARA-BENCH-LA__ELARA-Bench-LA__label_aligned_mechanism/sar_score_adapter/test/seed_54.parquet,1600,6eb774a5f06bda1c4f5b0b52b1e7ab36b40e3f253b4ad8af2f70abaaa5298654,1c61f390dce89b19df824b3a3f8ea6dfcebf425a6de331b77000fe0422c8d8ec,9cfa32ccdcc444d67cf8b26508cd1c70ab30c71c,True,True,2026-06-02T00:59:36Z
M0-ELARA-BENCH-LA_static_attention_test_seed55_eb73c866,M0-ELARA-BENCH-LA,ELARA-Bench-LA,label_aligned_mechanism,55,static_attention,test,elara_master_c/predictions/development/M0-ELARA-BENCH-LA__ELARA-Bench-LA__label_aligned_mechanism/static_attention/test/seed_55.parquet,1600,eb73c86644df7799735b363a5335a46a52a412a99bc96572ce4df40a993349ea,1c61f390dce89b19df824b3a3f8ea6dfcebf425a6de331b77000fe0422c8d8ec,9cfa32ccdcc444d67cf8b26508cd1c70ab30c71c,True,True,2026-06-02T01:00:05Z
M0-ELARA-BENCH-LA_craf_attention_test_seed55_bdef1f83,M0-ELARA-BENCH-LA,ELARA-Bench-LA,label_aligned_mechanism,55,craf_attention,test,elara_master_c/predictions/development/M0-ELARA-BENCH-LA__ELARA-Bench-LA__label_aligned_mechanism/craf_attention/test/seed_55.parquet,1600,bdef1f83de933c7620ceebb08eee54758516cb7b53a59a85bc6a3d7fbdbaf287,1c61f390dce89b19df824b3a3f8ea6dfcebf425a6de331b77000fe0422c8d8ec,9cfa32ccdcc444d67cf8b26508cd1c70ab30c71c,True,True,2026-06-02T01:00:05Z
M0-ELARA-BENCH-LA_rga_boosted_fusion_test_seed55_fde68af1,M0-ELARA-BENCH-LA,ELARA-Bench-LA,label_aligned_mechanism,55,rga_boosted_fusion,test,elara_master_c/predictions/development/M0-ELARA-BENCH-LA__ELARA-Bench-LA__label_aligned_mechanism/rga_boosted_fusion/test/seed_55.parquet,1600,fde68af1e111e6dffd0cae84754de9e820f956481b222c517c8eacf97ada7a81,1c61f390dce89b19df824b3a3f8ea6dfcebf425a6de331b77000fe0422c8d8ec,9cfa32ccdcc444d67cf8b26508cd1c70ab30c71c,True,True,2026-06-02T01:00:05Z
M0-ELARA-BENCH-LA_rga_meta_router_test_seed55_7c576404,M0-ELARA-BENCH-LA,ELARA-Bench-LA,label_aligned_mechanism,55,rga_meta_router,test,elara_master_c/predictions/development/M0-ELARA-BENCH-LA__ELARA-Bench-LA__label_aligned_mechanism/rga_meta_router/test/seed_55.parquet,1600,7c5764045903a3051c1a0bf985e128adf6b7167e34930593a54f7975ca1cf557,1c61f390dce89b19df824b3a3f8ea6dfcebf425a6de331b77000fe0422c8d8ec,9cfa32ccdcc444d67cf8b26508cd1c70ab30c71c,True,True,2026-06-02T01:00:05Z
M0-ELARA-BENCH-LA_early_fusion_mlp_test_seed55_375d4b2a,M0-ELARA-BENCH-LA,ELARA-Bench-LA,label_aligned_mechanism,55,early_fusion_mlp,test,elara_master_c/predictions/development/M0-ELARA-BENCH-LA__ELARA-Bench-LA__label_aligned_mechanism/early_fusion_mlp/test/seed_55.parquet,1600,375d4b2a8f578f13b7204851745998bbc23373b0db40d843ddc96f484e9a5428,1c61f390dce89b19df824b3a3f8ea6dfcebf425a6de331b77000fe0422c8d8ec,9cfa32ccdcc444d67cf8b26508cd1c70ab30c71c,True,True,2026-06-02T01:00:05Z
M0-ELARA-BENCH-LA_late_fusion_ensemble_test_seed55_9f330a18,M0-ELARA-BENCH-LA,ELARA-Bench-LA,label_aligned_mechanism,55,late_fusion_ensemble,test,elara_master_c/predictions/development/M0-ELARA-BENCH-LA__ELARA-Bench-LA__label_aligned_mechanism/late_fusion_ensemble/test/seed_55.parquet,1600,9f330a1888f6c58351b56ad26465a17bdfe7b37a4cf33fd07c0d30c737cb1727,1c61f390dce89b19df824b3a3f8ea6dfcebf425a6de331b77000fe0422c8d8ec,9cfa32ccdcc444d67cf8b26508cd1c70ab30c71c,True,True,2026-06-02T01:00:05Z
M0-ELARA-BENCH-LA_random_forest_test_seed55_61766b7e,M0-ELARA-BENCH-LA,ELARA-Bench-LA,label_aligned_mechanism,55,random_forest,test,elara_master_c/predictions/development/M0-ELARA-BENCH-LA__ELARA-Bench-LA__label_aligned_mechanism/random_forest/test/seed_55.parquet,1600,61766b7e8b41351347581587d980f5afd558dfba0c6e3bda380c5cd4734dfdd6,1c61f390dce89b19df824b3a3f8ea6dfcebf425a6de331b77000fe0422c8d8ec,9cfa32ccdcc444d67cf8b26508cd1c70ab30c71c,True,True,2026-06-02T01:00:05Z
M0-ELARA-BENCH-LA_confidence_weighted_mean_test_seed55_61585bd9,M0-ELARA-BENCH-LA,ELARA-Bench-LA,label_aligned_mechanism,55,confidence_weighted_mean,test,elara_master_c/predictions/development/M0-ELARA-BENCH-LA__ELARA-Bench-LA__label_aligned_mechanism/confidence_weighted_mean/test/seed_55.parquet,1600,61585bd9ad549f8b15432a27fa2e30304b30d76ce7515454c966f8771f85a249,1c61f390dce89b19df824b3a3f8ea6dfcebf425a6de331b77000fe0422c8d8ec,9cfa32ccdcc444d67cf8b26508cd1c70ab30c71c,True,True,2026-06-02T01:00:05Z
M0-ELARA-BENCH-LA_tent_score_adapter_test_seed55_a855c5a4,M0-ELARA-BENCH-LA,ELARA-Bench-LA,label_aligned_mechanism,55,tent_score_adapter,test,elara_master_c/predictions/development/M0-ELARA-BENCH-LA__ELARA-Bench-LA__label_aligned_mechanism/tent_score_adapter/test/seed_55.parquet,1600,a855c5a4ffeacb6367fd3f72ec78a4215101fd78966b9f6d4a8a5e5e4f47e18e,1c61f390dce89b19df824b3a3f8ea6dfcebf425a6de331b77000fe0422c8d8ec,9cfa32ccdcc444d67cf8b26508cd1c70ab30c71c,True,True,2026-06-02T01:00:06Z
M0-ELARA-BENCH-LA_ttt_pseudo_label_adapter_test_seed55_14f1403d,M0-ELARA-BENCH-LA,ELARA-Bench-LA,label_aligned_mechanism,55,ttt_pseudo_label_adapter,test,elara_master_c/predictions/development/M0-ELARA-BENCH-LA__ELARA-Bench-LA__label_aligned_mechanism/ttt_pseudo_label_adapter/test/seed_55.parquet,1600,14f1403d1df1f295ae90a65ab41a1e939f7edb3cfa777bd5135348341085e10b,1c61f390dce89b19df824b3a3f8ea6dfcebf425a6de331b77000fe0422c8d8ec,9cfa32ccdcc444d67cf8b26508cd1c70ab30c71c,True,True,2026-06-02T01:00:06Z
M0-ELARA-BENCH-LA_eata_score_adapter_test_seed55_6ee7ae1e,M0-ELARA-BENCH-LA,ELARA-Bench-LA,label_aligned_mechanism,55,eata_score_adapter,test,elara_master_c/predictions/development/M0-ELARA-BENCH-LA__ELARA-Bench-LA__label_aligned_mechanism/eata_score_adapter/test/seed_55.parquet,1600,6ee7ae1e55ef5f59739d61be5291ea17e1ed165576e31e52813c8db9a8030f64,1c61f390dce89b19df824b3a3f8ea6dfcebf425a6de331b77000fe0422c8d8ec,9cfa32ccdcc444d67cf8b26508cd1c70ab30c71c,True,True,2026-06-02T01:00:06Z
M0-ELARA-BENCH-LA_sar_score_adapter_test_seed55_7c414a94,M0-ELARA-BENCH-LA,ELARA-Bench-LA,label_aligned_mechanism,55,sar_score_adapter,test,elara_master_c/predictions/development/M0-ELARA-BENCH-LA__ELARA-Bench-LA__label_aligned_mechanism/sar_score_adapter/test/seed_55.parquet,1600,7c414a94d9bb8272a105929cca6039afdcf69f5d70cbfd9b1fd53b5546f91554,1c61f390dce89b19df824b3a3f8ea6dfcebf425a6de331b77000fe0422c8d8ec,9cfa32ccdcc444d67cf8b26508cd1c70ab30c71c,True,True,2026-06-02T01:00:06Z
M0-ELARA-BENCH-LA_static_attention_test_seed56_784f8d34,M0-ELARA-BENCH-LA,ELARA-Bench-LA,label_aligned_mechanism,56,static_attention,test,elara_master_c/predictions/development/M0-ELARA-BENCH-LA__ELARA-Bench-LA__label_aligned_mechanism/static_attention/test/seed_56.parquet,1600,784f8d34b1465b4ae202e22b4f8ea46330e0bc198c7b5938eee62f93bb78ea27,1c61f390dce89b19df824b3a3f8ea6dfcebf425a6de331b77000fe0422c8d8ec,9cfa32ccdcc444d67cf8b26508cd1c70ab30c71c,True,True,2026-06-02T01:00:32Z
M0-ELARA-BENCH-LA_craf_attention_test_seed56_c09941ec,M0-ELARA-BENCH-LA,ELARA-Bench-LA,label_aligned_mechanism,56,craf_attention,test,elara_master_c/predictions/development/M0-ELARA-BENCH-LA__ELARA-Bench-LA__label_aligned_mechanism/craf_attention/test/seed_56.parquet,1600,c09941ec1c93eaca570bc80177f6875d991c8ed57818c99949037a98e7e2c852,1c61f390dce89b19df824b3a3f8ea6dfcebf425a6de331b77000fe0422c8d8ec,9cfa32ccdcc444d67cf8b26508cd1c70ab30c71c,True,True,2026-06-02T01:00:32Z
M0-ELARA-BENCH-LA_rga_boosted_fusion_test_seed56_7e7fb90b,M0-ELARA-BENCH-LA,ELARA-Bench-LA,label_aligned_mechanism,56,rga_boosted_fusion,test,elara_master_c/predictions/development/M0-ELARA-BENCH-LA__ELARA-Bench-LA__label_aligned_mechanism/rga_boosted_fusion/test/seed_56.parquet,1600,7e7fb90be8e10355e806d90902b14958db6bf6feeaf09822b1529dee56b00f81,1c61f390dce89b19df824b3a3f8ea6dfcebf425a6de331b77000fe0422c8d8ec,9cfa32ccdcc444d67cf8b26508cd1c70ab30c71c,True,True,2026-06-02T01:00:32Z
M0-ELARA-BENCH-LA_rga_meta_router_test_seed56_4831af4e,M0-ELARA-BENCH-LA,ELARA-Bench-LA,label_aligned_mechanism,56,rga_meta_router,test,elara_master_c/predictions/development/M0-ELARA-BENCH-LA__ELARA-Bench-LA__label_aligned_mechanism/rga_meta_router/test/seed_56.parquet,1600,4831af4ed05c52ad5f1b9dcd98247b123e1a3c6b295f714bc69c035715c26687,1c61f390dce89b19df824b3a3f8ea6dfcebf425a6de331b77000fe0422c8d8ec,9cfa32ccdcc444d67cf8b26508cd1c70ab30c71c,True,True,2026-06-02T01:00:32Z
M0-ELARA-BENCH-LA_early_fusion_mlp_test_seed56_6c73dd1d,M0-ELARA-BENCH-LA,ELARA-Bench-LA,label_aligned_mechanism,56,early_fusion_mlp,test,elara_master_c/predictions/development/M0-ELARA-BENCH-LA__ELARA-Bench-LA__label_aligned_mechanism/early_fusion_mlp/test/seed_56.parquet,1600,6c73dd1d4cdf2ceaed4092189ee0c58381bcfa5e839e482bd422361b607309f4,1c61f390dce89b19df824b3a3f8ea6dfcebf425a6de331b77000fe0422c8d8ec,9cfa32ccdcc444d67cf8b26508cd1c70ab30c71c,True,True,2026-06-02T01:00:32Z
M0-ELARA-BENCH-LA_late_fusion_ensemble_test_seed56_e31b3ffc,M0-ELARA-BENCH-LA,ELARA-Bench-LA,label_aligned_mechanism,56,late_fusion_ensemble,test,elara_master_c/predictions/development/M0-ELARA-BENCH-LA__ELARA-Bench-LA__label_aligned_mechanism/late_fusion_ensemble/test/seed_56.parquet,1600,e31b3ffcf9bf2fddac18b55a298b7c53cb2ea49a9cc5e254cab650528ee83512,1c61f390dce89b19df824b3a3f8ea6dfcebf425a6de331b77000fe0422c8d8ec,9cfa32ccdcc444d67cf8b26508cd1c70ab30c71c,True,True,2026-06-02T01:00:32Z
M0-ELARA-BENCH-LA_random_forest_test_seed56_c598dd9e,M0-ELARA-BENCH-LA,ELARA-Bench-LA,label_aligned_mechanism,56,random_forest,test,elara_master_c/predictions/development/M0-ELARA-BENCH-LA__ELARA-Bench-LA__label_aligned_mechanism/random_forest/test/seed_56.parquet,1600,c598dd9e6dce80644f5edd8327e4c6816175d44a2eb76612b1d247edaee6e775,1c61f390dce89b19df824b3a3f8ea6dfcebf425a6de331b77000fe0422c8d8ec,9cfa32ccdcc444d67cf8b26508cd1c70ab30c71c,True,True,2026-06-02T01:00:32Z
M0-ELARA-BENCH-LA_confidence_weighted_mean_test_seed56_562420a8,M0-ELARA-BENCH-LA,ELARA-Bench-LA,label_aligned_mechanism,56,confidence_weighted_mean,test,elara_master_c/predictions/development/M0-ELARA-BENCH-LA__ELARA-Bench-LA__label_aligned_mechanism/confidence_weighted_mean/test/seed_56.parquet,1600,562420a8e276f4158d6ea0b27d605880732ec4aa3c38826086ac68daa4497710,1c61f390dce89b19df824b3a3f8ea6dfcebf425a6de331b77000fe0422c8d8ec,9cfa32ccdcc444d67cf8b26508cd1c70ab30c71c,True,True,2026-06-02T01:00:32Z
M0-ELARA-BENCH-LA_tent_score_adapter_test_seed56_395c1629,M0-ELARA-BENCH-LA,ELARA-Bench-LA,label_aligned_mechanism,56,tent_score_adapter,test,elara_master_c/predictions/development/M0-ELARA-BENCH-LA__ELARA-Bench-LA__label_aligned_mechanism/tent_score_adapter/test/seed_56.parquet,1600,395c16290bf3659bcce4fe520135ed3d0a34f7da1c8e73a3677e55076bec4e5f,1c61f390dce89b19df824b3a3f8ea6dfcebf425a6de331b77000fe0422c8d8ec,9cfa32ccdcc444d67cf8b26508cd1c70ab30c71c,True,True,2026-06-02T01:00:32Z
M0-ELARA-BENCH-LA_ttt_pseudo_label_adapter_test_seed56_3b0f5086,M0-ELARA-BENCH-LA,ELARA-Bench-LA,label_aligned_mechanism,56,ttt_pseudo_label_adapter,test,elara_master_c/predictions/development/M0-ELARA-BENCH-LA__ELARA-Bench-LA__label_aligned_mechanism/ttt_pseudo_label_adapter/test/seed_56.parquet,1600,3b0f5086438ca5d93a138f298c5dfcb75f9996761f6acbc7364116500780c590,1c61f390dce89b19df824b3a3f8ea6dfcebf425a6de331b77000fe0422c8d8ec,9cfa32ccdcc444d67cf8b26508cd1c70ab30c71c,True,True,2026-06-02T01:00:32Z
M0-ELARA-BENCH-LA_eata_score_adapter_test_seed56_fbde72d3,M0-ELARA-BENCH-LA,ELARA-Bench-LA,label_aligned_mechanism,56,eata_score_adapter,test,elara_master_c/predictions/development/M0-ELARA-BENCH-LA__ELARA-Bench-LA__label_aligned_mechanism/eata_score_adapter/test/seed_56.parquet,1600,fbde72d346d88d88adca11baa96e792e4e32923fd619a6e22883e5f9f7276fce,1c61f390dce89b19df824b3a3f8ea6dfcebf425a6de331b77000fe0422c8d8ec,9cfa32ccdcc444d67cf8b26508cd1c70ab30c71c,True,True,2026-06-02T01:00:32Z
M0-ELARA-BENCH-LA_sar_score_adapter_test_seed56_71310135,M0-ELARA-BENCH-LA,ELARA-Bench-LA,label_aligned_mechanism,56,sar_score_adapter,test,elara_master_c/predictions/development/M0-ELARA-BENCH-LA__ELARA-Bench-LA__label_aligned_mechanism/sar_score_adapter/test/seed_56.parquet,1600,713101354b7f2ded638f471b94f5215865b2097b7a5f3800ae5b79a7fc2ceab9,1c61f390dce89b19df824b3a3f8ea6dfcebf425a6de331b77000fe0422c8d8ec,9cfa32ccdcc444d67cf8b26508cd1c70ab30c71c,True,True,2026-06-02T01:00:32Z
M0-ELARA-BENCH-LA_static_attention_test_seed57_1865198b,M0-ELARA-BENCH-LA,ELARA-Bench-LA,label_aligned_mechanism,57,static_attention,test,elara_master_c/predictions/development/M0-ELARA-BENCH-LA__ELARA-Bench-LA__label_aligned_mechanism/static_attention/test/seed_57.parquet,1600,1865198be9d314edf8df52260c6017b61a909f29be8e3bbd9b909cd392858b62,1c61f390dce89b19df824b3a3f8ea6dfcebf425a6de331b77000fe0422c8d8ec,9cfa32ccdcc444d67cf8b26508cd1c70ab30c71c,True,True,2026-06-02T01:00:59Z
M0-ELARA-BENCH-LA_craf_attention_test_seed57_fca295e1,M0-ELARA-BENCH-LA,ELARA-Bench-LA,label_aligned_mechanism,57,craf_attention,test,elara_master_c/predictions/development/M0-ELARA-BENCH-LA__ELARA-Bench-LA__label_aligned_mechanism/craf_attention/test/seed_57.parquet,1600,fca295e1fbb033d44f32452192bdabb482aba1197b04796e290b9e2c6779b8cd,1c61f390dce89b19df824b3a3f8ea6dfcebf425a6de331b77000fe0422c8d8ec,9cfa32ccdcc444d67cf8b26508cd1c70ab30c71c,True,True,2026-06-02T01:00:59Z
M0-ELARA-BENCH-LA_rga_boosted_fusion_test_seed57_252134de,M0-ELARA-BENCH-LA,ELARA-Bench-LA,label_aligned_mechanism,57,rga_boosted_fusion,test,elara_master_c/predictions/development/M0-ELARA-BENCH-LA__ELARA-Bench-LA__label_aligned_mechanism/rga_boosted_fusion/test/seed_57.parquet,1600,252134dea1b84d791c5e3011c50b5412fe0207f5570b20bb5c683af8b7d34720,1c61f390dce89b19df824b3a3f8ea6dfcebf425a6de331b77000fe0422c8d8ec,9cfa32ccdcc444d67cf8b26508cd1c70ab30c71c,True,True,2026-06-02T01:00:59Z
M0-ELARA-BENCH-LA_rga_meta_router_test_seed57_3dbc4556,M0-ELARA-BENCH-LA,ELARA-Bench-LA,label_aligned_mechanism,57,rga_meta_router,test,elara_master_c/predictions/development/M0-ELARA-BENCH-LA__ELARA-Bench-LA__label_aligned_mechanism/rga_meta_router/test/seed_57.parquet,1600,3dbc4556d1c47c3d6ccf4a5439a4df8ba7c48e79ff6e914481532449125b9054,1c61f390dce89b19df824b3a3f8ea6dfcebf425a6de331b77000fe0422c8d8ec,9cfa32ccdcc444d67cf8b26508cd1c70ab30c71c,True,True,2026-06-02T01:00:59Z
M0-ELARA-BENCH-LA_early_fusion_mlp_test_seed57_e3c161e5,M0-ELARA-BENCH-LA,ELARA-Bench-LA,label_aligned_mechanism,57,early_fusion_mlp,test,elara_master_c/predictions/development/M0-ELARA-BENCH-LA__ELARA-Bench-LA__label_aligned_mechanism/early_fusion_mlp/test/seed_57.parquet,1600,e3c161e5b777cc363b458d5d8251a7ea8144d3fd7f07b751b8ac8bc21faa5e57,1c61f390dce89b19df824b3a3f8ea6dfcebf425a6de331b77000fe0422c8d8ec,9cfa32ccdcc444d67cf8b26508cd1c70ab30c71c,True,True,2026-06-02T01:00:59Z
M0-ELARA-BENCH-LA_late_fusion_ensemble_test_seed57_33c25f03,M0-ELARA-BENCH-LA,ELARA-Bench-LA,label_aligned_mechanism,57,late_fusion_ensemble,test,elara_master_c/predictions/development/M0-ELARA-BENCH-LA__ELARA-Bench-LA__label_aligned_mechanism/late_fusion_ensemble/test/seed_57.parquet,1600,33c25f0397aafd730c3f30bfd574784c19f72269c961ffd4026f401210dfecec,1c61f390dce89b19df824b3a3f8ea6dfcebf425a6de331b77000fe0422c8d8ec,9cfa32ccdcc444d67cf8b26508cd1c70ab30c71c,True,True,2026-06-02T01:00:59Z
M0-ELARA-BENCH-LA_random_forest_test_seed57_8b3dd08c,M0-ELARA-BENCH-LA,ELARA-Bench-LA,label_aligned_mechanism,57,random_forest,test,elara_master_c/predictions/development/M0-ELARA-BENCH-LA__ELARA-Bench-LA__label_aligned_mechanism/random_forest/test/seed_57.parquet,1600,8b3dd08c9646c14c1ddf1137255e3bd662260ca08e8b8da28868ca0224165223,1c61f390dce89b19df824b3a3f8ea6dfcebf425a6de331b77000fe0422c8d8ec,9cfa32ccdcc444d67cf8b26508cd1c70ab30c71c,True,True,2026-06-02T01:00:59Z
M0-ELARA-BENCH-LA_confidence_weighted_mean_test_seed57_7123eb4d,M0-ELARA-BENCH-LA,ELARA-Bench-LA,label_aligned_mechanism,57,confidence_weighted_mean,test,elara_master_c/predictions/development/M0-ELARA-BENCH-LA__ELARA-Bench-LA__label_aligned_mechanism/confidence_weighted_mean/test/seed_57.parquet,1600,7123eb4d3125aee2def52877dcb2aebc14fe5f13c7d396187428e381109a244b,1c61f390dce89b19df824b3a3f8ea6dfcebf425a6de331b77000fe0422c8d8ec,9cfa32ccdcc444d67cf8b26508cd1c70ab30c71c,True,True,2026-06-02T01:00:59Z
M0-ELARA-BENCH-LA_tent_score_adapter_test_seed57_64e3597e,M0-ELARA-BENCH-LA,ELARA-Bench-LA,label_aligned_mechanism,57,tent_score_adapter,test,elara_master_c/predictions/development/M0-ELARA-BENCH-LA__ELARA-Bench-LA__label_aligned_mechanism/tent_score_adapter/test/seed_57.parquet,1600,64e3597eec476fb74a5e4218965c1c75b490d43e75b693481e60e280f6f58824,1c61f390dce89b19df824b3a3f8ea6dfcebf425a6de331b77000fe0422c8d8ec,9cfa32ccdcc444d67cf8b26508cd1c70ab30c71c,True,True,2026-06-02T01:00:59Z
M0-ELARA-BENCH-LA_ttt_pseudo_label_adapter_test_seed57_eb739fe8,M0-ELARA-BENCH-LA,ELARA-Bench-LA,label_aligned_mechanism,57,ttt_pseudo_label_adapter,test,elara_master_c/predictions/development/M0-ELARA-BENCH-LA__ELARA-Bench-LA__label_aligned_mechanism/ttt_pseudo_label_adapter/test/seed_57.parquet,1600,eb739fe89aacbac52b371970ccbccc0ab34b703bc82de73205ead9cf06d0d27a,1c61f390dce89b19df824b3a3f8ea6dfcebf425a6de331b77000fe0422c8d8ec,9cfa32ccdcc444d67cf8b26508cd1c70ab30c71c,True,True,2026-06-02T01:01:00Z
M0-ELARA-BENCH-LA_eata_score_adapter_test_seed57_6e102368,M0-ELARA-BENCH-LA,ELARA-Bench-LA,label_aligned_mechanism,57,eata_score_adapter,test,elara_master_c/predictions/development/M0-ELARA-BENCH-LA__ELARA-Bench-LA__label_aligned_mechanism/eata_score_adapter/test/seed_57.parquet,1600,6e102368e153ff60bf59d9f83706abfa44329f5424771434073e278bea054798,1c61f390dce89b19df824b3a3f8ea6dfcebf425a6de331b77000fe0422c8d8ec,9cfa32ccdcc444d67cf8b26508cd1c70ab30c71c,True,True,2026-06-02T01:01:00Z
M0-ELARA-BENCH-LA_sar_score_adapter_test_seed57_3f1f7555,M0-ELARA-BENCH-LA,ELARA-Bench-LA,label_aligned_mechanism,57,sar_score_adapter,test,elara_master_c/predictions/development/M0-ELARA-BENCH-LA__ELARA-Bench-LA__label_aligned_mechanism/sar_score_adapter/test/seed_57.parquet,1600,3f1f755554b341804e8926067ad1c243931355a14b43264ebeb2d8f623dd02f9,1c61f390dce89b19df824b3a3f8ea6dfcebf425a6de331b77000fe0422c8d8ec,9cfa32ccdcc444d67cf8b26508cd1c70ab30c71c,True,True,2026-06-02T01:01:00Z
M0-ELARA-BENCH-LA_static_attention_test_seed58_a5e5e043,M0-ELARA-BENCH-LA,ELARA-Bench-LA,label_aligned_mechanism,58,static_attention,test,elara_master_c/predictions/development/M0-ELARA-BENCH-LA__ELARA-Bench-LA__label_aligned_mechanism/static_attention/test/seed_58.parquet,1600,a5e5e0436b74b04f17dc35bd4d88a36f3c2ed9de8b988eef229368692559372b,1c61f390dce89b19df824b3a3f8ea6dfcebf425a6de331b77000fe0422c8d8ec,9cfa32ccdcc444d67cf8b26508cd1c70ab30c71c,True,True,2026-06-02T01:01:26Z
M0-ELARA-BENCH-LA_craf_attention_test_seed58_76e907a6,M0-ELARA-BENCH-LA,ELARA-Bench-LA,label_aligned_mechanism,58,craf_attention,test,elara_master_c/predictions/development/M0-ELARA-BENCH-LA__ELARA-Bench-LA__label_aligned_mechanism/craf_attention/test/seed_58.parquet,1600,76e907a6189ad3a01e8c02aa1453a3968a36a5e7114b3c02a6c6a751e5cb55a3,1c61f390dce89b19df824b3a3f8ea6dfcebf425a6de331b77000fe0422c8d8ec,9cfa32ccdcc444d67cf8b26508cd1c70ab30c71c,True,True,2026-06-02T01:01:26Z
M0-ELARA-BENCH-LA_rga_boosted_fusion_test_seed58_cb3678fb,M0-ELARA-BENCH-LA,ELARA-Bench-LA,label_aligned_mechanism,58,rga_boosted_fusion,test,elara_master_c/predictions/development/M0-ELARA-BENCH-LA__ELARA-Bench-LA__label_aligned_mechanism/rga_boosted_fusion/test/seed_58.parquet,1600,cb3678fbfa510a34b743aea621b4bec8f5e4a89d92591458129d3330e49e74e8,1c61f390dce89b19df824b3a3f8ea6dfcebf425a6de331b77000fe0422c8d8ec,9cfa32ccdcc444d67cf8b26508cd1c70ab30c71c,True,True,2026-06-02T01:01:26Z
M0-ELARA-BENCH-LA_rga_meta_router_test_seed58_974617a9,M0-ELARA-BENCH-LA,ELARA-Bench-LA,label_aligned_mechanism,58,rga_meta_router,test,elara_master_c/predictions/development/M0-ELARA-BENCH-LA__ELARA-Bench-LA__label_aligned_mechanism/rga_meta_router/test/seed_58.parquet,1600,974617a9a5420147d08fc666a52376707391407669aded03e9cfe5b8318ba1b9,1c61f390dce89b19df824b3a3f8ea6dfcebf425a6de331b77000fe0422c8d8ec,9cfa32ccdcc444d67cf8b26508cd1c70ab30c71c,True,True,2026-06-02T01:01:26Z
M0-ELARA-BENCH-LA_early_fusion_mlp_test_seed58_2f0bbc4e,M0-ELARA-BENCH-LA,ELARA-Bench-LA,label_aligned_mechanism,58,early_fusion_mlp,test,elara_master_c/predictions/development/M0-ELARA-BENCH-LA__ELARA-Bench-LA__label_aligned_mechanism/early_fusion_mlp/test/seed_58.parquet,1600,2f0bbc4e6af955953fb411e8f1013f997a5608806614a40e37a252af23b52206,1c61f390dce89b19df824b3a3f8ea6dfcebf425a6de331b77000fe0422c8d8ec,9cfa32ccdcc444d67cf8b26508cd1c70ab30c71c,True,True,2026-06-02T01:01:26Z
M0-ELARA-BENCH-LA_late_fusion_ensemble_test_seed58_49f5e5c6,M0-ELARA-BENCH-LA,ELARA-Bench-LA,label_aligned_mechanism,58,late_fusion_ensemble,test,elara_master_c/predictions/development/M0-ELARA-BENCH-LA__ELARA-Bench-LA__label_aligned_mechanism/late_fusion_ensemble/test/seed_58.parquet,1600,49f5e5c6c486591bf940ccbd809052922d1bc5dc8a807f47a2d7e78e187a7127,1c61f390dce89b19df824b3a3f8ea6dfcebf425a6de331b77000fe0422c8d8ec,9cfa32ccdcc444d67cf8b26508cd1c70ab30c71c,True,True,2026-06-02T01:01:26Z
M0-ELARA-BENCH-LA_random_forest_test_seed58_b6ca140f,M0-ELARA-BENCH-LA,ELARA-Bench-LA,label_aligned_mechanism,58,random_forest,test,elara_master_c/predictions/development/M0-ELARA-BENCH-LA__ELARA-Bench-LA__label_aligned_mechanism/random_forest/test/seed_58.parquet,1600,b6ca140f7e98648709315af2374cc214af023c21f3d44b802f2a8e61323931fe,1c61f390dce89b19df824b3a3f8ea6dfcebf425a6de331b77000fe0422c8d8ec,9cfa32ccdcc444d67cf8b26508cd1c70ab30c71c,True,True,2026-06-02T01:01:26Z
M0-ELARA-BENCH-LA_confidence_weighted_mean_test_seed58_82095788,M0-ELARA-BENCH-LA,ELARA-Bench-LA,label_aligned_mechanism,58,confidence_weighted_mean,test,elara_master_c/predictions/development/M0-ELARA-BENCH-LA__ELARA-Bench-LA__label_aligned_mechanism/confidence_weighted_mean/test/seed_58.parquet,1600,820957887f2f9386f9d97b78786cd2c544221202d5fd55f35ef0a3751e671ab6,1c61f390dce89b19df824b3a3f8ea6dfcebf425a6de331b77000fe0422c8d8ec,9cfa32ccdcc444d67cf8b26508cd1c70ab30c71c,True,True,2026-06-02T01:01:26Z
M0-ELARA-BENCH-LA_tent_score_adapter_test_seed58_8dc7d809,M0-ELARA-BENCH-LA,ELARA-Bench-LA,label_aligned_mechanism,58,tent_score_adapter,test,elara_master_c/predictions/development/M0-ELARA-BENCH-LA__ELARA-Bench-LA__label_aligned_mechanism/tent_score_adapter/test/seed_58.parquet,1600,8dc7d809a767d0450ba3f75e0057f91643f94bf0317e19933690fd9501247772,1c61f390dce89b19df824b3a3f8ea6dfcebf425a6de331b77000fe0422c8d8ec,9cfa32ccdcc444d67cf8b26508cd1c70ab30c71c,True,True,2026-06-02T01:01:26Z
M0-ELARA-BENCH-LA_ttt_pseudo_label_adapter_test_seed58_716ca7a6,M0-ELARA-BENCH-LA,ELARA-Bench-LA,label_aligned_mechanism,58,ttt_pseudo_label_adapter,test,elara_master_c/predictions/development/M0-ELARA-BENCH-LA__ELARA-Bench-LA__label_aligned_mechanism/ttt_pseudo_label_adapter/test/seed_58.parquet,1600,716ca7a64d4a6effcb4a471b1e6fe54f0b11e61204c5981e2740936526b9a4e4,1c61f390dce89b19df824b3a3f8ea6dfcebf425a6de331b77000fe0422c8d8ec,9cfa32ccdcc444d67cf8b26508cd1c70ab30c71c,True,True,2026-06-02T01:01:26Z
M0-ELARA-BENCH-LA_eata_score_adapter_test_seed58_89612a79,M0-ELARA-BENCH-LA,ELARA-Bench-LA,label_aligned_mechanism,58,eata_score_adapter,test,elara_master_c/predictions/development/M0-ELARA-BENCH-LA__ELARA-Bench-LA__label_aligned_mechanism/eata_score_adapter/test/seed_58.parquet,1600,89612a79a4da94ed7a1e170fbb4686e15d20e7d130a98b758fd213fd81a07cd4,1c61f390dce89b19df824b3a3f8ea6dfcebf425a6de331b77000fe0422c8d8ec,9cfa32ccdcc444d67cf8b26508cd1c70ab30c71c,True,True,2026-06-02T01:01:26Z
M0-ELARA-BENCH-LA_sar_score_adapter_test_seed58_e5914625,M0-ELARA-BENCH-LA,ELARA-Bench-LA,label_aligned_mechanism,58,sar_score_adapter,test,elara_master_c/predictions/development/M0-ELARA-BENCH-LA__ELARA-Bench-LA__label_aligned_mechanism/sar_score_adapter/test/seed_58.parquet,1600,e5914625585e2d343049718a020d9f233c4f39fc8f621ac1728adb7929318778,1c61f390dce89b19df824b3a3f8ea6dfcebf425a6de331b77000fe0422c8d8ec,9cfa32ccdcc444d67cf8b26508cd1c70ab30c71c,True,True,2026-06-02T01:01:26Z
M0-ELARA-BENCH-LA_static_attention_test_seed59_006e2058,M0-ELARA-BENCH-LA,ELARA-Bench-LA,label_aligned_mechanism,59,static_attention,test,elara_master_c/predictions/development/M0-ELARA-BENCH-LA__ELARA-Bench-LA__label_aligned_mechanism/static_attention/test/seed_59.parquet,1600,006e20585195330bd49a5642bf0bc50ad419b19ed0c358db6aac32b736b25199,1c61f390dce89b19df824b3a3f8ea6dfcebf425a6de331b77000fe0422c8d8ec,9cfa32ccdcc444d67cf8b26508cd1c70ab30c71c,True,True,2026-06-02T01:01:54Z
M0-ELARA-BENCH-LA_craf_attention_test_seed59_9a333393,M0-ELARA-BENCH-LA,ELARA-Bench-LA,label_aligned_mechanism,59,craf_attention,test,elara_master_c/predictions/development/M0-ELARA-BENCH-LA__ELARA-Bench-LA__label_aligned_mechanism/craf_attention/test/seed_59.parquet,1600,9a3333933a0ff63f723a62afe6f905e22eb8352d4f3c0c2f7df360843e2b6c19,1c61f390dce89b19df824b3a3f8ea6dfcebf425a6de331b77000fe0422c8d8ec,9cfa32ccdcc444d67cf8b26508cd1c70ab30c71c,True,True,2026-06-02T01:01:54Z
M0-ELARA-BENCH-LA_rga_boosted_fusion_test_seed59_3c908b33,M0-ELARA-BENCH-LA,ELARA-Bench-LA,label_aligned_mechanism,59,rga_boosted_fusion,test,elara_master_c/predictions/development/M0-ELARA-BENCH-LA__ELARA-Bench-LA__label_aligned_mechanism/rga_boosted_fusion/test/seed_59.parquet,1600,3c908b332b6565cef937d8bc76ece7615c34b1de448d427858b461a69ef34b71,1c61f390dce89b19df824b3a3f8ea6dfcebf425a6de331b77000fe0422c8d8ec,9cfa32ccdcc444d67cf8b26508cd1c70ab30c71c,True,True,2026-06-02T01:01:54Z
M0-ELARA-BENCH-LA_rga_meta_router_test_seed59_584265dd,M0-ELARA-BENCH-LA,ELARA-Bench-LA,label_aligned_mechanism,59,rga_meta_router,test,elara_master_c/predictions/development/M0-ELARA-BENCH-LA__ELARA-Bench-LA__label_aligned_mechanism/rga_meta_router/test/seed_59.parquet,1600,584265dd3d4be7401bef9b79dafc94bda51d8fdc96cde438e89e5445a2b71a56,1c61f390dce89b19df824b3a3f8ea6dfcebf425a6de331b77000fe0422c8d8ec,9cfa32ccdcc444d67cf8b26508cd1c70ab30c71c,True,True,2026-06-02T01:01:55Z
M0-ELARA-BENCH-LA_early_fusion_mlp_test_seed59_7b71dff9,M0-ELARA-BENCH-LA,ELARA-Bench-LA,label_aligned_mechanism,59,early_fusion_mlp,test,elara_master_c/predictions/development/M0-ELARA-BENCH-LA__ELARA-Bench-LA__label_aligned_mechanism/early_fusion_mlp/test/seed_59.parquet,1600,7b71dff9f514a7b30a05cfe9ca8c5f942b2ed1bdfc29249b1f968b65d34f0175,1c61f390dce89b19df824b3a3f8ea6dfcebf425a6de331b77000fe0422c8d8ec,9cfa32ccdcc444d67cf8b26508cd1c70ab30c71c,True,True,2026-06-02T01:01:55Z
M0-ELARA-BENCH-LA_late_fusion_ensemble_test_seed59_8541a1e6,M0-ELARA-BENCH-LA,ELARA-Bench-LA,label_aligned_mechanism,59,late_fusion_ensemble,test,elara_master_c/predictions/development/M0-ELARA-BENCH-LA__ELARA-Bench-LA__label_aligned_mechanism/late_fusion_ensemble/test/seed_59.parquet,1600,8541a1e6912a3516132681bc33f559160d03a2b3531a7a1d72c1db767b89884b,1c61f390dce89b19df824b3a3f8ea6dfcebf425a6de331b77000fe0422c8d8ec,9cfa32ccdcc444d67cf8b26508cd1c70ab30c71c,True,True,2026-06-02T01:01:55Z
M0-ELARA-BENCH-LA_random_forest_test_seed59_84a87d6d,M0-ELARA-BENCH-LA,ELARA-Bench-LA,label_aligned_mechanism,59,random_forest,test,elara_master_c/predictions/development/M0-ELARA-BENCH-LA__ELARA-Bench-LA__label_aligned_mechanism/random_forest/test/seed_59.parquet,1600,84a87d6df930e7e85f1bebee3753455cc167b80caf02561f6dd74224225d101f,1c61f390dce89b19df824b3a3f8ea6dfcebf425a6de331b77000fe0422c8d8ec,9cfa32ccdcc444d67cf8b26508cd1c70ab30c71c,True,True,2026-06-02T01:01:55Z
M0-ELARA-BENCH-LA_confidence_weighted_mean_test_seed59_fc20f66d,M0-ELARA-BENCH-LA,ELARA-Bench-LA,label_aligned_mechanism,59,confidence_weighted_mean,test,elara_master_c/predictions/development/M0-ELARA-BENCH-LA__ELARA-Bench-LA__label_aligned_mechanism/confidence_weighted_mean/test/seed_59.parquet,1600,fc20f66dcf56ca53632f6b2b1682806c16b7136eca821827f26bf666ce703238,1c61f390dce89b19df824b3a3f8ea6dfcebf425a6de331b77000fe0422c8d8ec,9cfa32ccdcc444d67cf8b26508cd1c70ab30c71c,True,True,2026-06-02T01:01:55Z
M0-ELARA-BENCH-LA_tent_score_adapter_test_seed59_176b2474,M0-ELARA-BENCH-LA,ELARA-Bench-LA,label_aligned_mechanism,59,tent_score_adapter,test,elara_master_c/predictions/development/M0-ELARA-BENCH-LA__ELARA-Bench-LA__label_aligned_mechanism/tent_score_adapter/test/seed_59.parquet,1600,176b247438b38eece59cba98271fb20642ad5c1d8e95f22dcbf66867863df369,1c61f390dce89b19df824b3a3f8ea6dfcebf425a6de331b77000fe0422c8d8ec,9cfa32ccdcc444d67cf8b26508cd1c70ab30c71c,True,True,2026-06-02T01:01:55Z
M0-ELARA-BENCH-LA_ttt_pseudo_label_adapter_test_seed59_edd29342,M0-ELARA-BENCH-LA,ELARA-Bench-LA,label_aligned_mechanism,59,ttt_pseudo_label_adapter,test,elara_master_c/predictions/development/M0-ELARA-BENCH-LA__ELARA-Bench-LA__label_aligned_mechanism/ttt_pseudo_label_adapter/test/seed_59.parquet,1600,edd29342e8f250f439077b8092373aa3f47dede489a4ffe94723c0e438781206,1c61f390dce89b19df824b3a3f8ea6dfcebf425a6de331b77000fe0422c8d8ec,9cfa32ccdcc444d67cf8b26508cd1c70ab30c71c,True,True,2026-06-02T01:01:55Z
M0-ELARA-BENCH-LA_eata_score_adapter_test_seed59_0002c034,M0-ELARA-BENCH-LA,ELARA-Bench-LA,label_aligned_mechanism,59,eata_score_adapter,test,elara_master_c/predictions/development/M0-ELARA-BENCH-LA__ELARA-Bench-LA__label_aligned_mechanism/eata_score_adapter/test/seed_59.parquet,1600,0002c034bbb530c75ab94e3ebea0763b7f7d9b4e7915801327461725cb69a7e2,1c61f390dce89b19df824b3a3f8ea6dfcebf425a6de331b77000fe0422c8d8ec,9cfa32ccdcc444d67cf8b26508cd1c70ab30c71c,True,True,2026-06-02T01:01:55Z
M0-ELARA-BENCH-LA_sar_score_adapter_test_seed59_af2d16e7,M0-ELARA-BENCH-LA,ELARA-Bench-LA,label_aligned_mechanism,59,sar_score_adapter,test,elara_master_c/predictions/development/M0-ELARA-BENCH-LA__ELARA-Bench-LA__label_aligned_mechanism/sar_score_adapter/test/seed_59.parquet,1600,af2d16e7e7df02737f79e3c89bb77b29f288d2bdd07e3c3371942ac5a72bad42,1c61f390dce89b19df824b3a3f8ea6dfcebf425a6de331b77000fe0422c8d8ec,9cfa32ccdcc444d67cf8b26508cd1c70ab30c71c,True,True,2026-06-02T01:01:55Z
M0-ELARA-BENCH-LA_static_attention_test_seed60_7ba1bb30,M0-ELARA-BENCH-LA,ELARA-Bench-LA,label_aligned_mechanism,60,static_attention,test,elara_master_c/predictions/development/M0-ELARA-BENCH-LA__ELARA-Bench-LA__label_aligned_mechanism/static_attention/test/seed_60.parquet,1600,7ba1bb3039777aea634ff73c7e20fb9cf1a85bfeb65288e6e4b1865303fcb227,1c61f390dce89b19df824b3a3f8ea6dfcebf425a6de331b77000fe0422c8d8ec,9cfa32ccdcc444d67cf8b26508cd1c70ab30c71c,True,True,2026-06-02T01:02:20Z
M0-ELARA-BENCH-LA_craf_attention_test_seed60_b06ece7f,M0-ELARA-BENCH-LA,ELARA-Bench-LA,label_aligned_mechanism,60,craf_attention,test,elara_master_c/predictions/development/M0-ELARA-BENCH-LA__ELARA-Bench-LA__label_aligned_mechanism/craf_attention/test/seed_60.parquet,1600,b06ece7f21aaeee4ffb0a5195e69257d1832e036ed9a65e465feb6ea64edebfe,1c61f390dce89b19df824b3a3f8ea6dfcebf425a6de331b77000fe0422c8d8ec,9cfa32ccdcc444d67cf8b26508cd1c70ab30c71c,True,True,2026-06-02T01:02:20Z
M0-ELARA-BENCH-LA_rga_boosted_fusion_test_seed60_d5499b28,M0-ELARA-BENCH-LA,ELARA-Bench-LA,label_aligned_mechanism,60,rga_boosted_fusion,test,elara_master_c/predictions/development/M0-ELARA-BENCH-LA__ELARA-Bench-LA__label_aligned_mechanism/rga_boosted_fusion/test/seed_60.parquet,1600,d5499b2811c9d1d72ca548721671c14264089abe662ab8a9ff244c55a3131154,1c61f390dce89b19df824b3a3f8ea6dfcebf425a6de331b77000fe0422c8d8ec,9cfa32ccdcc444d67cf8b26508cd1c70ab30c71c,True,True,2026-06-02T01:02:20Z
M0-ELARA-BENCH-LA_rga_meta_router_test_seed60_8f954b8a,M0-ELARA-BENCH-LA,ELARA-Bench-LA,label_aligned_mechanism,60,rga_meta_router,test,elara_master_c/predictions/development/M0-ELARA-BENCH-LA__ELARA-Bench-LA__label_aligned_mechanism/rga_meta_router/test/seed_60.parquet,1600,8f954b8a5cd0ec2d302cbf1ea4017bcb87e41701a36e2057911737efe112223b,1c61f390dce89b19df824b3a3f8ea6dfcebf425a6de331b77000fe0422c8d8ec,9cfa32ccdcc444d67cf8b26508cd1c70ab30c71c,True,True,2026-06-02T01:02:21Z
M0-ELARA-BENCH-LA_early_fusion_mlp_test_seed60_b2e4c433,M0-ELARA-BENCH-LA,ELARA-Bench-LA,label_aligned_mechanism,60,early_fusion_mlp,test,elara_master_c/predictions/development/M0-ELARA-BENCH-LA__ELARA-Bench-LA__label_aligned_mechanism/early_fusion_mlp/test/seed_60.parquet,1600,b2e4c4332cbec915e30cb3ce93a7389a4a69f5d782d3881d0cf50efe1aa9a72d,1c61f390dce89b19df824b3a3f8ea6dfcebf425a6de331b77000fe0422c8d8ec,9cfa32ccdcc444d67cf8b26508cd1c70ab30c71c,True,True,2026-06-02T01:02:21Z
M0-ELARA-BENCH-LA_late_fusion_ensemble_test_seed60_2e624c94,M0-ELARA-BENCH-LA,ELARA-Bench-LA,label_aligned_mechanism,60,late_fusion_ensemble,test,elara_master_c/predictions/development/M0-ELARA-BENCH-LA__ELARA-Bench-LA__label_aligned_mechanism/late_fusion_ensemble/test/seed_60.parquet,1600,2e624c9403ced86844a8ba0cd3ba24ef89236c999827f216e95f238740a36194,1c61f390dce89b19df824b3a3f8ea6dfcebf425a6de331b77000fe0422c8d8ec,9cfa32ccdcc444d67cf8b26508cd1c70ab30c71c,True,True,2026-06-02T01:02:21Z
M0-ELARA-BENCH-LA_random_forest_test_seed60_9d17936b,M0-ELARA-BENCH-LA,ELARA-Bench-LA,label_aligned_mechanism,60,random_forest,test,elara_master_c/predictions/development/M0-ELARA-BENCH-LA__ELARA-Bench-LA__label_aligned_mechanism/random_forest/test/seed_60.parquet,1600,9d17936b6c8efa7340953ff0d342303549b62e64b93dfddbd22212dcaf7b0aa0,1c61f390dce89b19df824b3a3f8ea6dfcebf425a6de331b77000fe0422c8d8ec,9cfa32ccdcc444d67cf8b26508cd1c70ab30c71c,True,True,2026-06-02T01:02:21Z
M0-ELARA-BENCH-LA_confidence_weighted_mean_test_seed60_ac7fb470,M0-ELARA-BENCH-LA,ELARA-Bench-LA,label_aligned_mechanism,60,confidence_weighted_mean,test,elara_master_c/predictions/development/M0-ELARA-BENCH-LA__ELARA-Bench-LA__label_aligned_mechanism/confidence_weighted_mean/test/seed_60.parquet,1600,ac7fb47067b6ff83274bac73b87c494dd97532364ae8df21fae494f52d5aa92e,1c61f390dce89b19df824b3a3f8ea6dfcebf425a6de331b77000fe0422c8d8ec,9cfa32ccdcc444d67cf8b26508cd1c70ab30c71c,True,True,2026-06-02T01:02:21Z
M0-ELARA-BENCH-LA_tent_score_adapter_test_seed60_47d81087,M0-ELARA-BENCH-LA,ELARA-Bench-LA,label_aligned_mechanism,60,tent_score_adapter,test,elara_master_c/predictions/development/M0-ELARA-BENCH-LA__ELARA-Bench-LA__label_aligned_mechanism/tent_score_adapter/test/seed_60.parquet,1600,47d81087530f7dede9c9e3c5b79d90d6de9b474e888aeb36522ded050cf7d52d,1c61f390dce89b19df824b3a3f8ea6dfcebf425a6de331b77000fe0422c8d8ec,9cfa32ccdcc444d67cf8b26508cd1c70ab30c71c,True,True,2026-06-02T01:02:21Z
M0-ELARA-BENCH-LA_ttt_pseudo_label_adapter_test_seed60_6d2f20b7,M0-ELARA-BENCH-LA,ELARA-Bench-LA,label_aligned_mechanism,60,ttt_pseudo_label_adapter,test,elara_master_c/predictions/development/M0-ELARA-BENCH-LA__ELARA-Bench-LA__label_aligned_mechanism/ttt_pseudo_label_adapter/test/seed_60.parquet,1600,6d2f20b794210caf6fb8559df00aafccd49b30e20e5b97d4ab50b37ae0907aff,1c61f390dce89b19df824b3a3f8ea6dfcebf425a6de331b77000fe0422c8d8ec,9cfa32ccdcc444d67cf8b26508cd1c70ab30c71c,True,True,2026-06-02T01:02:21Z
M0-ELARA-BENCH-LA_eata_score_adapter_test_seed60_57140f67,M0-ELARA-BENCH-LA,ELARA-Bench-LA,label_aligned_mechanism,60,eata_score_adapter,test,elara_master_c/predictions/development/M0-ELARA-BENCH-LA__ELARA-Bench-LA__label_aligned_mechanism/eata_score_adapter/test/seed_60.parquet,1600,57140f67a7a75c2128fd7fb0fed6c92dc9903d0ebb65b0a9bd687e5bd0b3ccc1,1c61f390dce89b19df824b3a3f8ea6dfcebf425a6de331b77000fe0422c8d8ec,9cfa32ccdcc444d67cf8b26508cd1c70ab30c71c,True,True,2026-06-02T01:02:21Z
M0-ELARA-BENCH-LA_sar_score_adapter_test_seed60_f2885d86,M0-ELARA-BENCH-LA,ELARA-Bench-LA,label_aligned_mechanism,60,sar_score_adapter,test,elara_master_c/predictions/development/M0-ELARA-BENCH-LA__ELARA-Bench-LA__label_aligned_mechanism/sar_score_adapter/test/seed_60.parquet,1600,f2885d86e2614f39fe60408981c10654d290e5f36be40733fd4824b3cc50181a,1c61f390dce89b19df824b3a3f8ea6dfcebf425a6de331b77000fe0422c8d8ec,9cfa32ccdcc444d67cf8b26508cd1c70ab30c71c,True,True,2026-06-02T01:02:21Z
M0-ELARA-BENCH-LA_static_attention_test_seed61_f4ea4c74,M0-ELARA-BENCH-LA,ELARA-Bench-LA,label_aligned_mechanism,61,static_attention,test,elara_master_c/predictions/development/M0-ELARA-BENCH-LA__ELARA-Bench-LA__label_aligned_mechanism/static_attention/test/seed_61.parquet,1600,f4ea4c74c86e1d451b76be57ee29e7ee7a32af505f3b2b2a0d49e2f89c2608da,1c61f390dce89b19df824b3a3f8ea6dfcebf425a6de331b77000fe0422c8d8ec,9cfa32ccdcc444d67cf8b26508cd1c70ab30c71c,True,True,2026-06-02T01:02:47Z
M0-ELARA-BENCH-LA_craf_attention_test_seed61_21036d15,M0-ELARA-BENCH-LA,ELARA-Bench-LA,label_aligned_mechanism,61,craf_attention,test,elara_master_c/predictions/development/M0-ELARA-BENCH-LA__ELARA-Bench-LA__label_aligned_mechanism/craf_attention/test/seed_61.parquet,1600,21036d1523a2a30adbde2be0a7aa55e2e683ad27cdccfa362b31191e7d0be58f,1c61f390dce89b19df824b3a3f8ea6dfcebf425a6de331b77000fe0422c8d8ec,9cfa32ccdcc444d67cf8b26508cd1c70ab30c71c,True,True,2026-06-02T01:02:47Z
M0-ELARA-BENCH-LA_rga_boosted_fusion_test_seed61_59d93a0c,M0-ELARA-BENCH-LA,ELARA-Bench-LA,label_aligned_mechanism,61,rga_boosted_fusion,test,elara_master_c/predictions/development/M0-ELARA-BENCH-LA__ELARA-Bench-LA__label_aligned_mechanism/rga_boosted_fusion/test/seed_61.parquet,1600,59d93a0c88e103f5e5a90edca0f98db41f133ebdb44ed4acf23465b9bc1b1692,1c61f390dce89b19df824b3a3f8ea6dfcebf425a6de331b77000fe0422c8d8ec,9cfa32ccdcc444d67cf8b26508cd1c70ab30c71c,True,True,2026-06-02T01:02:47Z
M0-ELARA-BENCH-LA_rga_meta_router_test_seed61_5436f08f,M0-ELARA-BENCH-LA,ELARA-Bench-LA,label_aligned_mechanism,61,rga_meta_router,test,elara_master_c/predictions/development/M0-ELARA-BENCH-LA__ELARA-Bench-LA__label_aligned_mechanism/rga_meta_router/test/seed_61.parquet,1600,5436f08f1a5030981a24cb83ba04491bd29b13a1a193964a26ae4efdc522865b,1c61f390dce89b19df824b3a3f8ea6dfcebf425a6de331b77000fe0422c8d8ec,9cfa32ccdcc444d67cf8b26508cd1c70ab30c71c,True,True,2026-06-02T01:02:47Z
M0-ELARA-BENCH-LA_early_fusion_mlp_test_seed61_1a33daf9,M0-ELARA-BENCH-LA,ELARA-Bench-LA,label_aligned_mechanism,61,early_fusion_mlp,test,elara_master_c/predictions/development/M0-ELARA-BENCH-LA__ELARA-Bench-LA__label_aligned_mechanism/early_fusion_mlp/test/seed_61.parquet,1600,1a33daf95ac85debb24752da7ea8e0dd037e12bde0a2d861150f4704318ea064,1c61f390dce89b19df824b3a3f8ea6dfcebf425a6de331b77000fe0422c8d8ec,9cfa32ccdcc444d67cf8b26508cd1c70ab30c71c,True,True,2026-06-02T01:02:47Z
M0-ELARA-BENCH-LA_late_fusion_ensemble_test_seed61_c453a30f,M0-ELARA-BENCH-LA,ELARA-Bench-LA,label_aligned_mechanism,61,late_fusion_ensemble,test,elara_master_c/predictions/development/M0-ELARA-BENCH-LA__ELARA-Bench-LA__label_aligned_mechanism/late_fusion_ensemble/test/seed_61.parquet,1600,c453a30f1b133939cbe6a31627ecf11d587ade004d1a483618572d5a7d98cac4,1c61f390dce89b19df824b3a3f8ea6dfcebf425a6de331b77000fe0422c8d8ec,9cfa32ccdcc444d67cf8b26508cd1c70ab30c71c,True,True,2026-06-02T01:02:47Z
M0-ELARA-BENCH-LA_random_forest_test_seed61_adc82c24,M0-ELARA-BENCH-LA,ELARA-Bench-LA,label_aligned_mechanism,61,random_forest,test,elara_master_c/predictions/development/M0-ELARA-BENCH-LA__ELARA-Bench-LA__label_aligned_mechanism/random_forest/test/seed_61.parquet,1600,adc82c2431806d65b63a14824e648b83aff0b742c24da41c32a81bc0f18c479d,1c61f390dce89b19df824b3a3f8ea6dfcebf425a6de331b77000fe0422c8d8ec,9cfa32ccdcc444d67cf8b26508cd1c70ab30c71c,True,True,2026-06-02T01:02:47Z
M0-ELARA-BENCH-LA_confidence_weighted_mean_test_seed61_9c555048,M0-ELARA-BENCH-LA,ELARA-Bench-LA,label_aligned_mechanism,61,confidence_weighted_mean,test,elara_master_c/predictions/development/M0-ELARA-BENCH-LA__ELARA-Bench-LA__label_aligned_mechanism/confidence_weighted_mean/test/seed_61.parquet,1600,9c55504899ee6d3a7ee44cd1614382e401bd2bb0031589d9ec7acc108482a53d,1c61f390dce89b19df824b3a3f8ea6dfcebf425a6de331b77000fe0422c8d8ec,9cfa32ccdcc444d67cf8b26508cd1c70ab30c71c,True,True,2026-06-02T01:02:47Z
M0-ELARA-BENCH-LA_tent_score_adapter_test_seed61_ec37f50e,M0-ELARA-BENCH-LA,ELARA-Bench-LA,label_aligned_mechanism,61,tent_score_adapter,test,elara_master_c/predictions/development/M0-ELARA-BENCH-LA__ELARA-Bench-LA__label_aligned_mechanism/tent_score_adapter/test/seed_61.parquet,1600,ec37f50e9ded0a84b274af4c1b335cb9922e7ae8483464843fc7df6dae3cd568,1c61f390dce89b19df824b3a3f8ea6dfcebf425a6de331b77000fe0422c8d8ec,9cfa32ccdcc444d67cf8b26508cd1c70ab30c71c,True,True,2026-06-02T01:02:47Z
M0-ELARA-BENCH-LA_ttt_pseudo_label_adapter_test_seed61_e92b6239,M0-ELARA-BENCH-LA,ELARA-Bench-LA,label_aligned_mechanism,61,ttt_pseudo_label_adapter,test,elara_master_c/predictions/development/M0-ELARA-BENCH-LA__ELARA-Bench-LA__label_aligned_mechanism/ttt_pseudo_label_adapter/test/seed_61.parquet,1600,e92b623992ecb496805205c06f76e56dcebce963deec930ee7c66f09551363c1,1c61f390dce89b19df824b3a3f8ea6dfcebf425a6de331b77000fe0422c8d8ec,9cfa32ccdcc444d67cf8b26508cd1c70ab30c71c,True,True,2026-06-02T01:02:47Z
M0-ELARA-BENCH-LA_eata_score_adapter_test_seed61_b5db3be9,M0-ELARA-BENCH-LA,ELARA-Bench-LA,label_aligned_mechanism,61,eata_score_adapter,test,elara_master_c/predictions/development/M0-ELARA-BENCH-LA__ELARA-Bench-LA__label_aligned_mechanism/eata_score_adapter/test/seed_61.parquet,1600,b5db3be9177576c795177a107e38258e3b5dbdbf2188009895e537a941c4a54c,1c61f390dce89b19df824b3a3f8ea6dfcebf425a6de331b77000fe0422c8d8ec,9cfa32ccdcc444d67cf8b26508cd1c70ab30c71c,True,True,2026-06-02T01:02:47Z
M0-ELARA-BENCH-LA_sar_score_adapter_test_seed61_6434b315,M0-ELARA-BENCH-LA,ELARA-Bench-LA,label_aligned_mechanism,61,sar_score_adapter,test,elara_master_c/predictions/development/M0-ELARA-BENCH-LA__ELARA-Bench-LA__label_aligned_mechanism/sar_score_adapter/test/seed_61.parquet,1600,6434b3152c35b85807964f678d781617b89f2474750e798d4e8c120240e8b1b3,1c61f390dce89b19df824b3a3f8ea6dfcebf425a6de331b77000fe0422c8d8ec,9cfa32ccdcc444d67cf8b26508cd1c70ab30c71c,True,True,2026-06-02T01:02:47Z
M0-ELARA-BENCH-LA_static_attention_test_seed62_51be2594,M0-ELARA-BENCH-LA,ELARA-Bench-LA,label_aligned_mechanism,62,static_attention,test,elara_master_c/predictions/development/M0-ELARA-BENCH-LA__ELARA-Bench-LA__label_aligned_mechanism/static_attention/test/seed_62.parquet,1600,51be259466d00f360ae5bf0b9ca80da306ff5900ceacf8a9399be95948fc45da,1c61f390dce89b19df824b3a3f8ea6dfcebf425a6de331b77000fe0422c8d8ec,9cfa32ccdcc444d67cf8b26508cd1c70ab30c71c,True,True,2026-06-02T01:03:14Z
M0-ELARA-BENCH-LA_craf_attention_test_seed62_baef1451,M0-ELARA-BENCH-LA,ELARA-Bench-LA,label_aligned_mechanism,62,craf_attention,test,elara_master_c/predictions/development/M0-ELARA-BENCH-LA__ELARA-Bench-LA__label_aligned_mechanism/craf_attention/test/seed_62.parquet,1600,baef14517eccdd8cf04a589d7beba04dc72045b69ea80c50aa862e8d68625cc0,1c61f390dce89b19df824b3a3f8ea6dfcebf425a6de331b77000fe0422c8d8ec,9cfa32ccdcc444d67cf8b26508cd1c70ab30c71c,True,True,2026-06-02T01:03:14Z
M0-ELARA-BENCH-LA_rga_boosted_fusion_test_seed62_4936abb4,M0-ELARA-BENCH-LA,ELARA-Bench-LA,label_aligned_mechanism,62,rga_boosted_fusion,test,elara_master_c/predictions/development/M0-ELARA-BENCH-LA__ELARA-Bench-LA__label_aligned_mechanism/rga_boosted_fusion/test/seed_62.parquet,1600,4936abb49eb6b67e69b7211895a69b92d1abe8dbb0cca21867dc952924823870,1c61f390dce89b19df824b3a3f8ea6dfcebf425a6de331b77000fe0422c8d8ec,9cfa32ccdcc444d67cf8b26508cd1c70ab30c71c,True,True,2026-06-02T01:03:14Z
M0-ELARA-BENCH-LA_rga_meta_router_test_seed62_6547f6e9,M0-ELARA-BENCH-LA,ELARA-Bench-LA,label_aligned_mechanism,62,rga_meta_router,test,elara_master_c/predictions/development/M0-ELARA-BENCH-LA__ELARA-Bench-LA__label_aligned_mechanism/rga_meta_router/test/seed_62.parquet,1600,6547f6e99f44c24dfa24a9de7c5a32b9321265f443ce5a715bda65a29bc01587,1c61f390dce89b19df824b3a3f8ea6dfcebf425a6de331b77000fe0422c8d8ec,9cfa32ccdcc444d67cf8b26508cd1c70ab30c71c,True,True,2026-06-02T01:03:14Z
M0-ELARA-BENCH-LA_early_fusion_mlp_test_seed62_bd405d09,M0-ELARA-BENCH-LA,ELARA-Bench-LA,label_aligned_mechanism,62,early_fusion_mlp,test,elara_master_c/predictions/development/M0-ELARA-BENCH-LA__ELARA-Bench-LA__label_aligned_mechanism/early_fusion_mlp/test/seed_62.parquet,1600,bd405d09307d53512b4c751c0b9bb1ba19f9162dc3346fdd36f97c660392ed4a,1c61f390dce89b19df824b3a3f8ea6dfcebf425a6de331b77000fe0422c8d8ec,9cfa32ccdcc444d67cf8b26508cd1c70ab30c71c,True,True,2026-06-02T01:03:14Z
M0-ELARA-BENCH-LA_late_fusion_ensemble_test_seed62_48606e9f,M0-ELARA-BENCH-LA,ELARA-Bench-LA,label_aligned_mechanism,62,late_fusion_ensemble,test,elara_master_c/predictions/development/M0-ELARA-BENCH-LA__ELARA-Bench-LA__label_aligned_mechanism/late_fusion_ensemble/test/seed_62.parquet,1600,48606e9fdcd41fc14a61bea964208950922ffe43d393a2b745e7bd08aa1a7e0a,1c61f390dce89b19df824b3a3f8ea6dfcebf425a6de331b77000fe0422c8d8ec,9cfa32ccdcc444d67cf8b26508cd1c70ab30c71c,True,True,2026-06-02T01:03:14Z
M0-ELARA-BENCH-LA_random_forest_test_seed62_99a30408,M0-ELARA-BENCH-LA,ELARA-Bench-LA,label_aligned_mechanism,62,random_forest,test,elara_master_c/predictions/development/M0-ELARA-BENCH-LA__ELARA-Bench-LA__label_aligned_mechanism/random_forest/test/seed_62.parquet,1600,99a304082158ee61e6cec9a77a9b280735915c02498a272dead0092810e40ed3,1c61f390dce89b19df824b3a3f8ea6dfcebf425a6de331b77000fe0422c8d8ec,9cfa32ccdcc444d67cf8b26508cd1c70ab30c71c,True,True,2026-06-02T01:03:14Z
M0-ELARA-BENCH-LA_confidence_weighted_mean_test_seed62_593054fc,M0-ELARA-BENCH-LA,ELARA-Bench-LA,label_aligned_mechanism,62,confidence_weighted_mean,test,elara_master_c/predictions/development/M0-ELARA-BENCH-LA__ELARA-Bench-LA__label_aligned_mechanism/confidence_weighted_mean/test/seed_62.parquet,1600,593054fc5fb4b6888e8726b9afb3bf8f563cc5dcdf16e6d8e2073334fb775130,1c61f390dce89b19df824b3a3f8ea6dfcebf425a6de331b77000fe0422c8d8ec,9cfa32ccdcc444d67cf8b26508cd1c70ab30c71c,True,True,2026-06-02T01:03:14Z
M0-ELARA-BENCH-LA_tent_score_adapter_test_seed62_56c420d3,M0-ELARA-BENCH-LA,ELARA-Bench-LA,label_aligned_mechanism,62,tent_score_adapter,test,elara_master_c/predictions/development/M0-ELARA-BENCH-LA__ELARA-Bench-LA__label_aligned_mechanism/tent_score_adapter/test/seed_62.parquet,1600,56c420d3763081db4c59ee1942155eff7f2286bdf4228051310b9327d164ce4d,1c61f390dce89b19df824b3a3f8ea6dfcebf425a6de331b77000fe0422c8d8ec,9cfa32ccdcc444d67cf8b26508cd1c70ab30c71c,True,True,2026-06-02T01:03:14Z
M0-ELARA-BENCH-LA_ttt_pseudo_label_adapter_test_seed62_b6a8545e,M0-ELARA-BENCH-LA,ELARA-Bench-LA,label_aligned_mechanism,62,ttt_pseudo_label_adapter,test,elara_master_c/predictions/development/M0-ELARA-BENCH-LA__ELARA-Bench-LA__label_aligned_mechanism/ttt_pseudo_label_adapter/test/seed_62.parquet,1600,b6a8545e4c3ce58d39819096f785122d62e9f60c0e2686b5ff465f72a717e499,1c61f390dce89b19df824b3a3f8ea6dfcebf425a6de331b77000fe0422c8d8ec,9cfa32ccdcc444d67cf8b26508cd1c70ab30c71c,True,True,2026-06-02T01:03:14Z
M0-ELARA-BENCH-LA_eata_score_adapter_test_seed62_a0380c04,M0-ELARA-BENCH-LA,ELARA-Bench-LA,label_aligned_mechanism,62,eata_score_adapter,test,elara_master_c/predictions/development/M0-ELARA-BENCH-LA__ELARA-Bench-LA__label_aligned_mechanism/eata_score_adapter/test/seed_62.parquet,1600,a0380c04d1e9f5400a5afe7103cedfcf6a0c656a6d26ec8c066b58fe6b6696b8,1c61f390dce89b19df824b3a3f8ea6dfcebf425a6de331b77000fe0422c8d8ec,9cfa32ccdcc444d67cf8b26508cd1c70ab30c71c,True,True,2026-06-02T01:03:14Z
M0-ELARA-BENCH-LA_sar_score_adapter_test_seed62_3aae58fa,M0-ELARA-BENCH-LA,ELARA-Bench-LA,label_aligned_mechanism,62,sar_score_adapter,test,elara_master_c/predictions/development/M0-ELARA-BENCH-LA__ELARA-Bench-LA__label_aligned_mechanism/sar_score_adapter/test/seed_62.parquet,1600,3aae58fad4eae0d368dacf6cf9b497a4260619a750f0b752ad23cde74e527b58,1c61f390dce89b19df824b3a3f8ea6dfcebf425a6de331b77000fe0422c8d8ec,9cfa32ccdcc444d67cf8b26508cd1c70ab30c71c,True,True,2026-06-02T01:03:14Z
M0-ELARA-BENCH-LA_static_attention_test_seed63_1a8394d1,M0-ELARA-BENCH-LA,ELARA-Bench-LA,label_aligned_mechanism,63,static_attention,test,elara_master_c/predictions/development/M0-ELARA-BENCH-LA__ELARA-Bench-LA__label_aligned_mechanism/static_attention/test/seed_63.parquet,1600,1a8394d1704264a67a729fbcffa1a2895249ee423ca100bdb08aa417b17cb532,1c61f390dce89b19df824b3a3f8ea6dfcebf425a6de331b77000fe0422c8d8ec,9cfa32ccdcc444d67cf8b26508cd1c70ab30c71c,True,True,2026-06-02T01:03:41Z
M0-ELARA-BENCH-LA_craf_attention_test_seed63_f25063a7,M0-ELARA-BENCH-LA,ELARA-Bench-LA,label_aligned_mechanism,63,craf_attention,test,elara_master_c/predictions/development/M0-ELARA-BENCH-LA__ELARA-Bench-LA__label_aligned_mechanism/craf_attention/test/seed_63.parquet,1600,f25063a73369aa8c3ac9129f57109284b083aa5c6e0a200ff49ead4ce2bfad57,1c61f390dce89b19df824b3a3f8ea6dfcebf425a6de331b77000fe0422c8d8ec,9cfa32ccdcc444d67cf8b26508cd1c70ab30c71c,True,True,2026-06-02T01:03:41Z
M0-ELARA-BENCH-LA_rga_boosted_fusion_test_seed63_596b799f,M0-ELARA-BENCH-LA,ELARA-Bench-LA,label_aligned_mechanism,63,rga_boosted_fusion,test,elara_master_c/predictions/development/M0-ELARA-BENCH-LA__ELARA-Bench-LA__label_aligned_mechanism/rga_boosted_fusion/test/seed_63.parquet,1600,596b799f20e1b8f45a02e6e73345c8f5bd5a71a9d7ab292118e042b7f0d4876b,1c61f390dce89b19df824b3a3f8ea6dfcebf425a6de331b77000fe0422c8d8ec,9cfa32ccdcc444d67cf8b26508cd1c70ab30c71c,True,True,2026-06-02T01:03:41Z
M0-ELARA-BENCH-LA_rga_meta_router_test_seed63_8cc3d619,M0-ELARA-BENCH-LA,ELARA-Bench-LA,label_aligned_mechanism,63,rga_meta_router,test,elara_master_c/predictions/development/M0-ELARA-BENCH-LA__ELARA-Bench-LA__label_aligned_mechanism/rga_meta_router/test/seed_63.parquet,1600,8cc3d6198ee68fc84f933060fc961c8cd81698cf43aba0450a8b451e62c34c02,1c61f390dce89b19df824b3a3f8ea6dfcebf425a6de331b77000fe0422c8d8ec,9cfa32ccdcc444d67cf8b26508cd1c70ab30c71c,True,True,2026-06-02T01:03:41Z
M0-ELARA-BENCH-LA_early_fusion_mlp_test_seed63_0f13c750,M0-ELARA-BENCH-LA,ELARA-Bench-LA,label_aligned_mechanism,63,early_fusion_mlp,test,elara_master_c/predictions/development/M0-ELARA-BENCH-LA__ELARA-Bench-LA__label_aligned_mechanism/early_fusion_mlp/test/seed_63.parquet,1600,0f13c7506e2f70f780cfc5d3042bd546a5c201cb336e7df0ebdc0024110cbd50,1c61f390dce89b19df824b3a3f8ea6dfcebf425a6de331b77000fe0422c8d8ec,9cfa32ccdcc444d67cf8b26508cd1c70ab30c71c,True,True,2026-06-02T01:03:41Z
M0-ELARA-BENCH-LA_late_fusion_ensemble_test_seed63_30ed4193,M0-ELARA-BENCH-LA,ELARA-Bench-LA,label_aligned_mechanism,63,late_fusion_ensemble,test,elara_master_c/predictions/development/M0-ELARA-BENCH-LA__ELARA-Bench-LA__label_aligned_mechanism/late_fusion_ensemble/test/seed_63.parquet,1600,30ed4193d3b204a662c25000ab25485e96deba203fa692fa43e3a3adbbd76cfc,1c61f390dce89b19df824b3a3f8ea6dfcebf425a6de331b77000fe0422c8d8ec,9cfa32ccdcc444d67cf8b26508cd1c70ab30c71c,True,True,2026-06-02T01:03:41Z
M0-ELARA-BENCH-LA_random_forest_test_seed63_55072d9f,M0-ELARA-BENCH-LA,ELARA-Bench-LA,label_aligned_mechanism,63,random_forest,test,elara_master_c/predictions/development/M0-ELARA-BENCH-LA__ELARA-Bench-LA__label_aligned_mechanism/random_forest/test/seed_63.parquet,1600,55072d9f857e6f68e481c93b52f8a4ddf44f0cdd80355fe02cd3ea1f7319d47c,1c61f390dce89b19df824b3a3f8ea6dfcebf425a6de331b77000fe0422c8d8ec,9cfa32ccdcc444d67cf8b26508cd1c70ab30c71c,True,True,2026-06-02T01:03:41Z
M0-ELARA-BENCH-LA_confidence_weighted_mean_test_seed63_f3f1cf5e,M0-ELARA-BENCH-LA,ELARA-Bench-LA,label_aligned_mechanism,63,confidence_weighted_mean,test,elara_master_c/predictions/development/M0-ELARA-BENCH-LA__ELARA-Bench-LA__label_aligned_mechanism/confidence_weighted_mean/test/seed_63.parquet,1600,f3f1cf5e72efca1f3a7e646bfc44a0121c44022990a45fb30ad8c3fd53f1fad2,1c61f390dce89b19df824b3a3f8ea6dfcebf425a6de331b77000fe0422c8d8ec,9cfa32ccdcc444d67cf8b26508cd1c70ab30c71c,True,True,2026-06-02T01:03:41Z
M0-ELARA-BENCH-LA_tent_score_adapter_test_seed63_41854af7,M0-ELARA-BENCH-LA,ELARA-Bench-LA,label_aligned_mechanism,63,tent_score_adapter,test,elara_master_c/predictions/development/M0-ELARA-BENCH-LA__ELARA-Bench-LA__label_aligned_mechanism/tent_score_adapter/test/seed_63.parquet,1600,41854af7b94a13ce04652d444a20b281329fd73566d932889057dcadc03b0b0f,1c61f390dce89b19df824b3a3f8ea6dfcebf425a6de331b77000fe0422c8d8ec,9cfa32ccdcc444d67cf8b26508cd1c70ab30c71c,True,True,2026-06-02T01:03:41Z
M0-ELARA-BENCH-LA_ttt_pseudo_label_adapter_test_seed63_46ca5aaf,M0-ELARA-BENCH-LA,ELARA-Bench-LA,label_aligned_mechanism,63,ttt_pseudo_label_adapter,test,elara_master_c/predictions/development/M0-ELARA-BENCH-LA__ELARA-Bench-LA__label_aligned_mechanism/ttt_pseudo_label_adapter/test/seed_63.parquet,1600,46ca5aaf012f4b3a17fe97adfe243e13a13e07aa31df7247d9371cf4769677dd,1c61f390dce89b19df824b3a3f8ea6dfcebf425a6de331b77000fe0422c8d8ec,9cfa32ccdcc444d67cf8b26508cd1c70ab30c71c,True,True,2026-06-02T01:03:41Z
M0-ELARA-BENCH-LA_eata_score_adapter_test_seed63_25244e5e,M0-ELARA-BENCH-LA,ELARA-Bench-LA,label_aligned_mechanism,63,eata_score_adapter,test,elara_master_c/predictions/development/M0-ELARA-BENCH-LA__ELARA-Bench-LA__label_aligned_mechanism/eata_score_adapter/test/seed_63.parquet,1600,25244e5e1d513e1ebb0d1626ca3682ae4db56bb6d582a9f35eac448b17dc7685,1c61f390dce89b19df824b3a3f8ea6dfcebf425a6de331b77000fe0422c8d8ec,9cfa32ccdcc444d67cf8b26508cd1c70ab30c71c,True,True,2026-06-02T01:03:41Z
M0-ELARA-BENCH-LA_sar_score_adapter_test_seed63_d3eb664b,M0-ELARA-BENCH-LA,ELARA-Bench-LA,label_aligned_mechanism,63,sar_score_adapter,test,elara_master_c/predictions/development/M0-ELARA-BENCH-LA__ELARA-Bench-LA__label_aligned_mechanism/sar_score_adapter/test/seed_63.parquet,1600,d3eb664b0e7b00d944866ade086097b1fbde840956d8530aab4fdc1f61bfcdfb,1c61f390dce89b19df824b3a3f8ea6dfcebf425a6de331b77000fe0422c8d8ec,9cfa32ccdcc444d67cf8b26508cd1c70ab30c71c,True,True,2026-06-02T01:03:41Z
M0-ELARA-BENCH-LA_static_attention_test_seed64_6db8c329,M0-ELARA-BENCH-LA,ELARA-Bench-LA,label_aligned_mechanism,64,static_attention,test,elara_master_c/predictions/development/M0-ELARA-BENCH-LA__ELARA-Bench-LA__label_aligned_mechanism/static_attention/test/seed_64.parquet,1600,6db8c32912f50a01b536714112f45a3f8fe41e4f04f86562b99d16723295bea0,1c61f390dce89b19df824b3a3f8ea6dfcebf425a6de331b77000fe0422c8d8ec,9cfa32ccdcc444d67cf8b26508cd1c70ab30c71c,True,True,2026-06-02T01:04:07Z
M0-ELARA-BENCH-LA_craf_attention_test_seed64_f6368a06,M0-ELARA-BENCH-LA,ELARA-Bench-LA,label_aligned_mechanism,64,craf_attention,test,elara_master_c/predictions/development/M0-ELARA-BENCH-LA__ELARA-Bench-LA__label_aligned_mechanism/craf_attention/test/seed_64.parquet,1600,f6368a0660bed901dd0c246b361e5bc661004c852c2fa13c25e31ab2b09b4999,1c61f390dce89b19df824b3a3f8ea6dfcebf425a6de331b77000fe0422c8d8ec,9cfa32ccdcc444d67cf8b26508cd1c70ab30c71c,True,True,2026-06-02T01:04:08Z
M0-ELARA-BENCH-LA_rga_boosted_fusion_test_seed64_d7ffdac9,M0-ELARA-BENCH-LA,ELARA-Bench-LA,label_aligned_mechanism,64,rga_boosted_fusion,test,elara_master_c/predictions/development/M0-ELARA-BENCH-LA__ELARA-Bench-LA__label_aligned_mechanism/rga_boosted_fusion/test/seed_64.parquet,1600,d7ffdac94742b6ab5cfb9fd9af1393d5b843f71fb6f26434cdfa33dc72d5d75a,1c61f390dce89b19df824b3a3f8ea6dfcebf425a6de331b77000fe0422c8d8ec,9cfa32ccdcc444d67cf8b26508cd1c70ab30c71c,True,True,2026-06-02T01:04:08Z
M0-ELARA-BENCH-LA_rga_meta_router_test_seed64_3c802f9f,M0-ELARA-BENCH-LA,ELARA-Bench-LA,label_aligned_mechanism,64,rga_meta_router,test,elara_master_c/predictions/development/M0-ELARA-BENCH-LA__ELARA-Bench-LA__label_aligned_mechanism/rga_meta_router/test/seed_64.parquet,1600,3c802f9ff4e4e500b9f3e4b37ff415ce0d02bbbd2963b0312b78068e0f87a0e6,1c61f390dce89b19df824b3a3f8ea6dfcebf425a6de331b77000fe0422c8d8ec,9cfa32ccdcc444d67cf8b26508cd1c70ab30c71c,True,True,2026-06-02T01:04:08Z
M0-ELARA-BENCH-LA_early_fusion_mlp_test_seed64_41148342,M0-ELARA-BENCH-LA,ELARA-Bench-LA,label_aligned_mechanism,64,early_fusion_mlp,test,elara_master_c/predictions/development/M0-ELARA-BENCH-LA__ELARA-Bench-LA__label_aligned_mechanism/early_fusion_mlp/test/seed_64.parquet,1600,41148342230b04f632d40c09bb03e46df9fef923e1813afb5a867bd9acff1c0f,1c61f390dce89b19df824b3a3f8ea6dfcebf425a6de331b77000fe0422c8d8ec,9cfa32ccdcc444d67cf8b26508cd1c70ab30c71c,True,True,2026-06-02T01:04:08Z
M0-ELARA-BENCH-LA_late_fusion_ensemble_test_seed64_3063d4d4,M0-ELARA-BENCH-LA,ELARA-Bench-LA,label_aligned_mechanism,64,late_fusion_ensemble,test,elara_master_c/predictions/development/M0-ELARA-BENCH-LA__ELARA-Bench-LA__label_aligned_mechanism/late_fusion_ensemble/test/seed_64.parquet,1600,3063d4d49298fb720061ff348c1828676c8cbde6ae3a0331c5d77db968ba2fe5,1c61f390dce89b19df824b3a3f8ea6dfcebf425a6de331b77000fe0422c8d8ec,9cfa32ccdcc444d67cf8b26508cd1c70ab30c71c,True,True,2026-06-02T01:04:08Z
M0-ELARA-BENCH-LA_random_forest_test_seed64_30d49664,M0-ELARA-BENCH-LA,ELARA-Bench-LA,label_aligned_mechanism,64,random_forest,test,elara_master_c/predictions/development/M0-ELARA-BENCH-LA__ELARA-Bench-LA__label_aligned_mechanism/random_forest/test/seed_64.parquet,1600,30d49664a439b13d01e7f78f59f22331379d97243e546153ea7d1ba3ffae8e6d,1c61f390dce89b19df824b3a3f8ea6dfcebf425a6de331b77000fe0422c8d8ec,9cfa32ccdcc444d67cf8b26508cd1c70ab30c71c,True,True,2026-06-02T01:04:08Z
M0-ELARA-BENCH-LA_confidence_weighted_mean_test_seed64_0eab27df,M0-ELARA-BENCH-LA,ELARA-Bench-LA,label_aligned_mechanism,64,confidence_weighted_mean,test,elara_master_c/predictions/development/M0-ELARA-BENCH-LA__ELARA-Bench-LA__label_aligned_mechanism/confidence_weighted_mean/test/seed_64.parquet,1600,0eab27dfed6cf157c0e9a729639dc6c6e587f207e49ed9975e9b8e9b0b6bba76,1c61f390dce89b19df824b3a3f8ea6dfcebf425a6de331b77000fe0422c8d8ec,9cfa32ccdcc444d67cf8b26508cd1c70ab30c71c,True,True,2026-06-02T01:04:08Z
M0-ELARA-BENCH-LA_tent_score_adapter_test_seed64_17eec8ce,M0-ELARA-BENCH-LA,ELARA-Bench-LA,label_aligned_mechanism,64,tent_score_adapter,test,elara_master_c/predictions/development/M0-ELARA-BENCH-LA__ELARA-Bench-LA__label_aligned_mechanism/tent_score_adapter/test/seed_64.parquet,1600,17eec8ceb8364b0c3be218a0af07a229f400fd416e58af5c18e695da4822baaa,1c61f390dce89b19df824b3a3f8ea6dfcebf425a6de331b77000fe0422c8d8ec,9cfa32ccdcc444d67cf8b26508cd1c70ab30c71c,True,True,2026-06-02T01:04:08Z
M0-ELARA-BENCH-LA_ttt_pseudo_label_adapter_test_seed64_0d4fb26f,M0-ELARA-BENCH-LA,ELARA-Bench-LA,label_aligned_mechanism,64,ttt_pseudo_label_adapter,test,elara_master_c/predictions/development/M0-ELARA-BENCH-LA__ELARA-Bench-LA__label_aligned_mechanism/ttt_pseudo_label_adapter/test/seed_64.parquet,1600,0d4fb26f61f55b3880a34e24f0a126b9987cfdd80480cee72bef6fd459a3e0ce,1c61f390dce89b19df824b3a3f8ea6dfcebf425a6de331b77000fe0422c8d8ec,9cfa32ccdcc444d67cf8b26508cd1c70ab30c71c,True,True,2026-06-02T01:04:08Z
M0-ELARA-BENCH-LA_eata_score_adapter_test_seed64_68bc86ba,M0-ELARA-BENCH-LA,ELARA-Bench-LA,label_aligned_mechanism,64,eata_score_adapter,test,elara_master_c/predictions/development/M0-ELARA-BENCH-LA__ELARA-Bench-LA__label_aligned_mechanism/eata_score_adapter/test/seed_64.parquet,1600,68bc86ba1ec8af2fff14737cf1489e3f41c9ada706393a66485f1423a3a2290d,1c61f390dce89b19df824b3a3f8ea6dfcebf425a6de331b77000fe0422c8d8ec,9cfa32ccdcc444d67cf8b26508cd1c70ab30c71c,True,True,2026-06-02T01:04:08Z
M0-ELARA-BENCH-LA_sar_score_adapter_test_seed64_90fe0cbc,M0-ELARA-BENCH-LA,ELARA-Bench-LA,label_aligned_mechanism,64,sar_score_adapter,test,elara_master_c/predictions/development/M0-ELARA-BENCH-LA__ELARA-Bench-LA__label_aligned_mechanism/sar_score_adapter/test/seed_64.parquet,1600,90fe0cbcec6e18a6f4c106dd8b85d597d614919bfc170b97204cb381a874ef33,1c61f390dce89b19df824b3a3f8ea6dfcebf425a6de331b77000fe0422c8d8ec,9cfa32ccdcc444d67cf8b26508cd1c70ab30c71c,True,True,2026-06-02T01:04:08Z
M0-ELARA-BENCH-LA_static_attention_test_seed65_fa7e6da3,M0-ELARA-BENCH-LA,ELARA-Bench-LA,label_aligned_mechanism,65,static_attention,test,elara_master_c/predictions/development/M0-ELARA-BENCH-LA__ELARA-Bench-LA__label_aligned_mechanism/static_attention/test/seed_65.parquet,1600,fa7e6da3d27027f526861442a02baa56b8a4bc662d6a519724d40220d91d94fb,1c61f390dce89b19df824b3a3f8ea6dfcebf425a6de331b77000fe0422c8d8ec,9cfa32ccdcc444d67cf8b26508cd1c70ab30c71c,True,True,2026-06-02T01:04:32Z
M0-ELARA-BENCH-LA_craf_attention_test_seed65_6c7a4e8e,M0-ELARA-BENCH-LA,ELARA-Bench-LA,label_aligned_mechanism,65,craf_attention,test,elara_master_c/predictions/development/M0-ELARA-BENCH-LA__ELARA-Bench-LA__label_aligned_mechanism/craf_attention/test/seed_65.parquet,1600,6c7a4e8ef216ef50056e48bca0ec8dce76f730db5516afa9e25c1efc10db3a29,1c61f390dce89b19df824b3a3f8ea6dfcebf425a6de331b77000fe0422c8d8ec,9cfa32ccdcc444d67cf8b26508cd1c70ab30c71c,True,True,2026-06-02T01:04:32Z
M0-ELARA-BENCH-LA_rga_boosted_fusion_test_seed65_2225a2d8,M0-ELARA-BENCH-LA,ELARA-Bench-LA,label_aligned_mechanism,65,rga_boosted_fusion,test,elara_master_c/predictions/development/M0-ELARA-BENCH-LA__ELARA-Bench-LA__label_aligned_mechanism/rga_boosted_fusion/test/seed_65.parquet,1600,2225a2d8b6c3a36ac570fc41284ed5fa36794e52459eb255860dee51dce712cd,1c61f390dce89b19df824b3a3f8ea6dfcebf425a6de331b77000fe0422c8d8ec,9cfa32ccdcc444d67cf8b26508cd1c70ab30c71c,True,True,2026-06-02T01:04:32Z
M0-ELARA-BENCH-LA_rga_meta_router_test_seed65_df28e48c,M0-ELARA-BENCH-LA,ELARA-Bench-LA,label_aligned_mechanism,65,rga_meta_router,test,elara_master_c/predictions/development/M0-ELARA-BENCH-LA__ELARA-Bench-LA__label_aligned_mechanism/rga_meta_router/test/seed_65.parquet,1600,df28e48cd151ea5404aca498b64186ab7ee06ee8d1d54907f0193fb839be86d1,1c61f390dce89b19df824b3a3f8ea6dfcebf425a6de331b77000fe0422c8d8ec,9cfa32ccdcc444d67cf8b26508cd1c70ab30c71c,True,True,2026-06-02T01:04:32Z
M0-ELARA-BENCH-LA_early_fusion_mlp_test_seed65_b55e24ec,M0-ELARA-BENCH-LA,ELARA-Bench-LA,label_aligned_mechanism,65,early_fusion_mlp,test,elara_master_c/predictions/development/M0-ELARA-BENCH-LA__ELARA-Bench-LA__label_aligned_mechanism/early_fusion_mlp/test/seed_65.parquet,1600,b55e24ece6856ebe75c3030c5b8635b01e97430f5ef86fc1005831d4dbab148c,1c61f390dce89b19df824b3a3f8ea6dfcebf425a6de331b77000fe0422c8d8ec,9cfa32ccdcc444d67cf8b26508cd1c70ab30c71c,True,True,2026-06-02T01:04:32Z
M0-ELARA-BENCH-LA_late_fusion_ensemble_test_seed65_34cf22d8,M0-ELARA-BENCH-LA,ELARA-Bench-LA,label_aligned_mechanism,65,late_fusion_ensemble,test,elara_master_c/predictions/development/M0-ELARA-BENCH-LA__ELARA-Bench-LA__label_aligned_mechanism/late_fusion_ensemble/test/seed_65.parquet,1600,34cf22d8b1815a353545a8b5903ce5da042e5086c747eaea24d033e7cece3532,1c61f390dce89b19df824b3a3f8ea6dfcebf425a6de331b77000fe0422c8d8ec,9cfa32ccdcc444d67cf8b26508cd1c70ab30c71c,True,True,2026-06-02T01:04:32Z
M0-ELARA-BENCH-LA_random_forest_test_seed65_bd76016a,M0-ELARA-BENCH-LA,ELARA-Bench-LA,label_aligned_mechanism,65,random_forest,test,elara_master_c/predictions/development/M0-ELARA-BENCH-LA__ELARA-Bench-LA__label_aligned_mechanism/random_forest/test/seed_65.parquet,1600,bd76016a1ba805406b4023a3c6ff545016b63dce45945200b060d5573090ab4d,1c61f390dce89b19df824b3a3f8ea6dfcebf425a6de331b77000fe0422c8d8ec,9cfa32ccdcc444d67cf8b26508cd1c70ab30c71c,True,True,2026-06-02T01:04:32Z
M0-ELARA-BENCH-LA_confidence_weighted_mean_test_seed65_b67317f0,M0-ELARA-BENCH-LA,ELARA-Bench-LA,label_aligned_mechanism,65,confidence_weighted_mean,test,elara_master_c/predictions/development/M0-ELARA-BENCH-LA__ELARA-Bench-LA__label_aligned_mechanism/confidence_weighted_mean/test/seed_65.parquet,1600,b67317f0288494106f2a13975eb0946a750281f60bd4b2abdb639d12b4c0372d,1c61f390dce89b19df824b3a3f8ea6dfcebf425a6de331b77000fe0422c8d8ec,9cfa32ccdcc444d67cf8b26508cd1c70ab30c71c,True,True,2026-06-02T01:04:32Z
M0-ELARA-BENCH-LA_tent_score_adapter_test_seed65_c5bc0b15,M0-ELARA-BENCH-LA,ELARA-Bench-LA,label_aligned_mechanism,65,tent_score_adapter,test,elara_master_c/predictions/development/M0-ELARA-BENCH-LA__ELARA-Bench-LA__label_aligned_mechanism/tent_score_adapter/test/seed_65.parquet,1600,c5bc0b1545fd04e420fc5de5abe6856bc62c7c708b653a563c662afd26afb1d6,1c61f390dce89b19df824b3a3f8ea6dfcebf425a6de331b77000fe0422c8d8ec,9cfa32ccdcc444d67cf8b26508cd1c70ab30c71c,True,True,2026-06-02T01:04:32Z
M0-ELARA-BENCH-LA_ttt_pseudo_label_adapter_test_seed65_bb5d6ba8,M0-ELARA-BENCH-LA,ELARA-Bench-LA,label_aligned_mechanism,65,ttt_pseudo_label_adapter,test,elara_master_c/predictions/development/M0-ELARA-BENCH-LA__ELARA-Bench-LA__label_aligned_mechanism/ttt_pseudo_label_adapter/test/seed_65.parquet,1600,bb5d6ba87737f45e76117106251592dfd8e36eb17c78228d8cda684a5d97a76e,1c61f390dce89b19df824b3a3f8ea6dfcebf425a6de331b77000fe0422c8d8ec,9cfa32ccdcc444d67cf8b26508cd1c70ab30c71c,True,True,2026-06-02T01:04:32Z
M0-ELARA-BENCH-LA_eata_score_adapter_test_seed65_d33a0e2c,M0-ELARA-BENCH-LA,ELARA-Bench-LA,label_aligned_mechanism,65,eata_score_adapter,test,elara_master_c/predictions/development/M0-ELARA-BENCH-LA__ELARA-Bench-LA__label_aligned_mechanism/eata_score_adapter/test/seed_65.parquet,1600,d33a0e2cc2d034edb7ea56441e1816019cc0f0bfa3bcee2d18ba6415b267e3ba,1c61f390dce89b19df824b3a3f8ea6dfcebf425a6de331b77000fe0422c8d8ec,9cfa32ccdcc444d67cf8b26508cd1c70ab30c71c,True,True,2026-06-02T01:04:32Z
M0-ELARA-BENCH-LA_sar_score_adapter_test_seed65_db51c7e9,M0-ELARA-BENCH-LA,ELARA-Bench-LA,label_aligned_mechanism,65,sar_score_adapter,test,elara_master_c/predictions/development/M0-ELARA-BENCH-LA__ELARA-Bench-LA__label_aligned_mechanism/sar_score_adapter/test/seed_65.parquet,1600,db51c7e93d88825a332103659a6390c7b5cb8c5870b1b67b72b75c3ae1d84671,1c61f390dce89b19df824b3a3f8ea6dfcebf425a6de331b77000fe0422c8d8ec,9cfa32ccdcc444d67cf8b26508cd1c70ab30c71c,True,True,2026-06-02T01:04:32Z
M0-ELARA-BENCH-LA_static_attention_test_seed66_a9bbbaf8,M0-ELARA-BENCH-LA,ELARA-Bench-LA,label_aligned_mechanism,66,static_attention,test,elara_master_c/predictions/development/M0-ELARA-BENCH-LA__ELARA-Bench-LA__label_aligned_mechanism/static_attention/test/seed_66.parquet,1600,a9bbbaf8efceb3ad73967d2f5c1d570db7ef3db9c26a03d49379fd77a25bdb17,1c61f390dce89b19df824b3a3f8ea6dfcebf425a6de331b77000fe0422c8d8ec,9cfa32ccdcc444d67cf8b26508cd1c70ab30c71c,True,True,2026-06-02T01:05:00Z
M0-ELARA-BENCH-LA_craf_attention_test_seed66_7f150bc5,M0-ELARA-BENCH-LA,ELARA-Bench-LA,label_aligned_mechanism,66,craf_attention,test,elara_master_c/predictions/development/M0-ELARA-BENCH-LA__ELARA-Bench-LA__label_aligned_mechanism/craf_attention/test/seed_66.parquet,1600,7f150bc5a42a4c01c22e624a6d2a226e21f164a89a803331dfb867cfc4495089,1c61f390dce89b19df824b3a3f8ea6dfcebf425a6de331b77000fe0422c8d8ec,9cfa32ccdcc444d67cf8b26508cd1c70ab30c71c,True,True,2026-06-02T01:05:00Z
M0-ELARA-BENCH-LA_rga_boosted_fusion_test_seed66_d136fe89,M0-ELARA-BENCH-LA,ELARA-Bench-LA,label_aligned_mechanism,66,rga_boosted_fusion,test,elara_master_c/predictions/development/M0-ELARA-BENCH-LA__ELARA-Bench-LA__label_aligned_mechanism/rga_boosted_fusion/test/seed_66.parquet,1600,d136fe8900375e419c26c9f5db9c2700ef19e0f317457757cded7f4cabf596f2,1c61f390dce89b19df824b3a3f8ea6dfcebf425a6de331b77000fe0422c8d8ec,9cfa32ccdcc444d67cf8b26508cd1c70ab30c71c,True,True,2026-06-02T01:05:00Z
M0-ELARA-BENCH-LA_rga_meta_router_test_seed66_d654897f,M0-ELARA-BENCH-LA,ELARA-Bench-LA,label_aligned_mechanism,66,rga_meta_router,test,elara_master_c/predictions/development/M0-ELARA-BENCH-LA__ELARA-Bench-LA__label_aligned_mechanism/rga_meta_router/test/seed_66.parquet,1600,d654897f930396b695350ec598e825bdbab9e1cd5e13037b7ab2cac0dc0d4b7b,1c61f390dce89b19df824b3a3f8ea6dfcebf425a6de331b77000fe0422c8d8ec,9cfa32ccdcc444d67cf8b26508cd1c70ab30c71c,True,True,2026-06-02T01:05:00Z
M0-ELARA-BENCH-LA_early_fusion_mlp_test_seed66_0c2dda1c,M0-ELARA-BENCH-LA,ELARA-Bench-LA,label_aligned_mechanism,66,early_fusion_mlp,test,elara_master_c/predictions/development/M0-ELARA-BENCH-LA__ELARA-Bench-LA__label_aligned_mechanism/early_fusion_mlp/test/seed_66.parquet,1600,0c2dda1c196eba05d5ec7660155cc90a0b481a16068a819125042baadf6a35d6,1c61f390dce89b19df824b3a3f8ea6dfcebf425a6de331b77000fe0422c8d8ec,9cfa32ccdcc444d67cf8b26508cd1c70ab30c71c,True,True,2026-06-02T01:05:00Z
M0-ELARA-BENCH-LA_late_fusion_ensemble_test_seed66_c598c114,M0-ELARA-BENCH-LA,ELARA-Bench-LA,label_aligned_mechanism,66,late_fusion_ensemble,test,elara_master_c/predictions/development/M0-ELARA-BENCH-LA__ELARA-Bench-LA__label_aligned_mechanism/late_fusion_ensemble/test/seed_66.parquet,1600,c598c114257a07cadf597d0b9d4c74d8cde62a15d9a8e105f294800bfb0636c0,1c61f390dce89b19df824b3a3f8ea6dfcebf425a6de331b77000fe0422c8d8ec,9cfa32ccdcc444d67cf8b26508cd1c70ab30c71c,True,True,2026-06-02T01:05:00Z
M0-ELARA-BENCH-LA_random_forest_test_seed66_31eea365,M0-ELARA-BENCH-LA,ELARA-Bench-LA,label_aligned_mechanism,66,random_forest,test,elara_master_c/predictions/development/M0-ELARA-BENCH-LA__ELARA-Bench-LA__label_aligned_mechanism/random_forest/test/seed_66.parquet,1600,31eea3652aeba981433fc738c936cd3acf72bd92a6dd41e92b132dff9e5f76b0,1c61f390dce89b19df824b3a3f8ea6dfcebf425a6de331b77000fe0422c8d8ec,9cfa32ccdcc444d67cf8b26508cd1c70ab30c71c,True,True,2026-06-02T01:05:00Z
M0-ELARA-BENCH-LA_confidence_weighted_mean_test_seed66_3b585324,M0-ELARA-BENCH-LA,ELARA-Bench-LA,label_aligned_mechanism,66,confidence_weighted_mean,test,elara_master_c/predictions/development/M0-ELARA-BENCH-LA__ELARA-Bench-LA__label_aligned_mechanism/confidence_weighted_mean/test/seed_66.parquet,1600,3b585324ced6b7cbda1365825d1ec3e38c71015abeb5b4c8a16637e397f18d9a,1c61f390dce89b19df824b3a3f8ea6dfcebf425a6de331b77000fe0422c8d8ec,9cfa32ccdcc444d67cf8b26508cd1c70ab30c71c,True,True,2026-06-02T01:05:00Z
M0-ELARA-BENCH-LA_tent_score_adapter_test_seed66_cb144bbd,M0-ELARA-BENCH-LA,ELARA-Bench-LA,label_aligned_mechanism,66,tent_score_adapter,test,elara_master_c/predictions/development/M0-ELARA-BENCH-LA__ELARA-Bench-LA__label_aligned_mechanism/tent_score_adapter/test/seed_66.parquet,1600,cb144bbd0a27ca346f0a54f9e51d625dfcaecb05397323dc37e65aab03f9be57,1c61f390dce89b19df824b3a3f8ea6dfcebf425a6de331b77000fe0422c8d8ec,9cfa32ccdcc444d67cf8b26508cd1c70ab30c71c,True,True,2026-06-02T01:05:00Z
M0-ELARA-BENCH-LA_ttt_pseudo_label_adapter_test_seed66_cbdec252,M0-ELARA-BENCH-LA,ELARA-Bench-LA,label_aligned_mechanism,66,ttt_pseudo_label_adapter,test,elara_master_c/predictions/development/M0-ELARA-BENCH-LA__ELARA-Bench-LA__label_aligned_mechanism/ttt_pseudo_label_adapter/test/seed_66.parquet,1600,cbdec2521494b793c9d3ab8be62bc7f71f29cf6566bc233f4625d59011c604d6,1c61f390dce89b19df824b3a3f8ea6dfcebf425a6de331b77000fe0422c8d8ec,9cfa32ccdcc444d67cf8b26508cd1c70ab30c71c,True,True,2026-06-02T01:05:00Z
M0-ELARA-BENCH-LA_eata_score_adapter_test_seed66_6b654f15,M0-ELARA-BENCH-LA,ELARA-Bench-LA,label_aligned_mechanism,66,eata_score_adapter,test,elara_master_c/predictions/development/M0-ELARA-BENCH-LA__ELARA-Bench-LA__label_aligned_mechanism/eata_score_adapter/test/seed_66.parquet,1600,6b654f15c5cb6ecb1a8e6d6914a41d865e4cd732d0c6ea2854601d205144bee3,1c61f390dce89b19df824b3a3f8ea6dfcebf425a6de331b77000fe0422c8d8ec,9cfa32ccdcc444d67cf8b26508cd1c70ab30c71c,True,True,2026-06-02T01:05:00Z
M0-ELARA-BENCH-LA_sar_score_adapter_test_seed66_48ae890f,M0-ELARA-BENCH-LA,ELARA-Bench-LA,label_aligned_mechanism,66,sar_score_adapter,test,elara_master_c/predictions/development/M0-ELARA-BENCH-LA__ELARA-Bench-LA__label_aligned_mechanism/sar_score_adapter/test/seed_66.parquet,1600,48ae890f7ca22cc66cd0fc7b9374865c39b7b3c40bbca3b5c24abf42e18732dd,1c61f390dce89b19df824b3a3f8ea6dfcebf425a6de331b77000fe0422c8d8ec,9cfa32ccdcc444d67cf8b26508cd1c70ab30c71c,True,True,2026-06-02T01:05:01Z
M0-ELARA-BENCH-LA_static_attention_test_seed67_02bf59db,M0-ELARA-BENCH-LA,ELARA-Bench-LA,label_aligned_mechanism,67,static_attention,test,elara_master_c/predictions/development/M0-ELARA-BENCH-LA__ELARA-Bench-LA__label_aligned_mechanism/static_attention/test/seed_67.parquet,1600,02bf59db5add655b8487e0838d588cd470e0a12879c8e167e2cfbde4088075ae,1c61f390dce89b19df824b3a3f8ea6dfcebf425a6de331b77000fe0422c8d8ec,9cfa32ccdcc444d67cf8b26508cd1c70ab30c71c,True,True,2026-06-02T01:05:27Z
M0-ELARA-BENCH-LA_craf_attention_test_seed67_bcd46716,M0-ELARA-BENCH-LA,ELARA-Bench-LA,label_aligned_mechanism,67,craf_attention,test,elara_master_c/predictions/development/M0-ELARA-BENCH-LA__ELARA-Bench-LA__label_aligned_mechanism/craf_attention/test/seed_67.parquet,1600,bcd46716d72a615450ed10f8bf2d22e9bd93ef377a058959105d977561b3ddf1,1c61f390dce89b19df824b3a3f8ea6dfcebf425a6de331b77000fe0422c8d8ec,9cfa32ccdcc444d67cf8b26508cd1c70ab30c71c,True,True,2026-06-02T01:05:27Z
M0-ELARA-BENCH-LA_rga_boosted_fusion_test_seed67_8ed2ccae,M0-ELARA-BENCH-LA,ELARA-Bench-LA,label_aligned_mechanism,67,rga_boosted_fusion,test,elara_master_c/predictions/development/M0-ELARA-BENCH-LA__ELARA-Bench-LA__label_aligned_mechanism/rga_boosted_fusion/test/seed_67.parquet,1600,8ed2ccae7e5b3a8ddc668326e8dd3c5da6ab88caa54004452b9c94bc74dca560,1c61f390dce89b19df824b3a3f8ea6dfcebf425a6de331b77000fe0422c8d8ec,9cfa32ccdcc444d67cf8b26508cd1c70ab30c71c,True,True,2026-06-02T01:05:27Z
M0-ELARA-BENCH-LA_rga_meta_router_test_seed67_1a34357d,M0-ELARA-BENCH-LA,ELARA-Bench-LA,label_aligned_mechanism,67,rga_meta_router,test,elara_master_c/predictions/development/M0-ELARA-BENCH-LA__ELARA-Bench-LA__label_aligned_mechanism/rga_meta_router/test/seed_67.parquet,1600,1a34357d127e9e07ec9677a09e3fdafac118d7eca6c436f2784ffb3c1136e192,1c61f390dce89b19df824b3a3f8ea6dfcebf425a6de331b77000fe0422c8d8ec,9cfa32ccdcc444d67cf8b26508cd1c70ab30c71c,True,True,2026-06-02T01:05:27Z
M0-ELARA-BENCH-LA_early_fusion_mlp_test_seed67_6526e2cb,M0-ELARA-BENCH-LA,ELARA-Bench-LA,label_aligned_mechanism,67,early_fusion_mlp,test,elara_master_c/predictions/development/M0-ELARA-BENCH-LA__ELARA-Bench-LA__label_aligned_mechanism/early_fusion_mlp/test/seed_67.parquet,1600,6526e2cb99e01be2d0965e3c3e643d8a65b1bff8b77412bdb8a9f77ffcf3bded,1c61f390dce89b19df824b3a3f8ea6dfcebf425a6de331b77000fe0422c8d8ec,9cfa32ccdcc444d67cf8b26508cd1c70ab30c71c,True,True,2026-06-02T01:05:27Z
M0-ELARA-BENCH-LA_late_fusion_ensemble_test_seed67_ae5d7895,M0-ELARA-BENCH-LA,ELARA-Bench-LA,label_aligned_mechanism,67,late_fusion_ensemble,test,elara_master_c/predictions/development/M0-ELARA-BENCH-LA__ELARA-Bench-LA__label_aligned_mechanism/late_fusion_ensemble/test/seed_67.parquet,1600,ae5d78959bbde70e9bd18aaa85cc1ad592c05205d9bdf3dcb139106745cd7c55,1c61f390dce89b19df824b3a3f8ea6dfcebf425a6de331b77000fe0422c8d8ec,9cfa32ccdcc444d67cf8b26508cd1c70ab30c71c,True,True,2026-06-02T01:05:27Z
M0-ELARA-BENCH-LA_random_forest_test_seed67_720202fa,M0-ELARA-BENCH-LA,ELARA-Bench-LA,label_aligned_mechanism,67,random_forest,test,elara_master_c/predictions/development/M0-ELARA-BENCH-LA__ELARA-Bench-LA__label_aligned_mechanism/random_forest/test/seed_67.parquet,1600,720202fa9921878828c5b81197b20fa91e6cd3fc2d6938032bef608cd621d1f1,1c61f390dce89b19df824b3a3f8ea6dfcebf425a6de331b77000fe0422c8d8ec,9cfa32ccdcc444d67cf8b26508cd1c70ab30c71c,True,True,2026-06-02T01:05:27Z
M0-ELARA-BENCH-LA_confidence_weighted_mean_test_seed67_c5493eb5,M0-ELARA-BENCH-LA,ELARA-Bench-LA,label_aligned_mechanism,67,confidence_weighted_mean,test,elara_master_c/predictions/development/M0-ELARA-BENCH-LA__ELARA-Bench-LA__label_aligned_mechanism/confidence_weighted_mean/test/seed_67.parquet,1600,c5493eb5ef80234011332902253622ce7a4cbc1268a27fdbe2e39ed09b9a01d2,1c61f390dce89b19df824b3a3f8ea6dfcebf425a6de331b77000fe0422c8d8ec,9cfa32ccdcc444d67cf8b26508cd1c70ab30c71c,True,True,2026-06-02T01:05:27Z
M0-ELARA-BENCH-LA_tent_score_adapter_test_seed67_18e852e8,M0-ELARA-BENCH-LA,ELARA-Bench-LA,label_aligned_mechanism,67,tent_score_adapter,test,elara_master_c/predictions/development/M0-ELARA-BENCH-LA__ELARA-Bench-LA__label_aligned_mechanism/tent_score_adapter/test/seed_67.parquet,1600,18e852e85de1c8aded04186b440ce5341679cfd190007c86c1a2a98a128d02fa,1c61f390dce89b19df824b3a3f8ea6dfcebf425a6de331b77000fe0422c8d8ec,9cfa32ccdcc444d67cf8b26508cd1c70ab30c71c,True,True,2026-06-02T01:05:28Z
M0-ELARA-BENCH-LA_ttt_pseudo_label_adapter_test_seed67_f02093d8,M0-ELARA-BENCH-LA,ELARA-Bench-LA,label_aligned_mechanism,67,ttt_pseudo_label_adapter,test,elara_master_c/predictions/development/M0-ELARA-BENCH-LA__ELARA-Bench-LA__label_aligned_mechanism/ttt_pseudo_label_adapter/test/seed_67.parquet,1600,f02093d87384b7cfb999acb34cc4f984859bc23dce54d7968db1ec5e4a8ba805,1c61f390dce89b19df824b3a3f8ea6dfcebf425a6de331b77000fe0422c8d8ec,9cfa32ccdcc444d67cf8b26508cd1c70ab30c71c,True,True,2026-06-02T01:05:28Z
M0-ELARA-BENCH-LA_eata_score_adapter_test_seed67_0758cd52,M0-ELARA-BENCH-LA,ELARA-Bench-LA,label_aligned_mechanism,67,eata_score_adapter,test,elara_master_c/predictions/development/M0-ELARA-BENCH-LA__ELARA-Bench-LA__label_aligned_mechanism/eata_score_adapter/test/seed_67.parquet,1600,0758cd52882eb4db723485e02dd561bf413eda1280a5c7ec1eb0ceb153398c5f,1c61f390dce89b19df824b3a3f8ea6dfcebf425a6de331b77000fe0422c8d8ec,9cfa32ccdcc444d67cf8b26508cd1c70ab30c71c,True,True,2026-06-02T01:05:28Z
M0-ELARA-BENCH-LA_sar_score_adapter_test_seed67_fa7495f1,M0-ELARA-BENCH-LA,ELARA-Bench-LA,label_aligned_mechanism,67,sar_score_adapter,test,elara_master_c/predictions/development/M0-ELARA-BENCH-LA__ELARA-Bench-LA__label_aligned_mechanism/sar_score_adapter/test/seed_67.parquet,1600,fa7495f119a12947f000bd636cdf1269c060acff0ee607b567712d3c907ef816,1c61f390dce89b19df824b3a3f8ea6dfcebf425a6de331b77000fe0422c8d8ec,9cfa32ccdcc444d67cf8b26508cd1c70ab30c71c,True,True,2026-06-02T01:05:28Z
M0-ELARA-BENCH-LA_static_attention_test_seed68_c062e087,M0-ELARA-BENCH-LA,ELARA-Bench-LA,label_aligned_mechanism,68,static_attention,test,elara_master_c/predictions/development/M0-ELARA-BENCH-LA__ELARA-Bench-LA__label_aligned_mechanism/static_attention/test/seed_68.parquet,1600,c062e08748c8515062f44460519014907859d721c04238754b162e480064ca85,1c61f390dce89b19df824b3a3f8ea6dfcebf425a6de331b77000fe0422c8d8ec,9cfa32ccdcc444d67cf8b26508cd1c70ab30c71c,True,True,2026-06-02T01:05:54Z
M0-ELARA-BENCH-LA_craf_attention_test_seed68_37c55db6,M0-ELARA-BENCH-LA,ELARA-Bench-LA,label_aligned_mechanism,68,craf_attention,test,elara_master_c/predictions/development/M0-ELARA-BENCH-LA__ELARA-Bench-LA__label_aligned_mechanism/craf_attention/test/seed_68.parquet,1600,37c55db60158e9cf98a9b88e64d0c8d03ca8208f2bfd4439ded2671e5a5effc9,1c61f390dce89b19df824b3a3f8ea6dfcebf425a6de331b77000fe0422c8d8ec,9cfa32ccdcc444d67cf8b26508cd1c70ab30c71c,True,True,2026-06-02T01:05:54Z
M0-ELARA-BENCH-LA_rga_boosted_fusion_test_seed68_0975a361,M0-ELARA-BENCH-LA,ELARA-Bench-LA,label_aligned_mechanism,68,rga_boosted_fusion,test,elara_master_c/predictions/development/M0-ELARA-BENCH-LA__ELARA-Bench-LA__label_aligned_mechanism/rga_boosted_fusion/test/seed_68.parquet,1600,0975a36127babcdace91368fadd60c3151c445c2ba188d86d544d52fe50fa461,1c61f390dce89b19df824b3a3f8ea6dfcebf425a6de331b77000fe0422c8d8ec,9cfa32ccdcc444d67cf8b26508cd1c70ab30c71c,True,True,2026-06-02T01:05:54Z
M0-ELARA-BENCH-LA_rga_meta_router_test_seed68_b485460f,M0-ELARA-BENCH-LA,ELARA-Bench-LA,label_aligned_mechanism,68,rga_meta_router,test,elara_master_c/predictions/development/M0-ELARA-BENCH-LA__ELARA-Bench-LA__label_aligned_mechanism/rga_meta_router/test/seed_68.parquet,1600,b485460f787a57a60c38fb669ac282c731f841f2de85f7b693e64c2585be3901,1c61f390dce89b19df824b3a3f8ea6dfcebf425a6de331b77000fe0422c8d8ec,9cfa32ccdcc444d67cf8b26508cd1c70ab30c71c,True,True,2026-06-02T01:05:54Z
M0-ELARA-BENCH-LA_early_fusion_mlp_test_seed68_77f1d8a9,M0-ELARA-BENCH-LA,ELARA-Bench-LA,label_aligned_mechanism,68,early_fusion_mlp,test,elara_master_c/predictions/development/M0-ELARA-BENCH-LA__ELARA-Bench-LA__label_aligned_mechanism/early_fusion_mlp/test/seed_68.parquet,1600,77f1d8a968c0a8e9acb830f219300ead11a8b2910c087b213fe2066aa37ab74e,1c61f390dce89b19df824b3a3f8ea6dfcebf425a6de331b77000fe0422c8d8ec,9cfa32ccdcc444d67cf8b26508cd1c70ab30c71c,True,True,2026-06-02T01:05:54Z
M0-ELARA-BENCH-LA_late_fusion_ensemble_test_seed68_275f8f9a,M0-ELARA-BENCH-LA,ELARA-Bench-LA,label_aligned_mechanism,68,late_fusion_ensemble,test,elara_master_c/predictions/development/M0-ELARA-BENCH-LA__ELARA-Bench-LA__label_aligned_mechanism/late_fusion_ensemble/test/seed_68.parquet,1600,275f8f9a6cbef6a907184eb9af0f3665e9cce72245eca9d5b085b85f94eca4f1,1c61f390dce89b19df824b3a3f8ea6dfcebf425a6de331b77000fe0422c8d8ec,9cfa32ccdcc444d67cf8b26508cd1c70ab30c71c,True,True,2026-06-02T01:05:54Z
M0-ELARA-BENCH-LA_random_forest_test_seed68_2d5f10c0,M0-ELARA-BENCH-LA,ELARA-Bench-LA,label_aligned_mechanism,68,random_forest,test,elara_master_c/predictions/development/M0-ELARA-BENCH-LA__ELARA-Bench-LA__label_aligned_mechanism/random_forest/test/seed_68.parquet,1600,2d5f10c05834518c6d3dda2a8f49fd3d923405e6dd02fda3bd2eaff157afd5ef,1c61f390dce89b19df824b3a3f8ea6dfcebf425a6de331b77000fe0422c8d8ec,9cfa32ccdcc444d67cf8b26508cd1c70ab30c71c,True,True,2026-06-02T01:05:54Z
M0-ELARA-BENCH-LA_confidence_weighted_mean_test_seed68_1b96d3ba,M0-ELARA-BENCH-LA,ELARA-Bench-LA,label_aligned_mechanism,68,confidence_weighted_mean,test,elara_master_c/predictions/development/M0-ELARA-BENCH-LA__ELARA-Bench-LA__label_aligned_mechanism/confidence_weighted_mean/test/seed_68.parquet,1600,1b96d3ba926f3a6d0b84b96888d0bdab6907263083615a4a6ed77ebf8b3a48a1,1c61f390dce89b19df824b3a3f8ea6dfcebf425a6de331b77000fe0422c8d8ec,9cfa32ccdcc444d67cf8b26508cd1c70ab30c71c,True,True,2026-06-02T01:05:54Z
M0-ELARA-BENCH-LA_tent_score_adapter_test_seed68_c8584f77,M0-ELARA-BENCH-LA,ELARA-Bench-LA,label_aligned_mechanism,68,tent_score_adapter,test,elara_master_c/predictions/development/M0-ELARA-BENCH-LA__ELARA-Bench-LA__label_aligned_mechanism/tent_score_adapter/test/seed_68.parquet,1600,c8584f77dfe1b69b31b25934b77af460ba68cf6c30c3a98a1a40a4eaba24ebf4,1c61f390dce89b19df824b3a3f8ea6dfcebf425a6de331b77000fe0422c8d8ec,9cfa32ccdcc444d67cf8b26508cd1c70ab30c71c,True,True,2026-06-02T01:05:54Z
M0-ELARA-BENCH-LA_ttt_pseudo_label_adapter_test_seed68_1df00e8a,M0-ELARA-BENCH-LA,ELARA-Bench-LA,label_aligned_mechanism,68,ttt_pseudo_label_adapter,test,elara_master_c/predictions/development/M0-ELARA-BENCH-LA__ELARA-Bench-LA__label_aligned_mechanism/ttt_pseudo_label_adapter/test/seed_68.parquet,1600,1df00e8a0fa0ada44ea09e0f4617ed2b1b5129a813d492d227dc64eeb0e334fc,1c61f390dce89b19df824b3a3f8ea6dfcebf425a6de331b77000fe0422c8d8ec,9cfa32ccdcc444d67cf8b26508cd1c70ab30c71c,True,True,2026-06-02T01:05:54Z
M0-ELARA-BENCH-LA_eata_score_adapter_test_seed68_e5e510ad,M0-ELARA-BENCH-LA,ELARA-Bench-LA,label_aligned_mechanism,68,eata_score_adapter,test,elara_master_c/predictions/development/M0-ELARA-BENCH-LA__ELARA-Bench-LA__label_aligned_mechanism/eata_score_adapter/test/seed_68.parquet,1600,e5e510adfb71bc89b47e5e4ef9ca14279a4201bd22f25179bd09ff7f2b0f5cb6,1c61f390dce89b19df824b3a3f8ea6dfcebf425a6de331b77000fe0422c8d8ec,9cfa32ccdcc444d67cf8b26508cd1c70ab30c71c,True,True,2026-06-02T01:05:54Z
M0-ELARA-BENCH-LA_sar_score_adapter_test_seed68_68f36cdc,M0-ELARA-BENCH-LA,ELARA-Bench-LA,label_aligned_mechanism,68,sar_score_adapter,test,elara_master_c/predictions/development/M0-ELARA-BENCH-LA__ELARA-Bench-LA__label_aligned_mechanism/sar_score_adapter/test/seed_68.parquet,1600,68f36cdc2ae799bc027428af2efb507e34d96b21f3c5531e6c1971fd5945555f,1c61f390dce89b19df824b3a3f8ea6dfcebf425a6de331b77000fe0422c8d8ec,9cfa32ccdcc444d67cf8b26508cd1c70ab30c71c,True,True,2026-06-02T01:05:54Z
M0-ELARA-BENCH-LA_static_attention_test_seed69_47ee7025,M0-ELARA-BENCH-LA,ELARA-Bench-LA,label_aligned_mechanism,69,static_attention,test,elara_master_c/predictions/development/M0-ELARA-BENCH-LA__ELARA-Bench-LA__label_aligned_mechanism/static_attention/test/seed_69.parquet,1600,47ee70253b9c86b63091cfccb6ae483c66f0eb053cfc1847a1162380013ca177,1c61f390dce89b19df824b3a3f8ea6dfcebf425a6de331b77000fe0422c8d8ec,9cfa32ccdcc444d67cf8b26508cd1c70ab30c71c,True,True,2026-06-02T01:06:18Z
M0-ELARA-BENCH-LA_craf_attention_test_seed69_aa8ef54f,M0-ELARA-BENCH-LA,ELARA-Bench-LA,label_aligned_mechanism,69,craf_attention,test,elara_master_c/predictions/development/M0-ELARA-BENCH-LA__ELARA-Bench-LA__label_aligned_mechanism/craf_attention/test/seed_69.parquet,1600,aa8ef54fe814d9b6a9124e234715a6caabaea5a3767a317221e5b77e74e375bc,1c61f390dce89b19df824b3a3f8ea6dfcebf425a6de331b77000fe0422c8d8ec,9cfa32ccdcc444d67cf8b26508cd1c70ab30c71c,True,True,2026-06-02T01:06:18Z
M0-ELARA-BENCH-LA_rga_boosted_fusion_test_seed69_deafbb00,M0-ELARA-BENCH-LA,ELARA-Bench-LA,label_aligned_mechanism,69,rga_boosted_fusion,test,elara_master_c/predictions/development/M0-ELARA-BENCH-LA__ELARA-Bench-LA__label_aligned_mechanism/rga_boosted_fusion/test/seed_69.parquet,1600,deafbb00f23ab804205c680b9c965e44d87169fb3ac064099ecfaeed885b135a,1c61f390dce89b19df824b3a3f8ea6dfcebf425a6de331b77000fe0422c8d8ec,9cfa32ccdcc444d67cf8b26508cd1c70ab30c71c,True,True,2026-06-02T01:06:19Z
M0-ELARA-BENCH-LA_rga_meta_router_test_seed69_62e4bb1f,M0-ELARA-BENCH-LA,ELARA-Bench-LA,label_aligned_mechanism,69,rga_meta_router,test,elara_master_c/predictions/development/M0-ELARA-BENCH-LA__ELARA-Bench-LA__label_aligned_mechanism/rga_meta_router/test/seed_69.parquet,1600,62e4bb1f9cf38b5de8e2fd914f2db883352eed5ccf55048881fa37973c21e89e,1c61f390dce89b19df824b3a3f8ea6dfcebf425a6de331b77000fe0422c8d8ec,9cfa32ccdcc444d67cf8b26508cd1c70ab30c71c,True,True,2026-06-02T01:06:19Z
M0-ELARA-BENCH-LA_early_fusion_mlp_test_seed69_d6f4dbff,M0-ELARA-BENCH-LA,ELARA-Bench-LA,label_aligned_mechanism,69,early_fusion_mlp,test,elara_master_c/predictions/development/M0-ELARA-BENCH-LA__ELARA-Bench-LA__label_aligned_mechanism/early_fusion_mlp/test/seed_69.parquet,1600,d6f4dbff0e2d50687e040d0fa4f5bd0480c83201d28c4fe8401d97f9b79f247f,1c61f390dce89b19df824b3a3f8ea6dfcebf425a6de331b77000fe0422c8d8ec,9cfa32ccdcc444d67cf8b26508cd1c70ab30c71c,True,True,2026-06-02T01:06:19Z
M0-ELARA-BENCH-LA_late_fusion_ensemble_test_seed69_878d6282,M0-ELARA-BENCH-LA,ELARA-Bench-LA,label_aligned_mechanism,69,late_fusion_ensemble,test,elara_master_c/predictions/development/M0-ELARA-BENCH-LA__ELARA-Bench-LA__label_aligned_mechanism/late_fusion_ensemble/test/seed_69.parquet,1600,878d6282650b235992eb2bb5b70d827ae66ac8190d12a3ae8b1f546f846839c2,1c61f390dce89b19df824b3a3f8ea6dfcebf425a6de331b77000fe0422c8d8ec,9cfa32ccdcc444d67cf8b26508cd1c70ab30c71c,True,True,2026-06-02T01:06:19Z
M0-ELARA-BENCH-LA_random_forest_test_seed69_d2fba7b3,M0-ELARA-BENCH-LA,ELARA-Bench-LA,label_aligned_mechanism,69,random_forest,test,elara_master_c/predictions/development/M0-ELARA-BENCH-LA__ELARA-Bench-LA__label_aligned_mechanism/random_forest/test/seed_69.parquet,1600,d2fba7b33faa172a5edac62d5603751f0579ed551e1963e59c5a8221d9ed5f8d,1c61f390dce89b19df824b3a3f8ea6dfcebf425a6de331b77000fe0422c8d8ec,9cfa32ccdcc444d67cf8b26508cd1c70ab30c71c,True,True,2026-06-02T01:06:19Z
M0-ELARA-BENCH-LA_confidence_weighted_mean_test_seed69_db909e6c,M0-ELARA-BENCH-LA,ELARA-Bench-LA,label_aligned_mechanism,69,confidence_weighted_mean,test,elara_master_c/predictions/development/M0-ELARA-BENCH-LA__ELARA-Bench-LA__label_aligned_mechanism/confidence_weighted_mean/test/seed_69.parquet,1600,db909e6cd9dc05d3a77ec4681e393d80eb26a7b6ad2e490e6fdbac48d590cb78,1c61f390dce89b19df824b3a3f8ea6dfcebf425a6de331b77000fe0422c8d8ec,9cfa32ccdcc444d67cf8b26508cd1c70ab30c71c,True,True,2026-06-02T01:06:19Z
M0-ELARA-BENCH-LA_tent_score_adapter_test_seed69_db154f08,M0-ELARA-BENCH-LA,ELARA-Bench-LA,label_aligned_mechanism,69,tent_score_adapter,test,elara_master_c/predictions/development/M0-ELARA-BENCH-LA__ELARA-Bench-LA__label_aligned_mechanism/tent_score_adapter/test/seed_69.parquet,1600,db154f08b1f7455d4960d947c14687252cf3883231a101f40b3d04701bf83e15,1c61f390dce89b19df824b3a3f8ea6dfcebf425a6de331b77000fe0422c8d8ec,9cfa32ccdcc444d67cf8b26508cd1c70ab30c71c,True,True,2026-06-02T01:06:19Z
M0-ELARA-BENCH-LA_ttt_pseudo_label_adapter_test_seed69_29ea1a20,M0-ELARA-BENCH-LA,ELARA-Bench-LA,label_aligned_mechanism,69,ttt_pseudo_label_adapter,test,elara_master_c/predictions/development/M0-ELARA-BENCH-LA__ELARA-Bench-LA__label_aligned_mechanism/ttt_pseudo_label_adapter/test/seed_69.parquet,1600,29ea1a2045f6afef35876611a9b311e748154554264244f6d246c0cb04d0ebd9,1c61f390dce89b19df824b3a3f8ea6dfcebf425a6de331b77000fe0422c8d8ec,9cfa32ccdcc444d67cf8b26508cd1c70ab30c71c,True,True,2026-06-02T01:06:19Z
M0-ELARA-BENCH-LA_eata_score_adapter_test_seed69_23850765,M0-ELARA-BENCH-LA,ELARA-Bench-LA,label_aligned_mechanism,69,eata_score_adapter,test,elara_master_c/predictions/development/M0-ELARA-BENCH-LA__ELARA-Bench-LA__label_aligned_mechanism/eata_score_adapter/test/seed_69.parquet,1600,23850765758992de64d3d70a8d0997eee3c7fbe9e096a9f3d387256ca90712e0,1c61f390dce89b19df824b3a3f8ea6dfcebf425a6de331b77000fe0422c8d8ec,9cfa32ccdcc444d67cf8b26508cd1c70ab30c71c,True,True,2026-06-02T01:06:19Z
M0-ELARA-BENCH-LA_sar_score_adapter_test_seed69_992e7d93,M0-ELARA-BENCH-LA,ELARA-Bench-LA,label_aligned_mechanism,69,sar_score_adapter,test,elara_master_c/predictions/development/M0-ELARA-BENCH-LA__ELARA-Bench-LA__label_aligned_mechanism/sar_score_adapter/test/seed_69.parquet,1600,992e7d93fd76d27a6b967674d5cd3b8fa5083f66d1d687ce2cb83887d08f0f71,1c61f390dce89b19df824b3a3f8ea6dfcebf425a6de331b77000fe0422c8d8ec,9cfa32ccdcc444d67cf8b26508cd1c70ab30c71c,True,True,2026-06-02T01:06:19Z
M0-ELARA-BENCH-LA_static_attention_test_seed70_7fdbe5de,M0-ELARA-BENCH-LA,ELARA-Bench-LA,label_aligned_mechanism,70,static_attention,test,elara_master_c/predictions/development/M0-ELARA-BENCH-LA__ELARA-Bench-LA__label_aligned_mechanism/static_attention/test/seed_70.parquet,1600,7fdbe5de231cafc191008b34026102d3b541ed33bc9e0acd1ee27ebf7c5ad47d,1c61f390dce89b19df824b3a3f8ea6dfcebf425a6de331b77000fe0422c8d8ec,9cfa32ccdcc444d67cf8b26508cd1c70ab30c71c,True,True,2026-06-02T01:06:46Z
M0-ELARA-BENCH-LA_craf_attention_test_seed70_60a1bbeb,M0-ELARA-BENCH-LA,ELARA-Bench-LA,label_aligned_mechanism,70,craf_attention,test,elara_master_c/predictions/development/M0-ELARA-BENCH-LA__ELARA-Bench-LA__label_aligned_mechanism/craf_attention/test/seed_70.parquet,1600,60a1bbeb1b8a8c69b6f2b5daf7ec9a7d35bad0da76c46347ce7197fad6357d94,1c61f390dce89b19df824b3a3f8ea6dfcebf425a6de331b77000fe0422c8d8ec,9cfa32ccdcc444d67cf8b26508cd1c70ab30c71c,True,True,2026-06-02T01:06:46Z
M0-ELARA-BENCH-LA_rga_boosted_fusion_test_seed70_6a2ca2c1,M0-ELARA-BENCH-LA,ELARA-Bench-LA,label_aligned_mechanism,70,rga_boosted_fusion,test,elara_master_c/predictions/development/M0-ELARA-BENCH-LA__ELARA-Bench-LA__label_aligned_mechanism/rga_boosted_fusion/test/seed_70.parquet,1600,6a2ca2c14e4fc51477d715c80c3b342adff78a2048e1305ffdc6847464e248da,1c61f390dce89b19df824b3a3f8ea6dfcebf425a6de331b77000fe0422c8d8ec,9cfa32ccdcc444d67cf8b26508cd1c70ab30c71c,True,True,2026-06-02T01:06:46Z
M0-ELARA-BENCH-LA_rga_meta_router_test_seed70_91f103cb,M0-ELARA-BENCH-LA,ELARA-Bench-LA,label_aligned_mechanism,70,rga_meta_router,test,elara_master_c/predictions/development/M0-ELARA-BENCH-LA__ELARA-Bench-LA__label_aligned_mechanism/rga_meta_router/test/seed_70.parquet,1600,91f103cb8e66388fd279683e5563bc653041a8f9a8eaa4224034eeb9e502da77,1c61f390dce89b19df824b3a3f8ea6dfcebf425a6de331b77000fe0422c8d8ec,9cfa32ccdcc444d67cf8b26508cd1c70ab30c71c,True,True,2026-06-02T01:06:46Z
M0-ELARA-BENCH-LA_early_fusion_mlp_test_seed70_2291e090,M0-ELARA-BENCH-LA,ELARA-Bench-LA,label_aligned_mechanism,70,early_fusion_mlp,test,elara_master_c/predictions/development/M0-ELARA-BENCH-LA__ELARA-Bench-LA__label_aligned_mechanism/early_fusion_mlp/test/seed_70.parquet,1600,2291e090056a7f2441d07ca5c28e5b565b40b5dbd9fe5c1fb70cbd7760aea530,1c61f390dce89b19df824b3a3f8ea6dfcebf425a6de331b77000fe0422c8d8ec,9cfa32ccdcc444d67cf8b26508cd1c70ab30c71c,True,True,2026-06-02T01:06:46Z
M0-ELARA-BENCH-LA_late_fusion_ensemble_test_seed70_2a92d07a,M0-ELARA-BENCH-LA,ELARA-Bench-LA,label_aligned_mechanism,70,late_fusion_ensemble,test,elara_master_c/predictions/development/M0-ELARA-BENCH-LA__ELARA-Bench-LA__label_aligned_mechanism/late_fusion_ensemble/test/seed_70.parquet,1600,2a92d07aaefda6d8f80ff93d07638d0fb36ccfbdc2834a6a450a30c56ac16cd1,1c61f390dce89b19df824b3a3f8ea6dfcebf425a6de331b77000fe0422c8d8ec,9cfa32ccdcc444d67cf8b26508cd1c70ab30c71c,True,True,2026-06-02T01:06:46Z
M0-ELARA-BENCH-LA_random_forest_test_seed70_bb1c5ca0,M0-ELARA-BENCH-LA,ELARA-Bench-LA,label_aligned_mechanism,70,random_forest,test,elara_master_c/predictions/development/M0-ELARA-BENCH-LA__ELARA-Bench-LA__label_aligned_mechanism/random_forest/test/seed_70.parquet,1600,bb1c5ca0578d34da5076f49f2bac2801c8478068f94d29086882283680f1f2d0,1c61f390dce89b19df824b3a3f8ea6dfcebf425a6de331b77000fe0422c8d8ec,9cfa32ccdcc444d67cf8b26508cd1c70ab30c71c,True,True,2026-06-02T01:06:46Z
M0-ELARA-BENCH-LA_confidence_weighted_mean_test_seed70_96032b1b,M0-ELARA-BENCH-LA,ELARA-Bench-LA,label_aligned_mechanism,70,confidence_weighted_mean,test,elara_master_c/predictions/development/M0-ELARA-BENCH-LA__ELARA-Bench-LA__label_aligned_mechanism/confidence_weighted_mean/test/seed_70.parquet,1600,96032b1b52ff357f78117bc2bae79c18542ae2f62365a14a6789cc63345ca8cf,1c61f390dce89b19df824b3a3f8ea6dfcebf425a6de331b77000fe0422c8d8ec,9cfa32ccdcc444d67cf8b26508cd1c70ab30c71c,True,True,2026-06-02T01:06:46Z
M0-ELARA-BENCH-LA_tent_score_adapter_test_seed70_cb6461ec,M0-ELARA-BENCH-LA,ELARA-Bench-LA,label_aligned_mechanism,70,tent_score_adapter,test,elara_master_c/predictions/development/M0-ELARA-BENCH-LA__ELARA-Bench-LA__label_aligned_mechanism/tent_score_adapter/test/seed_70.parquet,1600,cb6461ecd8db6821706bd58a9fbe6763b15bd633e7e7e297e07a9442f14247e8,1c61f390dce89b19df824b3a3f8ea6dfcebf425a6de331b77000fe0422c8d8ec,9cfa32ccdcc444d67cf8b26508cd1c70ab30c71c,True,True,2026-06-02T01:06:46Z
M0-ELARA-BENCH-LA_ttt_pseudo_label_adapter_test_seed70_d89f1c20,M0-ELARA-BENCH-LA,ELARA-Bench-LA,label_aligned_mechanism,70,ttt_pseudo_label_adapter,test,elara_master_c/predictions/development/M0-ELARA-BENCH-LA__ELARA-Bench-LA__label_aligned_mechanism/ttt_pseudo_label_adapter/test/seed_70.parquet,1600,d89f1c207b202bdc72e8ddc6dee8e81c5a18df6ae187b6e88ab47c0898bd5d09,1c61f390dce89b19df824b3a3f8ea6dfcebf425a6de331b77000fe0422c8d8ec,9cfa32ccdcc444d67cf8b26508cd1c70ab30c71c,True,True,2026-06-02T01:06:46Z
M0-ELARA-BENCH-LA_eata_score_adapter_test_seed70_8cb05a45,M0-ELARA-BENCH-LA,ELARA-Bench-LA,label_aligned_mechanism,70,eata_score_adapter,test,elara_master_c/predictions/development/M0-ELARA-BENCH-LA__ELARA-Bench-LA__label_aligned_mechanism/eata_score_adapter/test/seed_70.parquet,1600,8cb05a455df9275a3fc865ad239e93ee732dc98c81cc19dec8d7bb217d88148e,1c61f390dce89b19df824b3a3f8ea6dfcebf425a6de331b77000fe0422c8d8ec,9cfa32ccdcc444d67cf8b26508cd1c70ab30c71c,True,True,2026-06-02T01:06:46Z
M0-ELARA-BENCH-LA_sar_score_adapter_test_seed70_44b45dec,M0-ELARA-BENCH-LA,ELARA-Bench-LA,label_aligned_mechanism,70,sar_score_adapter,test,elara_master_c/predictions/development/M0-ELARA-BENCH-LA__ELARA-Bench-LA__label_aligned_mechanism/sar_score_adapter/test/seed_70.parquet,1600,44b45decb4437b823ea5ff903301b9ff138a4b9efb5b833c90ca103314191b87,1c61f390dce89b19df824b3a3f8ea6dfcebf425a6de331b77000fe0422c8d8ec,9cfa32ccdcc444d67cf8b26508cd1c70ab30c71c,True,True,2026-06-02T01:06:46Z
M0-ELARA-BENCH-LA_static_attention_test_seed71_ac98d025,M0-ELARA-BENCH-LA,ELARA-Bench-LA,label_aligned_mechanism,71,static_attention,test,elara_master_c/predictions/development/M0-ELARA-BENCH-LA__ELARA-Bench-LA__label_aligned_mechanism/static_attention/test/seed_71.parquet,1600,ac98d0254bc930b3e49693a248767b7852199d286942b00540dcd1821a274b45,1c61f390dce89b19df824b3a3f8ea6dfcebf425a6de331b77000fe0422c8d8ec,9cfa32ccdcc444d67cf8b26508cd1c70ab30c71c,True,True,2026-06-02T01:07:11Z
M0-ELARA-BENCH-LA_craf_attention_test_seed71_502f33ea,M0-ELARA-BENCH-LA,ELARA-Bench-LA,label_aligned_mechanism,71,craf_attention,test,elara_master_c/predictions/development/M0-ELARA-BENCH-LA__ELARA-Bench-LA__label_aligned_mechanism/craf_attention/test/seed_71.parquet,1600,502f33eaf96151e23a5536e645a83e0133324b80d46f79dd63e867d1eff8faa2,1c61f390dce89b19df824b3a3f8ea6dfcebf425a6de331b77000fe0422c8d8ec,9cfa32ccdcc444d67cf8b26508cd1c70ab30c71c,True,True,2026-06-02T01:07:11Z
M0-ELARA-BENCH-LA_rga_boosted_fusion_test_seed71_1719f9eb,M0-ELARA-BENCH-LA,ELARA-Bench-LA,label_aligned_mechanism,71,rga_boosted_fusion,test,elara_master_c/predictions/development/M0-ELARA-BENCH-LA__ELARA-Bench-LA__label_aligned_mechanism/rga_boosted_fusion/test/seed_71.parquet,1600,1719f9ebe6713f25b722682c99fe375b1f198092c2e594b31f855a0f839e7462,1c61f390dce89b19df824b3a3f8ea6dfcebf425a6de331b77000fe0422c8d8ec,9cfa32ccdcc444d67cf8b26508cd1c70ab30c71c,True,True,2026-06-02T01:07:11Z
M0-ELARA-BENCH-LA_rga_meta_router_test_seed71_efbf54d5,M0-ELARA-BENCH-LA,ELARA-Bench-LA,label_aligned_mechanism,71,rga_meta_router,test,elara_master_c/predictions/development/M0-ELARA-BENCH-LA__ELARA-Bench-LA__label_aligned_mechanism/rga_meta_router/test/seed_71.parquet,1600,efbf54d5550037519c2d16a3a551d69c958235d649aa27e174b433aba132b1f1,1c61f390dce89b19df824b3a3f8ea6dfcebf425a6de331b77000fe0422c8d8ec,9cfa32ccdcc444d67cf8b26508cd1c70ab30c71c,True,True,2026-06-02T01:07:11Z
M0-ELARA-BENCH-LA_early_fusion_mlp_test_seed71_38800953,M0-ELARA-BENCH-LA,ELARA-Bench-LA,label_aligned_mechanism,71,early_fusion_mlp,test,elara_master_c/predictions/development/M0-ELARA-BENCH-LA__ELARA-Bench-LA__label_aligned_mechanism/early_fusion_mlp/test/seed_71.parquet,1600,388009534300dd11b02b985a991e65ab9871c6592640b17d8416706e8e22cf98,1c61f390dce89b19df824b3a3f8ea6dfcebf425a6de331b77000fe0422c8d8ec,9cfa32ccdcc444d67cf8b26508cd1c70ab30c71c,True,True,2026-06-02T01:07:11Z
M0-ELARA-BENCH-LA_late_fusion_ensemble_test_seed71_5fff6173,M0-ELARA-BENCH-LA,ELARA-Bench-LA,label_aligned_mechanism,71,late_fusion_ensemble,test,elara_master_c/predictions/development/M0-ELARA-BENCH-LA__ELARA-Bench-LA__label_aligned_mechanism/late_fusion_ensemble/test/seed_71.parquet,1600,5fff6173e83a4a8c5e2baaffe317dcbad5861b8753d4e373e1c256efb8c4b214,1c61f390dce89b19df824b3a3f8ea6dfcebf425a6de331b77000fe0422c8d8ec,9cfa32ccdcc444d67cf8b26508cd1c70ab30c71c,True,True,2026-06-02T01:07:11Z
M0-ELARA-BENCH-LA_random_forest_test_seed71_bd18d740,M0-ELARA-BENCH-LA,ELARA-Bench-LA,label_aligned_mechanism,71,random_forest,test,elara_master_c/predictions/development/M0-ELARA-BENCH-LA__ELARA-Bench-LA__label_aligned_mechanism/random_forest/test/seed_71.parquet,1600,bd18d740c039213c46a7031181129d9d15494c035660292ab292c8b779f0d686,1c61f390dce89b19df824b3a3f8ea6dfcebf425a6de331b77000fe0422c8d8ec,9cfa32ccdcc444d67cf8b26508cd1c70ab30c71c,True,True,2026-06-02T01:07:11Z
M0-ELARA-BENCH-LA_confidence_weighted_mean_test_seed71_1de99801,M0-ELARA-BENCH-LA,ELARA-Bench-LA,label_aligned_mechanism,71,confidence_weighted_mean,test,elara_master_c/predictions/development/M0-ELARA-BENCH-LA__ELARA-Bench-LA__label_aligned_mechanism/confidence_weighted_mean/test/seed_71.parquet,1600,1de99801374505582fc93918509ec7e9f6b762a436033ac45f732fe2e0494044,1c61f390dce89b19df824b3a3f8ea6dfcebf425a6de331b77000fe0422c8d8ec,9cfa32ccdcc444d67cf8b26508cd1c70ab30c71c,True,True,2026-06-02T01:07:11Z
M0-ELARA-BENCH-LA_tent_score_adapter_test_seed71_e4a9c255,M0-ELARA-BENCH-LA,ELARA-Bench-LA,label_aligned_mechanism,71,tent_score_adapter,test,elara_master_c/predictions/development/M0-ELARA-BENCH-LA__ELARA-Bench-LA__label_aligned_mechanism/tent_score_adapter/test/seed_71.parquet,1600,e4a9c2550ef9c5bff9371ef1082bce710cbeec67e7a874c10b42741760ffebb8,1c61f390dce89b19df824b3a3f8ea6dfcebf425a6de331b77000fe0422c8d8ec,9cfa32ccdcc444d67cf8b26508cd1c70ab30c71c,True,True,2026-06-02T01:07:11Z
M0-ELARA-BENCH-LA_ttt_pseudo_label_adapter_test_seed71_002e01ab,M0-ELARA-BENCH-LA,ELARA-Bench-LA,label_aligned_mechanism,71,ttt_pseudo_label_adapter,test,elara_master_c/predictions/development/M0-ELARA-BENCH-LA__ELARA-Bench-LA__label_aligned_mechanism/ttt_pseudo_label_adapter/test/seed_71.parquet,1600,002e01ab957ea436dbf0158422db4065f7df5154b08ab57ab6becaf04326f000,1c61f390dce89b19df824b3a3f8ea6dfcebf425a6de331b77000fe0422c8d8ec,9cfa32ccdcc444d67cf8b26508cd1c70ab30c71c,True,True,2026-06-02T01:07:11Z
M0-ELARA-BENCH-LA_eata_score_adapter_test_seed71_794bd1ac,M0-ELARA-BENCH-LA,ELARA-Bench-LA,label_aligned_mechanism,71,eata_score_adapter,test,elara_master_c/predictions/development/M0-ELARA-BENCH-LA__ELARA-Bench-LA__label_aligned_mechanism/eata_score_adapter/test/seed_71.parquet,1600,794bd1ac86c4384e5ef15507d222be4d84c976758bb83d0f2662448fee6432ad,1c61f390dce89b19df824b3a3f8ea6dfcebf425a6de331b77000fe0422c8d8ec,9cfa32ccdcc444d67cf8b26508cd1c70ab30c71c,True,True,2026-06-02T01:07:11Z
M0-ELARA-BENCH-LA_sar_score_adapter_test_seed71_9e659392,M0-ELARA-BENCH-LA,ELARA-Bench-LA,label_aligned_mechanism,71,sar_score_adapter,test,elara_master_c/predictions/development/M0-ELARA-BENCH-LA__ELARA-Bench-LA__label_aligned_mechanism/sar_score_adapter/test/seed_71.parquet,1600,9e65939257a062934db2ec07718bb3ab5eb8948e26b3c6afa90787e3e41aa2cb,1c61f390dce89b19df824b3a3f8ea6dfcebf425a6de331b77000fe0422c8d8ec,9cfa32ccdcc444d67cf8b26508cd1c70ab30c71c,True,True,2026-06-02T01:07:11Z
M1-MVTEC-SUPERVISED-PAIRED_static_attention_test_seed42_a760007d,M1-MVTEC-SUPERVISED-PAIRED,MVTec 3D-AD,PatchCore supervised-paired,42,static_attention,test,elara_master_c/predictions/development/M1-MVTEC-SUPERVISED-PAIRED__MVTec_3D-AD__PatchCore_supervised-paired/static_attention/test/seed_42__rerun_3.parquet,278,a760007da01f2dea4fb04f770a3bd80d9ccb03d3ef00b621eaf1de36cc615e93,12f33c59f63fa30b4f777b00eef761214330c69e8b5fb33cc8ff36a1889e3125,9cfa32ccdcc444d67cf8b26508cd1c70ab30c71c,True,True,2026-06-02T01:07:33Z
M1-MVTEC-SUPERVISED-PAIRED_craf_attention_test_seed42_dcbbd49e,M1-MVTEC-SUPERVISED-PAIRED,MVTec 3D-AD,PatchCore supervised-paired,42,craf_attention,test,elara_master_c/predictions/development/M1-MVTEC-SUPERVISED-PAIRED__MVTec_3D-AD__PatchCore_supervised-paired/craf_attention/test/seed_42__rerun_3.parquet,278,dcbbd49efeb05b405ff2f15686342372787ca7f40519bd7a047e576e154b83e2,12f33c59f63fa30b4f777b00eef761214330c69e8b5fb33cc8ff36a1889e3125,9cfa32ccdcc444d67cf8b26508cd1c70ab30c71c,True,True,2026-06-02T01:07:33Z
M1-MVTEC-SUPERVISED-PAIRED_rga_boosted_fusion_test_seed42_9e223930,M1-MVTEC-SUPERVISED-PAIRED,MVTec 3D-AD,PatchCore supervised-paired,42,rga_boosted_fusion,test,elara_master_c/predictions/development/M1-MVTEC-SUPERVISED-PAIRED__MVTec_3D-AD__PatchCore_supervised-paired/rga_boosted_fusion/test/seed_42__rerun_3.parquet,278,9e2239308ace956f1b9c23249cd903588c6798252d6df3bee9e17ee92d10f967,12f33c59f63fa30b4f777b00eef761214330c69e8b5fb33cc8ff36a1889e3125,9cfa32ccdcc444d67cf8b26508cd1c70ab30c71c,True,True,2026-06-02T01:07:33Z
M1-MVTEC-SUPERVISED-PAIRED_rga_meta_router_test_seed42_01f04e56,M1-MVTEC-SUPERVISED-PAIRED,MVTec 3D-AD,PatchCore supervised-paired,42,rga_meta_router,test,elara_master_c/predictions/development/M1-MVTEC-SUPERVISED-PAIRED__MVTec_3D-AD__PatchCore_supervised-paired/rga_meta_router/test/seed_42__rerun_3.parquet,278,01f04e566205d3a4895305d6d65557dcf5598d03a48abc5c8ebce74e8204f0a4,12f33c59f63fa30b4f777b00eef761214330c69e8b5fb33cc8ff36a1889e3125,9cfa32ccdcc444d67cf8b26508cd1c70ab30c71c,True,True,2026-06-02T01:07:33Z
M1-MVTEC-SUPERVISED-PAIRED_early_fusion_mlp_test_seed42_f7e744fb,M1-MVTEC-SUPERVISED-PAIRED,MVTec 3D-AD,PatchCore supervised-paired,42,early_fusion_mlp,test,elara_master_c/predictions/development/M1-MVTEC-SUPERVISED-PAIRED__MVTec_3D-AD__PatchCore_supervised-paired/early_fusion_mlp/test/seed_42__rerun_3.parquet,278,f7e744fbedac86a95dab82df12701c2ddac2dd123999fa01cb58ea45ddbd46a6,12f33c59f63fa30b4f777b00eef761214330c69e8b5fb33cc8ff36a1889e3125,9cfa32ccdcc444d67cf8b26508cd1c70ab30c71c,True,True,2026-06-02T01:07:33Z
M1-MVTEC-SUPERVISED-PAIRED_late_fusion_ensemble_test_seed42_48fb1d56,M1-MVTEC-SUPERVISED-PAIRED,MVTec 3D-AD,PatchCore supervised-paired,42,late_fusion_ensemble,test,elara_master_c/predictions/development/M1-MVTEC-SUPERVISED-PAIRED__MVTec_3D-AD__PatchCore_supervised-paired/late_fusion_ensemble/test/seed_42__rerun_3.parquet,278,48fb1d5630fdf02a65c9ba0d8039c487e0d39bc25bf40b2df2dab257c54da3ce,12f33c59f63fa30b4f777b00eef761214330c69e8b5fb33cc8ff36a1889e3125,9cfa32ccdcc444d67cf8b26508cd1c70ab30c71c,True,True,2026-06-02T01:07:33Z
M1-MVTEC-SUPERVISED-PAIRED_random_forest_test_seed42_e8f13add,M1-MVTEC-SUPERVISED-PAIRED,MVTec 3D-AD,PatchCore supervised-paired,42,random_forest,test,elara_master_c/predictions/development/M1-MVTEC-SUPERVISED-PAIRED__MVTec_3D-AD__PatchCore_supervised-paired/random_forest/test/seed_42__rerun_3.parquet,278,e8f13addf5b9b2c988b2322fdbfb113c5a98622e9adfe242944bc03a3ccb9531,12f33c59f63fa30b4f777b00eef761214330c69e8b5fb33cc8ff36a1889e3125,9cfa32ccdcc444d67cf8b26508cd1c70ab30c71c,True,True,2026-06-02T01:07:33Z
M1-MVTEC-SUPERVISED-PAIRED_confidence_weighted_mean_test_seed42_411475be,M1-MVTEC-SUPERVISED-PAIRED,MVTec 3D-AD,PatchCore supervised-paired,42,confidence_weighted_mean,test,elara_master_c/predictions/development/M1-MVTEC-SUPERVISED-PAIRED__MVTec_3D-AD__PatchCore_supervised-paired/confidence_weighted_mean/test/seed_42__rerun_3.parquet,278,411475bec540aacd03cbecdd1de1da9e6df5892cca5fbcb92061637ba38a7daa,12f33c59f63fa30b4f777b00eef761214330c69e8b5fb33cc8ff36a1889e3125,9cfa32ccdcc444d67cf8b26508cd1c70ab30c71c,True,True,2026-06-02T01:07:33Z
M1-MVTEC-SUPERVISED-PAIRED_tent_score_adapter_test_seed42_b960807b,M1-MVTEC-SUPERVISED-PAIRED,MVTec 3D-AD,PatchCore supervised-paired,42,tent_score_adapter,test,elara_master_c/predictions/development/M1-MVTEC-SUPERVISED-PAIRED__MVTec_3D-AD__PatchCore_supervised-paired/tent_score_adapter/test/seed_42__rerun_3.parquet,278,b960807b26a3c166aac6a62c02a42b8e9b49fb0cb58d15cd4c7fe061e759f03f,12f33c59f63fa30b4f777b00eef761214330c69e8b5fb33cc8ff36a1889e3125,9cfa32ccdcc444d67cf8b26508cd1c70ab30c71c,True,True,2026-06-02T01:07:33Z
M1-MVTEC-SUPERVISED-PAIRED_ttt_pseudo_label_adapter_test_seed42_57c22b31,M1-MVTEC-SUPERVISED-PAIRED,MVTec 3D-AD,PatchCore supervised-paired,42,ttt_pseudo_label_adapter,test,elara_master_c/predictions/development/M1-MVTEC-SUPERVISED-PAIRED__MVTec_3D-AD__PatchCore_supervised-paired/ttt_pseudo_label_adapter/test/seed_42__rerun_3.parquet,278,57c22b31a8fafd0b4a3bb85e60d40ec15c82ade41fc769f5bd03a298b19fc5c4,12f33c59f63fa30b4f777b00eef761214330c69e8b5fb33cc8ff36a1889e3125,9cfa32ccdcc444d67cf8b26508cd1c70ab30c71c,True,True,2026-06-02T01:07:33Z
M1-MVTEC-SUPERVISED-PAIRED_eata_score_adapter_test_seed42_11e449f5,M1-MVTEC-SUPERVISED-PAIRED,MVTec 3D-AD,PatchCore supervised-paired,42,eata_score_adapter,test,elara_master_c/predictions/development/M1-MVTEC-SUPERVISED-PAIRED__MVTec_3D-AD__PatchCore_supervised-paired/eata_score_adapter/test/seed_42__rerun_3.parquet,278,11e449f5afab3181b5f6d6828aeadcf44414aac44dfc137bf5f4a8a99f882072,12f33c59f63fa30b4f777b00eef761214330c69e8b5fb33cc8ff36a1889e3125,9cfa32ccdcc444d67cf8b26508cd1c70ab30c71c,True,True,2026-06-02T01:07:33Z
M1-MVTEC-SUPERVISED-PAIRED_sar_score_adapter_test_seed42_3247cf0e,M1-MVTEC-SUPERVISED-PAIRED,MVTec 3D-AD,PatchCore supervised-paired,42,sar_score_adapter,test,elara_master_c/predictions/development/M1-MVTEC-SUPERVISED-PAIRED__MVTec_3D-AD__PatchCore_supervised-paired/sar_score_adapter/test/seed_42__rerun_3.parquet,278,3247cf0ea52993fea3acc7123cb1fe9aaff146a66a6f7620b7b72229e1950929,12f33c59f63fa30b4f777b00eef761214330c69e8b5fb33cc8ff36a1889e3125,9cfa32ccdcc444d67cf8b26508cd1c70ab30c71c,True,True,2026-06-02T01:07:33Z
M1-MVTEC-SUPERVISED-PAIRED_static_attention_test_seed43_2988f7d3,M1-MVTEC-SUPERVISED-PAIRED,MVTec 3D-AD,PatchCore supervised-paired,43,static_attention,test,elara_master_c/predictions/development/M1-MVTEC-SUPERVISED-PAIRED__MVTec_3D-AD__PatchCore_supervised-paired/static_attention/test/seed_43__rerun_2.parquet,278,2988f7d313eda466038ddcfaac0183bda52c914631a677beb2b4e53bae18a436,12f33c59f63fa30b4f777b00eef761214330c69e8b5fb33cc8ff36a1889e3125,9cfa32ccdcc444d67cf8b26508cd1c70ab30c71c,True,True,2026-06-02T01:07:50Z
M1-MVTEC-SUPERVISED-PAIRED_craf_attention_test_seed43_e6c9c145,M1-MVTEC-SUPERVISED-PAIRED,MVTec 3D-AD,PatchCore supervised-paired,43,craf_attention,test,elara_master_c/predictions/development/M1-MVTEC-SUPERVISED-PAIRED__MVTec_3D-AD__PatchCore_supervised-paired/craf_attention/test/seed_43__rerun_2.parquet,278,e6c9c145328e2b963449dc38b7869dd0909a44e4fdd62f4878f0d448e45bf268,12f33c59f63fa30b4f777b00eef761214330c69e8b5fb33cc8ff36a1889e3125,9cfa32ccdcc444d67cf8b26508cd1c70ab30c71c,True,True,2026-06-02T01:07:50Z
M1-MVTEC-SUPERVISED-PAIRED_rga_boosted_fusion_test_seed43_c3c70a63,M1-MVTEC-SUPERVISED-PAIRED,MVTec 3D-AD,PatchCore supervised-paired,43,rga_boosted_fusion,test,elara_master_c/predictions/development/M1-MVTEC-SUPERVISED-PAIRED__MVTec_3D-AD__PatchCore_supervised-paired/rga_boosted_fusion/test/seed_43__rerun_2.parquet,278,c3c70a637b5d53207455510cd916f081342113cdd50f95733980dda16bbd1e7b,12f33c59f63fa30b4f777b00eef761214330c69e8b5fb33cc8ff36a1889e3125,9cfa32ccdcc444d67cf8b26508cd1c70ab30c71c,True,True,2026-06-02T01:07:50Z
M1-MVTEC-SUPERVISED-PAIRED_rga_meta_router_test_seed43_844290ff,M1-MVTEC-SUPERVISED-PAIRED,MVTec 3D-AD,PatchCore supervised-paired,43,rga_meta_router,test,elara_master_c/predictions/development/M1-MVTEC-SUPERVISED-PAIRED__MVTec_3D-AD__PatchCore_supervised-paired/rga_meta_router/test/seed_43__rerun_2.parquet,278,844290ffddd9828049f20f4e5e29ad3782655ba68c9350185a0c1b86e4b421ec,12f33c59f63fa30b4f777b00eef761214330c69e8b5fb33cc8ff36a1889e3125,9cfa32ccdcc444d67cf8b26508cd1c70ab30c71c,True,True,2026-06-02T01:07:50Z
M1-MVTEC-SUPERVISED-PAIRED_early_fusion_mlp_test_seed43_cd50221e,M1-MVTEC-SUPERVISED-PAIRED,MVTec 3D-AD,PatchCore supervised-paired,43,early_fusion_mlp,test,elara_master_c/predictions/development/M1-MVTEC-SUPERVISED-PAIRED__MVTec_3D-AD__PatchCore_supervised-paired/early_fusion_mlp/test/seed_43__rerun_2.parquet,278,cd50221e6975f735c942ea293b64b126e96ace7a963061ccaa0e99bf1cb00e64,12f33c59f63fa30b4f777b00eef761214330c69e8b5fb33cc8ff36a1889e3125,9cfa32ccdcc444d67cf8b26508cd1c70ab30c71c,True,True,2026-06-02T01:07:50Z
M1-MVTEC-SUPERVISED-PAIRED_late_fusion_ensemble_test_seed43_593c63ea,M1-MVTEC-SUPERVISED-PAIRED,MVTec 3D-AD,PatchCore supervised-paired,43,late_fusion_ensemble,test,elara_master_c/predictions/development/M1-MVTEC-SUPERVISED-PAIRED__MVTec_3D-AD__PatchCore_supervised-paired/late_fusion_ensemble/test/seed_43__rerun_2.parquet,278,593c63ea07a3a7a7ccccfe2cbdc3d243c4fa5def894b9eaf5a0cad1e5328288e,12f33c59f63fa30b4f777b00eef761214330c69e8b5fb33cc8ff36a1889e3125,9cfa32ccdcc444d67cf8b26508cd1c70ab30c71c,True,True,2026-06-02T01:07:50Z
M1-MVTEC-SUPERVISED-PAIRED_random_forest_test_seed43_0bd68ad1,M1-MVTEC-SUPERVISED-PAIRED,MVTec 3D-AD,PatchCore supervised-paired,43,random_forest,test,elara_master_c/predictions/development/M1-MVTEC-SUPERVISED-PAIRED__MVTec_3D-AD__PatchCore_supervised-paired/random_forest/test/seed_43__rerun_2.parquet,278,0bd68ad15bd8b2019559a6a2d3468b553c0a82ab317aa2fbd321171d938d5b38,12f33c59f63fa30b4f777b00eef761214330c69e8b5fb33cc8ff36a1889e3125,9cfa32ccdcc444d67cf8b26508cd1c70ab30c71c,True,True,2026-06-02T01:07:50Z
M1-MVTEC-SUPERVISED-PAIRED_confidence_weighted_mean_test_seed43_8b725ed5,M1-MVTEC-SUPERVISED-PAIRED,MVTec 3D-AD,PatchCore supervised-paired,43,confidence_weighted_mean,test,elara_master_c/predictions/development/M1-MVTEC-SUPERVISED-PAIRED__MVTec_3D-AD__PatchCore_supervised-paired/confidence_weighted_mean/test/seed_43__rerun_2.parquet,278,8b725ed5cfe496c92aeaa81a0a5ca4cfc286625581fc1f3f60d8f61c2aeed077,12f33c59f63fa30b4f777b00eef761214330c69e8b5fb33cc8ff36a1889e3125,9cfa32ccdcc444d67cf8b26508cd1c70ab30c71c,True,True,2026-06-02T01:07:50Z
M1-MVTEC-SUPERVISED-PAIRED_tent_score_adapter_test_seed43_bcb089f2,M1-MVTEC-SUPERVISED-PAIRED,MVTec 3D-AD,PatchCore supervised-paired,43,tent_score_adapter,test,elara_master_c/predictions/development/M1-MVTEC-SUPERVISED-PAIRED__MVTec_3D-AD__PatchCore_supervised-paired/tent_score_adapter/test/seed_43__rerun_2.parquet,278,bcb089f288deac44d62aef12285492fa00de0f2652cb67e61af7466fcfb53a1a,12f33c59f63fa30b4f777b00eef761214330c69e8b5fb33cc8ff36a1889e3125,9cfa32ccdcc444d67cf8b26508cd1c70ab30c71c,True,True,2026-06-02T01:07:50Z
M1-MVTEC-SUPERVISED-PAIRED_ttt_pseudo_label_adapter_test_seed43_80aa2605,M1-MVTEC-SUPERVISED-PAIRED,MVTec 3D-AD,PatchCore supervised-paired,43,ttt_pseudo_label_adapter,test,elara_master_c/predictions/development/M1-MVTEC-SUPERVISED-PAIRED__MVTec_3D-AD__PatchCore_supervised-paired/ttt_pseudo_label_adapter/test/seed_43__rerun_2.parquet,278,80aa260586ac02d69b8779c331e19edee238219bf88b1bb68edca4df719a7c6d,12f33c59f63fa30b4f777b00eef761214330c69e8b5fb33cc8ff36a1889e3125,9cfa32ccdcc444d67cf8b26508cd1c70ab30c71c,True,True,2026-06-02T01:07:50Z
M1-MVTEC-SUPERVISED-PAIRED_eata_score_adapter_test_seed43_dd2519e0,M1-MVTEC-SUPERVISED-PAIRED,MVTec 3D-AD,PatchCore supervised-paired,43,eata_score_adapter,test,elara_master_c/predictions/development/M1-MVTEC-SUPERVISED-PAIRED__MVTec_3D-AD__PatchCore_supervised-paired/eata_score_adapter/test/seed_43__rerun_2.parquet,278,dd2519e0f99bb374283da07cf63e7e1aa6f5f3934a8d86607df24a0c5719ba3a,12f33c59f63fa30b4f777b00eef761214330c69e8b5fb33cc8ff36a1889e3125,9cfa32ccdcc444d67cf8b26508cd1c70ab30c71c,True,True,2026-06-02T01:07:51Z
M1-MVTEC-SUPERVISED-PAIRED_sar_score_adapter_test_seed43_f5641b2a,M1-MVTEC-SUPERVISED-PAIRED,MVTec 3D-AD,PatchCore supervised-paired,43,sar_score_adapter,test,elara_master_c/predictions/development/M1-MVTEC-SUPERVISED-PAIRED__MVTec_3D-AD__PatchCore_supervised-paired/sar_score_adapter/test/seed_43__rerun_2.parquet,278,f5641b2aee2e293022fa0a8117a163f11a1f8c28aa9915af6b77f0fcd80adcc9,12f33c59f63fa30b4f777b00eef761214330c69e8b5fb33cc8ff36a1889e3125,9cfa32ccdcc444d67cf8b26508cd1c70ab30c71c,True,True,2026-06-02T01:07:51Z
M1-MVTEC-SUPERVISED-PAIRED_static_attention_test_seed44_a986cb73,M1-MVTEC-SUPERVISED-PAIRED,MVTec 3D-AD,PatchCore supervised-paired,44,static_attention,test,elara_master_c/predictions/development/M1-MVTEC-SUPERVISED-PAIRED__MVTec_3D-AD__PatchCore_supervised-paired/static_attention/test/seed_44__rerun_2.parquet,278,a986cb730d2ccedce9b0fdb8a932bee502df95e812fec3dace864487a5dcc175,12f33c59f63fa30b4f777b00eef761214330c69e8b5fb33cc8ff36a1889e3125,9cfa32ccdcc444d67cf8b26508cd1c70ab30c71c,True,True,2026-06-02T01:08:07Z
M1-MVTEC-SUPERVISED-PAIRED_craf_attention_test_seed44_2b2a3030,M1-MVTEC-SUPERVISED-PAIRED,MVTec 3D-AD,PatchCore supervised-paired,44,craf_attention,test,elara_master_c/predictions/development/M1-MVTEC-SUPERVISED-PAIRED__MVTec_3D-AD__PatchCore_supervised-paired/craf_attention/test/seed_44__rerun_2.parquet,278,2b2a303031fe2a9e36a60f82ceb693d68fa395f6d54fbd4c28330096596e1a65,12f33c59f63fa30b4f777b00eef761214330c69e8b5fb33cc8ff36a1889e3125,9cfa32ccdcc444d67cf8b26508cd1c70ab30c71c,True,True,2026-06-02T01:08:07Z
M1-MVTEC-SUPERVISED-PAIRED_rga_boosted_fusion_test_seed44_0074140d,M1-MVTEC-SUPERVISED-PAIRED,MVTec 3D-AD,PatchCore supervised-paired,44,rga_boosted_fusion,test,elara_master_c/predictions/development/M1-MVTEC-SUPERVISED-PAIRED__MVTec_3D-AD__PatchCore_supervised-paired/rga_boosted_fusion/test/seed_44__rerun_2.parquet,278,0074140d0f80cff2e0ff91735e7af738e565451a1165a1057cf6e4ffddf8a142,12f33c59f63fa30b4f777b00eef761214330c69e8b5fb33cc8ff36a1889e3125,9cfa32ccdcc444d67cf8b26508cd1c70ab30c71c,True,True,2026-06-02T01:08:07Z
M1-MVTEC-SUPERVISED-PAIRED_rga_meta_router_test_seed44_fdbbc8fb,M1-MVTEC-SUPERVISED-PAIRED,MVTec 3D-AD,PatchCore supervised-paired,44,rga_meta_router,test,elara_master_c/predictions/development/M1-MVTEC-SUPERVISED-PAIRED__MVTec_3D-AD__PatchCore_supervised-paired/rga_meta_router/test/seed_44__rerun_2.parquet,278,fdbbc8fb9ac66b82503267b5a5d5bdb059abab3f8012135ff4efb15ff4e8788d,12f33c59f63fa30b4f777b00eef761214330c69e8b5fb33cc8ff36a1889e3125,9cfa32ccdcc444d67cf8b26508cd1c70ab30c71c,True,True,2026-06-02T01:08:07Z
M1-MVTEC-SUPERVISED-PAIRED_early_fusion_mlp_test_seed44_78548528,M1-MVTEC-SUPERVISED-PAIRED,MVTec 3D-AD,PatchCore supervised-paired,44,early_fusion_mlp,test,elara_master_c/predictions/development/M1-MVTEC-SUPERVISED-PAIRED__MVTec_3D-AD__PatchCore_supervised-paired/early_fusion_mlp/test/seed_44__rerun_2.parquet,278,78548528033cafb317debf60cc5ff9674f87ce693f678589b5aeec9d8ae19685,12f33c59f63fa30b4f777b00eef761214330c69e8b5fb33cc8ff36a1889e3125,9cfa32ccdcc444d67cf8b26508cd1c70ab30c71c,True,True,2026-06-02T01:08:07Z
M1-MVTEC-SUPERVISED-PAIRED_late_fusion_ensemble_test_seed44_7336ee00,M1-MVTEC-SUPERVISED-PAIRED,MVTec 3D-AD,PatchCore supervised-paired,44,late_fusion_ensemble,test,elara_master_c/predictions/development/M1-MVTEC-SUPERVISED-PAIRED__MVTec_3D-AD__PatchCore_supervised-paired/late_fusion_ensemble/test/seed_44__rerun_2.parquet,278,7336ee00cd7d0be791a9c40475d441bf0d0039b018cd5cc23bbfce6a92ceda94,12f33c59f63fa30b4f777b00eef761214330c69e8b5fb33cc8ff36a1889e3125,9cfa32ccdcc444d67cf8b26508cd1c70ab30c71c,True,True,2026-06-02T01:08:07Z
M1-MVTEC-SUPERVISED-PAIRED_random_forest_test_seed44_ac1a0983,M1-MVTEC-SUPERVISED-PAIRED,MVTec 3D-AD,PatchCore supervised-paired,44,random_forest,test,elara_master_c/predictions/development/M1-MVTEC-SUPERVISED-PAIRED__MVTec_3D-AD__PatchCore_supervised-paired/random_forest/test/seed_44__rerun_2.parquet,278,ac1a0983da04c4268bf653f0b20e85248ff8efc3aef793a271cedb3ec317a7c9,12f33c59f63fa30b4f777b00eef761214330c69e8b5fb33cc8ff36a1889e3125,9cfa32ccdcc444d67cf8b26508cd1c70ab30c71c,True,True,2026-06-02T01:08:07Z
M1-MVTEC-SUPERVISED-PAIRED_confidence_weighted_mean_test_seed44_9f727a2c,M1-MVTEC-SUPERVISED-PAIRED,MVTec 3D-AD,PatchCore supervised-paired,44,confidence_weighted_mean,test,elara_master_c/predictions/development/M1-MVTEC-SUPERVISED-PAIRED__MVTec_3D-AD__PatchCore_supervised-paired/confidence_weighted_mean/test/seed_44__rerun_2.parquet,278,9f727a2c35f10ccdfeb4ad8fdbb3e784dab5f0c1016eb64cf2b1ad4565a76666,12f33c59f63fa30b4f777b00eef761214330c69e8b5fb33cc8ff36a1889e3125,9cfa32ccdcc444d67cf8b26508cd1c70ab30c71c,True,True,2026-06-02T01:08:07Z
M1-MVTEC-SUPERVISED-PAIRED_tent_score_adapter_test_seed44_50c5069f,M1-MVTEC-SUPERVISED-PAIRED,MVTec 3D-AD,PatchCore supervised-paired,44,tent_score_adapter,test,elara_master_c/predictions/development/M1-MVTEC-SUPERVISED-PAIRED__MVTec_3D-AD__PatchCore_supervised-paired/tent_score_adapter/test/seed_44__rerun_2.parquet,278,50c5069f58fb4d8f4a273dcb5e4915e15b1cbf4caaf768d449e4bbe8eb0720f8,12f33c59f63fa30b4f777b00eef761214330c69e8b5fb33cc8ff36a1889e3125,9cfa32ccdcc444d67cf8b26508cd1c70ab30c71c,True,True,2026-06-02T01:08:07Z
M1-MVTEC-SUPERVISED-PAIRED_ttt_pseudo_label_adapter_test_seed44_67a97153,M1-MVTEC-SUPERVISED-PAIRED,MVTec 3D-AD,PatchCore supervised-paired,44,ttt_pseudo_label_adapter,test,elara_master_c/predictions/development/M1-MVTEC-SUPERVISED-PAIRED__MVTec_3D-AD__PatchCore_supervised-paired/ttt_pseudo_label_adapter/test/seed_44__rerun_2.parquet,278,67a971536793195a0f73c4b720f954d99becf61529dd38f634d87c3d955c2446,12f33c59f63fa30b4f777b00eef761214330c69e8b5fb33cc8ff36a1889e3125,9cfa32ccdcc444d67cf8b26508cd1c70ab30c71c,True,True,2026-06-02T01:08:07Z
M1-MVTEC-SUPERVISED-PAIRED_eata_score_adapter_test_seed44_82e5936d,M1-MVTEC-SUPERVISED-PAIRED,MVTec 3D-AD,PatchCore supervised-paired,44,eata_score_adapter,test,elara_master_c/predictions/development/M1-MVTEC-SUPERVISED-PAIRED__MVTec_3D-AD__PatchCore_supervised-paired/eata_score_adapter/test/seed_44__rerun_2.parquet,278,82e5936d7a5587e5e9ea154b5b4a5fd9a22e7d8dad863582c6bbb4cd23a2aec5,12f33c59f63fa30b4f777b00eef761214330c69e8b5fb33cc8ff36a1889e3125,9cfa32ccdcc444d67cf8b26508cd1c70ab30c71c,True,True,2026-06-02T01:08:07Z
M1-MVTEC-SUPERVISED-PAIRED_sar_score_adapter_test_seed44_11a4b569,M1-MVTEC-SUPERVISED-PAIRED,MVTec 3D-AD,PatchCore supervised-paired,44,sar_score_adapter,test,elara_master_c/predictions/development/M1-MVTEC-SUPERVISED-PAIRED__MVTec_3D-AD__PatchCore_supervised-paired/sar_score_adapter/test/seed_44__rerun_2.parquet,278,11a4b569a843f426eecfcb150aa8a319dadefa3683a8de42c7d6dc9913301b0b,12f33c59f63fa30b4f777b00eef761214330c69e8b5fb33cc8ff36a1889e3125,9cfa32ccdcc444d67cf8b26508cd1c70ab30c71c,True,True,2026-06-02T01:08:07Z
M1-MVTEC-SUPERVISED-PAIRED_static_attention_test_seed45_a81608cc,M1-MVTEC-SUPERVISED-PAIRED,MVTec 3D-AD,PatchCore supervised-paired,45,static_attention,test,elara_master_c/predictions/development/M1-MVTEC-SUPERVISED-PAIRED__MVTec_3D-AD__PatchCore_supervised-paired/static_attention/test/seed_45__rerun_2.parquet,278,a81608cc0e5dc6b91668c17d782e676d8a634e3fae4134742992a166f52ca2a1,12f33c59f63fa30b4f777b00eef761214330c69e8b5fb33cc8ff36a1889e3125,9cfa32ccdcc444d67cf8b26508cd1c70ab30c71c,True,True,2026-06-02T01:08:24Z
M1-MVTEC-SUPERVISED-PAIRED_craf_attention_test_seed45_c6ba7bd1,M1-MVTEC-SUPERVISED-PAIRED,MVTec 3D-AD,PatchCore supervised-paired,45,craf_attention,test,elara_master_c/predictions/development/M1-MVTEC-SUPERVISED-PAIRED__MVTec_3D-AD__PatchCore_supervised-paired/craf_attention/test/seed_45__rerun_2.parquet,278,c6ba7bd1ad043ed447d38f23ba13781b941d19ae681529579c59e00f35e4dfbe,12f33c59f63fa30b4f777b00eef761214330c69e8b5fb33cc8ff36a1889e3125,9cfa32ccdcc444d67cf8b26508cd1c70ab30c71c,True,True,2026-06-02T01:08:24Z
M1-MVTEC-SUPERVISED-PAIRED_rga_boosted_fusion_test_seed45_bc4611bc,M1-MVTEC-SUPERVISED-PAIRED,MVTec 3D-AD,PatchCore supervised-paired,45,rga_boosted_fusion,test,elara_master_c/predictions/development/M1-MVTEC-SUPERVISED-PAIRED__MVTec_3D-AD__PatchCore_supervised-paired/rga_boosted_fusion/test/seed_45__rerun_2.parquet,278,bc4611bc676339609c3381752cf520e08654cc24a66ce02b4bb218bcbd4da0ee,12f33c59f63fa30b4f777b00eef761214330c69e8b5fb33cc8ff36a1889e3125,9cfa32ccdcc444d67cf8b26508cd1c70ab30c71c,True,True,2026-06-02T01:08:24Z
M1-MVTEC-SUPERVISED-PAIRED_rga_meta_router_test_seed45_af6b376e,M1-MVTEC-SUPERVISED-PAIRED,MVTec 3D-AD,PatchCore supervised-paired,45,rga_meta_router,test,elara_master_c/predictions/development/M1-MVTEC-SUPERVISED-PAIRED__MVTec_3D-AD__PatchCore_supervised-paired/rga_meta_router/test/seed_45__rerun_2.parquet,278,af6b376e3e9b5855cb1a909047ffb9f7c4c74bbd82510c3c51d7540c9f56b1c0,12f33c59f63fa30b4f777b00eef761214330c69e8b5fb33cc8ff36a1889e3125,9cfa32ccdcc444d67cf8b26508cd1c70ab30c71c,True,True,2026-06-02T01:08:24Z
M1-MVTEC-SUPERVISED-PAIRED_early_fusion_mlp_test_seed45_9e15c304,M1-MVTEC-SUPERVISED-PAIRED,MVTec 3D-AD,PatchCore supervised-paired,45,early_fusion_mlp,test,elara_master_c/predictions/development/M1-MVTEC-SUPERVISED-PAIRED__MVTec_3D-AD__PatchCore_supervised-paired/early_fusion_mlp/test/seed_45__rerun_2.parquet,278,9e15c304dcaae7529d05a8499e9b47e760125ec1b1b6fbe3d1a3393e107ef676,12f33c59f63fa30b4f777b00eef761214330c69e8b5fb33cc8ff36a1889e3125,9cfa32ccdcc444d67cf8b26508cd1c70ab30c71c,True,True,2026-06-02T01:08:24Z
M1-MVTEC-SUPERVISED-PAIRED_late_fusion_ensemble_test_seed45_becafbb1,M1-MVTEC-SUPERVISED-PAIRED,MVTec 3D-AD,PatchCore supervised-paired,45,late_fusion_ensemble,test,elara_master_c/predictions/development/M1-MVTEC-SUPERVISED-PAIRED__MVTec_3D-AD__PatchCore_supervised-paired/late_fusion_ensemble/test/seed_45__rerun_2.parquet,278,becafbb10e21d673dfe6938bbcf833febde0804147bd9c4900df2c07964009c3,12f33c59f63fa30b4f777b00eef761214330c69e8b5fb33cc8ff36a1889e3125,9cfa32ccdcc444d67cf8b26508cd1c70ab30c71c,True,True,2026-06-02T01:08:24Z
M1-MVTEC-SUPERVISED-PAIRED_random_forest_test_seed45_231d3c70,M1-MVTEC-SUPERVISED-PAIRED,MVTec 3D-AD,PatchCore supervised-paired,45,random_forest,test,elara_master_c/predictions/development/M1-MVTEC-SUPERVISED-PAIRED__MVTec_3D-AD__PatchCore_supervised-paired/random_forest/test/seed_45__rerun_2.parquet,278,231d3c700f9b17c2ce9efda9d16b24a492b1ab02b955eca07fa3748b8511c661,12f33c59f63fa30b4f777b00eef761214330c69e8b5fb33cc8ff36a1889e3125,9cfa32ccdcc444d67cf8b26508cd1c70ab30c71c,True,True,2026-06-02T01:08:24Z
M1-MVTEC-SUPERVISED-PAIRED_confidence_weighted_mean_test_seed45_03e1a609,M1-MVTEC-SUPERVISED-PAIRED,MVTec 3D-AD,PatchCore supervised-paired,45,confidence_weighted_mean,test,elara_master_c/predictions/development/M1-MVTEC-SUPERVISED-PAIRED__MVTec_3D-AD__PatchCore_supervised-paired/confidence_weighted_mean/test/seed_45__rerun_2.parquet,278,03e1a60946b11ab7e79d4ca5e24e079b922218c7c2ea40a310d09a5d32a169cc,12f33c59f63fa30b4f777b00eef761214330c69e8b5fb33cc8ff36a1889e3125,9cfa32ccdcc444d67cf8b26508cd1c70ab30c71c,True,True,2026-06-02T01:08:24Z
M1-MVTEC-SUPERVISED-PAIRED_tent_score_adapter_test_seed45_bd376b61,M1-MVTEC-SUPERVISED-PAIRED,MVTec 3D-AD,PatchCore supervised-paired,45,tent_score_adapter,test,elara_master_c/predictions/development/M1-MVTEC-SUPERVISED-PAIRED__MVTec_3D-AD__PatchCore_supervised-paired/tent_score_adapter/test/seed_45__rerun_2.parquet,278,bd376b61d1ea4237525c5c012cce51f6fbd88bac538a0f28d22d7a0a8551736a,12f33c59f63fa30b4f777b00eef761214330c69e8b5fb33cc8ff36a1889e3125,9cfa32ccdcc444d67cf8b26508cd1c70ab30c71c,True,True,2026-06-02T01:08:24Z
M1-MVTEC-SUPERVISED-PAIRED_ttt_pseudo_label_adapter_test_seed45_cd66e6d1,M1-MVTEC-SUPERVISED-PAIRED,MVTec 3D-AD,PatchCore supervised-paired,45,ttt_pseudo_label_adapter,test,elara_master_c/predictions/development/M1-MVTEC-SUPERVISED-PAIRED__MVTec_3D-AD__PatchCore_supervised-paired/ttt_pseudo_label_adapter/test/seed_45__rerun_2.parquet,278,cd66e6d15590e5cfd09bb39c5d237ecba900421ab78f3c75745e5e5501679687,12f33c59f63fa30b4f777b00eef761214330c69e8b5fb33cc8ff36a1889e3125,9cfa32ccdcc444d67cf8b26508cd1c70ab30c71c,True,True,2026-06-02T01:08:24Z
M1-MVTEC-SUPERVISED-PAIRED_eata_score_adapter_test_seed45_89c2c2e3,M1-MVTEC-SUPERVISED-PAIRED,MVTec 3D-AD,PatchCore supervised-paired,45,eata_score_adapter,test,elara_master_c/predictions/development/M1-MVTEC-SUPERVISED-PAIRED__MVTec_3D-AD__PatchCore_supervised-paired/eata_score_adapter/test/seed_45__rerun_2.parquet,278,89c2c2e3f7a313864a033d25f6a8d5ec22645ab3ddd537bdae01db05ce640d2b,12f33c59f63fa30b4f777b00eef761214330c69e8b5fb33cc8ff36a1889e3125,9cfa32ccdcc444d67cf8b26508cd1c70ab30c71c,True,True,2026-06-02T01:08:24Z
M1-MVTEC-SUPERVISED-PAIRED_sar_score_adapter_test_seed45_dd4874fa,M1-MVTEC-SUPERVISED-PAIRED,MVTec 3D-AD,PatchCore supervised-paired,45,sar_score_adapter,test,elara_master_c/predictions/development/M1-MVTEC-SUPERVISED-PAIRED__MVTec_3D-AD__PatchCore_supervised-paired/sar_score_adapter/test/seed_45__rerun_2.parquet,278,dd4874fa6aee938147301448cb3995bc455b90d1a4e21783d6a2f17c565df344,12f33c59f63fa30b4f777b00eef761214330c69e8b5fb33cc8ff36a1889e3125,9cfa32ccdcc444d67cf8b26508cd1c70ab30c71c,True,True,2026-06-02T01:08:24Z
M1-MVTEC-SUPERVISED-PAIRED_static_attention_test_seed46_8d895673,M1-MVTEC-SUPERVISED-PAIRED,MVTec 3D-AD,PatchCore supervised-paired,46,static_attention,test,elara_master_c/predictions/development/M1-MVTEC-SUPERVISED-PAIRED__MVTec_3D-AD__PatchCore_supervised-paired/static_attention/test/seed_46__rerun_2.parquet,278,8d895673464e0f8650a1b3913b778935a02062ff70120d453cd8b129de63162f,12f33c59f63fa30b4f777b00eef761214330c69e8b5fb33cc8ff36a1889e3125,9cfa32ccdcc444d67cf8b26508cd1c70ab30c71c,True,True,2026-06-02T01:08:40Z
M1-MVTEC-SUPERVISED-PAIRED_craf_attention_test_seed46_17242061,M1-MVTEC-SUPERVISED-PAIRED,MVTec 3D-AD,PatchCore supervised-paired,46,craf_attention,test,elara_master_c/predictions/development/M1-MVTEC-SUPERVISED-PAIRED__MVTec_3D-AD__PatchCore_supervised-paired/craf_attention/test/seed_46__rerun_2.parquet,278,1724206181cfe63e1cb867721157e6efd45f6d76d2d0290753172a92819d8d1d,12f33c59f63fa30b4f777b00eef761214330c69e8b5fb33cc8ff36a1889e3125,9cfa32ccdcc444d67cf8b26508cd1c70ab30c71c,True,True,2026-06-02T01:08:40Z
M1-MVTEC-SUPERVISED-PAIRED_rga_boosted_fusion_test_seed46_d3dff07b,M1-MVTEC-SUPERVISED-PAIRED,MVTec 3D-AD,PatchCore supervised-paired,46,rga_boosted_fusion,test,elara_master_c/predictions/development/M1-MVTEC-SUPERVISED-PAIRED__MVTec_3D-AD__PatchCore_supervised-paired/rga_boosted_fusion/test/seed_46__rerun_2.parquet,278,d3dff07b2592ee2bc25c070402876c7200f4c9cb5a1fd918ec4273a6ffafed7f,12f33c59f63fa30b4f777b00eef761214330c69e8b5fb33cc8ff36a1889e3125,9cfa32ccdcc444d67cf8b26508cd1c70ab30c71c,True,True,2026-06-02T01:08:40Z
M1-MVTEC-SUPERVISED-PAIRED_rga_meta_router_test_seed46_aa437506,M1-MVTEC-SUPERVISED-PAIRED,MVTec 3D-AD,PatchCore supervised-paired,46,rga_meta_router,test,elara_master_c/predictions/development/M1-MVTEC-SUPERVISED-PAIRED__MVTec_3D-AD__PatchCore_supervised-paired/rga_meta_router/test/seed_46__rerun_2.parquet,278,aa437506062a6e08c08d4de6a72f81c0af8ac5ed7452f0dc0423b22645e465fc,12f33c59f63fa30b4f777b00eef761214330c69e8b5fb33cc8ff36a1889e3125,9cfa32ccdcc444d67cf8b26508cd1c70ab30c71c,True,True,2026-06-02T01:08:40Z
M1-MVTEC-SUPERVISED-PAIRED_early_fusion_mlp_test_seed46_dcf046fa,M1-MVTEC-SUPERVISED-PAIRED,MVTec 3D-AD,PatchCore supervised-paired,46,early_fusion_mlp,test,elara_master_c/predictions/development/M1-MVTEC-SUPERVISED-PAIRED__MVTec_3D-AD__PatchCore_supervised-paired/early_fusion_mlp/test/seed_46__rerun_2.parquet,278,dcf046fa678e4f13dadc061c180457be3a4291c38f0bfad539ad5c6cd82f631b,12f33c59f63fa30b4f777b00eef761214330c69e8b5fb33cc8ff36a1889e3125,9cfa32ccdcc444d67cf8b26508cd1c70ab30c71c,True,True,2026-06-02T01:08:40Z
M1-MVTEC-SUPERVISED-PAIRED_late_fusion_ensemble_test_seed46_7a58e6bf,M1-MVTEC-SUPERVISED-PAIRED,MVTec 3D-AD,PatchCore supervised-paired,46,late_fusion_ensemble,test,elara_master_c/predictions/development/M1-MVTEC-SUPERVISED-PAIRED__MVTec_3D-AD__PatchCore_supervised-paired/late_fusion_ensemble/test/seed_46__rerun_2.parquet,278,7a58e6bf30ce8007bbf03231e97550c23a9e56a7821dc9662df3bb5b315c0c3a,12f33c59f63fa30b4f777b00eef761214330c69e8b5fb33cc8ff36a1889e3125,9cfa32ccdcc444d67cf8b26508cd1c70ab30c71c,True,True,2026-06-02T01:08:41Z
M1-MVTEC-SUPERVISED-PAIRED_random_forest_test_seed46_3ad1fa9b,M1-MVTEC-SUPERVISED-PAIRED,MVTec 3D-AD,PatchCore supervised-paired,46,random_forest,test,elara_master_c/predictions/development/M1-MVTEC-SUPERVISED-PAIRED__MVTec_3D-AD__PatchCore_supervised-paired/random_forest/test/seed_46__rerun_2.parquet,278,3ad1fa9b79ce040baa2aaec9de5edfdfbb17dee2018291ef42e804e9e6a46d91,12f33c59f63fa30b4f777b00eef761214330c69e8b5fb33cc8ff36a1889e3125,9cfa32ccdcc444d67cf8b26508cd1c70ab30c71c,True,True,2026-06-02T01:08:41Z
M1-MVTEC-SUPERVISED-PAIRED_confidence_weighted_mean_test_seed46_927bb961,M1-MVTEC-SUPERVISED-PAIRED,MVTec 3D-AD,PatchCore supervised-paired,46,confidence_weighted_mean,test,elara_master_c/predictions/development/M1-MVTEC-SUPERVISED-PAIRED__MVTec_3D-AD__PatchCore_supervised-paired/confidence_weighted_mean/test/seed_46__rerun_2.parquet,278,927bb961f589cac47ccf61f6039a69ca7490b0b8ee4e652877e7e239a53d3b44,12f33c59f63fa30b4f777b00eef761214330c69e8b5fb33cc8ff36a1889e3125,9cfa32ccdcc444d67cf8b26508cd1c70ab30c71c,True,True,2026-06-02T01:08:41Z
M1-MVTEC-SUPERVISED-PAIRED_tent_score_adapter_test_seed46_6db0386a,M1-MVTEC-SUPERVISED-PAIRED,MVTec 3D-AD,PatchCore supervised-paired,46,tent_score_adapter,test,elara_master_c/predictions/development/M1-MVTEC-SUPERVISED-PAIRED__MVTec_3D-AD__PatchCore_supervised-paired/tent_score_adapter/test/seed_46__rerun_2.parquet,278,6db0386abbe5f14d0bb336da758014e54c2428749eb48e63b69f8097d48b89df,12f33c59f63fa30b4f777b00eef761214330c69e8b5fb33cc8ff36a1889e3125,9cfa32ccdcc444d67cf8b26508cd1c70ab30c71c,True,True,2026-06-02T01:08:41Z
M1-MVTEC-SUPERVISED-PAIRED_ttt_pseudo_label_adapter_test_seed46_f3dcc8f9,M1-MVTEC-SUPERVISED-PAIRED,MVTec 3D-AD,PatchCore supervised-paired,46,ttt_pseudo_label_adapter,test,elara_master_c/predictions/development/M1-MVTEC-SUPERVISED-PAIRED__MVTec_3D-AD__PatchCore_supervised-paired/ttt_pseudo_label_adapter/test/seed_46__rerun_2.parquet,278,f3dcc8f98a06e340149c0b6e032e851e4e61a50a6c641f6fbe9bbfd17944fb11,12f33c59f63fa30b4f777b00eef761214330c69e8b5fb33cc8ff36a1889e3125,9cfa32ccdcc444d67cf8b26508cd1c70ab30c71c,True,True,2026-06-02T01:08:41Z
M1-MVTEC-SUPERVISED-PAIRED_eata_score_adapter_test_seed46_ecd6168e,M1-MVTEC-SUPERVISED-PAIRED,MVTec 3D-AD,PatchCore supervised-paired,46,eata_score_adapter,test,elara_master_c/predictions/development/M1-MVTEC-SUPERVISED-PAIRED__MVTec_3D-AD__PatchCore_supervised-paired/eata_score_adapter/test/seed_46__rerun_2.parquet,278,ecd6168ecf9a13ced8beb5499e0aacf943f5bc30668cde77ef2d86007ae14f8a,12f33c59f63fa30b4f777b00eef761214330c69e8b5fb33cc8ff36a1889e3125,9cfa32ccdcc444d67cf8b26508cd1c70ab30c71c,True,True,2026-06-02T01:08:41Z
M1-MVTEC-SUPERVISED-PAIRED_sar_score_adapter_test_seed46_1244e282,M1-MVTEC-SUPERVISED-PAIRED,MVTec 3D-AD,PatchCore supervised-paired,46,sar_score_adapter,test,elara_master_c/predictions/development/M1-MVTEC-SUPERVISED-PAIRED__MVTec_3D-AD__PatchCore_supervised-paired/sar_score_adapter/test/seed_46__rerun_2.parquet,278,1244e2821bf2fca9917f736c62229ee1855a7d349ca677f001b2e70a50ef4c0d,12f33c59f63fa30b4f777b00eef761214330c69e8b5fb33cc8ff36a1889e3125,9cfa32ccdcc444d67cf8b26508cd1c70ab30c71c,True,True,2026-06-02T01:08:41Z
M1-MVTEC-SUPERVISED-PAIRED_static_attention_test_seed47_4d7ff74d,M1-MVTEC-SUPERVISED-PAIRED,MVTec 3D-AD,PatchCore supervised-paired,47,static_attention,test,elara_master_c/predictions/development/M1-MVTEC-SUPERVISED-PAIRED__MVTec_3D-AD__PatchCore_supervised-paired/static_attention/test/seed_47__rerun_2.parquet,278,4d7ff74d1045acb8d5821cb372a6a760aabd7388472bc6f3a994d16b09d6186a,12f33c59f63fa30b4f777b00eef761214330c69e8b5fb33cc8ff36a1889e3125,9cfa32ccdcc444d67cf8b26508cd1c70ab30c71c,True,True,2026-06-02T01:08:57Z
M1-MVTEC-SUPERVISED-PAIRED_craf_attention_test_seed47_418e1ab7,M1-MVTEC-SUPERVISED-PAIRED,MVTec 3D-AD,PatchCore supervised-paired,47,craf_attention,test,elara_master_c/predictions/development/M1-MVTEC-SUPERVISED-PAIRED__MVTec_3D-AD__PatchCore_supervised-paired/craf_attention/test/seed_47__rerun_2.parquet,278,418e1ab777b47a5a41d885c94d7873bbab97aeef90b8b015dc63e799a56cc543,12f33c59f63fa30b4f777b00eef761214330c69e8b5fb33cc8ff36a1889e3125,9cfa32ccdcc444d67cf8b26508cd1c70ab30c71c,True,True,2026-06-02T01:08:57Z
M1-MVTEC-SUPERVISED-PAIRED_rga_boosted_fusion_test_seed47_1a713524,M1-MVTEC-SUPERVISED-PAIRED,MVTec 3D-AD,PatchCore supervised-paired,47,rga_boosted_fusion,test,elara_master_c/predictions/development/M1-MVTEC-SUPERVISED-PAIRED__MVTec_3D-AD__PatchCore_supervised-paired/rga_boosted_fusion/test/seed_47__rerun_2.parquet,278,1a713524c5149bc0724361924517c8b834d974c4df487c2bdb1c4f0d3e12f08f,12f33c59f63fa30b4f777b00eef761214330c69e8b5fb33cc8ff36a1889e3125,9cfa32ccdcc444d67cf8b26508cd1c70ab30c71c,True,True,2026-06-02T01:08:57Z
M1-MVTEC-SUPERVISED-PAIRED_rga_meta_router_test_seed47_552e5b8b,M1-MVTEC-SUPERVISED-PAIRED,MVTec 3D-AD,PatchCore supervised-paired,47,rga_meta_router,test,elara_master_c/predictions/development/M1-MVTEC-SUPERVISED-PAIRED__MVTec_3D-AD__PatchCore_supervised-paired/rga_meta_router/test/seed_47__rerun_2.parquet,278,552e5b8b13471587c0a90745ad821addea892ec25ca0a31c1c0167d5b283435d,12f33c59f63fa30b4f777b00eef761214330c69e8b5fb33cc8ff36a1889e3125,9cfa32ccdcc444d67cf8b26508cd1c70ab30c71c,True,True,2026-06-02T01:08:58Z
M1-MVTEC-SUPERVISED-PAIRED_early_fusion_mlp_test_seed47_3e87dd63,M1-MVTEC-SUPERVISED-PAIRED,MVTec 3D-AD,PatchCore supervised-paired,47,early_fusion_mlp,test,elara_master_c/predictions/development/M1-MVTEC-SUPERVISED-PAIRED__MVTec_3D-AD__PatchCore_supervised-paired/early_fusion_mlp/test/seed_47__rerun_2.parquet,278,3e87dd630a37c69ecec4b25e9c153eff38ac4395edc40b767491b7ed49c3b236,12f33c59f63fa30b4f777b00eef761214330c69e8b5fb33cc8ff36a1889e3125,9cfa32ccdcc444d67cf8b26508cd1c70ab30c71c,True,True,2026-06-02T01:08:58Z
M1-MVTEC-SUPERVISED-PAIRED_late_fusion_ensemble_test_seed47_1809ab4e,M1-MVTEC-SUPERVISED-PAIRED,MVTec 3D-AD,PatchCore supervised-paired,47,late_fusion_ensemble,test,elara_master_c/predictions/development/M1-MVTEC-SUPERVISED-PAIRED__MVTec_3D-AD__PatchCore_supervised-paired/late_fusion_ensemble/test/seed_47__rerun_2.parquet,278,1809ab4e0c876d647f025e5190584b29b03b3da5637baebb48da34d9a1293184,12f33c59f63fa30b4f777b00eef761214330c69e8b5fb33cc8ff36a1889e3125,9cfa32ccdcc444d67cf8b26508cd1c70ab30c71c,True,True,2026-06-02T01:08:58Z
M1-MVTEC-SUPERVISED-PAIRED_random_forest_test_seed47_c773f2da,M1-MVTEC-SUPERVISED-PAIRED,MVTec 3D-AD,PatchCore supervised-paired,47,random_forest,test,elara_master_c/predictions/development/M1-MVTEC-SUPERVISED-PAIRED__MVTec_3D-AD__PatchCore_supervised-paired/random_forest/test/seed_47__rerun_2.parquet,278,c773f2daf0b3b251677592994457ce27c4be71d27df620d43ce5f88082ffd306,12f33c59f63fa30b4f777b00eef761214330c69e8b5fb33cc8ff36a1889e3125,9cfa32ccdcc444d67cf8b26508cd1c70ab30c71c,True,True,2026-06-02T01:08:58Z
M1-MVTEC-SUPERVISED-PAIRED_confidence_weighted_mean_test_seed47_a1e0edce,M1-MVTEC-SUPERVISED-PAIRED,MVTec 3D-AD,PatchCore supervised-paired,47,confidence_weighted_mean,test,elara_master_c/predictions/development/M1-MVTEC-SUPERVISED-PAIRED__MVTec_3D-AD__PatchCore_supervised-paired/confidence_weighted_mean/test/seed_47__rerun_2.parquet,278,a1e0edcee9e7ccc4a384389893351beafb3eac4512c87170e477cab3e9051abf,12f33c59f63fa30b4f777b00eef761214330c69e8b5fb33cc8ff36a1889e3125,9cfa32ccdcc444d67cf8b26508cd1c70ab30c71c,True,True,2026-06-02T01:08:58Z
M1-MVTEC-SUPERVISED-PAIRED_tent_score_adapter_test_seed47_75162687,M1-MVTEC-SUPERVISED-PAIRED,MVTec 3D-AD,PatchCore supervised-paired,47,tent_score_adapter,test,elara_master_c/predictions/development/M1-MVTEC-SUPERVISED-PAIRED__MVTec_3D-AD__PatchCore_supervised-paired/tent_score_adapter/test/seed_47__rerun_2.parquet,278,75162687076fba8ab13cd4fe51e84c19bb027b1b711739235d7dc3c9416eeb5e,12f33c59f63fa30b4f777b00eef761214330c69e8b5fb33cc8ff36a1889e3125,9cfa32ccdcc444d67cf8b26508cd1c70ab30c71c,True,True,2026-06-02T01:08:58Z
M1-MVTEC-SUPERVISED-PAIRED_ttt_pseudo_label_adapter_test_seed47_91d3e4a3,M1-MVTEC-SUPERVISED-PAIRED,MVTec 3D-AD,PatchCore supervised-paired,47,ttt_pseudo_label_adapter,test,elara_master_c/predictions/development/M1-MVTEC-SUPERVISED-PAIRED__MVTec_3D-AD__PatchCore_supervised-paired/ttt_pseudo_label_adapter/test/seed_47__rerun_2.parquet,278,91d3e4a3b4fb61c7d3d95d58f096e7677529b7469f674fe0b2b5a26165c10912,12f33c59f63fa30b4f777b00eef761214330c69e8b5fb33cc8ff36a1889e3125,9cfa32ccdcc444d67cf8b26508cd1c70ab30c71c,True,True,2026-06-02T01:08:58Z
M1-MVTEC-SUPERVISED-PAIRED_eata_score_adapter_test_seed47_36ac6c3f,M1-MVTEC-SUPERVISED-PAIRED,MVTec 3D-AD,PatchCore supervised-paired,47,eata_score_adapter,test,elara_master_c/predictions/development/M1-MVTEC-SUPERVISED-PAIRED__MVTec_3D-AD__PatchCore_supervised-paired/eata_score_adapter/test/seed_47__rerun_2.parquet,278,36ac6c3fa2b016958d5a5433f706a814c94616fb11d96acd4202139a935fdc51,12f33c59f63fa30b4f777b00eef761214330c69e8b5fb33cc8ff36a1889e3125,9cfa32ccdcc444d67cf8b26508cd1c70ab30c71c,True,True,2026-06-02T01:08:58Z
M1-MVTEC-SUPERVISED-PAIRED_sar_score_adapter_test_seed47_d0b10c10,M1-MVTEC-SUPERVISED-PAIRED,MVTec 3D-AD,PatchCore supervised-paired,47,sar_score_adapter,test,elara_master_c/predictions/development/M1-MVTEC-SUPERVISED-PAIRED__MVTec_3D-AD__PatchCore_supervised-paired/sar_score_adapter/test/seed_47__rerun_2.parquet,278,d0b10c1019c16752cfecfeffd788ac37a950f206bf26ecac047b3a59b7cfe98b,12f33c59f63fa30b4f777b00eef761214330c69e8b5fb33cc8ff36a1889e3125,9cfa32ccdcc444d67cf8b26508cd1c70ab30c71c,True,True,2026-06-02T01:08:58Z
M1-MVTEC-SUPERVISED-PAIRED_static_attention_test_seed48_7e128768,M1-MVTEC-SUPERVISED-PAIRED,MVTec 3D-AD,PatchCore supervised-paired,48,static_attention,test,elara_master_c/predictions/development/M1-MVTEC-SUPERVISED-PAIRED__MVTec_3D-AD__PatchCore_supervised-paired/static_attention/test/seed_48__rerun_2.parquet,278,7e128768a16247db63e8963155e9efa48369641d5140fd6f6df6d6bdc05037dd,12f33c59f63fa30b4f777b00eef761214330c69e8b5fb33cc8ff36a1889e3125,9cfa32ccdcc444d67cf8b26508cd1c70ab30c71c,True,True,2026-06-02T01:09:14Z
M1-MVTEC-SUPERVISED-PAIRED_craf_attention_test_seed48_5463a883,M1-MVTEC-SUPERVISED-PAIRED,MVTec 3D-AD,PatchCore supervised-paired,48,craf_attention,test,elara_master_c/predictions/development/M1-MVTEC-SUPERVISED-PAIRED__MVTec_3D-AD__PatchCore_supervised-paired/craf_attention/test/seed_48__rerun_2.parquet,278,5463a8838c399a33ebc4b580186289609461d9b279d4fc85eb84679a51b58bac,12f33c59f63fa30b4f777b00eef761214330c69e8b5fb33cc8ff36a1889e3125,9cfa32ccdcc444d67cf8b26508cd1c70ab30c71c,True,True,2026-06-02T01:09:14Z
M1-MVTEC-SUPERVISED-PAIRED_rga_boosted_fusion_test_seed48_f22a1f54,M1-MVTEC-SUPERVISED-PAIRED,MVTec 3D-AD,PatchCore supervised-paired,48,rga_boosted_fusion,test,elara_master_c/predictions/development/M1-MVTEC-SUPERVISED-PAIRED__MVTec_3D-AD__PatchCore_supervised-paired/rga_boosted_fusion/test/seed_48__rerun_2.parquet,278,f22a1f54fdca527ec2f9c63d20c2b644e231a748c13ed36e627091588a405738,12f33c59f63fa30b4f777b00eef761214330c69e8b5fb33cc8ff36a1889e3125,9cfa32ccdcc444d67cf8b26508cd1c70ab30c71c,True,True,2026-06-02T01:09:14Z
M1-MVTEC-SUPERVISED-PAIRED_rga_meta_router_test_seed48_0e1dbc5c,M1-MVTEC-SUPERVISED-PAIRED,MVTec 3D-AD,PatchCore supervised-paired,48,rga_meta_router,test,elara_master_c/predictions/development/M1-MVTEC-SUPERVISED-PAIRED__MVTec_3D-AD__PatchCore_supervised-paired/rga_meta_router/test/seed_48__rerun_2.parquet,278,0e1dbc5cf702774e4f9833e10e62ebd74cb531dfd7fbcbcd1fea27eb335c595b,12f33c59f63fa30b4f777b00eef761214330c69e8b5fb33cc8ff36a1889e3125,9cfa32ccdcc444d67cf8b26508cd1c70ab30c71c,True,True,2026-06-02T01:09:15Z
M1-MVTEC-SUPERVISED-PAIRED_early_fusion_mlp_test_seed48_6cde8adb,M1-MVTEC-SUPERVISED-PAIRED,MVTec 3D-AD,PatchCore supervised-paired,48,early_fusion_mlp,test,elara_master_c/predictions/development/M1-MVTEC-SUPERVISED-PAIRED__MVTec_3D-AD__PatchCore_supervised-paired/early_fusion_mlp/test/seed_48__rerun_2.parquet,278,6cde8adbc73e942a33d3b48bb441fc677af07283b37daf26aab411bce160fa66,12f33c59f63fa30b4f777b00eef761214330c69e8b5fb33cc8ff36a1889e3125,9cfa32ccdcc444d67cf8b26508cd1c70ab30c71c,True,True,2026-06-02T01:09:15Z
M1-MVTEC-SUPERVISED-PAIRED_late_fusion_ensemble_test_seed48_f476083b,M1-MVTEC-SUPERVISED-PAIRED,MVTec 3D-AD,PatchCore supervised-paired,48,late_fusion_ensemble,test,elara_master_c/predictions/development/M1-MVTEC-SUPERVISED-PAIRED__MVTec_3D-AD__PatchCore_supervised-paired/late_fusion_ensemble/test/seed_48__rerun_2.parquet,278,f476083b9decee35455c1bf387b1377c7c55cf551dd4a0e6552deb70c6b50cfd,12f33c59f63fa30b4f777b00eef761214330c69e8b5fb33cc8ff36a1889e3125,9cfa32ccdcc444d67cf8b26508cd1c70ab30c71c,True,True,2026-06-02T01:09:15Z
M1-MVTEC-SUPERVISED-PAIRED_random_forest_test_seed48_9c9f7c18,M1-MVTEC-SUPERVISED-PAIRED,MVTec 3D-AD,PatchCore supervised-paired,48,random_forest,test,elara_master_c/predictions/development/M1-MVTEC-SUPERVISED-PAIRED__MVTec_3D-AD__PatchCore_supervised-paired/random_forest/test/seed_48__rerun_2.parquet,278,9c9f7c187b393acf79799a1274c6aede4d6e39ef24c0026b241edbaccdc91056,12f33c59f63fa30b4f777b00eef761214330c69e8b5fb33cc8ff36a1889e3125,9cfa32ccdcc444d67cf8b26508cd1c70ab30c71c,True,True,2026-06-02T01:09:15Z
M1-MVTEC-SUPERVISED-PAIRED_confidence_weighted_mean_test_seed48_0fae119f,M1-MVTEC-SUPERVISED-PAIRED,MVTec 3D-AD,PatchCore supervised-paired,48,confidence_weighted_mean,test,elara_master_c/predictions/development/M1-MVTEC-SUPERVISED-PAIRED__MVTec_3D-AD__PatchCore_supervised-paired/confidence_weighted_mean/test/seed_48__rerun_2.parquet,278,0fae119f72cf3b2a9f1b365cf749689d6d6236315649ac286e803afcd1093af0,12f33c59f63fa30b4f777b00eef761214330c69e8b5fb33cc8ff36a1889e3125,9cfa32ccdcc444d67cf8b26508cd1c70ab30c71c,True,True,2026-06-02T01:09:15Z
M1-MVTEC-SUPERVISED-PAIRED_tent_score_adapter_test_seed48_adafe695,M1-MVTEC-SUPERVISED-PAIRED,MVTec 3D-AD,PatchCore supervised-paired,48,tent_score_adapter,test,elara_master_c/predictions/development/M1-MVTEC-SUPERVISED-PAIRED__MVTec_3D-AD__PatchCore_supervised-paired/tent_score_adapter/test/seed_48__rerun_2.parquet,278,adafe6955fe612a0d50699f4c952d48b131a74e306de9a89e16b6987c56861c3,12f33c59f63fa30b4f777b00eef761214330c69e8b5fb33cc8ff36a1889e3125,9cfa32ccdcc444d67cf8b26508cd1c70ab30c71c,True,True,2026-06-02T01:09:15Z
M1-MVTEC-SUPERVISED-PAIRED_ttt_pseudo_label_adapter_test_seed48_47442285,M1-MVTEC-SUPERVISED-PAIRED,MVTec 3D-AD,PatchCore supervised-paired,48,ttt_pseudo_label_adapter,test,elara_master_c/predictions/development/M1-MVTEC-SUPERVISED-PAIRED__MVTec_3D-AD__PatchCore_supervised-paired/ttt_pseudo_label_adapter/test/seed_48__rerun_2.parquet,278,474422859d46eea061178bec333ed85439113d43311e53e858501e5a45a27702,12f33c59f63fa30b4f777b00eef761214330c69e8b5fb33cc8ff36a1889e3125,9cfa32ccdcc444d67cf8b26508cd1c70ab30c71c,True,True,2026-06-02T01:09:15Z
M1-MVTEC-SUPERVISED-PAIRED_eata_score_adapter_test_seed48_755e0817,M1-MVTEC-SUPERVISED-PAIRED,MVTec 3D-AD,PatchCore supervised-paired,48,eata_score_adapter,test,elara_master_c/predictions/development/M1-MVTEC-SUPERVISED-PAIRED__MVTec_3D-AD__PatchCore_supervised-paired/eata_score_adapter/test/seed_48__rerun_2.parquet,278,755e08178cefd5781d3bff957cb3b06920d9154a8af07ca781e908115babc2ef,12f33c59f63fa30b4f777b00eef761214330c69e8b5fb33cc8ff36a1889e3125,9cfa32ccdcc444d67cf8b26508cd1c70ab30c71c,True,True,2026-06-02T01:09:15Z
M1-MVTEC-SUPERVISED-PAIRED_sar_score_adapter_test_seed48_812ec668,M1-MVTEC-SUPERVISED-PAIRED,MVTec 3D-AD,PatchCore supervised-paired,48,sar_score_adapter,test,elara_master_c/predictions/development/M1-MVTEC-SUPERVISED-PAIRED__MVTec_3D-AD__PatchCore_supervised-paired/sar_score_adapter/test/seed_48__rerun_2.parquet,278,812ec6685a9f53d4755be66c4dfede214c54525f0e0909a400833475e49d044d,12f33c59f63fa30b4f777b00eef761214330c69e8b5fb33cc8ff36a1889e3125,9cfa32ccdcc444d67cf8b26508cd1c70ab30c71c,True,True,2026-06-02T01:09:15Z
M1-MVTEC-SUPERVISED-PAIRED_static_attention_test_seed49_5bcc3976,M1-MVTEC-SUPERVISED-PAIRED,MVTec 3D-AD,PatchCore supervised-paired,49,static_attention,test,elara_master_c/predictions/development/M1-MVTEC-SUPERVISED-PAIRED__MVTec_3D-AD__PatchCore_supervised-paired/static_attention/test/seed_49__rerun_2.parquet,278,5bcc3976c80e32990744891ea68ddd8c9547067db73c6b5cd64b18d31bf0270b,12f33c59f63fa30b4f777b00eef761214330c69e8b5fb33cc8ff36a1889e3125,9cfa32ccdcc444d67cf8b26508cd1c70ab30c71c,True,True,2026-06-02T01:09:32Z
M1-MVTEC-SUPERVISED-PAIRED_craf_attention_test_seed49_56ce9e11,M1-MVTEC-SUPERVISED-PAIRED,MVTec 3D-AD,PatchCore supervised-paired,49,craf_attention,test,elara_master_c/predictions/development/M1-MVTEC-SUPERVISED-PAIRED__MVTec_3D-AD__PatchCore_supervised-paired/craf_attention/test/seed_49__rerun_2.parquet,278,56ce9e11e45892d443c2f86c4351f707b605bae41a3db396311898e997c28019,12f33c59f63fa30b4f777b00eef761214330c69e8b5fb33cc8ff36a1889e3125,9cfa32ccdcc444d67cf8b26508cd1c70ab30c71c,True,True,2026-06-02T01:09:32Z
M1-MVTEC-SUPERVISED-PAIRED_rga_boosted_fusion_test_seed49_37fadc5b,M1-MVTEC-SUPERVISED-PAIRED,MVTec 3D-AD,PatchCore supervised-paired,49,rga_boosted_fusion,test,elara_master_c/predictions/development/M1-MVTEC-SUPERVISED-PAIRED__MVTec_3D-AD__PatchCore_supervised-paired/rga_boosted_fusion/test/seed_49__rerun_2.parquet,278,37fadc5ba4ddc72513ba4478e984e150d0a9b7ad8228eac94fcd520225e1b846,12f33c59f63fa30b4f777b00eef761214330c69e8b5fb33cc8ff36a1889e3125,9cfa32ccdcc444d67cf8b26508cd1c70ab30c71c,True,True,2026-06-02T01:09:32Z
M1-MVTEC-SUPERVISED-PAIRED_rga_meta_router_test_seed49_1aa25cde,M1-MVTEC-SUPERVISED-PAIRED,MVTec 3D-AD,PatchCore supervised-paired,49,rga_meta_router,test,elara_master_c/predictions/development/M1-MVTEC-SUPERVISED-PAIRED__MVTec_3D-AD__PatchCore_supervised-paired/rga_meta_router/test/seed_49__rerun_2.parquet,278,1aa25cde87cb9e9465fedcf8cc4b27bb83ec2689aeb73e354e3192b5bee73f4e,12f33c59f63fa30b4f777b00eef761214330c69e8b5fb33cc8ff36a1889e3125,9cfa32ccdcc444d67cf8b26508cd1c70ab30c71c,True,True,2026-06-02T01:09:32Z
M1-MVTEC-SUPERVISED-PAIRED_early_fusion_mlp_test_seed49_0152ddea,M1-MVTEC-SUPERVISED-PAIRED,MVTec 3D-AD,PatchCore supervised-paired,49,early_fusion_mlp,test,elara_master_c/predictions/development/M1-MVTEC-SUPERVISED-PAIRED__MVTec_3D-AD__PatchCore_supervised-paired/early_fusion_mlp/test/seed_49__rerun_2.parquet,278,0152ddeaa42e5ab563bdea17d7af3062e5c8b3940495022518a39635c0b32621,12f33c59f63fa30b4f777b00eef761214330c69e8b5fb33cc8ff36a1889e3125,9cfa32ccdcc444d67cf8b26508cd1c70ab30c71c,True,True,2026-06-02T01:09:32Z
M1-MVTEC-SUPERVISED-PAIRED_late_fusion_ensemble_test_seed49_b2ae0189,M1-MVTEC-SUPERVISED-PAIRED,MVTec 3D-AD,PatchCore supervised-paired,49,late_fusion_ensemble,test,elara_master_c/predictions/development/M1-MVTEC-SUPERVISED-PAIRED__MVTec_3D-AD__PatchCore_supervised-paired/late_fusion_ensemble/test/seed_49__rerun_2.parquet,278,b2ae018959d5a98ad755500baa2641f2779d36c751d150e5b5464d42bbc47a63,12f33c59f63fa30b4f777b00eef761214330c69e8b5fb33cc8ff36a1889e3125,9cfa32ccdcc444d67cf8b26508cd1c70ab30c71c,True,True,2026-06-02T01:09:32Z
M1-MVTEC-SUPERVISED-PAIRED_random_forest_test_seed49_56ac9227,M1-MVTEC-SUPERVISED-PAIRED,MVTec 3D-AD,PatchCore supervised-paired,49,random_forest,test,elara_master_c/predictions/development/M1-MVTEC-SUPERVISED-PAIRED__MVTec_3D-AD__PatchCore_supervised-paired/random_forest/test/seed_49__rerun_2.parquet,278,56ac92275334f4ca8b3c1c6f176369f0c1c55bf984e4362953be6ec0358a58a3,12f33c59f63fa30b4f777b00eef761214330c69e8b5fb33cc8ff36a1889e3125,9cfa32ccdcc444d67cf8b26508cd1c70ab30c71c,True,True,2026-06-02T01:09:33Z
M1-MVTEC-SUPERVISED-PAIRED_confidence_weighted_mean_test_seed49_e86fdce6,M1-MVTEC-SUPERVISED-PAIRED,MVTec 3D-AD,PatchCore supervised-paired,49,confidence_weighted_mean,test,elara_master_c/predictions/development/M1-MVTEC-SUPERVISED-PAIRED__MVTec_3D-AD__PatchCore_supervised-paired/confidence_weighted_mean/test/seed_49__rerun_2.parquet,278,e86fdce6344db3ec30463a887ed2c26e31b293b6e8e708e064be5344bee4d063,12f33c59f63fa30b4f777b00eef761214330c69e8b5fb33cc8ff36a1889e3125,9cfa32ccdcc444d67cf8b26508cd1c70ab30c71c,True,True,2026-06-02T01:09:33Z
M1-MVTEC-SUPERVISED-PAIRED_tent_score_adapter_test_seed49_807d48f9,M1-MVTEC-SUPERVISED-PAIRED,MVTec 3D-AD,PatchCore supervised-paired,49,tent_score_adapter,test,elara_master_c/predictions/development/M1-MVTEC-SUPERVISED-PAIRED__MVTec_3D-AD__PatchCore_supervised-paired/tent_score_adapter/test/seed_49__rerun_2.parquet,278,807d48f95d786e53ec15f939336290ca875b65a1d09d245a1ff12d1d3128fa98,12f33c59f63fa30b4f777b00eef761214330c69e8b5fb33cc8ff36a1889e3125,9cfa32ccdcc444d67cf8b26508cd1c70ab30c71c,True,True,2026-06-02T01:09:33Z
M1-MVTEC-SUPERVISED-PAIRED_ttt_pseudo_label_adapter_test_seed49_713f1d47,M1-MVTEC-SUPERVISED-PAIRED,MVTec 3D-AD,PatchCore supervised-paired,49,ttt_pseudo_label_adapter,test,elara_master_c/predictions/development/M1-MVTEC-SUPERVISED-PAIRED__MVTec_3D-AD__PatchCore_supervised-paired/ttt_pseudo_label_adapter/test/seed_49__rerun_2.parquet,278,713f1d47d680a5a9380d95dd80f10957641956bd1166ad2deb0b92b50837e9a6,12f33c59f63fa30b4f777b00eef761214330c69e8b5fb33cc8ff36a1889e3125,9cfa32ccdcc444d67cf8b26508cd1c70ab30c71c,True,True,2026-06-02T01:09:33Z
M1-MVTEC-SUPERVISED-PAIRED_eata_score_adapter_test_seed49_667ada24,M1-MVTEC-SUPERVISED-PAIRED,MVTec 3D-AD,PatchCore supervised-paired,49,eata_score_adapter,test,elara_master_c/predictions/development/M1-MVTEC-SUPERVISED-PAIRED__MVTec_3D-AD__PatchCore_supervised-paired/eata_score_adapter/test/seed_49__rerun_2.parquet,278,667ada24684f3622363cbd1e45f49593ff04a86c62d7c595ef062e83f1cfb5b5,12f33c59f63fa30b4f777b00eef761214330c69e8b5fb33cc8ff36a1889e3125,9cfa32ccdcc444d67cf8b26508cd1c70ab30c71c,True,True,2026-06-02T01:09:33Z
M1-MVTEC-SUPERVISED-PAIRED_sar_score_adapter_test_seed49_f17377f0,M1-MVTEC-SUPERVISED-PAIRED,MVTec 3D-AD,PatchCore supervised-paired,49,sar_score_adapter,test,elara_master_c/predictions/development/M1-MVTEC-SUPERVISED-PAIRED__MVTec_3D-AD__PatchCore_supervised-paired/sar_score_adapter/test/seed_49__rerun_2.parquet,278,f17377f071c49b5dc3087ea6081cd8e07a988525198ac30a4dad4b997682b7c0,12f33c59f63fa30b4f777b00eef761214330c69e8b5fb33cc8ff36a1889e3125,9cfa32ccdcc444d67cf8b26508cd1c70ab30c71c,True,True,2026-06-02T01:09:33Z
M1-MVTEC-SUPERVISED-PAIRED_static_attention_test_seed50_5d6422dc,M1-MVTEC-SUPERVISED-PAIRED,MVTec 3D-AD,PatchCore supervised-paired,50,static_attention,test,elara_master_c/predictions/development/M1-MVTEC-SUPERVISED-PAIRED__MVTec_3D-AD__PatchCore_supervised-paired/static_attention/test/seed_50__rerun_2.parquet,278,5d6422dcf854e2376864e588a4d63c120f4ae5c79f16c0266c668315d98d3561,12f33c59f63fa30b4f777b00eef761214330c69e8b5fb33cc8ff36a1889e3125,9cfa32ccdcc444d67cf8b26508cd1c70ab30c71c,True,True,2026-06-02T01:09:52Z
M1-MVTEC-SUPERVISED-PAIRED_craf_attention_test_seed50_e99648a6,M1-MVTEC-SUPERVISED-PAIRED,MVTec 3D-AD,PatchCore supervised-paired,50,craf_attention,test,elara_master_c/predictions/development/M1-MVTEC-SUPERVISED-PAIRED__MVTec_3D-AD__PatchCore_supervised-paired/craf_attention/test/seed_50__rerun_2.parquet,278,e99648a682ffc54bd01d9716d5b9b6c62312be60648d10445bf6c78f544faf26,12f33c59f63fa30b4f777b00eef761214330c69e8b5fb33cc8ff36a1889e3125,9cfa32ccdcc444d67cf8b26508cd1c70ab30c71c,True,True,2026-06-02T01:09:52Z
M1-MVTEC-SUPERVISED-PAIRED_rga_boosted_fusion_test_seed50_291c87a0,M1-MVTEC-SUPERVISED-PAIRED,MVTec 3D-AD,PatchCore supervised-paired,50,rga_boosted_fusion,test,elara_master_c/predictions/development/M1-MVTEC-SUPERVISED-PAIRED__MVTec_3D-AD__PatchCore_supervised-paired/rga_boosted_fusion/test/seed_50__rerun_2.parquet,278,291c87a088820bb9232a0292111215146a91633bc58f38bd74631cae9738653c,12f33c59f63fa30b4f777b00eef761214330c69e8b5fb33cc8ff36a1889e3125,9cfa32ccdcc444d67cf8b26508cd1c70ab30c71c,True,True,2026-06-02T01:09:52Z
M1-MVTEC-SUPERVISED-PAIRED_rga_meta_router_test_seed50_3df6dc74,M1-MVTEC-SUPERVISED-PAIRED,MVTec 3D-AD,PatchCore supervised-paired,50,rga_meta_router,test,elara_master_c/predictions/development/M1-MVTEC-SUPERVISED-PAIRED__MVTec_3D-AD__PatchCore_supervised-paired/rga_meta_router/test/seed_50__rerun_2.parquet,278,3df6dc745429370bcf8c6dc429028333ae80da223473eeddd8a478c877c6a746,12f33c59f63fa30b4f777b00eef761214330c69e8b5fb33cc8ff36a1889e3125,9cfa32ccdcc444d67cf8b26508cd1c70ab30c71c,True,True,2026-06-02T01:09:52Z
M1-MVTEC-SUPERVISED-PAIRED_early_fusion_mlp_test_seed50_0f3773ce,M1-MVTEC-SUPERVISED-PAIRED,MVTec 3D-AD,PatchCore supervised-paired,50,early_fusion_mlp,test,elara_master_c/predictions/development/M1-MVTEC-SUPERVISED-PAIRED__MVTec_3D-AD__PatchCore_supervised-paired/early_fusion_mlp/test/seed_50__rerun_2.parquet,278,0f3773cec012d185a43fe5a522145bc5046480ee8af7501f13e5762c9703156a,12f33c59f63fa30b4f777b00eef761214330c69e8b5fb33cc8ff36a1889e3125,9cfa32ccdcc444d67cf8b26508cd1c70ab30c71c,True,True,2026-06-02T01:09:52Z
M1-MVTEC-SUPERVISED-PAIRED_late_fusion_ensemble_test_seed50_fb203f12,M1-MVTEC-SUPERVISED-PAIRED,MVTec 3D-AD,PatchCore supervised-paired,50,late_fusion_ensemble,test,elara_master_c/predictions/development/M1-MVTEC-SUPERVISED-PAIRED__MVTec_3D-AD__PatchCore_supervised-paired/late_fusion_ensemble/test/seed_50__rerun_2.parquet,278,fb203f126a4c7d9648abe77cbfe9f7562c1bb46b3bdff12b3152b1a472ee17b6,12f33c59f63fa30b4f777b00eef761214330c69e8b5fb33cc8ff36a1889e3125,9cfa32ccdcc444d67cf8b26508cd1c70ab30c71c,True,True,2026-06-02T01:09:52Z
M1-MVTEC-SUPERVISED-PAIRED_random_forest_test_seed50_b77d128b,M1-MVTEC-SUPERVISED-PAIRED,MVTec 3D-AD,PatchCore supervised-paired,50,random_forest,test,elara_master_c/predictions/development/M1-MVTEC-SUPERVISED-PAIRED__MVTec_3D-AD__PatchCore_supervised-paired/random_forest/test/seed_50__rerun_2.parquet,278,b77d128b2a3a45a83a296ec628da6fd3a1b0f057a7e29e132c01e260617b1d9a,12f33c59f63fa30b4f777b00eef761214330c69e8b5fb33cc8ff36a1889e3125,9cfa32ccdcc444d67cf8b26508cd1c70ab30c71c,True,True,2026-06-02T01:09:52Z
M1-MVTEC-SUPERVISED-PAIRED_confidence_weighted_mean_test_seed50_3495109e,M1-MVTEC-SUPERVISED-PAIRED,MVTec 3D-AD,PatchCore supervised-paired,50,confidence_weighted_mean,test,elara_master_c/predictions/development/M1-MVTEC-SUPERVISED-PAIRED__MVTec_3D-AD__PatchCore_supervised-paired/confidence_weighted_mean/test/seed_50__rerun_2.parquet,278,3495109ef7c9bad7ce6a780039c382a64bbf8d92e654d792e31cb62864d06790,12f33c59f63fa30b4f777b00eef761214330c69e8b5fb33cc8ff36a1889e3125,9cfa32ccdcc444d67cf8b26508cd1c70ab30c71c,True,True,2026-06-02T01:09:52Z
M1-MVTEC-SUPERVISED-PAIRED_tent_score_adapter_test_seed50_7a21395c,M1-MVTEC-SUPERVISED-PAIRED,MVTec 3D-AD,PatchCore supervised-paired,50,tent_score_adapter,test,elara_master_c/predictions/development/M1-MVTEC-SUPERVISED-PAIRED__MVTec_3D-AD__PatchCore_supervised-paired/tent_score_adapter/test/seed_50__rerun_2.parquet,278,7a21395cca80923079d6336e6d15a9537d9f54d3699caa0370b3b79d055d7946,12f33c59f63fa30b4f777b00eef761214330c69e8b5fb33cc8ff36a1889e3125,9cfa32ccdcc444d67cf8b26508cd1c70ab30c71c,True,True,2026-06-02T01:09:52Z
M1-MVTEC-SUPERVISED-PAIRED_ttt_pseudo_label_adapter_test_seed50_bd23c633,M1-MVTEC-SUPERVISED-PAIRED,MVTec 3D-AD,PatchCore supervised-paired,50,ttt_pseudo_label_adapter,test,elara_master_c/predictions/development/M1-MVTEC-SUPERVISED-PAIRED__MVTec_3D-AD__PatchCore_supervised-paired/ttt_pseudo_label_adapter/test/seed_50__rerun_2.parquet,278,bd23c63354d00f4a833be232f052ef214f90fdb6061dbd18658605e04985bfea,12f33c59f63fa30b4f777b00eef761214330c69e8b5fb33cc8ff36a1889e3125,9cfa32ccdcc444d67cf8b26508cd1c70ab30c71c,True,True,2026-06-02T01:09:52Z
M1-MVTEC-SUPERVISED-PAIRED_eata_score_adapter_test_seed50_bf588ea4,M1-MVTEC-SUPERVISED-PAIRED,MVTec 3D-AD,PatchCore supervised-paired,50,eata_score_adapter,test,elara_master_c/predictions/development/M1-MVTEC-SUPERVISED-PAIRED__MVTec_3D-AD__PatchCore_supervised-paired/eata_score_adapter/test/seed_50__rerun_2.parquet,278,bf588ea44fd6b14b508a7e52de43abe7882080b557b929ce432a37159a8b2c82,12f33c59f63fa30b4f777b00eef761214330c69e8b5fb33cc8ff36a1889e3125,9cfa32ccdcc444d67cf8b26508cd1c70ab30c71c,True,True,2026-06-02T01:09:52Z
M1-MVTEC-SUPERVISED-PAIRED_sar_score_adapter_test_seed50_1d2aea39,M1-MVTEC-SUPERVISED-PAIRED,MVTec 3D-AD,PatchCore supervised-paired,50,sar_score_adapter,test,elara_master_c/predictions/development/M1-MVTEC-SUPERVISED-PAIRED__MVTec_3D-AD__PatchCore_supervised-paired/sar_score_adapter/test/seed_50__rerun_2.parquet,278,1d2aea392044393ce4e7c36d7cbff9268002272e631f4458bed64bb635398f21,12f33c59f63fa30b4f777b00eef761214330c69e8b5fb33cc8ff36a1889e3125,9cfa32ccdcc444d67cf8b26508cd1c70ab30c71c,True,True,2026-06-02T01:09:52Z
M1-MVTEC-SUPERVISED-PAIRED_static_attention_test_seed51_36c063a5,M1-MVTEC-SUPERVISED-PAIRED,MVTec 3D-AD,PatchCore supervised-paired,51,static_attention,test,elara_master_c/predictions/development/M1-MVTEC-SUPERVISED-PAIRED__MVTec_3D-AD__PatchCore_supervised-paired/static_attention/test/seed_51__rerun_2.parquet,278,36c063a500c8ccb49ce4921bbd58d5747d29472ce7ccabbc7abb9272ad0a6d7b,12f33c59f63fa30b4f777b00eef761214330c69e8b5fb33cc8ff36a1889e3125,9cfa32ccdcc444d67cf8b26508cd1c70ab30c71c,True,True,2026-06-02T01:10:10Z
M1-MVTEC-SUPERVISED-PAIRED_craf_attention_test_seed51_8891feed,M1-MVTEC-SUPERVISED-PAIRED,MVTec 3D-AD,PatchCore supervised-paired,51,craf_attention,test,elara_master_c/predictions/development/M1-MVTEC-SUPERVISED-PAIRED__MVTec_3D-AD__PatchCore_supervised-paired/craf_attention/test/seed_51__rerun_2.parquet,278,8891feede50503314d89bd722a0ec5c8636adf8573ee00175631223afeafaadb,12f33c59f63fa30b4f777b00eef761214330c69e8b5fb33cc8ff36a1889e3125,9cfa32ccdcc444d67cf8b26508cd1c70ab30c71c,True,True,2026-06-02T01:10:10Z
M1-MVTEC-SUPERVISED-PAIRED_rga_boosted_fusion_test_seed51_42ae5158,M1-MVTEC-SUPERVISED-PAIRED,MVTec 3D-AD,PatchCore supervised-paired,51,rga_boosted_fusion,test,elara_master_c/predictions/development/M1-MVTEC-SUPERVISED-PAIRED__MVTec_3D-AD__PatchCore_supervised-paired/rga_boosted_fusion/test/seed_51__rerun_2.parquet,278,42ae5158cdb84766d825d877d67d33a6900260c65f0256bd9dd7555ada9fe1e2,12f33c59f63fa30b4f777b00eef761214330c69e8b5fb33cc8ff36a1889e3125,9cfa32ccdcc444d67cf8b26508cd1c70ab30c71c,True,True,2026-06-02T01:10:10Z
M1-MVTEC-SUPERVISED-PAIRED_rga_meta_router_test_seed51_90686549,M1-MVTEC-SUPERVISED-PAIRED,MVTec 3D-AD,PatchCore supervised-paired,51,rga_meta_router,test,elara_master_c/predictions/development/M1-MVTEC-SUPERVISED-PAIRED__MVTec_3D-AD__PatchCore_supervised-paired/rga_meta_router/test/seed_51__rerun_2.parquet,278,90686549d5595c64c787ac7973d65232190a1c1b91b60ddb44c0b9f01a0e247a,12f33c59f63fa30b4f777b00eef761214330c69e8b5fb33cc8ff36a1889e3125,9cfa32ccdcc444d67cf8b26508cd1c70ab30c71c,True,True,2026-06-02T01:10:10Z
M1-MVTEC-SUPERVISED-PAIRED_early_fusion_mlp_test_seed51_fae0f0c1,M1-MVTEC-SUPERVISED-PAIRED,MVTec 3D-AD,PatchCore supervised-paired,51,early_fusion_mlp,test,elara_master_c/predictions/development/M1-MVTEC-SUPERVISED-PAIRED__MVTec_3D-AD__PatchCore_supervised-paired/early_fusion_mlp/test/seed_51__rerun_2.parquet,278,fae0f0c1dff205ebd5c990679eddab15dc08c7bf4c2ef48a238e215b1b661ab9,12f33c59f63fa30b4f777b00eef761214330c69e8b5fb33cc8ff36a1889e3125,9cfa32ccdcc444d67cf8b26508cd1c70ab30c71c,True,True,2026-06-02T01:10:10Z
M1-MVTEC-SUPERVISED-PAIRED_late_fusion_ensemble_test_seed51_be8aedc4,M1-MVTEC-SUPERVISED-PAIRED,MVTec 3D-AD,PatchCore supervised-paired,51,late_fusion_ensemble,test,elara_master_c/predictions/development/M1-MVTEC-SUPERVISED-PAIRED__MVTec_3D-AD__PatchCore_supervised-paired/late_fusion_ensemble/test/seed_51__rerun_2.parquet,278,be8aedc46fd1fd396ab1e2abbed0ec6aafe7a9658557c9f7509def51378149f3,12f33c59f63fa30b4f777b00eef761214330c69e8b5fb33cc8ff36a1889e3125,9cfa32ccdcc444d67cf8b26508cd1c70ab30c71c,True,True,2026-06-02T01:10:10Z
M1-MVTEC-SUPERVISED-PAIRED_random_forest_test_seed51_c5b09cfa,M1-MVTEC-SUPERVISED-PAIRED,MVTec 3D-AD,PatchCore supervised-paired,51,random_forest,test,elara_master_c/predictions/development/M1-MVTEC-SUPERVISED-PAIRED__MVTec_3D-AD__PatchCore_supervised-paired/random_forest/test/seed_51__rerun_2.parquet,278,c5b09cfa98ccc68b040c6d5e644bbc0de18006f6f0aa481141322cd747ce13b4,12f33c59f63fa30b4f777b00eef761214330c69e8b5fb33cc8ff36a1889e3125,9cfa32ccdcc444d67cf8b26508cd1c70ab30c71c,True,True,2026-06-02T01:10:10Z
M1-MVTEC-SUPERVISED-PAIRED_confidence_weighted_mean_test_seed51_24e87e26,M1-MVTEC-SUPERVISED-PAIRED,MVTec 3D-AD,PatchCore supervised-paired,51,confidence_weighted_mean,test,elara_master_c/predictions/development/M1-MVTEC-SUPERVISED-PAIRED__MVTec_3D-AD__PatchCore_supervised-paired/confidence_weighted_mean/test/seed_51__rerun_2.parquet,278,24e87e26680b24d1c37fcab91133ec027b3c4fde21e3e8b4bd0dc7ea503eeb06,12f33c59f63fa30b4f777b00eef761214330c69e8b5fb33cc8ff36a1889e3125,9cfa32ccdcc444d67cf8b26508cd1c70ab30c71c,True,True,2026-06-02T01:10:10Z
M1-MVTEC-SUPERVISED-PAIRED_tent_score_adapter_test_seed51_5fc62c92,M1-MVTEC-SUPERVISED-PAIRED,MVTec 3D-AD,PatchCore supervised-paired,51,tent_score_adapter,test,elara_master_c/predictions/development/M1-MVTEC-SUPERVISED-PAIRED__MVTec_3D-AD__PatchCore_supervised-paired/tent_score_adapter/test/seed_51__rerun_2.parquet,278,5fc62c92969522f511c846a5d386e0e10097bb93a350799419eed64035adc8cd,12f33c59f63fa30b4f777b00eef761214330c69e8b5fb33cc8ff36a1889e3125,9cfa32ccdcc444d67cf8b26508cd1c70ab30c71c,True,True,2026-06-02T01:10:10Z
M1-MVTEC-SUPERVISED-PAIRED_ttt_pseudo_label_adapter_test_seed51_549abdea,M1-MVTEC-SUPERVISED-PAIRED,MVTec 3D-AD,PatchCore supervised-paired,51,ttt_pseudo_label_adapter,test,elara_master_c/predictions/development/M1-MVTEC-SUPERVISED-PAIRED__MVTec_3D-AD__PatchCore_supervised-paired/ttt_pseudo_label_adapter/test/seed_51__rerun_2.parquet,278,549abdeaa5129349d3439852c334aa23e5db195eabdb8a87bcef52dbefc5a57b,12f33c59f63fa30b4f777b00eef761214330c69e8b5fb33cc8ff36a1889e3125,9cfa32ccdcc444d67cf8b26508cd1c70ab30c71c,True,True,2026-06-02T01:10:10Z
M1-MVTEC-SUPERVISED-PAIRED_eata_score_adapter_test_seed51_39916f54,M1-MVTEC-SUPERVISED-PAIRED,MVTec 3D-AD,PatchCore supervised-paired,51,eata_score_adapter,test,elara_master_c/predictions/development/M1-MVTEC-SUPERVISED-PAIRED__MVTec_3D-AD__PatchCore_supervised-paired/eata_score_adapter/test/seed_51__rerun_2.parquet,278,39916f540ed4de4616f1c005c9eea8559a7e0a80bb658dacef4a8f0a06a54863,12f33c59f63fa30b4f777b00eef761214330c69e8b5fb33cc8ff36a1889e3125,9cfa32ccdcc444d67cf8b26508cd1c70ab30c71c,True,True,2026-06-02T01:10:10Z
M1-MVTEC-SUPERVISED-PAIRED_sar_score_adapter_test_seed51_a4f36960,M1-MVTEC-SUPERVISED-PAIRED,MVTec 3D-AD,PatchCore supervised-paired,51,sar_score_adapter,test,elara_master_c/predictions/development/M1-MVTEC-SUPERVISED-PAIRED__MVTec_3D-AD__PatchCore_supervised-paired/sar_score_adapter/test/seed_51__rerun_2.parquet,278,a4f36960433a589652aa3d8294f3f2cc167ad66802d7998be47d8db20711efc4,12f33c59f63fa30b4f777b00eef761214330c69e8b5fb33cc8ff36a1889e3125,9cfa32ccdcc444d67cf8b26508cd1c70ab30c71c,True,True,2026-06-02T01:10:10Z
M1-MVTEC-SUPERVISED-PAIRED_static_attention_test_seed52_98425384,M1-MVTEC-SUPERVISED-PAIRED,MVTec 3D-AD,PatchCore supervised-paired,52,static_attention,test,elara_master_c/predictions/development/M1-MVTEC-SUPERVISED-PAIRED__MVTec_3D-AD__PatchCore_supervised-paired/static_attention/test/seed_52__rerun_1.parquet,278,98425384ee90d06b86f501e203efbdc203ca3da7a3d1e8d7f96e7735071f2150,12f33c59f63fa30b4f777b00eef761214330c69e8b5fb33cc8ff36a1889e3125,9cfa32ccdcc444d67cf8b26508cd1c70ab30c71c,True,True,2026-06-02T01:10:27Z
M1-MVTEC-SUPERVISED-PAIRED_craf_attention_test_seed52_39229223,M1-MVTEC-SUPERVISED-PAIRED,MVTec 3D-AD,PatchCore supervised-paired,52,craf_attention,test,elara_master_c/predictions/development/M1-MVTEC-SUPERVISED-PAIRED__MVTec_3D-AD__PatchCore_supervised-paired/craf_attention/test/seed_52__rerun_1.parquet,278,3922922315dff678916f2a22c8a881f373909c7d29f400b070b5eb12ec653825,12f33c59f63fa30b4f777b00eef761214330c69e8b5fb33cc8ff36a1889e3125,9cfa32ccdcc444d67cf8b26508cd1c70ab30c71c,True,True,2026-06-02T01:10:27Z
M1-MVTEC-SUPERVISED-PAIRED_rga_boosted_fusion_test_seed52_c53e469e,M1-MVTEC-SUPERVISED-PAIRED,MVTec 3D-AD,PatchCore supervised-paired,52,rga_boosted_fusion,test,elara_master_c/predictions/development/M1-MVTEC-SUPERVISED-PAIRED__MVTec_3D-AD__PatchCore_supervised-paired/rga_boosted_fusion/test/seed_52__rerun_1.parquet,278,c53e469e7c78c0c8e13e3fdc5aaa962cb769332131b4d32776b7f71424216693,12f33c59f63fa30b4f777b00eef761214330c69e8b5fb33cc8ff36a1889e3125,9cfa32ccdcc444d67cf8b26508cd1c70ab30c71c,True,True,2026-06-02T01:10:27Z
M1-MVTEC-SUPERVISED-PAIRED_rga_meta_router_test_seed52_3ac32979,M1-MVTEC-SUPERVISED-PAIRED,MVTec 3D-AD,PatchCore supervised-paired,52,rga_meta_router,test,elara_master_c/predictions/development/M1-MVTEC-SUPERVISED-PAIRED__MVTec_3D-AD__PatchCore_supervised-paired/rga_meta_router/test/seed_52__rerun_1.parquet,278,3ac3297926c73e62011ff81480c11a882cf3fc113891e27ff150c60cadb3478a,12f33c59f63fa30b4f777b00eef761214330c69e8b5fb33cc8ff36a1889e3125,9cfa32ccdcc444d67cf8b26508cd1c70ab30c71c,True,True,2026-06-02T01:10:27Z
M1-MVTEC-SUPERVISED-PAIRED_early_fusion_mlp_test_seed52_d9dca7eb,M1-MVTEC-SUPERVISED-PAIRED,MVTec 3D-AD,PatchCore supervised-paired,52,early_fusion_mlp,test,elara_master_c/predictions/development/M1-MVTEC-SUPERVISED-PAIRED__MVTec_3D-AD__PatchCore_supervised-paired/early_fusion_mlp/test/seed_52__rerun_1.parquet,278,d9dca7ebc7b01160f691144d92f5c9cad425a70d93e2d5440a2625f4a93ea619,12f33c59f63fa30b4f777b00eef761214330c69e8b5fb33cc8ff36a1889e3125,9cfa32ccdcc444d67cf8b26508cd1c70ab30c71c,True,True,2026-06-02T01:10:27Z
M1-MVTEC-SUPERVISED-PAIRED_late_fusion_ensemble_test_seed52_21b8962e,M1-MVTEC-SUPERVISED-PAIRED,MVTec 3D-AD,PatchCore supervised-paired,52,late_fusion_ensemble,test,elara_master_c/predictions/development/M1-MVTEC-SUPERVISED-PAIRED__MVTec_3D-AD__PatchCore_supervised-paired/late_fusion_ensemble/test/seed_52__rerun_1.parquet,278,21b8962e88227e388bb052a1a72b2e2eede548160619aba0543243c03c464789,12f33c59f63fa30b4f777b00eef761214330c69e8b5fb33cc8ff36a1889e3125,9cfa32ccdcc444d67cf8b26508cd1c70ab30c71c,True,True,2026-06-02T01:10:27Z
M1-MVTEC-SUPERVISED-PAIRED_random_forest_test_seed52_3c95403b,M1-MVTEC-SUPERVISED-PAIRED,MVTec 3D-AD,PatchCore supervised-paired,52,random_forest,test,elara_master_c/predictions/development/M1-MVTEC-SUPERVISED-PAIRED__MVTec_3D-AD__PatchCore_supervised-paired/random_forest/test/seed_52__rerun_1.parquet,278,3c95403bd790f1a0a41863fb60119306afbbecb65636645e571bfe57f212a157,12f33c59f63fa30b4f777b00eef761214330c69e8b5fb33cc8ff36a1889e3125,9cfa32ccdcc444d67cf8b26508cd1c70ab30c71c,True,True,2026-06-02T01:10:27Z
M1-MVTEC-SUPERVISED-PAIRED_confidence_weighted_mean_test_seed52_50497e52,M1-MVTEC-SUPERVISED-PAIRED,MVTec 3D-AD,PatchCore supervised-paired,52,confidence_weighted_mean,test,elara_master_c/predictions/development/M1-MVTEC-SUPERVISED-PAIRED__MVTec_3D-AD__PatchCore_supervised-paired/confidence_weighted_mean/test/seed_52__rerun_1.parquet,278,50497e524f60269d627cd9de6fa09c2ed4d0b7fead7134331a55127f52570385,12f33c59f63fa30b4f777b00eef761214330c69e8b5fb33cc8ff36a1889e3125,9cfa32ccdcc444d67cf8b26508cd1c70ab30c71c,True,True,2026-06-02T01:10:27Z
M1-MVTEC-SUPERVISED-PAIRED_tent_score_adapter_test_seed52_b7cdc1c3,M1-MVTEC-SUPERVISED-PAIRED,MVTec 3D-AD,PatchCore supervised-paired,52,tent_score_adapter,test,elara_master_c/predictions/development/M1-MVTEC-SUPERVISED-PAIRED__MVTec_3D-AD__PatchCore_supervised-paired/tent_score_adapter/test/seed_52__rerun_1.parquet,278,b7cdc1c358282f23cfb7454d5e94847ce2a61a963cd97533763773c87f7d6ce6,12f33c59f63fa30b4f777b00eef761214330c69e8b5fb33cc8ff36a1889e3125,9cfa32ccdcc444d67cf8b26508cd1c70ab30c71c,True,True,2026-06-02T01:10:27Z
M1-MVTEC-SUPERVISED-PAIRED_ttt_pseudo_label_adapter_test_seed52_521a2d04,M1-MVTEC-SUPERVISED-PAIRED,MVTec 3D-AD,PatchCore supervised-paired,52,ttt_pseudo_label_adapter,test,elara_master_c/predictions/development/M1-MVTEC-SUPERVISED-PAIRED__MVTec_3D-AD__PatchCore_supervised-paired/ttt_pseudo_label_adapter/test/seed_52__rerun_1.parquet,278,521a2d04468ae5835985faa306b6989dcdd38356de3bfa9fa901731811b17882,12f33c59f63fa30b4f777b00eef761214330c69e8b5fb33cc8ff36a1889e3125,9cfa32ccdcc444d67cf8b26508cd1c70ab30c71c,True,True,2026-06-02T01:10:27Z
M1-MVTEC-SUPERVISED-PAIRED_eata_score_adapter_test_seed52_aa1a7a2b,M1-MVTEC-SUPERVISED-PAIRED,MVTec 3D-AD,PatchCore supervised-paired,52,eata_score_adapter,test,elara_master_c/predictions/development/M1-MVTEC-SUPERVISED-PAIRED__MVTec_3D-AD__PatchCore_supervised-paired/eata_score_adapter/test/seed_52__rerun_1.parquet,278,aa1a7a2b6d2544c13e206c5d56e7526d782d0d41ce693509ea42040565f8afaa,12f33c59f63fa30b4f777b00eef761214330c69e8b5fb33cc8ff36a1889e3125,9cfa32ccdcc444d67cf8b26508cd1c70ab30c71c,True,True,2026-06-02T01:10:27Z
M1-MVTEC-SUPERVISED-PAIRED_sar_score_adapter_test_seed52_0c13d892,M1-MVTEC-SUPERVISED-PAIRED,MVTec 3D-AD,PatchCore supervised-paired,52,sar_score_adapter,test,elara_master_c/predictions/development/M1-MVTEC-SUPERVISED-PAIRED__MVTec_3D-AD__PatchCore_supervised-paired/sar_score_adapter/test/seed_52__rerun_1.parquet,278,0c13d89296ffe0486bb61151142fc77806f4d84093b29ae73472757569ea001f,12f33c59f63fa30b4f777b00eef761214330c69e8b5fb33cc8ff36a1889e3125,9cfa32ccdcc444d67cf8b26508cd1c70ab30c71c,True,True,2026-06-02T01:10:27Z
M1-MVTEC-SUPERVISED-PAIRED_static_attention_test_seed53_0d926524,M1-MVTEC-SUPERVISED-PAIRED,MVTec 3D-AD,PatchCore supervised-paired,53,static_attention,test,elara_master_c/predictions/development/M1-MVTEC-SUPERVISED-PAIRED__MVTec_3D-AD__PatchCore_supervised-paired/static_attention/test/seed_53__rerun_1.parquet,278,0d9265242511f9d5493a65d4fc151fd5b89607d27882f875c41db5d03fdfa02b,12f33c59f63fa30b4f777b00eef761214330c69e8b5fb33cc8ff36a1889e3125,9cfa32ccdcc444d67cf8b26508cd1c70ab30c71c,True,True,2026-06-02T01:10:44Z
M1-MVTEC-SUPERVISED-PAIRED_craf_attention_test_seed53_0aebca61,M1-MVTEC-SUPERVISED-PAIRED,MVTec 3D-AD,PatchCore supervised-paired,53,craf_attention,test,elara_master_c/predictions/development/M1-MVTEC-SUPERVISED-PAIRED__MVTec_3D-AD__PatchCore_supervised-paired/craf_attention/test/seed_53__rerun_1.parquet,278,0aebca61ef517eabf7cb44e36012899e9c892baa75ce5e7c0e2ec00b00576294,12f33c59f63fa30b4f777b00eef761214330c69e8b5fb33cc8ff36a1889e3125,9cfa32ccdcc444d67cf8b26508cd1c70ab30c71c,True,True,2026-06-02T01:10:44Z
M1-MVTEC-SUPERVISED-PAIRED_rga_boosted_fusion_test_seed53_dd8312fd,M1-MVTEC-SUPERVISED-PAIRED,MVTec 3D-AD,PatchCore supervised-paired,53,rga_boosted_fusion,test,elara_master_c/predictions/development/M1-MVTEC-SUPERVISED-PAIRED__MVTec_3D-AD__PatchCore_supervised-paired/rga_boosted_fusion/test/seed_53__rerun_1.parquet,278,dd8312fdf60fb997993e5ac8007bc7e6adf94b8083b9ed93b2bac062a4e34f00,12f33c59f63fa30b4f777b00eef761214330c69e8b5fb33cc8ff36a1889e3125,9cfa32ccdcc444d67cf8b26508cd1c70ab30c71c,True,True,2026-06-02T01:10:44Z
M1-MVTEC-SUPERVISED-PAIRED_rga_meta_router_test_seed53_5fd6d633,M1-MVTEC-SUPERVISED-PAIRED,MVTec 3D-AD,PatchCore supervised-paired,53,rga_meta_router,test,elara_master_c/predictions/development/M1-MVTEC-SUPERVISED-PAIRED__MVTec_3D-AD__PatchCore_supervised-paired/rga_meta_router/test/seed_53__rerun_1.parquet,278,5fd6d633569499fb99eb116c94d50bcb842bd828a8e45acd6afa66c518ef0fa7,12f33c59f63fa30b4f777b00eef761214330c69e8b5fb33cc8ff36a1889e3125,9cfa32ccdcc444d67cf8b26508cd1c70ab30c71c,True,True,2026-06-02T01:10:44Z
M1-MVTEC-SUPERVISED-PAIRED_early_fusion_mlp_test_seed53_a0babd78,M1-MVTEC-SUPERVISED-PAIRED,MVTec 3D-AD,PatchCore supervised-paired,53,early_fusion_mlp,test,elara_master_c/predictions/development/M1-MVTEC-SUPERVISED-PAIRED__MVTec_3D-AD__PatchCore_supervised-paired/early_fusion_mlp/test/seed_53__rerun_1.parquet,278,a0babd783570611d714adc7a1c55b09dc709b2f5461b47cd783f54b01c304a9a,12f33c59f63fa30b4f777b00eef761214330c69e8b5fb33cc8ff36a1889e3125,9cfa32ccdcc444d67cf8b26508cd1c70ab30c71c,True,True,2026-06-02T01:10:44Z
M1-MVTEC-SUPERVISED-PAIRED_late_fusion_ensemble_test_seed53_10b00f37,M1-MVTEC-SUPERVISED-PAIRED,MVTec 3D-AD,PatchCore supervised-paired,53,late_fusion_ensemble,test,elara_master_c/predictions/development/M1-MVTEC-SUPERVISED-PAIRED__MVTec_3D-AD__PatchCore_supervised-paired/late_fusion_ensemble/test/seed_53__rerun_1.parquet,278,10b00f370b98096b509a1229bb9c76e93dcd14bc01ee2c2de2542cc967c01f1f,12f33c59f63fa30b4f777b00eef761214330c69e8b5fb33cc8ff36a1889e3125,9cfa32ccdcc444d67cf8b26508cd1c70ab30c71c,True,True,2026-06-02T01:10:44Z
M1-MVTEC-SUPERVISED-PAIRED_random_forest_test_seed53_cb9b1585,M1-MVTEC-SUPERVISED-PAIRED,MVTec 3D-AD,PatchCore supervised-paired,53,random_forest,test,elara_master_c/predictions/development/M1-MVTEC-SUPERVISED-PAIRED__MVTec_3D-AD__PatchCore_supervised-paired/random_forest/test/seed_53__rerun_1.parquet,278,cb9b1585abc0c2617cdf47e93db51ce5bd87a6aa449755944f2dfef0e31d99da,12f33c59f63fa30b4f777b00eef761214330c69e8b5fb33cc8ff36a1889e3125,9cfa32ccdcc444d67cf8b26508cd1c70ab30c71c,True,True,2026-06-02T01:10:44Z
M1-MVTEC-SUPERVISED-PAIRED_confidence_weighted_mean_test_seed53_a9047f7f,M1-MVTEC-SUPERVISED-PAIRED,MVTec 3D-AD,PatchCore supervised-paired,53,confidence_weighted_mean,test,elara_master_c/predictions/development/M1-MVTEC-SUPERVISED-PAIRED__MVTec_3D-AD__PatchCore_supervised-paired/confidence_weighted_mean/test/seed_53__rerun_1.parquet,278,a9047f7f80cf074c2cc810987fb8d16b77cd36c3e86732620ddf837a8eca1f72,12f33c59f63fa30b4f777b00eef761214330c69e8b5fb33cc8ff36a1889e3125,9cfa32ccdcc444d67cf8b26508cd1c70ab30c71c,True,True,2026-06-02T01:10:44Z
M1-MVTEC-SUPERVISED-PAIRED_tent_score_adapter_test_seed53_18c23c76,M1-MVTEC-SUPERVISED-PAIRED,MVTec 3D-AD,PatchCore supervised-paired,53,tent_score_adapter,test,elara_master_c/predictions/development/M1-MVTEC-SUPERVISED-PAIRED__MVTec_3D-AD__PatchCore_supervised-paired/tent_score_adapter/test/seed_53__rerun_1.parquet,278,18c23c7643d91c2cd21cb47edaa3dec4361379e9e16cb1c45fb7b254f8287fe8,12f33c59f63fa30b4f777b00eef761214330c69e8b5fb33cc8ff36a1889e3125,9cfa32ccdcc444d67cf8b26508cd1c70ab30c71c,True,True,2026-06-02T01:10:44Z
M1-MVTEC-SUPERVISED-PAIRED_ttt_pseudo_label_adapter_test_seed53_95afa199,M1-MVTEC-SUPERVISED-PAIRED,MVTec 3D-AD,PatchCore supervised-paired,53,ttt_pseudo_label_adapter,test,elara_master_c/predictions/development/M1-MVTEC-SUPERVISED-PAIRED__MVTec_3D-AD__PatchCore_supervised-paired/ttt_pseudo_label_adapter/test/seed_53__rerun_1.parquet,278,95afa19964f3d2b716fab0e98f0c44a3c650c75306b72051f9f0d0064e08cde5,12f33c59f63fa30b4f777b00eef761214330c69e8b5fb33cc8ff36a1889e3125,9cfa32ccdcc444d67cf8b26508cd1c70ab30c71c,True,True,2026-06-02T01:10:44Z
M1-MVTEC-SUPERVISED-PAIRED_eata_score_adapter_test_seed53_61ec0ec4,M1-MVTEC-SUPERVISED-PAIRED,MVTec 3D-AD,PatchCore supervised-paired,53,eata_score_adapter,test,elara_master_c/predictions/development/M1-MVTEC-SUPERVISED-PAIRED__MVTec_3D-AD__PatchCore_supervised-paired/eata_score_adapter/test/seed_53__rerun_1.parquet,278,61ec0ec412db9d1a96714d73cbac9b62c6fc946691a937868878603ee42e96c4,12f33c59f63fa30b4f777b00eef761214330c69e8b5fb33cc8ff36a1889e3125,9cfa32ccdcc444d67cf8b26508cd1c70ab30c71c,True,True,2026-06-02T01:10:44Z
M1-MVTEC-SUPERVISED-PAIRED_sar_score_adapter_test_seed53_ddef6779,M1-MVTEC-SUPERVISED-PAIRED,MVTec 3D-AD,PatchCore supervised-paired,53,sar_score_adapter,test,elara_master_c/predictions/development/M1-MVTEC-SUPERVISED-PAIRED__MVTec_3D-AD__PatchCore_supervised-paired/sar_score_adapter/test/seed_53__rerun_1.parquet,278,ddef67793563509a1289baf78a57ce73b36168b551b956f7de85fc26d1220c91,12f33c59f63fa30b4f777b00eef761214330c69e8b5fb33cc8ff36a1889e3125,9cfa32ccdcc444d67cf8b26508cd1c70ab30c71c,True,True,2026-06-02T01:10:44Z
M1-MVTEC-SUPERVISED-PAIRED_static_attention_test_seed54_bab015cd,M1-MVTEC-SUPERVISED-PAIRED,MVTec 3D-AD,PatchCore supervised-paired,54,static_attention,test,elara_master_c/predictions/development/M1-MVTEC-SUPERVISED-PAIRED__MVTec_3D-AD__PatchCore_supervised-paired/static_attention/test/seed_54__rerun_1.parquet,278,bab015cda9adcb0dba27bf2b99effe4f1edd9fabe4af0f865f6eecf10dad9a04,12f33c59f63fa30b4f777b00eef761214330c69e8b5fb33cc8ff36a1889e3125,9cfa32ccdcc444d67cf8b26508cd1c70ab30c71c,True,True,2026-06-02T01:11:00Z
M1-MVTEC-SUPERVISED-PAIRED_craf_attention_test_seed54_803315df,M1-MVTEC-SUPERVISED-PAIRED,MVTec 3D-AD,PatchCore supervised-paired,54,craf_attention,test,elara_master_c/predictions/development/M1-MVTEC-SUPERVISED-PAIRED__MVTec_3D-AD__PatchCore_supervised-paired/craf_attention/test/seed_54__rerun_1.parquet,278,803315df94764897b6df16364b33b765002c880168a6fc6357c00129bd1afe3e,12f33c59f63fa30b4f777b00eef761214330c69e8b5fb33cc8ff36a1889e3125,9cfa32ccdcc444d67cf8b26508cd1c70ab30c71c,True,True,2026-06-02T01:11:00Z
M1-MVTEC-SUPERVISED-PAIRED_rga_boosted_fusion_test_seed54_1d29fdb3,M1-MVTEC-SUPERVISED-PAIRED,MVTec 3D-AD,PatchCore supervised-paired,54,rga_boosted_fusion,test,elara_master_c/predictions/development/M1-MVTEC-SUPERVISED-PAIRED__MVTec_3D-AD__PatchCore_supervised-paired/rga_boosted_fusion/test/seed_54__rerun_1.parquet,278,1d29fdb33842fb6324b7258114e9269cf2099fdf5c63365c4168a08d5c70e32d,12f33c59f63fa30b4f777b00eef761214330c69e8b5fb33cc8ff36a1889e3125,9cfa32ccdcc444d67cf8b26508cd1c70ab30c71c,True,True,2026-06-02T01:11:00Z
M1-MVTEC-SUPERVISED-PAIRED_rga_meta_router_test_seed54_1b41ee38,M1-MVTEC-SUPERVISED-PAIRED,MVTec 3D-AD,PatchCore supervised-paired,54,rga_meta_router,test,elara_master_c/predictions/development/M1-MVTEC-SUPERVISED-PAIRED__MVTec_3D-AD__PatchCore_supervised-paired/rga_meta_router/test/seed_54__rerun_1.parquet,278,1b41ee38a2bbb18a635fef24b10b758376c6493c56e1a18818ab7aa8e9c3b736,12f33c59f63fa30b4f777b00eef761214330c69e8b5fb33cc8ff36a1889e3125,9cfa32ccdcc444d67cf8b26508cd1c70ab30c71c,True,True,2026-06-02T01:11:01Z
M1-MVTEC-SUPERVISED-PAIRED_early_fusion_mlp_test_seed54_a2bf32ac,M1-MVTEC-SUPERVISED-PAIRED,MVTec 3D-AD,PatchCore supervised-paired,54,early_fusion_mlp,test,elara_master_c/predictions/development/M1-MVTEC-SUPERVISED-PAIRED__MVTec_3D-AD__PatchCore_supervised-paired/early_fusion_mlp/test/seed_54__rerun_1.parquet,278,a2bf32ac69ac4f38c2ede14ad45de93c5c1fb49463396dd8cc3fd16ca572a97a,12f33c59f63fa30b4f777b00eef761214330c69e8b5fb33cc8ff36a1889e3125,9cfa32ccdcc444d67cf8b26508cd1c70ab30c71c,True,True,2026-06-02T01:11:01Z
M1-MVTEC-SUPERVISED-PAIRED_late_fusion_ensemble_test_seed54_0f51bfc4,M1-MVTEC-SUPERVISED-PAIRED,MVTec 3D-AD,PatchCore supervised-paired,54,late_fusion_ensemble,test,elara_master_c/predictions/development/M1-MVTEC-SUPERVISED-PAIRED__MVTec_3D-AD__PatchCore_supervised-paired/late_fusion_ensemble/test/seed_54__rerun_1.parquet,278,0f51bfc444df6503e8c959776a4677f65384e0a7d576c5fb17bc460e36257424,12f33c59f63fa30b4f777b00eef761214330c69e8b5fb33cc8ff36a1889e3125,9cfa32ccdcc444d67cf8b26508cd1c70ab30c71c,True,True,2026-06-02T01:11:01Z
M1-MVTEC-SUPERVISED-PAIRED_random_forest_test_seed54_aeb23661,M1-MVTEC-SUPERVISED-PAIRED,MVTec 3D-AD,PatchCore supervised-paired,54,random_forest,test,elara_master_c/predictions/development/M1-MVTEC-SUPERVISED-PAIRED__MVTec_3D-AD__PatchCore_supervised-paired/random_forest/test/seed_54__rerun_1.parquet,278,aeb23661bf6a4d25f07c569c519253c2dcf574f6396ee07f830d25a8a1e239a0,12f33c59f63fa30b4f777b00eef761214330c69e8b5fb33cc8ff36a1889e3125,9cfa32ccdcc444d67cf8b26508cd1c70ab30c71c,True,True,2026-06-02T01:11:01Z
M1-MVTEC-SUPERVISED-PAIRED_confidence_weighted_mean_test_seed54_27aebfe1,M1-MVTEC-SUPERVISED-PAIRED,MVTec 3D-AD,PatchCore supervised-paired,54,confidence_weighted_mean,test,elara_master_c/predictions/development/M1-MVTEC-SUPERVISED-PAIRED__MVTec_3D-AD__PatchCore_supervised-paired/confidence_weighted_mean/test/seed_54__rerun_1.parquet,278,27aebfe1737d1709fde4ce361f41e5b018fec81cefab2cc5b45f39e33788b5c5,12f33c59f63fa30b4f777b00eef761214330c69e8b5fb33cc8ff36a1889e3125,9cfa32ccdcc444d67cf8b26508cd1c70ab30c71c,True,True,2026-06-02T01:11:01Z
M1-MVTEC-SUPERVISED-PAIRED_tent_score_adapter_test_seed54_702f18e6,M1-MVTEC-SUPERVISED-PAIRED,MVTec 3D-AD,PatchCore supervised-paired,54,tent_score_adapter,test,elara_master_c/predictions/development/M1-MVTEC-SUPERVISED-PAIRED__MVTec_3D-AD__PatchCore_supervised-paired/tent_score_adapter/test/seed_54__rerun_1.parquet,278,702f18e6f5b559d346adc4ab0213e4bebce1b5142298f0836e288556b8a883ea,12f33c59f63fa30b4f777b00eef761214330c69e8b5fb33cc8ff36a1889e3125,9cfa32ccdcc444d67cf8b26508cd1c70ab30c71c,True,True,2026-06-02T01:11:01Z
M1-MVTEC-SUPERVISED-PAIRED_ttt_pseudo_label_adapter_test_seed54_d4a1dfe8,M1-MVTEC-SUPERVISED-PAIRED,MVTec 3D-AD,PatchCore supervised-paired,54,ttt_pseudo_label_adapter,test,elara_master_c/predictions/development/M1-MVTEC-SUPERVISED-PAIRED__MVTec_3D-AD__PatchCore_supervised-paired/ttt_pseudo_label_adapter/test/seed_54__rerun_1.parquet,278,d4a1dfe8dcf5aabaadf7de4f3471999ed6a43a883c4c05317a8aca4a64d865a6,12f33c59f63fa30b4f777b00eef761214330c69e8b5fb33cc8ff36a1889e3125,9cfa32ccdcc444d67cf8b26508cd1c70ab30c71c,True,True,2026-06-02T01:11:01Z
M1-MVTEC-SUPERVISED-PAIRED_eata_score_adapter_test_seed54_1a7d4094,M1-MVTEC-SUPERVISED-PAIRED,MVTec 3D-AD,PatchCore supervised-paired,54,eata_score_adapter,test,elara_master_c/predictions/development/M1-MVTEC-SUPERVISED-PAIRED__MVTec_3D-AD__PatchCore_supervised-paired/eata_score_adapter/test/seed_54__rerun_1.parquet,278,1a7d40946cb02d2c3283db0377dc565c960a1c9dd5e82473f1d7a93c963e3de6,12f33c59f63fa30b4f777b00eef761214330c69e8b5fb33cc8ff36a1889e3125,9cfa32ccdcc444d67cf8b26508cd1c70ab30c71c,True,True,2026-06-02T01:11:01Z
M1-MVTEC-SUPERVISED-PAIRED_sar_score_adapter_test_seed54_a400e8b2,M1-MVTEC-SUPERVISED-PAIRED,MVTec 3D-AD,PatchCore supervised-paired,54,sar_score_adapter,test,elara_master_c/predictions/development/M1-MVTEC-SUPERVISED-PAIRED__MVTec_3D-AD__PatchCore_supervised-paired/sar_score_adapter/test/seed_54__rerun_1.parquet,278,a400e8b29ac2c432512ec629514fd61021279da3a27c3d7dce174799890fd405,12f33c59f63fa30b4f777b00eef761214330c69e8b5fb33cc8ff36a1889e3125,9cfa32ccdcc444d67cf8b26508cd1c70ab30c71c,True,True,2026-06-02T01:11:01Z
M1-MVTEC-SUPERVISED-PAIRED_static_attention_test_seed55_6eab2e19,M1-MVTEC-SUPERVISED-PAIRED,MVTec 3D-AD,PatchCore supervised-paired,55,static_attention,test,elara_master_c/predictions/development/M1-MVTEC-SUPERVISED-PAIRED__MVTec_3D-AD__PatchCore_supervised-paired/static_attention/test/seed_55__rerun_1.parquet,278,6eab2e19f20c65f4de90a1409dbfa43ff82370680df24dff9bc699625547633f,12f33c59f63fa30b4f777b00eef761214330c69e8b5fb33cc8ff36a1889e3125,9cfa32ccdcc444d67cf8b26508cd1c70ab30c71c,True,True,2026-06-02T01:11:18Z
M1-MVTEC-SUPERVISED-PAIRED_craf_attention_test_seed55_1bde9521,M1-MVTEC-SUPERVISED-PAIRED,MVTec 3D-AD,PatchCore supervised-paired,55,craf_attention,test,elara_master_c/predictions/development/M1-MVTEC-SUPERVISED-PAIRED__MVTec_3D-AD__PatchCore_supervised-paired/craf_attention/test/seed_55__rerun_1.parquet,278,1bde95215367fbf955e97d3419a63c81c743755c39888df7b5e072b21b402702,12f33c59f63fa30b4f777b00eef761214330c69e8b5fb33cc8ff36a1889e3125,9cfa32ccdcc444d67cf8b26508cd1c70ab30c71c,True,True,2026-06-02T01:11:18Z
M1-MVTEC-SUPERVISED-PAIRED_rga_boosted_fusion_test_seed55_33d04b07,M1-MVTEC-SUPERVISED-PAIRED,MVTec 3D-AD,PatchCore supervised-paired,55,rga_boosted_fusion,test,elara_master_c/predictions/development/M1-MVTEC-SUPERVISED-PAIRED__MVTec_3D-AD__PatchCore_supervised-paired/rga_boosted_fusion/test/seed_55__rerun_1.parquet,278,33d04b072577549a62acf6e0c764411eba9a6f0420baf25f7140cfd89aec5111,12f33c59f63fa30b4f777b00eef761214330c69e8b5fb33cc8ff36a1889e3125,9cfa32ccdcc444d67cf8b26508cd1c70ab30c71c,True,True,2026-06-02T01:11:18Z
M1-MVTEC-SUPERVISED-PAIRED_rga_meta_router_test_seed55_4c6faa15,M1-MVTEC-SUPERVISED-PAIRED,MVTec 3D-AD,PatchCore supervised-paired,55,rga_meta_router,test,elara_master_c/predictions/development/M1-MVTEC-SUPERVISED-PAIRED__MVTec_3D-AD__PatchCore_supervised-paired/rga_meta_router/test/seed_55__rerun_1.parquet,278,4c6faa15a222236221660c92394e9f84dacc5d637c64d026d662a0b92312280c,12f33c59f63fa30b4f777b00eef761214330c69e8b5fb33cc8ff36a1889e3125,9cfa32ccdcc444d67cf8b26508cd1c70ab30c71c,True,True,2026-06-02T01:11:18Z
M1-MVTEC-SUPERVISED-PAIRED_early_fusion_mlp_test_seed55_51a89c5b,M1-MVTEC-SUPERVISED-PAIRED,MVTec 3D-AD,PatchCore supervised-paired,55,early_fusion_mlp,test,elara_master_c/predictions/development/M1-MVTEC-SUPERVISED-PAIRED__MVTec_3D-AD__PatchCore_supervised-paired/early_fusion_mlp/test/seed_55__rerun_1.parquet,278,51a89c5bf02984e08f4d5ff8eb707782bb01b542a39c59032535a3e25054d2a3,12f33c59f63fa30b4f777b00eef761214330c69e8b5fb33cc8ff36a1889e3125,9cfa32ccdcc444d67cf8b26508cd1c70ab30c71c,True,True,2026-06-02T01:11:18Z
M1-MVTEC-SUPERVISED-PAIRED_late_fusion_ensemble_test_seed55_509968db,M1-MVTEC-SUPERVISED-PAIRED,MVTec 3D-AD,PatchCore supervised-paired,55,late_fusion_ensemble,test,elara_master_c/predictions/development/M1-MVTEC-SUPERVISED-PAIRED__MVTec_3D-AD__PatchCore_supervised-paired/late_fusion_ensemble/test/seed_55__rerun_1.parquet,278,509968dbc8da4ee0b4c4c95db8eb6d8aa4f538cdc696f4d4f57323b817d17d4e,12f33c59f63fa30b4f777b00eef761214330c69e8b5fb33cc8ff36a1889e3125,9cfa32ccdcc444d67cf8b26508cd1c70ab30c71c,True,True,2026-06-02T01:11:18Z
M1-MVTEC-SUPERVISED-PAIRED_random_forest_test_seed55_83b4cbc6,M1-MVTEC-SUPERVISED-PAIRED,MVTec 3D-AD,PatchCore supervised-paired,55,random_forest,test,elara_master_c/predictions/development/M1-MVTEC-SUPERVISED-PAIRED__MVTec_3D-AD__PatchCore_supervised-paired/random_forest/test/seed_55__rerun_1.parquet,278,83b4cbc6fa7b4a5e4db3f0f01e0c3d29c370c5ef4f852df48b7d1a4e6cd3aef5,12f33c59f63fa30b4f777b00eef761214330c69e8b5fb33cc8ff36a1889e3125,9cfa32ccdcc444d67cf8b26508cd1c70ab30c71c,True,True,2026-06-02T01:11:18Z
M1-MVTEC-SUPERVISED-PAIRED_confidence_weighted_mean_test_seed55_7d5581f6,M1-MVTEC-SUPERVISED-PAIRED,MVTec 3D-AD,PatchCore supervised-paired,55,confidence_weighted_mean,test,elara_master_c/predictions/development/M1-MVTEC-SUPERVISED-PAIRED__MVTec_3D-AD__PatchCore_supervised-paired/confidence_weighted_mean/test/seed_55__rerun_1.parquet,278,7d5581f69932814b835787c973c3e2ca8b6889998d7184b2f807c837dc981ed4,12f33c59f63fa30b4f777b00eef761214330c69e8b5fb33cc8ff36a1889e3125,9cfa32ccdcc444d67cf8b26508cd1c70ab30c71c,True,True,2026-06-02T01:11:18Z
M1-MVTEC-SUPERVISED-PAIRED_tent_score_adapter_test_seed55_024789b3,M1-MVTEC-SUPERVISED-PAIRED,MVTec 3D-AD,PatchCore supervised-paired,55,tent_score_adapter,test,elara_master_c/predictions/development/M1-MVTEC-SUPERVISED-PAIRED__MVTec_3D-AD__PatchCore_supervised-paired/tent_score_adapter/test/seed_55__rerun_1.parquet,278,024789b3b6a1b4d4dd98852d22d915622929aa26bf4455c34e67c87b4f272864,12f33c59f63fa30b4f777b00eef761214330c69e8b5fb33cc8ff36a1889e3125,9cfa32ccdcc444d67cf8b26508cd1c70ab30c71c,True,True,2026-06-02T01:11:18Z
M1-MVTEC-SUPERVISED-PAIRED_ttt_pseudo_label_adapter_test_seed55_0327c6bd,M1-MVTEC-SUPERVISED-PAIRED,MVTec 3D-AD,PatchCore supervised-paired,55,ttt_pseudo_label_adapter,test,elara_master_c/predictions/development/M1-MVTEC-SUPERVISED-PAIRED__MVTec_3D-AD__PatchCore_supervised-paired/ttt_pseudo_label_adapter/test/seed_55__rerun_1.parquet,278,0327c6bdaa15475f81f106e0b25640b2f82a7d63ab41a140813720599058278d,12f33c59f63fa30b4f777b00eef761214330c69e8b5fb33cc8ff36a1889e3125,9cfa32ccdcc444d67cf8b26508cd1c70ab30c71c,True,True,2026-06-02T01:11:18Z
M1-MVTEC-SUPERVISED-PAIRED_eata_score_adapter_test_seed55_f0d8954f,M1-MVTEC-SUPERVISED-PAIRED,MVTec 3D-AD,PatchCore supervised-paired,55,eata_score_adapter,test,elara_master_c/predictions/development/M1-MVTEC-SUPERVISED-PAIRED__MVTec_3D-AD__PatchCore_supervised-paired/eata_score_adapter/test/seed_55__rerun_1.parquet,278,f0d8954fc45d3ab1d66db030f6a96432b516d7ff98015e171f9516ebadf15f2f,12f33c59f63fa30b4f777b00eef761214330c69e8b5fb33cc8ff36a1889e3125,9cfa32ccdcc444d67cf8b26508cd1c70ab30c71c,True,True,2026-06-02T01:11:18Z
M1-MVTEC-SUPERVISED-PAIRED_sar_score_adapter_test_seed55_ee4115b1,M1-MVTEC-SUPERVISED-PAIRED,MVTec 3D-AD,PatchCore supervised-paired,55,sar_score_adapter,test,elara_master_c/predictions/development/M1-MVTEC-SUPERVISED-PAIRED__MVTec_3D-AD__PatchCore_supervised-paired/sar_score_adapter/test/seed_55__rerun_1.parquet,278,ee4115b1388700a3d0fec2028de06b3362ef86d8a9caff43738177d7bc351dcc,12f33c59f63fa30b4f777b00eef761214330c69e8b5fb33cc8ff36a1889e3125,9cfa32ccdcc444d67cf8b26508cd1c70ab30c71c,True,True,2026-06-02T01:11:18Z
M1-MVTEC-SUPERVISED-PAIRED_static_attention_test_seed56_142aa588,M1-MVTEC-SUPERVISED-PAIRED,MVTec 3D-AD,PatchCore supervised-paired,56,static_attention,test,elara_master_c/predictions/development/M1-MVTEC-SUPERVISED-PAIRED__MVTec_3D-AD__PatchCore_supervised-paired/static_attention/test/seed_56__rerun_1.parquet,278,142aa58844dad72a4cb255ee4550be8b2517a53b5536ea224ee216e843d0faed,12f33c59f63fa30b4f777b00eef761214330c69e8b5fb33cc8ff36a1889e3125,9cfa32ccdcc444d67cf8b26508cd1c70ab30c71c,True,True,2026-06-02T01:11:35Z
M1-MVTEC-SUPERVISED-PAIRED_craf_attention_test_seed56_b8aee1fc,M1-MVTEC-SUPERVISED-PAIRED,MVTec 3D-AD,PatchCore supervised-paired,56,craf_attention,test,elara_master_c/predictions/development/M1-MVTEC-SUPERVISED-PAIRED__MVTec_3D-AD__PatchCore_supervised-paired/craf_attention/test/seed_56__rerun_1.parquet,278,b8aee1fcedbe0fff24b08a71ee87486438ced7e30390966a7d851fdf6b9ad8be,12f33c59f63fa30b4f777b00eef761214330c69e8b5fb33cc8ff36a1889e3125,9cfa32ccdcc444d67cf8b26508cd1c70ab30c71c,True,True,2026-06-02T01:11:35Z
M1-MVTEC-SUPERVISED-PAIRED_rga_boosted_fusion_test_seed56_ebbaf38f,M1-MVTEC-SUPERVISED-PAIRED,MVTec 3D-AD,PatchCore supervised-paired,56,rga_boosted_fusion,test,elara_master_c/predictions/development/M1-MVTEC-SUPERVISED-PAIRED__MVTec_3D-AD__PatchCore_supervised-paired/rga_boosted_fusion/test/seed_56__rerun_1.parquet,278,ebbaf38f965c52648d8a29c36c622a0d7f0136fbb98888c29e337a7234cdc7e0,12f33c59f63fa30b4f777b00eef761214330c69e8b5fb33cc8ff36a1889e3125,9cfa32ccdcc444d67cf8b26508cd1c70ab30c71c,True,True,2026-06-02T01:11:35Z
M1-MVTEC-SUPERVISED-PAIRED_rga_meta_router_test_seed56_c082e439,M1-MVTEC-SUPERVISED-PAIRED,MVTec 3D-AD,PatchCore supervised-paired,56,rga_meta_router,test,elara_master_c/predictions/development/M1-MVTEC-SUPERVISED-PAIRED__MVTec_3D-AD__PatchCore_supervised-paired/rga_meta_router/test/seed_56__rerun_1.parquet,278,c082e4395e1022995a06b0aca6f00d85b8c11764d1ca0b5cf6155b8cf00031ba,12f33c59f63fa30b4f777b00eef761214330c69e8b5fb33cc8ff36a1889e3125,9cfa32ccdcc444d67cf8b26508cd1c70ab30c71c,True,True,2026-06-02T01:11:35Z
M1-MVTEC-SUPERVISED-PAIRED_early_fusion_mlp_test_seed56_d91d9b11,M1-MVTEC-SUPERVISED-PAIRED,MVTec 3D-AD,PatchCore supervised-paired,56,early_fusion_mlp,test,elara_master_c/predictions/development/M1-MVTEC-SUPERVISED-PAIRED__MVTec_3D-AD__PatchCore_supervised-paired/early_fusion_mlp/test/seed_56__rerun_1.parquet,278,d91d9b117e54a872d72aec596d90ec26e5b0127fff7aaa420be53d2105ca0361,12f33c59f63fa30b4f777b00eef761214330c69e8b5fb33cc8ff36a1889e3125,9cfa32ccdcc444d67cf8b26508cd1c70ab30c71c,True,True,2026-06-02T01:11:35Z
M1-MVTEC-SUPERVISED-PAIRED_late_fusion_ensemble_test_seed56_33ada160,M1-MVTEC-SUPERVISED-PAIRED,MVTec 3D-AD,PatchCore supervised-paired,56,late_fusion_ensemble,test,elara_master_c/predictions/development/M1-MVTEC-SUPERVISED-PAIRED__MVTec_3D-AD__PatchCore_supervised-paired/late_fusion_ensemble/test/seed_56__rerun_1.parquet,278,33ada160ea9fafb8db1a0f7baead0c2927d34e8ad382bd6a1f43dc1d7229bba6,12f33c59f63fa30b4f777b00eef761214330c69e8b5fb33cc8ff36a1889e3125,9cfa32ccdcc444d67cf8b26508cd1c70ab30c71c,True,True,2026-06-02T01:11:35Z
M1-MVTEC-SUPERVISED-PAIRED_random_forest_test_seed56_70977fd3,M1-MVTEC-SUPERVISED-PAIRED,MVTec 3D-AD,PatchCore supervised-paired,56,random_forest,test,elara_master_c/predictions/development/M1-MVTEC-SUPERVISED-PAIRED__MVTec_3D-AD__PatchCore_supervised-paired/random_forest/test/seed_56__rerun_1.parquet,278,70977fd37c44efed727f712d825350b97f2cedaf172a2ee3df7e6b04d9cf26c8,12f33c59f63fa30b4f777b00eef761214330c69e8b5fb33cc8ff36a1889e3125,9cfa32ccdcc444d67cf8b26508cd1c70ab30c71c,True,True,2026-06-02T01:11:35Z
M1-MVTEC-SUPERVISED-PAIRED_confidence_weighted_mean_test_seed56_f91d2a16,M1-MVTEC-SUPERVISED-PAIRED,MVTec 3D-AD,PatchCore supervised-paired,56,confidence_weighted_mean,test,elara_master_c/predictions/development/M1-MVTEC-SUPERVISED-PAIRED__MVTec_3D-AD__PatchCore_supervised-paired/confidence_weighted_mean/test/seed_56__rerun_1.parquet,278,f91d2a161164ee8d5c6718d0b15e085b03e9d62458624883aa6d449193c84ad8,12f33c59f63fa30b4f777b00eef761214330c69e8b5fb33cc8ff36a1889e3125,9cfa32ccdcc444d67cf8b26508cd1c70ab30c71c,True,True,2026-06-02T01:11:35Z
M1-MVTEC-SUPERVISED-PAIRED_tent_score_adapter_test_seed56_cd62e0be,M1-MVTEC-SUPERVISED-PAIRED,MVTec 3D-AD,PatchCore supervised-paired,56,tent_score_adapter,test,elara_master_c/predictions/development/M1-MVTEC-SUPERVISED-PAIRED__MVTec_3D-AD__PatchCore_supervised-paired/tent_score_adapter/test/seed_56__rerun_1.parquet,278,cd62e0be06a6887246db0cf880c1a5ad2e38c3e9f49b3c9b0d6d488843bf127b,12f33c59f63fa30b4f777b00eef761214330c69e8b5fb33cc8ff36a1889e3125,9cfa32ccdcc444d67cf8b26508cd1c70ab30c71c,True,True,2026-06-02T01:11:35Z
M1-MVTEC-SUPERVISED-PAIRED_ttt_pseudo_label_adapter_test_seed56_462c185d,M1-MVTEC-SUPERVISED-PAIRED,MVTec 3D-AD,PatchCore supervised-paired,56,ttt_pseudo_label_adapter,test,elara_master_c/predictions/development/M1-MVTEC-SUPERVISED-PAIRED__MVTec_3D-AD__PatchCore_supervised-paired/ttt_pseudo_label_adapter/test/seed_56__rerun_1.parquet,278,462c185dd3ca9ff7b7168e0374a61a5540b7cf49e026b53654700e413dc2f87b,12f33c59f63fa30b4f777b00eef761214330c69e8b5fb33cc8ff36a1889e3125,9cfa32ccdcc444d67cf8b26508cd1c70ab30c71c,True,True,2026-06-02T01:11:35Z
M1-MVTEC-SUPERVISED-PAIRED_eata_score_adapter_test_seed56_ea9add48,M1-MVTEC-SUPERVISED-PAIRED,MVTec 3D-AD,PatchCore supervised-paired,56,eata_score_adapter,test,elara_master_c/predictions/development/M1-MVTEC-SUPERVISED-PAIRED__MVTec_3D-AD__PatchCore_supervised-paired/eata_score_adapter/test/seed_56__rerun_1.parquet,278,ea9add485ba10049fb733a73374867f90454d556897e7296b798f30816317252,12f33c59f63fa30b4f777b00eef761214330c69e8b5fb33cc8ff36a1889e3125,9cfa32ccdcc444d67cf8b26508cd1c70ab30c71c,True,True,2026-06-02T01:11:35Z
M1-MVTEC-SUPERVISED-PAIRED_sar_score_adapter_test_seed56_4ac6d3ce,M1-MVTEC-SUPERVISED-PAIRED,MVTec 3D-AD,PatchCore supervised-paired,56,sar_score_adapter,test,elara_master_c/predictions/development/M1-MVTEC-SUPERVISED-PAIRED__MVTec_3D-AD__PatchCore_supervised-paired/sar_score_adapter/test/seed_56__rerun_1.parquet,278,4ac6d3cec6070ab1a2d3d523429a888e7b4103e8be3126e5c87a9bb16b4063f0,12f33c59f63fa30b4f777b00eef761214330c69e8b5fb33cc8ff36a1889e3125,9cfa32ccdcc444d67cf8b26508cd1c70ab30c71c,True,True,2026-06-02T01:11:35Z
M1-MVTEC-SUPERVISED-PAIRED_static_attention_test_seed57_85451d4d,M1-MVTEC-SUPERVISED-PAIRED,MVTec 3D-AD,PatchCore supervised-paired,57,static_attention,test,elara_master_c/predictions/development/M1-MVTEC-SUPERVISED-PAIRED__MVTec_3D-AD__PatchCore_supervised-paired/static_attention/test/seed_57__rerun_1.parquet,278,85451d4db781b24c9ccf31c3d3994afba66cfb796074407cea671b2f6492f748,12f33c59f63fa30b4f777b00eef761214330c69e8b5fb33cc8ff36a1889e3125,9cfa32ccdcc444d67cf8b26508cd1c70ab30c71c,True,True,2026-06-02T01:11:51Z
M1-MVTEC-SUPERVISED-PAIRED_craf_attention_test_seed57_9a3aa0d4,M1-MVTEC-SUPERVISED-PAIRED,MVTec 3D-AD,PatchCore supervised-paired,57,craf_attention,test,elara_master_c/predictions/development/M1-MVTEC-SUPERVISED-PAIRED__MVTec_3D-AD__PatchCore_supervised-paired/craf_attention/test/seed_57__rerun_1.parquet,278,9a3aa0d4c1394c7ffcd23307724fbeca2ba24f37f365470bb7c23c85d5ba79bb,12f33c59f63fa30b4f777b00eef761214330c69e8b5fb33cc8ff36a1889e3125,9cfa32ccdcc444d67cf8b26508cd1c70ab30c71c,True,True,2026-06-02T01:11:52Z
M1-MVTEC-SUPERVISED-PAIRED_rga_boosted_fusion_test_seed57_967b47a4,M1-MVTEC-SUPERVISED-PAIRED,MVTec 3D-AD,PatchCore supervised-paired,57,rga_boosted_fusion,test,elara_master_c/predictions/development/M1-MVTEC-SUPERVISED-PAIRED__MVTec_3D-AD__PatchCore_supervised-paired/rga_boosted_fusion/test/seed_57__rerun_1.parquet,278,967b47a44e26953a3438f4b82990d22f6d0bd29a8f28c9d0a02e574af7a891dc,12f33c59f63fa30b4f777b00eef761214330c69e8b5fb33cc8ff36a1889e3125,9cfa32ccdcc444d67cf8b26508cd1c70ab30c71c,True,True,2026-06-02T01:11:52Z
M1-MVTEC-SUPERVISED-PAIRED_rga_meta_router_test_seed57_f35c4de9,M1-MVTEC-SUPERVISED-PAIRED,MVTec 3D-AD,PatchCore supervised-paired,57,rga_meta_router,test,elara_master_c/predictions/development/M1-MVTEC-SUPERVISED-PAIRED__MVTec_3D-AD__PatchCore_supervised-paired/rga_meta_router/test/seed_57__rerun_1.parquet,278,f35c4de961eceb537cee1ebe84645fe7f18dee455168753ecb54229cb61b8c49,12f33c59f63fa30b4f777b00eef761214330c69e8b5fb33cc8ff36a1889e3125,9cfa32ccdcc444d67cf8b26508cd1c70ab30c71c,True,True,2026-06-02T01:11:52Z
M1-MVTEC-SUPERVISED-PAIRED_early_fusion_mlp_test_seed57_be0cd714,M1-MVTEC-SUPERVISED-PAIRED,MVTec 3D-AD,PatchCore supervised-paired,57,early_fusion_mlp,test,elara_master_c/predictions/development/M1-MVTEC-SUPERVISED-PAIRED__MVTec_3D-AD__PatchCore_supervised-paired/early_fusion_mlp/test/seed_57__rerun_1.parquet,278,be0cd7143f9ad49c16c8f2b8e6080cb6cae963df51cedb40ca6a5b944e936de9,12f33c59f63fa30b4f777b00eef761214330c69e8b5fb33cc8ff36a1889e3125,9cfa32ccdcc444d67cf8b26508cd1c70ab30c71c,True,True,2026-06-02T01:11:52Z
M1-MVTEC-SUPERVISED-PAIRED_late_fusion_ensemble_test_seed57_63b5cc9b,M1-MVTEC-SUPERVISED-PAIRED,MVTec 3D-AD,PatchCore supervised-paired,57,late_fusion_ensemble,test,elara_master_c/predictions/development/M1-MVTEC-SUPERVISED-PAIRED__MVTec_3D-AD__PatchCore_supervised-paired/late_fusion_ensemble/test/seed_57__rerun_1.parquet,278,63b5cc9bfedb849b34ff6d610116b912b31920bda3189cc6b54dba63b483d5b3,12f33c59f63fa30b4f777b00eef761214330c69e8b5fb33cc8ff36a1889e3125,9cfa32ccdcc444d67cf8b26508cd1c70ab30c71c,True,True,2026-06-02T01:11:52Z
M1-MVTEC-SUPERVISED-PAIRED_random_forest_test_seed57_5275f082,M1-MVTEC-SUPERVISED-PAIRED,MVTec 3D-AD,PatchCore supervised-paired,57,random_forest,test,elara_master_c/predictions/development/M1-MVTEC-SUPERVISED-PAIRED__MVTec_3D-AD__PatchCore_supervised-paired/random_forest/test/seed_57__rerun_1.parquet,278,5275f0824397a41e81ae9b10c64300186a5b7b1c5a6a6ce2fe03ed44d34c5fd5,12f33c59f63fa30b4f777b00eef761214330c69e8b5fb33cc8ff36a1889e3125,9cfa32ccdcc444d67cf8b26508cd1c70ab30c71c,True,True,2026-06-02T01:11:52Z
M1-MVTEC-SUPERVISED-PAIRED_confidence_weighted_mean_test_seed57_5930155c,M1-MVTEC-SUPERVISED-PAIRED,MVTec 3D-AD,PatchCore supervised-paired,57,confidence_weighted_mean,test,elara_master_c/predictions/development/M1-MVTEC-SUPERVISED-PAIRED__MVTec_3D-AD__PatchCore_supervised-paired/confidence_weighted_mean/test/seed_57__rerun_1.parquet,278,5930155c677cb1eddf4a40b352a8437c983f59729bf8c904b34ad6c1529a30dc,12f33c59f63fa30b4f777b00eef761214330c69e8b5fb33cc8ff36a1889e3125,9cfa32ccdcc444d67cf8b26508cd1c70ab30c71c,True,True,2026-06-02T01:11:52Z
M1-MVTEC-SUPERVISED-PAIRED_tent_score_adapter_test_seed57_24f0b5e2,M1-MVTEC-SUPERVISED-PAIRED,MVTec 3D-AD,PatchCore supervised-paired,57,tent_score_adapter,test,elara_master_c/predictions/development/M1-MVTEC-SUPERVISED-PAIRED__MVTec_3D-AD__PatchCore_supervised-paired/tent_score_adapter/test/seed_57__rerun_1.parquet,278,24f0b5e298698cf3b2ee9c2a3115adc91666072ca100a6c32293a50a9902e284,12f33c59f63fa30b4f777b00eef761214330c69e8b5fb33cc8ff36a1889e3125,9cfa32ccdcc444d67cf8b26508cd1c70ab30c71c,True,True,2026-06-02T01:11:52Z
M1-MVTEC-SUPERVISED-PAIRED_ttt_pseudo_label_adapter_test_seed57_899bb129,M1-MVTEC-SUPERVISED-PAIRED,MVTec 3D-AD,PatchCore supervised-paired,57,ttt_pseudo_label_adapter,test,elara_master_c/predictions/development/M1-MVTEC-SUPERVISED-PAIRED__MVTec_3D-AD__PatchCore_supervised-paired/ttt_pseudo_label_adapter/test/seed_57__rerun_1.parquet,278,899bb129c05ff7650ea6768235fb1f96360306c5ccbd735644851197a125aa15,12f33c59f63fa30b4f777b00eef761214330c69e8b5fb33cc8ff36a1889e3125,9cfa32ccdcc444d67cf8b26508cd1c70ab30c71c,True,True,2026-06-02T01:11:52Z
M1-MVTEC-SUPERVISED-PAIRED_eata_score_adapter_test_seed57_a9a801d7,M1-MVTEC-SUPERVISED-PAIRED,MVTec 3D-AD,PatchCore supervised-paired,57,eata_score_adapter,test,elara_master_c/predictions/development/M1-MVTEC-SUPERVISED-PAIRED__MVTec_3D-AD__PatchCore_supervised-paired/eata_score_adapter/test/seed_57__rerun_1.parquet,278,a9a801d76d771a20910a1cb6aa67e7b3bb667a25d8cd3f453c930216d84e8c16,12f33c59f63fa30b4f777b00eef761214330c69e8b5fb33cc8ff36a1889e3125,9cfa32ccdcc444d67cf8b26508cd1c70ab30c71c,True,True,2026-06-02T01:11:52Z
M1-MVTEC-SUPERVISED-PAIRED_sar_score_adapter_test_seed57_be70232d,M1-MVTEC-SUPERVISED-PAIRED,MVTec 3D-AD,PatchCore supervised-paired,57,sar_score_adapter,test,elara_master_c/predictions/development/M1-MVTEC-SUPERVISED-PAIRED__MVTec_3D-AD__PatchCore_supervised-paired/sar_score_adapter/test/seed_57__rerun_1.parquet,278,be70232d4191c16f88ad633be15646b752ade5eef5ffe67af99274bfa62780fd,12f33c59f63fa30b4f777b00eef761214330c69e8b5fb33cc8ff36a1889e3125,9cfa32ccdcc444d67cf8b26508cd1c70ab30c71c,True,True,2026-06-02T01:11:52Z
M1-MVTEC-SUPERVISED-PAIRED_static_attention_test_seed58_9264e0f4,M1-MVTEC-SUPERVISED-PAIRED,MVTec 3D-AD,PatchCore supervised-paired,58,static_attention,test,elara_master_c/predictions/development/M1-MVTEC-SUPERVISED-PAIRED__MVTec_3D-AD__PatchCore_supervised-paired/static_attention/test/seed_58__rerun_1.parquet,278,9264e0f478375f971e29387aef0f9d2a4dfb7669b4ec8dcb1fce7896fbea4e64,12f33c59f63fa30b4f777b00eef761214330c69e8b5fb33cc8ff36a1889e3125,9cfa32ccdcc444d67cf8b26508cd1c70ab30c71c,True,True,2026-06-02T01:12:09Z
M1-MVTEC-SUPERVISED-PAIRED_craf_attention_test_seed58_d398dbe0,M1-MVTEC-SUPERVISED-PAIRED,MVTec 3D-AD,PatchCore supervised-paired,58,craf_attention,test,elara_master_c/predictions/development/M1-MVTEC-SUPERVISED-PAIRED__MVTec_3D-AD__PatchCore_supervised-paired/craf_attention/test/seed_58__rerun_1.parquet,278,d398dbe0027448b40bed847477db0fe946d161cf31c9bdb2c45e9e9fb031485c,12f33c59f63fa30b4f777b00eef761214330c69e8b5fb33cc8ff36a1889e3125,9cfa32ccdcc444d67cf8b26508cd1c70ab30c71c,True,True,2026-06-02T01:12:09Z
M1-MVTEC-SUPERVISED-PAIRED_rga_boosted_fusion_test_seed58_b4b40e39,M1-MVTEC-SUPERVISED-PAIRED,MVTec 3D-AD,PatchCore supervised-paired,58,rga_boosted_fusion,test,elara_master_c/predictions/development/M1-MVTEC-SUPERVISED-PAIRED__MVTec_3D-AD__PatchCore_supervised-paired/rga_boosted_fusion/test/seed_58__rerun_1.parquet,278,b4b40e39fa1871172a961d38561ae1b0a58a3c1c60cc006fcca484fa4d590eb3,12f33c59f63fa30b4f777b00eef761214330c69e8b5fb33cc8ff36a1889e3125,9cfa32ccdcc444d67cf8b26508cd1c70ab30c71c,True,True,2026-06-02T01:12:09Z
M1-MVTEC-SUPERVISED-PAIRED_rga_meta_router_test_seed58_837bc736,M1-MVTEC-SUPERVISED-PAIRED,MVTec 3D-AD,PatchCore supervised-paired,58,rga_meta_router,test,elara_master_c/predictions/development/M1-MVTEC-SUPERVISED-PAIRED__MVTec_3D-AD__PatchCore_supervised-paired/rga_meta_router/test/seed_58__rerun_1.parquet,278,837bc736bb6d2bb84c375f572b8e2e7fe0ebb16e41373982f0f810c4182bc923,12f33c59f63fa30b4f777b00eef761214330c69e8b5fb33cc8ff36a1889e3125,9cfa32ccdcc444d67cf8b26508cd1c70ab30c71c,True,True,2026-06-02T01:12:09Z
M1-MVTEC-SUPERVISED-PAIRED_early_fusion_mlp_test_seed58_205d80cf,M1-MVTEC-SUPERVISED-PAIRED,MVTec 3D-AD,PatchCore supervised-paired,58,early_fusion_mlp,test,elara_master_c/predictions/development/M1-MVTEC-SUPERVISED-PAIRED__MVTec_3D-AD__PatchCore_supervised-paired/early_fusion_mlp/test/seed_58__rerun_1.parquet,278,205d80cf9d479e383999055eaff0df037a4468d3c04c55bb5682d340afc13b67,12f33c59f63fa30b4f777b00eef761214330c69e8b5fb33cc8ff36a1889e3125,9cfa32ccdcc444d67cf8b26508cd1c70ab30c71c,True,True,2026-06-02T01:12:09Z
M1-MVTEC-SUPERVISED-PAIRED_late_fusion_ensemble_test_seed58_71f8ef16,M1-MVTEC-SUPERVISED-PAIRED,MVTec 3D-AD,PatchCore supervised-paired,58,late_fusion_ensemble,test,elara_master_c/predictions/development/M1-MVTEC-SUPERVISED-PAIRED__MVTec_3D-AD__PatchCore_supervised-paired/late_fusion_ensemble/test/seed_58__rerun_1.parquet,278,71f8ef16ccefa34773e63e96897175533ca32c59a04b24232417a1dde4870f3a,12f33c59f63fa30b4f777b00eef761214330c69e8b5fb33cc8ff36a1889e3125,9cfa32ccdcc444d67cf8b26508cd1c70ab30c71c,True,True,2026-06-02T01:12:09Z
M1-MVTEC-SUPERVISED-PAIRED_random_forest_test_seed58_d7ff6ae9,M1-MVTEC-SUPERVISED-PAIRED,MVTec 3D-AD,PatchCore supervised-paired,58,random_forest,test,elara_master_c/predictions/development/M1-MVTEC-SUPERVISED-PAIRED__MVTec_3D-AD__PatchCore_supervised-paired/random_forest/test/seed_58__rerun_1.parquet,278,d7ff6ae91f406472305e7fd5864ca29920bc7d317d9551a5b856349daf049263,12f33c59f63fa30b4f777b00eef761214330c69e8b5fb33cc8ff36a1889e3125,9cfa32ccdcc444d67cf8b26508cd1c70ab30c71c,True,True,2026-06-02T01:12:09Z
M1-MVTEC-SUPERVISED-PAIRED_confidence_weighted_mean_test_seed58_e985fd34,M1-MVTEC-SUPERVISED-PAIRED,MVTec 3D-AD,PatchCore supervised-paired,58,confidence_weighted_mean,test,elara_master_c/predictions/development/M1-MVTEC-SUPERVISED-PAIRED__MVTec_3D-AD__PatchCore_supervised-paired/confidence_weighted_mean/test/seed_58__rerun_1.parquet,278,e985fd3471d8a4b82f90825931267b53feb737ba443a5d78adbe72f9c331f2e0,12f33c59f63fa30b4f777b00eef761214330c69e8b5fb33cc8ff36a1889e3125,9cfa32ccdcc444d67cf8b26508cd1c70ab30c71c,True,True,2026-06-02T01:12:09Z
M1-MVTEC-SUPERVISED-PAIRED_tent_score_adapter_test_seed58_f18714d3,M1-MVTEC-SUPERVISED-PAIRED,MVTec 3D-AD,PatchCore supervised-paired,58,tent_score_adapter,test,elara_master_c/predictions/development/M1-MVTEC-SUPERVISED-PAIRED__MVTec_3D-AD__PatchCore_supervised-paired/tent_score_adapter/test/seed_58__rerun_1.parquet,278,f18714d30404719f2617a3ace1a82198791c3926f138b78f37fa1a9f6e5fc318,12f33c59f63fa30b4f777b00eef761214330c69e8b5fb33cc8ff36a1889e3125,9cfa32ccdcc444d67cf8b26508cd1c70ab30c71c,True,True,2026-06-02T01:12:09Z
M1-MVTEC-SUPERVISED-PAIRED_ttt_pseudo_label_adapter_test_seed58_a0a51351,M1-MVTEC-SUPERVISED-PAIRED,MVTec 3D-AD,PatchCore supervised-paired,58,ttt_pseudo_label_adapter,test,elara_master_c/predictions/development/M1-MVTEC-SUPERVISED-PAIRED__MVTec_3D-AD__PatchCore_supervised-paired/ttt_pseudo_label_adapter/test/seed_58__rerun_1.parquet,278,a0a513514e0ced283c8435abfab7280aec7aeae1a5e0e643feb009ab8c0c2faf,12f33c59f63fa30b4f777b00eef761214330c69e8b5fb33cc8ff36a1889e3125,9cfa32ccdcc444d67cf8b26508cd1c70ab30c71c,True,True,2026-06-02T01:12:09Z
M1-MVTEC-SUPERVISED-PAIRED_eata_score_adapter_test_seed58_f0c1aa5a,M1-MVTEC-SUPERVISED-PAIRED,MVTec 3D-AD,PatchCore supervised-paired,58,eata_score_adapter,test,elara_master_c/predictions/development/M1-MVTEC-SUPERVISED-PAIRED__MVTec_3D-AD__PatchCore_supervised-paired/eata_score_adapter/test/seed_58__rerun_1.parquet,278,f0c1aa5ad30161711677dae6e9eb1b9ea8f9b4a49bc79d780d3b61493d655b15,12f33c59f63fa30b4f777b00eef761214330c69e8b5fb33cc8ff36a1889e3125,9cfa32ccdcc444d67cf8b26508cd1c70ab30c71c,True,True,2026-06-02T01:12:09Z
M1-MVTEC-SUPERVISED-PAIRED_sar_score_adapter_test_seed58_ce00a19c,M1-MVTEC-SUPERVISED-PAIRED,MVTec 3D-AD,PatchCore supervised-paired,58,sar_score_adapter,test,elara_master_c/predictions/development/M1-MVTEC-SUPERVISED-PAIRED__MVTec_3D-AD__PatchCore_supervised-paired/sar_score_adapter/test/seed_58__rerun_1.parquet,278,ce00a19ccc526067a6b81568f1179e455066f277d2b478ef7178a7c5b2b22df5,12f33c59f63fa30b4f777b00eef761214330c69e8b5fb33cc8ff36a1889e3125,9cfa32ccdcc444d67cf8b26508cd1c70ab30c71c,True,True,2026-06-02T01:12:09Z
M1-MVTEC-SUPERVISED-PAIRED_static_attention_test_seed59_e5b17858,M1-MVTEC-SUPERVISED-PAIRED,MVTec 3D-AD,PatchCore supervised-paired,59,static_attention,test,elara_master_c/predictions/development/M1-MVTEC-SUPERVISED-PAIRED__MVTec_3D-AD__PatchCore_supervised-paired/static_attention/test/seed_59__rerun_1.parquet,278,e5b17858f53b4d66efc309ce9a34592f670b5eabea230b68253c8c19106cfdf8,12f33c59f63fa30b4f777b00eef761214330c69e8b5fb33cc8ff36a1889e3125,9cfa32ccdcc444d67cf8b26508cd1c70ab30c71c,True,True,2026-06-02T01:12:28Z
M1-MVTEC-SUPERVISED-PAIRED_craf_attention_test_seed59_038d3ed8,M1-MVTEC-SUPERVISED-PAIRED,MVTec 3D-AD,PatchCore supervised-paired,59,craf_attention,test,elara_master_c/predictions/development/M1-MVTEC-SUPERVISED-PAIRED__MVTec_3D-AD__PatchCore_supervised-paired/craf_attention/test/seed_59__rerun_1.parquet,278,038d3ed8782c61a74b5e0f9d66b5006af3831eee793a9139c61de8c026d8cbfe,12f33c59f63fa30b4f777b00eef761214330c69e8b5fb33cc8ff36a1889e3125,9cfa32ccdcc444d67cf8b26508cd1c70ab30c71c,True,True,2026-06-02T01:12:28Z
M1-MVTEC-SUPERVISED-PAIRED_rga_boosted_fusion_test_seed59_4deb2a56,M1-MVTEC-SUPERVISED-PAIRED,MVTec 3D-AD,PatchCore supervised-paired,59,rga_boosted_fusion,test,elara_master_c/predictions/development/M1-MVTEC-SUPERVISED-PAIRED__MVTec_3D-AD__PatchCore_supervised-paired/rga_boosted_fusion/test/seed_59__rerun_1.parquet,278,4deb2a56d58ad54463f0b695382d0d4b8e8f24dfffb03af68e4588a168d07661,12f33c59f63fa30b4f777b00eef761214330c69e8b5fb33cc8ff36a1889e3125,9cfa32ccdcc444d67cf8b26508cd1c70ab30c71c,True,True,2026-06-02T01:12:28Z
M1-MVTEC-SUPERVISED-PAIRED_rga_meta_router_test_seed59_0dba4b8d,M1-MVTEC-SUPERVISED-PAIRED,MVTec 3D-AD,PatchCore supervised-paired,59,rga_meta_router,test,elara_master_c/predictions/development/M1-MVTEC-SUPERVISED-PAIRED__MVTec_3D-AD__PatchCore_supervised-paired/rga_meta_router/test/seed_59__rerun_1.parquet,278,0dba4b8d17bbe1487a704fcf0b38ea4e8c734705f77cddba19cc3e37b988d74d,12f33c59f63fa30b4f777b00eef761214330c69e8b5fb33cc8ff36a1889e3125,9cfa32ccdcc444d67cf8b26508cd1c70ab30c71c,True,True,2026-06-02T01:12:28Z
M1-MVTEC-SUPERVISED-PAIRED_early_fusion_mlp_test_seed59_ad3f9649,M1-MVTEC-SUPERVISED-PAIRED,MVTec 3D-AD,PatchCore supervised-paired,59,early_fusion_mlp,test,elara_master_c/predictions/development/M1-MVTEC-SUPERVISED-PAIRED__MVTec_3D-AD__PatchCore_supervised-paired/early_fusion_mlp/test/seed_59__rerun_1.parquet,278,ad3f96494dc7bed6082ef10f2073878d37be2d7fa7fdfa0b13f778cf293e0dfe,12f33c59f63fa30b4f777b00eef761214330c69e8b5fb33cc8ff36a1889e3125,9cfa32ccdcc444d67cf8b26508cd1c70ab30c71c,True,True,2026-06-02T01:12:28Z
M1-MVTEC-SUPERVISED-PAIRED_late_fusion_ensemble_test_seed59_b1bc2691,M1-MVTEC-SUPERVISED-PAIRED,MVTec 3D-AD,PatchCore supervised-paired,59,late_fusion_ensemble,test,elara_master_c/predictions/development/M1-MVTEC-SUPERVISED-PAIRED__MVTec_3D-AD__PatchCore_supervised-paired/late_fusion_ensemble/test/seed_59__rerun_1.parquet,278,b1bc2691c5ab25f7c0f58621d41ce8a44c8aa008a2170a11c3608bdffbe782d6,12f33c59f63fa30b4f777b00eef761214330c69e8b5fb33cc8ff36a1889e3125,9cfa32ccdcc444d67cf8b26508cd1c70ab30c71c,True,True,2026-06-02T01:12:28Z
M1-MVTEC-SUPERVISED-PAIRED_random_forest_test_seed59_cd10750d,M1-MVTEC-SUPERVISED-PAIRED,MVTec 3D-AD,PatchCore supervised-paired,59,random_forest,test,elara_master_c/predictions/development/M1-MVTEC-SUPERVISED-PAIRED__MVTec_3D-AD__PatchCore_supervised-paired/random_forest/test/seed_59__rerun_1.parquet,278,cd10750d7c9c5bdaf3d389dcd7764d47329ba891389f17a375facbafec4f2e38,12f33c59f63fa30b4f777b00eef761214330c69e8b5fb33cc8ff36a1889e3125,9cfa32ccdcc444d67cf8b26508cd1c70ab30c71c,True,True,2026-06-02T01:12:29Z
M1-MVTEC-SUPERVISED-PAIRED_confidence_weighted_mean_test_seed59_46db4f90,M1-MVTEC-SUPERVISED-PAIRED,MVTec 3D-AD,PatchCore supervised-paired,59,confidence_weighted_mean,test,elara_master_c/predictions/development/M1-MVTEC-SUPERVISED-PAIRED__MVTec_3D-AD__PatchCore_supervised-paired/confidence_weighted_mean/test/seed_59__rerun_1.parquet,278,46db4f90fe063be20228233d2e1be20cb2c0dcbba35a9b5e00ac4b21e1440ba2,12f33c59f63fa30b4f777b00eef761214330c69e8b5fb33cc8ff36a1889e3125,9cfa32ccdcc444d67cf8b26508cd1c70ab30c71c,True,True,2026-06-02T01:12:29Z
M1-MVTEC-SUPERVISED-PAIRED_tent_score_adapter_test_seed59_f2465b2e,M1-MVTEC-SUPERVISED-PAIRED,MVTec 3D-AD,PatchCore supervised-paired,59,tent_score_adapter,test,elara_master_c/predictions/development/M1-MVTEC-SUPERVISED-PAIRED__MVTec_3D-AD__PatchCore_supervised-paired/tent_score_adapter/test/seed_59__rerun_1.parquet,278,f2465b2ef69dd35f2196372cd2f7fcb35f989c4fd6fed1c27f86c87eac808ea5,12f33c59f63fa30b4f777b00eef761214330c69e8b5fb33cc8ff36a1889e3125,9cfa32ccdcc444d67cf8b26508cd1c70ab30c71c,True,True,2026-06-02T01:12:29Z
M1-MVTEC-SUPERVISED-PAIRED_ttt_pseudo_label_adapter_test_seed59_586b1c99,M1-MVTEC-SUPERVISED-PAIRED,MVTec 3D-AD,PatchCore supervised-paired,59,ttt_pseudo_label_adapter,test,elara_master_c/predictions/development/M1-MVTEC-SUPERVISED-PAIRED__MVTec_3D-AD__PatchCore_supervised-paired/ttt_pseudo_label_adapter/test/seed_59__rerun_1.parquet,278,586b1c9973e47928226d44290711f977cb52bf866f44c33102a7b97f56535b0f,12f33c59f63fa30b4f777b00eef761214330c69e8b5fb33cc8ff36a1889e3125,9cfa32ccdcc444d67cf8b26508cd1c70ab30c71c,True,True,2026-06-02T01:12:29Z
M1-MVTEC-SUPERVISED-PAIRED_eata_score_adapter_test_seed59_00406fc3,M1-MVTEC-SUPERVISED-PAIRED,MVTec 3D-AD,PatchCore supervised-paired,59,eata_score_adapter,test,elara_master_c/predictions/development/M1-MVTEC-SUPERVISED-PAIRED__MVTec_3D-AD__PatchCore_supervised-paired/eata_score_adapter/test/seed_59__rerun_1.parquet,278,00406fc3dfa9c2363c151ed7fd7ed44457e27af73791b3c9582aa217b7cfe2d5,12f33c59f63fa30b4f777b00eef761214330c69e8b5fb33cc8ff36a1889e3125,9cfa32ccdcc444d67cf8b26508cd1c70ab30c71c,True,True,2026-06-02T01:12:29Z
M1-MVTEC-SUPERVISED-PAIRED_sar_score_adapter_test_seed59_dafa276a,M1-MVTEC-SUPERVISED-PAIRED,MVTec 3D-AD,PatchCore supervised-paired,59,sar_score_adapter,test,elara_master_c/predictions/development/M1-MVTEC-SUPERVISED-PAIRED__MVTec_3D-AD__PatchCore_supervised-paired/sar_score_adapter/test/seed_59__rerun_1.parquet,278,dafa276a941f68bd526c45f43b77cf05dd6703941e6a582bca1acf509fd254da,12f33c59f63fa30b4f777b00eef761214330c69e8b5fb33cc8ff36a1889e3125,9cfa32ccdcc444d67cf8b26508cd1c70ab30c71c,True,True,2026-06-02T01:12:29Z
M1-MVTEC-SUPERVISED-PAIRED_static_attention_test_seed60_b64ec014,M1-MVTEC-SUPERVISED-PAIRED,MVTec 3D-AD,PatchCore supervised-paired,60,static_attention,test,elara_master_c/predictions/development/M1-MVTEC-SUPERVISED-PAIRED__MVTec_3D-AD__PatchCore_supervised-paired/static_attention/test/seed_60__rerun_1.parquet,278,b64ec014cf7d9cbe58577f5bf431cc1226fded9302dbe3a642dce1502409700e,12f33c59f63fa30b4f777b00eef761214330c69e8b5fb33cc8ff36a1889e3125,9cfa32ccdcc444d67cf8b26508cd1c70ab30c71c,True,True,2026-06-02T01:12:46Z
M1-MVTEC-SUPERVISED-PAIRED_craf_attention_test_seed60_20f86f6e,M1-MVTEC-SUPERVISED-PAIRED,MVTec 3D-AD,PatchCore supervised-paired,60,craf_attention,test,elara_master_c/predictions/development/M1-MVTEC-SUPERVISED-PAIRED__MVTec_3D-AD__PatchCore_supervised-paired/craf_attention/test/seed_60__rerun_1.parquet,278,20f86f6e0804d25ee6f5344a7a8f72dfa8eb41d3937885574d23cb634145d19b,12f33c59f63fa30b4f777b00eef761214330c69e8b5fb33cc8ff36a1889e3125,9cfa32ccdcc444d67cf8b26508cd1c70ab30c71c,True,True,2026-06-02T01:12:46Z
M1-MVTEC-SUPERVISED-PAIRED_rga_boosted_fusion_test_seed60_1d7ca7f5,M1-MVTEC-SUPERVISED-PAIRED,MVTec 3D-AD,PatchCore supervised-paired,60,rga_boosted_fusion,test,elara_master_c/predictions/development/M1-MVTEC-SUPERVISED-PAIRED__MVTec_3D-AD__PatchCore_supervised-paired/rga_boosted_fusion/test/seed_60__rerun_1.parquet,278,1d7ca7f5d031a1aa69e1d38406d873162e1abd739419a639e053e85bb6f43c0e,12f33c59f63fa30b4f777b00eef761214330c69e8b5fb33cc8ff36a1889e3125,9cfa32ccdcc444d67cf8b26508cd1c70ab30c71c,True,True,2026-06-02T01:12:46Z
M1-MVTEC-SUPERVISED-PAIRED_rga_meta_router_test_seed60_8d022c74,M1-MVTEC-SUPERVISED-PAIRED,MVTec 3D-AD,PatchCore supervised-paired,60,rga_meta_router,test,elara_master_c/predictions/development/M1-MVTEC-SUPERVISED-PAIRED__MVTec_3D-AD__PatchCore_supervised-paired/rga_meta_router/test/seed_60__rerun_1.parquet,278,8d022c74f18fed4f5b79bff271c67ef876b47a101d8c76ad1136075a73408741,12f33c59f63fa30b4f777b00eef761214330c69e8b5fb33cc8ff36a1889e3125,9cfa32ccdcc444d67cf8b26508cd1c70ab30c71c,True,True,2026-06-02T01:12:46Z
M1-MVTEC-SUPERVISED-PAIRED_early_fusion_mlp_test_seed60_ed5582a3,M1-MVTEC-SUPERVISED-PAIRED,MVTec 3D-AD,PatchCore supervised-paired,60,early_fusion_mlp,test,elara_master_c/predictions/development/M1-MVTEC-SUPERVISED-PAIRED__MVTec_3D-AD__PatchCore_supervised-paired/early_fusion_mlp/test/seed_60__rerun_1.parquet,278,ed5582a3eafcc0f711c9ccebcb1e9185499fbe45b96d61bfd49072dbe46ee340,12f33c59f63fa30b4f777b00eef761214330c69e8b5fb33cc8ff36a1889e3125,9cfa32ccdcc444d67cf8b26508cd1c70ab30c71c,True,True,2026-06-02T01:12:46Z
M1-MVTEC-SUPERVISED-PAIRED_late_fusion_ensemble_test_seed60_e07d87cf,M1-MVTEC-SUPERVISED-PAIRED,MVTec 3D-AD,PatchCore supervised-paired,60,late_fusion_ensemble,test,elara_master_c/predictions/development/M1-MVTEC-SUPERVISED-PAIRED__MVTec_3D-AD__PatchCore_supervised-paired/late_fusion_ensemble/test/seed_60__rerun_1.parquet,278,e07d87cfd5e0e43e6fd089991acf40300559b8c017796c2d2a817a3926d2acf2,12f33c59f63fa30b4f777b00eef761214330c69e8b5fb33cc8ff36a1889e3125,9cfa32ccdcc444d67cf8b26508cd1c70ab30c71c,True,True,2026-06-02T01:12:46Z
M1-MVTEC-SUPERVISED-PAIRED_random_forest_test_seed60_853d0574,M1-MVTEC-SUPERVISED-PAIRED,MVTec 3D-AD,PatchCore supervised-paired,60,random_forest,test,elara_master_c/predictions/development/M1-MVTEC-SUPERVISED-PAIRED__MVTec_3D-AD__PatchCore_supervised-paired/random_forest/test/seed_60__rerun_1.parquet,278,853d05741a02511462aaff64843073bdc5668cfa8d54aa917d2c691335c415f0,12f33c59f63fa30b4f777b00eef761214330c69e8b5fb33cc8ff36a1889e3125,9cfa32ccdcc444d67cf8b26508cd1c70ab30c71c,True,True,2026-06-02T01:12:46Z
M1-MVTEC-SUPERVISED-PAIRED_confidence_weighted_mean_test_seed60_1aef465c,M1-MVTEC-SUPERVISED-PAIRED,MVTec 3D-AD,PatchCore supervised-paired,60,confidence_weighted_mean,test,elara_master_c/predictions/development/M1-MVTEC-SUPERVISED-PAIRED__MVTec_3D-AD__PatchCore_supervised-paired/confidence_weighted_mean/test/seed_60__rerun_1.parquet,278,1aef465c333df93ba7fb5cdd0ff8fea969b27383e3c9b9125b6cc8620d736663,12f33c59f63fa30b4f777b00eef761214330c69e8b5fb33cc8ff36a1889e3125,9cfa32ccdcc444d67cf8b26508cd1c70ab30c71c,True,True,2026-06-02T01:12:46Z
M1-MVTEC-SUPERVISED-PAIRED_tent_score_adapter_test_seed60_dbb0eda9,M1-MVTEC-SUPERVISED-PAIRED,MVTec 3D-AD,PatchCore supervised-paired,60,tent_score_adapter,test,elara_master_c/predictions/development/M1-MVTEC-SUPERVISED-PAIRED__MVTec_3D-AD__PatchCore_supervised-paired/tent_score_adapter/test/seed_60__rerun_1.parquet,278,dbb0eda986b7828373536d67bd76183334f8be870db5d1af66fbcae16cc63d16,12f33c59f63fa30b4f777b00eef761214330c69e8b5fb33cc8ff36a1889e3125,9cfa32ccdcc444d67cf8b26508cd1c70ab30c71c,True,True,2026-06-02T01:12:46Z
M1-MVTEC-SUPERVISED-PAIRED_ttt_pseudo_label_adapter_test_seed60_9ed4d186,M1-MVTEC-SUPERVISED-PAIRED,MVTec 3D-AD,PatchCore supervised-paired,60,ttt_pseudo_label_adapter,test,elara_master_c/predictions/development/M1-MVTEC-SUPERVISED-PAIRED__MVTec_3D-AD__PatchCore_supervised-paired/ttt_pseudo_label_adapter/test/seed_60__rerun_1.parquet,278,9ed4d186277016614b398e30437bfa52348132f949fb5d1b60b0d650f55477ab,12f33c59f63fa30b4f777b00eef761214330c69e8b5fb33cc8ff36a1889e3125,9cfa32ccdcc444d67cf8b26508cd1c70ab30c71c,True,True,2026-06-02T01:12:46Z
M1-MVTEC-SUPERVISED-PAIRED_eata_score_adapter_test_seed60_435c1c5b,M1-MVTEC-SUPERVISED-PAIRED,MVTec 3D-AD,PatchCore supervised-paired,60,eata_score_adapter,test,elara_master_c/predictions/development/M1-MVTEC-SUPERVISED-PAIRED__MVTec_3D-AD__PatchCore_supervised-paired/eata_score_adapter/test/seed_60__rerun_1.parquet,278,435c1c5b091be15f76a6b941c0315f2c21d7bd493c628eb81f1c689c7991824c,12f33c59f63fa30b4f777b00eef761214330c69e8b5fb33cc8ff36a1889e3125,9cfa32ccdcc444d67cf8b26508cd1c70ab30c71c,True,True,2026-06-02T01:12:46Z
M1-MVTEC-SUPERVISED-PAIRED_sar_score_adapter_test_seed60_62806eb3,M1-MVTEC-SUPERVISED-PAIRED,MVTec 3D-AD,PatchCore supervised-paired,60,sar_score_adapter,test,elara_master_c/predictions/development/M1-MVTEC-SUPERVISED-PAIRED__MVTec_3D-AD__PatchCore_supervised-paired/sar_score_adapter/test/seed_60__rerun_1.parquet,278,62806eb3217f9654a2975c3b9278cebe31836c80781f82994722fecd6a3eb9e9,12f33c59f63fa30b4f777b00eef761214330c69e8b5fb33cc8ff36a1889e3125,9cfa32ccdcc444d67cf8b26508cd1c70ab30c71c,True,True,2026-06-02T01:12:46Z
M1-MVTEC-SUPERVISED-PAIRED_static_attention_test_seed61_53251627,M1-MVTEC-SUPERVISED-PAIRED,MVTec 3D-AD,PatchCore supervised-paired,61,static_attention,test,elara_master_c/predictions/development/M1-MVTEC-SUPERVISED-PAIRED__MVTec_3D-AD__PatchCore_supervised-paired/static_attention/test/seed_61__rerun_1.parquet,278,532516273c658b9de6c50b4e2d3f0bf243f8bf9298af24fd3a7d51944b681e96,12f33c59f63fa30b4f777b00eef761214330c69e8b5fb33cc8ff36a1889e3125,9cfa32ccdcc444d67cf8b26508cd1c70ab30c71c,True,True,2026-06-02T01:13:03Z
M1-MVTEC-SUPERVISED-PAIRED_craf_attention_test_seed61_b562a47e,M1-MVTEC-SUPERVISED-PAIRED,MVTec 3D-AD,PatchCore supervised-paired,61,craf_attention,test,elara_master_c/predictions/development/M1-MVTEC-SUPERVISED-PAIRED__MVTec_3D-AD__PatchCore_supervised-paired/craf_attention/test/seed_61__rerun_1.parquet,278,b562a47eb9679ce781c87e81e25cf9622f75d5ee24694667c329559a9eef20d0,12f33c59f63fa30b4f777b00eef761214330c69e8b5fb33cc8ff36a1889e3125,9cfa32ccdcc444d67cf8b26508cd1c70ab30c71c,True,True,2026-06-02T01:13:03Z
M1-MVTEC-SUPERVISED-PAIRED_rga_boosted_fusion_test_seed61_e769fbcc,M1-MVTEC-SUPERVISED-PAIRED,MVTec 3D-AD,PatchCore supervised-paired,61,rga_boosted_fusion,test,elara_master_c/predictions/development/M1-MVTEC-SUPERVISED-PAIRED__MVTec_3D-AD__PatchCore_supervised-paired/rga_boosted_fusion/test/seed_61__rerun_1.parquet,278,e769fbccfcd985f0bd548d7533c2cf8182a16f50c431c9ed6fe50348ae7360b5,12f33c59f63fa30b4f777b00eef761214330c69e8b5fb33cc8ff36a1889e3125,9cfa32ccdcc444d67cf8b26508cd1c70ab30c71c,True,True,2026-06-02T01:13:03Z
M1-MVTEC-SUPERVISED-PAIRED_rga_meta_router_test_seed61_b37d7585,M1-MVTEC-SUPERVISED-PAIRED,MVTec 3D-AD,PatchCore supervised-paired,61,rga_meta_router,test,elara_master_c/predictions/development/M1-MVTEC-SUPERVISED-PAIRED__MVTec_3D-AD__PatchCore_supervised-paired/rga_meta_router/test/seed_61__rerun_1.parquet,278,b37d758511bf20b8d2843cbd79a94b49216a21e65b591cc8b62b1201ca4af85e,12f33c59f63fa30b4f777b00eef761214330c69e8b5fb33cc8ff36a1889e3125,9cfa32ccdcc444d67cf8b26508cd1c70ab30c71c,True,True,2026-06-02T01:13:03Z
M1-MVTEC-SUPERVISED-PAIRED_early_fusion_mlp_test_seed61_b104123a,M1-MVTEC-SUPERVISED-PAIRED,MVTec 3D-AD,PatchCore supervised-paired,61,early_fusion_mlp,test,elara_master_c/predictions/development/M1-MVTEC-SUPERVISED-PAIRED__MVTec_3D-AD__PatchCore_supervised-paired/early_fusion_mlp/test/seed_61__rerun_1.parquet,278,b104123ad318e9f58a090e26fb28df29c3ab6370127d8ac344ab358560621b79,12f33c59f63fa30b4f777b00eef761214330c69e8b5fb33cc8ff36a1889e3125,9cfa32ccdcc444d67cf8b26508cd1c70ab30c71c,True,True,2026-06-02T01:13:03Z
M1-MVTEC-SUPERVISED-PAIRED_late_fusion_ensemble_test_seed61_2d5c19e3,M1-MVTEC-SUPERVISED-PAIRED,MVTec 3D-AD,PatchCore supervised-paired,61,late_fusion_ensemble,test,elara_master_c/predictions/development/M1-MVTEC-SUPERVISED-PAIRED__MVTec_3D-AD__PatchCore_supervised-paired/late_fusion_ensemble/test/seed_61__rerun_1.parquet,278,2d5c19e36ff07056e10bac4f126e94fff1c2b79c7e02cfebf63512c25629bb59,12f33c59f63fa30b4f777b00eef761214330c69e8b5fb33cc8ff36a1889e3125,9cfa32ccdcc444d67cf8b26508cd1c70ab30c71c,True,True,2026-06-02T01:13:03Z
M1-MVTEC-SUPERVISED-PAIRED_random_forest_test_seed61_b9fc8fbc,M1-MVTEC-SUPERVISED-PAIRED,MVTec 3D-AD,PatchCore supervised-paired,61,random_forest,test,elara_master_c/predictions/development/M1-MVTEC-SUPERVISED-PAIRED__MVTec_3D-AD__PatchCore_supervised-paired/random_forest/test/seed_61__rerun_1.parquet,278,b9fc8fbca054bd1febef32fbec9a0c6027fdc312079f1cf82d9b59997d666af4,12f33c59f63fa30b4f777b00eef761214330c69e8b5fb33cc8ff36a1889e3125,9cfa32ccdcc444d67cf8b26508cd1c70ab30c71c,True,True,2026-06-02T01:13:03Z
M1-MVTEC-SUPERVISED-PAIRED_confidence_weighted_mean_test_seed61_cc5082a2,M1-MVTEC-SUPERVISED-PAIRED,MVTec 3D-AD,PatchCore supervised-paired,61,confidence_weighted_mean,test,elara_master_c/predictions/development/M1-MVTEC-SUPERVISED-PAIRED__MVTec_3D-AD__PatchCore_supervised-paired/confidence_weighted_mean/test/seed_61__rerun_1.parquet,278,cc5082a221fc4ac5d6a62259058f653a04805c4a95f9356fb5132058090f9492,12f33c59f63fa30b4f777b00eef761214330c69e8b5fb33cc8ff36a1889e3125,9cfa32ccdcc444d67cf8b26508cd1c70ab30c71c,True,True,2026-06-02T01:13:03Z
M1-MVTEC-SUPERVISED-PAIRED_tent_score_adapter_test_seed61_04f57b6a,M1-MVTEC-SUPERVISED-PAIRED,MVTec 3D-AD,PatchCore supervised-paired,61,tent_score_adapter,test,elara_master_c/predictions/development/M1-MVTEC-SUPERVISED-PAIRED__MVTec_3D-AD__PatchCore_supervised-paired/tent_score_adapter/test/seed_61__rerun_1.parquet,278,04f57b6a3fb37378f0c83b7ea9b6cda67bb3b55749aea7677980b70f5533dc12,12f33c59f63fa30b4f777b00eef761214330c69e8b5fb33cc8ff36a1889e3125,9cfa32ccdcc444d67cf8b26508cd1c70ab30c71c,True,True,2026-06-02T01:13:03Z
M1-MVTEC-SUPERVISED-PAIRED_ttt_pseudo_label_adapter_test_seed61_aaceea81,M1-MVTEC-SUPERVISED-PAIRED,MVTec 3D-AD,PatchCore supervised-paired,61,ttt_pseudo_label_adapter,test,elara_master_c/predictions/development/M1-MVTEC-SUPERVISED-PAIRED__MVTec_3D-AD__PatchCore_supervised-paired/ttt_pseudo_label_adapter/test/seed_61__rerun_1.parquet,278,aaceea8114ad3ecafeb6f530ae61186d0af6f8e7894a2bcf7f4c9fa7f04b0e01,12f33c59f63fa30b4f777b00eef761214330c69e8b5fb33cc8ff36a1889e3125,9cfa32ccdcc444d67cf8b26508cd1c70ab30c71c,True,True,2026-06-02T01:13:03Z
M1-MVTEC-SUPERVISED-PAIRED_eata_score_adapter_test_seed61_5f83c269,M1-MVTEC-SUPERVISED-PAIRED,MVTec 3D-AD,PatchCore supervised-paired,61,eata_score_adapter,test,elara_master_c/predictions/development/M1-MVTEC-SUPERVISED-PAIRED__MVTec_3D-AD__PatchCore_supervised-paired/eata_score_adapter/test/seed_61__rerun_1.parquet,278,5f83c269f5622c3896fa75306fd0b087bb3d9923d54458561b1b769a67e75b18,12f33c59f63fa30b4f777b00eef761214330c69e8b5fb33cc8ff36a1889e3125,9cfa32ccdcc444d67cf8b26508cd1c70ab30c71c,True,True,2026-06-02T01:13:03Z
M1-MVTEC-SUPERVISED-PAIRED_sar_score_adapter_test_seed61_cc643217,M1-MVTEC-SUPERVISED-PAIRED,MVTec 3D-AD,PatchCore supervised-paired,61,sar_score_adapter,test,elara_master_c/predictions/development/M1-MVTEC-SUPERVISED-PAIRED__MVTec_3D-AD__PatchCore_supervised-paired/sar_score_adapter/test/seed_61__rerun_1.parquet,278,cc64321728e65e5be1e68f108d9b0a7793d8553142e21f82fde23f7c2090e4db,12f33c59f63fa30b4f777b00eef761214330c69e8b5fb33cc8ff36a1889e3125,9cfa32ccdcc444d67cf8b26508cd1c70ab30c71c,True,True,2026-06-02T01:13:03Z
M1-MVTEC-SUPERVISED-PAIRED_static_attention_test_seed62_e706ab33,M1-MVTEC-SUPERVISED-PAIRED,MVTec 3D-AD,PatchCore supervised-paired,62,static_attention,test,elara_master_c/predictions/development/M1-MVTEC-SUPERVISED-PAIRED__MVTec_3D-AD__PatchCore_supervised-paired/static_attention/test/seed_62__rerun_1.parquet,278,e706ab3322ba5a43ddedb8ccba9ca5ddea7324079a4bbd2a76c4d3b957a1f306,12f33c59f63fa30b4f777b00eef761214330c69e8b5fb33cc8ff36a1889e3125,9cfa32ccdcc444d67cf8b26508cd1c70ab30c71c,True,True,2026-06-02T01:13:20Z
M1-MVTEC-SUPERVISED-PAIRED_craf_attention_test_seed62_8a2a6c72,M1-MVTEC-SUPERVISED-PAIRED,MVTec 3D-AD,PatchCore supervised-paired,62,craf_attention,test,elara_master_c/predictions/development/M1-MVTEC-SUPERVISED-PAIRED__MVTec_3D-AD__PatchCore_supervised-paired/craf_attention/test/seed_62__rerun_1.parquet,278,8a2a6c725cb67ea1f3e861d6ba17782e4540b7f5abc3095ee8a0b6b227666269,12f33c59f63fa30b4f777b00eef761214330c69e8b5fb33cc8ff36a1889e3125,9cfa32ccdcc444d67cf8b26508cd1c70ab30c71c,True,True,2026-06-02T01:13:20Z
M1-MVTEC-SUPERVISED-PAIRED_rga_boosted_fusion_test_seed62_d465582d,M1-MVTEC-SUPERVISED-PAIRED,MVTec 3D-AD,PatchCore supervised-paired,62,rga_boosted_fusion,test,elara_master_c/predictions/development/M1-MVTEC-SUPERVISED-PAIRED__MVTec_3D-AD__PatchCore_supervised-paired/rga_boosted_fusion/test/seed_62__rerun_1.parquet,278,d465582d35dd6551ff946226d5be07795760ab3a7b227da19a08a4ff7a225e70,12f33c59f63fa30b4f777b00eef761214330c69e8b5fb33cc8ff36a1889e3125,9cfa32ccdcc444d67cf8b26508cd1c70ab30c71c,True,True,2026-06-02T01:13:20Z
M1-MVTEC-SUPERVISED-PAIRED_rga_meta_router_test_seed62_174e0d23,M1-MVTEC-SUPERVISED-PAIRED,MVTec 3D-AD,PatchCore supervised-paired,62,rga_meta_router,test,elara_master_c/predictions/development/M1-MVTEC-SUPERVISED-PAIRED__MVTec_3D-AD__PatchCore_supervised-paired/rga_meta_router/test/seed_62__rerun_1.parquet,278,174e0d231556193726f318af8a442f08adc68889b506dc4aaf03d33dc5456661,12f33c59f63fa30b4f777b00eef761214330c69e8b5fb33cc8ff36a1889e3125,9cfa32ccdcc444d67cf8b26508cd1c70ab30c71c,True,True,2026-06-02T01:13:20Z
M1-MVTEC-SUPERVISED-PAIRED_early_fusion_mlp_test_seed62_20d90eeb,M1-MVTEC-SUPERVISED-PAIRED,MVTec 3D-AD,PatchCore supervised-paired,62,early_fusion_mlp,test,elara_master_c/predictions/development/M1-MVTEC-SUPERVISED-PAIRED__MVTec_3D-AD__PatchCore_supervised-paired/early_fusion_mlp/test/seed_62__rerun_1.parquet,278,20d90eeb2fa1d9b79708e32a297a39d9752ff43b223f99fb984dd8f002bd09cc,12f33c59f63fa30b4f777b00eef761214330c69e8b5fb33cc8ff36a1889e3125,9cfa32ccdcc444d67cf8b26508cd1c70ab30c71c,True,True,2026-06-02T01:13:20Z
M1-MVTEC-SUPERVISED-PAIRED_late_fusion_ensemble_test_seed62_4e0b0c3c,M1-MVTEC-SUPERVISED-PAIRED,MVTec 3D-AD,PatchCore supervised-paired,62,late_fusion_ensemble,test,elara_master_c/predictions/development/M1-MVTEC-SUPERVISED-PAIRED__MVTec_3D-AD__PatchCore_supervised-paired/late_fusion_ensemble/test/seed_62__rerun_1.parquet,278,4e0b0c3c69f2b16b4c7a54275de86040c83b42a1a9e99fdb9d5066a9a3e925df,12f33c59f63fa30b4f777b00eef761214330c69e8b5fb33cc8ff36a1889e3125,9cfa32ccdcc444d67cf8b26508cd1c70ab30c71c,True,True,2026-06-02T01:13:20Z
M1-MVTEC-SUPERVISED-PAIRED_random_forest_test_seed62_b36cdd8c,M1-MVTEC-SUPERVISED-PAIRED,MVTec 3D-AD,PatchCore supervised-paired,62,random_forest,test,elara_master_c/predictions/development/M1-MVTEC-SUPERVISED-PAIRED__MVTec_3D-AD__PatchCore_supervised-paired/random_forest/test/seed_62__rerun_1.parquet,278,b36cdd8c17f5ff19e3400591b971b729af6c4ecd4ada40cf4f4ad8b721322c5a,12f33c59f63fa30b4f777b00eef761214330c69e8b5fb33cc8ff36a1889e3125,9cfa32ccdcc444d67cf8b26508cd1c70ab30c71c,True,True,2026-06-02T01:13:20Z
M1-MVTEC-SUPERVISED-PAIRED_confidence_weighted_mean_test_seed62_b83a8130,M1-MVTEC-SUPERVISED-PAIRED,MVTec 3D-AD,PatchCore supervised-paired,62,confidence_weighted_mean,test,elara_master_c/predictions/development/M1-MVTEC-SUPERVISED-PAIRED__MVTec_3D-AD__PatchCore_supervised-paired/confidence_weighted_mean/test/seed_62__rerun_1.parquet,278,b83a8130e19c7256a8b508b217e4d1088ecc49b72400503efddfa1a1b7374bb8,12f33c59f63fa30b4f777b00eef761214330c69e8b5fb33cc8ff36a1889e3125,9cfa32ccdcc444d67cf8b26508cd1c70ab30c71c,True,True,2026-06-02T01:13:20Z
M1-MVTEC-SUPERVISED-PAIRED_tent_score_adapter_test_seed62_59d027d5,M1-MVTEC-SUPERVISED-PAIRED,MVTec 3D-AD,PatchCore supervised-paired,62,tent_score_adapter,test,elara_master_c/predictions/development/M1-MVTEC-SUPERVISED-PAIRED__MVTec_3D-AD__PatchCore_supervised-paired/tent_score_adapter/test/seed_62__rerun_1.parquet,278,59d027d57baa332cd9ea1335b97a131e05b18e0ddc1a7a156d4c03d408567921,12f33c59f63fa30b4f777b00eef761214330c69e8b5fb33cc8ff36a1889e3125,9cfa32ccdcc444d67cf8b26508cd1c70ab30c71c,True,True,2026-06-02T01:13:20Z
M1-MVTEC-SUPERVISED-PAIRED_ttt_pseudo_label_adapter_test_seed62_cb46db1c,M1-MVTEC-SUPERVISED-PAIRED,MVTec 3D-AD,PatchCore supervised-paired,62,ttt_pseudo_label_adapter,test,elara_master_c/predictions/development/M1-MVTEC-SUPERVISED-PAIRED__MVTec_3D-AD__PatchCore_supervised-paired/ttt_pseudo_label_adapter/test/seed_62__rerun_1.parquet,278,cb46db1cb251fb18426325ad3214f369a99f68e91965ad4941081df07e0aacb0,12f33c59f63fa30b4f777b00eef761214330c69e8b5fb33cc8ff36a1889e3125,9cfa32ccdcc444d67cf8b26508cd1c70ab30c71c,True,True,2026-06-02T01:13:20Z
M1-MVTEC-SUPERVISED-PAIRED_eata_score_adapter_test_seed62_b3110d60,M1-MVTEC-SUPERVISED-PAIRED,MVTec 3D-AD,PatchCore supervised-paired,62,eata_score_adapter,test,elara_master_c/predictions/development/M1-MVTEC-SUPERVISED-PAIRED__MVTec_3D-AD__PatchCore_supervised-paired/eata_score_adapter/test/seed_62__rerun_1.parquet,278,b3110d60dd7e955febe4f515d4d7ecd2aa45fc3448947297e059d06df8cca201,12f33c59f63fa30b4f777b00eef761214330c69e8b5fb33cc8ff36a1889e3125,9cfa32ccdcc444d67cf8b26508cd1c70ab30c71c,True,True,2026-06-02T01:13:21Z
M1-MVTEC-SUPERVISED-PAIRED_sar_score_adapter_test_seed62_d7fcd9b3,M1-MVTEC-SUPERVISED-PAIRED,MVTec 3D-AD,PatchCore supervised-paired,62,sar_score_adapter,test,elara_master_c/predictions/development/M1-MVTEC-SUPERVISED-PAIRED__MVTec_3D-AD__PatchCore_supervised-paired/sar_score_adapter/test/seed_62__rerun_1.parquet,278,d7fcd9b3898f09430b6b6f3ab7400fff042545d465228dc159113ee45ae0d749,12f33c59f63fa30b4f777b00eef761214330c69e8b5fb33cc8ff36a1889e3125,9cfa32ccdcc444d67cf8b26508cd1c70ab30c71c,True,True,2026-06-02T01:13:21Z
M1-MVTEC-SUPERVISED-PAIRED_static_attention_test_seed63_1eae8410,M1-MVTEC-SUPERVISED-PAIRED,MVTec 3D-AD,PatchCore supervised-paired,63,static_attention,test,elara_master_c/predictions/development/M1-MVTEC-SUPERVISED-PAIRED__MVTec_3D-AD__PatchCore_supervised-paired/static_attention/test/seed_63__rerun_1.parquet,278,1eae8410df45c6cb2e7c0c612466b0a499f1638fedfed53357a9ec0c58cc88c3,12f33c59f63fa30b4f777b00eef761214330c69e8b5fb33cc8ff36a1889e3125,9cfa32ccdcc444d67cf8b26508cd1c70ab30c71c,True,True,2026-06-02T01:13:38Z
M1-MVTEC-SUPERVISED-PAIRED_craf_attention_test_seed63_959e81b5,M1-MVTEC-SUPERVISED-PAIRED,MVTec 3D-AD,PatchCore supervised-paired,63,craf_attention,test,elara_master_c/predictions/development/M1-MVTEC-SUPERVISED-PAIRED__MVTec_3D-AD__PatchCore_supervised-paired/craf_attention/test/seed_63__rerun_1.parquet,278,959e81b5a906b78e8ffc5460008bb2b52cd8a3ba9c4e1f2132658366b6f7a0af,12f33c59f63fa30b4f777b00eef761214330c69e8b5fb33cc8ff36a1889e3125,9cfa32ccdcc444d67cf8b26508cd1c70ab30c71c,True,True,2026-06-02T01:13:38Z
M1-MVTEC-SUPERVISED-PAIRED_rga_boosted_fusion_test_seed63_c3ca3e39,M1-MVTEC-SUPERVISED-PAIRED,MVTec 3D-AD,PatchCore supervised-paired,63,rga_boosted_fusion,test,elara_master_c/predictions/development/M1-MVTEC-SUPERVISED-PAIRED__MVTec_3D-AD__PatchCore_supervised-paired/rga_boosted_fusion/test/seed_63__rerun_1.parquet,278,c3ca3e39c342eb96eae82cc1398e74970e60cfccd580e77d0783cbe86972d50f,12f33c59f63fa30b4f777b00eef761214330c69e8b5fb33cc8ff36a1889e3125,9cfa32ccdcc444d67cf8b26508cd1c70ab30c71c,True,True,2026-06-02T01:13:38Z
M1-MVTEC-SUPERVISED-PAIRED_rga_meta_router_test_seed63_df6f04e5,M1-MVTEC-SUPERVISED-PAIRED,MVTec 3D-AD,PatchCore supervised-paired,63,rga_meta_router,test,elara_master_c/predictions/development/M1-MVTEC-SUPERVISED-PAIRED__MVTec_3D-AD__PatchCore_supervised-paired/rga_meta_router/test/seed_63__rerun_1.parquet,278,df6f04e5115917fa416f373bc359ebc59882cb166c7d98fa2d0b99e83f1db058,12f33c59f63fa30b4f777b00eef761214330c69e8b5fb33cc8ff36a1889e3125,9cfa32ccdcc444d67cf8b26508cd1c70ab30c71c,True,True,2026-06-02T01:13:38Z
M1-MVTEC-SUPERVISED-PAIRED_early_fusion_mlp_test_seed63_00c834ab,M1-MVTEC-SUPERVISED-PAIRED,MVTec 3D-AD,PatchCore supervised-paired,63,early_fusion_mlp,test,elara_master_c/predictions/development/M1-MVTEC-SUPERVISED-PAIRED__MVTec_3D-AD__PatchCore_supervised-paired/early_fusion_mlp/test/seed_63__rerun_1.parquet,278,00c834ab587195a8fcdc735b09a5e44cd3dfdde1883d22cd879aa654644cde21,12f33c59f63fa30b4f777b00eef761214330c69e8b5fb33cc8ff36a1889e3125,9cfa32ccdcc444d67cf8b26508cd1c70ab30c71c,True,True,2026-06-02T01:13:38Z
M1-MVTEC-SUPERVISED-PAIRED_late_fusion_ensemble_test_seed63_6f7a9587,M1-MVTEC-SUPERVISED-PAIRED,MVTec 3D-AD,PatchCore supervised-paired,63,late_fusion_ensemble,test,elara_master_c/predictions/development/M1-MVTEC-SUPERVISED-PAIRED__MVTec_3D-AD__PatchCore_supervised-paired/late_fusion_ensemble/test/seed_63__rerun_1.parquet,278,6f7a958736a8f900449decc139f5de60bd20f465c250973761cc85f8da72ec89,12f33c59f63fa30b4f777b00eef761214330c69e8b5fb33cc8ff36a1889e3125,9cfa32ccdcc444d67cf8b26508cd1c70ab30c71c,True,True,2026-06-02T01:13:38Z
M1-MVTEC-SUPERVISED-PAIRED_random_forest_test_seed63_6fd31e72,M1-MVTEC-SUPERVISED-PAIRED,MVTec 3D-AD,PatchCore supervised-paired,63,random_forest,test,elara_master_c/predictions/development/M1-MVTEC-SUPERVISED-PAIRED__MVTec_3D-AD__PatchCore_supervised-paired/random_forest/test/seed_63__rerun_1.parquet,278,6fd31e72d3f7a90c1860e38ce1ce082d9f7227a4e68799f960efd07e7f77b884,12f33c59f63fa30b4f777b00eef761214330c69e8b5fb33cc8ff36a1889e3125,9cfa32ccdcc444d67cf8b26508cd1c70ab30c71c,True,True,2026-06-02T01:13:38Z
M1-MVTEC-SUPERVISED-PAIRED_confidence_weighted_mean_test_seed63_e25c6cbd,M1-MVTEC-SUPERVISED-PAIRED,MVTec 3D-AD,PatchCore supervised-paired,63,confidence_weighted_mean,test,elara_master_c/predictions/development/M1-MVTEC-SUPERVISED-PAIRED__MVTec_3D-AD__PatchCore_supervised-paired/confidence_weighted_mean/test/seed_63__rerun_1.parquet,278,e25c6cbd74e9513aafe2699f427952a1248b629b81b445547fb34a1f95528dc9,12f33c59f63fa30b4f777b00eef761214330c69e8b5fb33cc8ff36a1889e3125,9cfa32ccdcc444d67cf8b26508cd1c70ab30c71c,True,True,2026-06-02T01:13:38Z
M1-MVTEC-SUPERVISED-PAIRED_tent_score_adapter_test_seed63_03f6d96d,M1-MVTEC-SUPERVISED-PAIRED,MVTec 3D-AD,PatchCore supervised-paired,63,tent_score_adapter,test,elara_master_c/predictions/development/M1-MVTEC-SUPERVISED-PAIRED__MVTec_3D-AD__PatchCore_supervised-paired/tent_score_adapter/test/seed_63__rerun_1.parquet,278,03f6d96d097bf44b22e4a55e3e66e5b6a32d3b694e6177188efc7639a0a12168,12f33c59f63fa30b4f777b00eef761214330c69e8b5fb33cc8ff36a1889e3125,9cfa32ccdcc444d67cf8b26508cd1c70ab30c71c,True,True,2026-06-02T01:13:38Z
M1-MVTEC-SUPERVISED-PAIRED_ttt_pseudo_label_adapter_test_seed63_dca6cb05,M1-MVTEC-SUPERVISED-PAIRED,MVTec 3D-AD,PatchCore supervised-paired,63,ttt_pseudo_label_adapter,test,elara_master_c/predictions/development/M1-MVTEC-SUPERVISED-PAIRED__MVTec_3D-AD__PatchCore_supervised-paired/ttt_pseudo_label_adapter/test/seed_63__rerun_1.parquet,278,dca6cb05ecb0ed65de5d11db63f8b14ad6e9105a2a77c39d548e86d123e8e573,12f33c59f63fa30b4f777b00eef761214330c69e8b5fb33cc8ff36a1889e3125,9cfa32ccdcc444d67cf8b26508cd1c70ab30c71c,True,True,2026-06-02T01:13:38Z
M1-MVTEC-SUPERVISED-PAIRED_eata_score_adapter_test_seed63_745f32bd,M1-MVTEC-SUPERVISED-PAIRED,MVTec 3D-AD,PatchCore supervised-paired,63,eata_score_adapter,test,elara_master_c/predictions/development/M1-MVTEC-SUPERVISED-PAIRED__MVTec_3D-AD__PatchCore_supervised-paired/eata_score_adapter/test/seed_63__rerun_1.parquet,278,745f32bdcebb60c95bc2c475b922e392fec2c1fa0a01ab56d37f42c11b238c40,12f33c59f63fa30b4f777b00eef761214330c69e8b5fb33cc8ff36a1889e3125,9cfa32ccdcc444d67cf8b26508cd1c70ab30c71c,True,True,2026-06-02T01:13:38Z
M1-MVTEC-SUPERVISED-PAIRED_sar_score_adapter_test_seed63_2c57e337,M1-MVTEC-SUPERVISED-PAIRED,MVTec 3D-AD,PatchCore supervised-paired,63,sar_score_adapter,test,elara_master_c/predictions/development/M1-MVTEC-SUPERVISED-PAIRED__MVTec_3D-AD__PatchCore_supervised-paired/sar_score_adapter/test/seed_63__rerun_1.parquet,278,2c57e337972ff36739630bdbd913ee9328a6af820db273438644a7731dff384a,12f33c59f63fa30b4f777b00eef761214330c69e8b5fb33cc8ff36a1889e3125,9cfa32ccdcc444d67cf8b26508cd1c70ab30c71c,True,True,2026-06-02T01:13:38Z
M1-MVTEC-SUPERVISED-PAIRED_static_attention_test_seed64_0cd6015c,M1-MVTEC-SUPERVISED-PAIRED,MVTec 3D-AD,PatchCore supervised-paired,64,static_attention,test,elara_master_c/predictions/development/M1-MVTEC-SUPERVISED-PAIRED__MVTec_3D-AD__PatchCore_supervised-paired/static_attention/test/seed_64__rerun_1.parquet,278,0cd6015cb5183b5513ae0f020fc90afa97e90c18baae38f10bc11ae9dbcfd45c,12f33c59f63fa30b4f777b00eef761214330c69e8b5fb33cc8ff36a1889e3125,9cfa32ccdcc444d67cf8b26508cd1c70ab30c71c,True,True,2026-06-02T01:13:55Z
M1-MVTEC-SUPERVISED-PAIRED_craf_attention_test_seed64_97c69a1e,M1-MVTEC-SUPERVISED-PAIRED,MVTec 3D-AD,PatchCore supervised-paired,64,craf_attention,test,elara_master_c/predictions/development/M1-MVTEC-SUPERVISED-PAIRED__MVTec_3D-AD__PatchCore_supervised-paired/craf_attention/test/seed_64__rerun_1.parquet,278,97c69a1e61e81750596e8ebf811d16274f8880e0764946137be44af9d852632a,12f33c59f63fa30b4f777b00eef761214330c69e8b5fb33cc8ff36a1889e3125,9cfa32ccdcc444d67cf8b26508cd1c70ab30c71c,True,True,2026-06-02T01:13:55Z
M1-MVTEC-SUPERVISED-PAIRED_rga_boosted_fusion_test_seed64_f1f6a004,M1-MVTEC-SUPERVISED-PAIRED,MVTec 3D-AD,PatchCore supervised-paired,64,rga_boosted_fusion,test,elara_master_c/predictions/development/M1-MVTEC-SUPERVISED-PAIRED__MVTec_3D-AD__PatchCore_supervised-paired/rga_boosted_fusion/test/seed_64__rerun_1.parquet,278,f1f6a0047f983de371d2f5dba3ae738c91b8e2d476a6180a9a61768f02dec9d7,12f33c59f63fa30b4f777b00eef761214330c69e8b5fb33cc8ff36a1889e3125,9cfa32ccdcc444d67cf8b26508cd1c70ab30c71c,True,True,2026-06-02T01:13:55Z
M1-MVTEC-SUPERVISED-PAIRED_rga_meta_router_test_seed64_74020af8,M1-MVTEC-SUPERVISED-PAIRED,MVTec 3D-AD,PatchCore supervised-paired,64,rga_meta_router,test,elara_master_c/predictions/development/M1-MVTEC-SUPERVISED-PAIRED__MVTec_3D-AD__PatchCore_supervised-paired/rga_meta_router/test/seed_64__rerun_1.parquet,278,74020af8cb83a3acce551226eac256f2494c9541b5d344630782b597e7a583f1,12f33c59f63fa30b4f777b00eef761214330c69e8b5fb33cc8ff36a1889e3125,9cfa32ccdcc444d67cf8b26508cd1c70ab30c71c,True,True,2026-06-02T01:13:55Z
M1-MVTEC-SUPERVISED-PAIRED_early_fusion_mlp_test_seed64_161ec79f,M1-MVTEC-SUPERVISED-PAIRED,MVTec 3D-AD,PatchCore supervised-paired,64,early_fusion_mlp,test,elara_master_c/predictions/development/M1-MVTEC-SUPERVISED-PAIRED__MVTec_3D-AD__PatchCore_supervised-paired/early_fusion_mlp/test/seed_64__rerun_1.parquet,278,161ec79f4f4463ae8aa5f0459ea22ab46f3521983cc2e75276d55aac2acf8abf,12f33c59f63fa30b4f777b00eef761214330c69e8b5fb33cc8ff36a1889e3125,9cfa32ccdcc444d67cf8b26508cd1c70ab30c71c,True,True,2026-06-02T01:13:55Z
M1-MVTEC-SUPERVISED-PAIRED_late_fusion_ensemble_test_seed64_ea89473c,M1-MVTEC-SUPERVISED-PAIRED,MVTec 3D-AD,PatchCore supervised-paired,64,late_fusion_ensemble,test,elara_master_c/predictions/development/M1-MVTEC-SUPERVISED-PAIRED__MVTec_3D-AD__PatchCore_supervised-paired/late_fusion_ensemble/test/seed_64__rerun_1.parquet,278,ea89473c30ae60b4c71bcdfac95c0c1dc78fbbea614298de2cef6a6c2edde972,12f33c59f63fa30b4f777b00eef761214330c69e8b5fb33cc8ff36a1889e3125,9cfa32ccdcc444d67cf8b26508cd1c70ab30c71c,True,True,2026-06-02T01:13:55Z
M1-MVTEC-SUPERVISED-PAIRED_random_forest_test_seed64_66ddde4f,M1-MVTEC-SUPERVISED-PAIRED,MVTec 3D-AD,PatchCore supervised-paired,64,random_forest,test,elara_master_c/predictions/development/M1-MVTEC-SUPERVISED-PAIRED__MVTec_3D-AD__PatchCore_supervised-paired/random_forest/test/seed_64__rerun_1.parquet,278,66ddde4f578e91a97bd08680ad5666bc28d78dc87447068b4040afda50685acf,12f33c59f63fa30b4f777b00eef761214330c69e8b5fb33cc8ff36a1889e3125,9cfa32ccdcc444d67cf8b26508cd1c70ab30c71c,True,True,2026-06-02T01:13:55Z
M1-MVTEC-SUPERVISED-PAIRED_confidence_weighted_mean_test_seed64_156a824c,M1-MVTEC-SUPERVISED-PAIRED,MVTec 3D-AD,PatchCore supervised-paired,64,confidence_weighted_mean,test,elara_master_c/predictions/development/M1-MVTEC-SUPERVISED-PAIRED__MVTec_3D-AD__PatchCore_supervised-paired/confidence_weighted_mean/test/seed_64__rerun_1.parquet,278,156a824c6fa4b1826a4cd9200d350a05b2d96dd604fc1a84b4a80df0529b977d,12f33c59f63fa30b4f777b00eef761214330c69e8b5fb33cc8ff36a1889e3125,9cfa32ccdcc444d67cf8b26508cd1c70ab30c71c,True,True,2026-06-02T01:13:55Z
M1-MVTEC-SUPERVISED-PAIRED_tent_score_adapter_test_seed64_c7982228,M1-MVTEC-SUPERVISED-PAIRED,MVTec 3D-AD,PatchCore supervised-paired,64,tent_score_adapter,test,elara_master_c/predictions/development/M1-MVTEC-SUPERVISED-PAIRED__MVTec_3D-AD__PatchCore_supervised-paired/tent_score_adapter/test/seed_64__rerun_1.parquet,278,c798222821430d9206a9d92106647ee61c3acdae9d5f2eb907d3f15833f92651,12f33c59f63fa30b4f777b00eef761214330c69e8b5fb33cc8ff36a1889e3125,9cfa32ccdcc444d67cf8b26508cd1c70ab30c71c,True,True,2026-06-02T01:13:55Z
M1-MVTEC-SUPERVISED-PAIRED_ttt_pseudo_label_adapter_test_seed64_11b61bf9,M1-MVTEC-SUPERVISED-PAIRED,MVTec 3D-AD,PatchCore supervised-paired,64,ttt_pseudo_label_adapter,test,elara_master_c/predictions/development/M1-MVTEC-SUPERVISED-PAIRED__MVTec_3D-AD__PatchCore_supervised-paired/ttt_pseudo_label_adapter/test/seed_64__rerun_1.parquet,278,11b61bf991d9e1215af56b50385b2d1ed48251a40b16a3eba8ba897751227bac,12f33c59f63fa30b4f777b00eef761214330c69e8b5fb33cc8ff36a1889e3125,9cfa32ccdcc444d67cf8b26508cd1c70ab30c71c,True,True,2026-06-02T01:13:55Z
M1-MVTEC-SUPERVISED-PAIRED_eata_score_adapter_test_seed64_72632a48,M1-MVTEC-SUPERVISED-PAIRED,MVTec 3D-AD,PatchCore supervised-paired,64,eata_score_adapter,test,elara_master_c/predictions/development/M1-MVTEC-SUPERVISED-PAIRED__MVTec_3D-AD__PatchCore_supervised-paired/eata_score_adapter/test/seed_64__rerun_1.parquet,278,72632a48ed4b8b80b56a72717eca7e0b419e013a3c05055117687da8b5dd4493,12f33c59f63fa30b4f777b00eef761214330c69e8b5fb33cc8ff36a1889e3125,9cfa32ccdcc444d67cf8b26508cd1c70ab30c71c,True,True,2026-06-02T01:13:55Z
M1-MVTEC-SUPERVISED-PAIRED_sar_score_adapter_test_seed64_05cfc8a6,M1-MVTEC-SUPERVISED-PAIRED,MVTec 3D-AD,PatchCore supervised-paired,64,sar_score_adapter,test,elara_master_c/predictions/development/M1-MVTEC-SUPERVISED-PAIRED__MVTec_3D-AD__PatchCore_supervised-paired/sar_score_adapter/test/seed_64__rerun_1.parquet,278,05cfc8a62dcdef3245b4b11a81dab6d2f35cf866cf3cfa0b5162c49d62554101,12f33c59f63fa30b4f777b00eef761214330c69e8b5fb33cc8ff36a1889e3125,9cfa32ccdcc444d67cf8b26508cd1c70ab30c71c,True,True,2026-06-02T01:13:55Z
M1-MVTEC-SUPERVISED-PAIRED_static_attention_test_seed65_4b98b22d,M1-MVTEC-SUPERVISED-PAIRED,MVTec 3D-AD,PatchCore supervised-paired,65,static_attention,test,elara_master_c/predictions/development/M1-MVTEC-SUPERVISED-PAIRED__MVTec_3D-AD__PatchCore_supervised-paired/static_attention/test/seed_65__rerun_1.parquet,278,4b98b22d4ea58374cd874363dacdb39c540316f53567dbea600febd01348f272,12f33c59f63fa30b4f777b00eef761214330c69e8b5fb33cc8ff36a1889e3125,9cfa32ccdcc444d67cf8b26508cd1c70ab30c71c,True,True,2026-06-02T01:14:12Z
M1-MVTEC-SUPERVISED-PAIRED_craf_attention_test_seed65_e75960d1,M1-MVTEC-SUPERVISED-PAIRED,MVTec 3D-AD,PatchCore supervised-paired,65,craf_attention,test,elara_master_c/predictions/development/M1-MVTEC-SUPERVISED-PAIRED__MVTec_3D-AD__PatchCore_supervised-paired/craf_attention/test/seed_65__rerun_1.parquet,278,e75960d17fd6cc1b92518abc4a2c81846fb8cd41002b69de19aec512fd3684b2,12f33c59f63fa30b4f777b00eef761214330c69e8b5fb33cc8ff36a1889e3125,9cfa32ccdcc444d67cf8b26508cd1c70ab30c71c,True,True,2026-06-02T01:14:12Z
M1-MVTEC-SUPERVISED-PAIRED_rga_boosted_fusion_test_seed65_47097940,M1-MVTEC-SUPERVISED-PAIRED,MVTec 3D-AD,PatchCore supervised-paired,65,rga_boosted_fusion,test,elara_master_c/predictions/development/M1-MVTEC-SUPERVISED-PAIRED__MVTec_3D-AD__PatchCore_supervised-paired/rga_boosted_fusion/test/seed_65__rerun_1.parquet,278,470979402c0056fea1516b75c39cd8d5478ce12ed391f239279e53a548578b79,12f33c59f63fa30b4f777b00eef761214330c69e8b5fb33cc8ff36a1889e3125,9cfa32ccdcc444d67cf8b26508cd1c70ab30c71c,True,True,2026-06-02T01:14:12Z
M1-MVTEC-SUPERVISED-PAIRED_rga_meta_router_test_seed65_d38d7d41,M1-MVTEC-SUPERVISED-PAIRED,MVTec 3D-AD,PatchCore supervised-paired,65,rga_meta_router,test,elara_master_c/predictions/development/M1-MVTEC-SUPERVISED-PAIRED__MVTec_3D-AD__PatchCore_supervised-paired/rga_meta_router/test/seed_65__rerun_1.parquet,278,d38d7d4145f42ce170f5fad2fea19b3ac460ab3fc1cf323f840e3255b638c3dc,12f33c59f63fa30b4f777b00eef761214330c69e8b5fb33cc8ff36a1889e3125,9cfa32ccdcc444d67cf8b26508cd1c70ab30c71c,True,True,2026-06-02T01:14:12Z
M1-MVTEC-SUPERVISED-PAIRED_early_fusion_mlp_test_seed65_50d1eb13,M1-MVTEC-SUPERVISED-PAIRED,MVTec 3D-AD,PatchCore supervised-paired,65,early_fusion_mlp,test,elara_master_c/predictions/development/M1-MVTEC-SUPERVISED-PAIRED__MVTec_3D-AD__PatchCore_supervised-paired/early_fusion_mlp/test/seed_65__rerun_1.parquet,278,50d1eb135933575f1bd7e46adfcd97be94eaa51180c2e73ae69e610c7234af0b,12f33c59f63fa30b4f777b00eef761214330c69e8b5fb33cc8ff36a1889e3125,9cfa32ccdcc444d67cf8b26508cd1c70ab30c71c,True,True,2026-06-02T01:14:12Z
M1-MVTEC-SUPERVISED-PAIRED_late_fusion_ensemble_test_seed65_92935fcc,M1-MVTEC-SUPERVISED-PAIRED,MVTec 3D-AD,PatchCore supervised-paired,65,late_fusion_ensemble,test,elara_master_c/predictions/development/M1-MVTEC-SUPERVISED-PAIRED__MVTec_3D-AD__PatchCore_supervised-paired/late_fusion_ensemble/test/seed_65__rerun_1.parquet,278,92935fcc0ba53aceb595687cd606ef101e62c7c7d3f5fed759e5b40063a3827c,12f33c59f63fa30b4f777b00eef761214330c69e8b5fb33cc8ff36a1889e3125,9cfa32ccdcc444d67cf8b26508cd1c70ab30c71c,True,True,2026-06-02T01:14:12Z
M1-MVTEC-SUPERVISED-PAIRED_random_forest_test_seed65_5ad409fd,M1-MVTEC-SUPERVISED-PAIRED,MVTec 3D-AD,PatchCore supervised-paired,65,random_forest,test,elara_master_c/predictions/development/M1-MVTEC-SUPERVISED-PAIRED__MVTec_3D-AD__PatchCore_supervised-paired/random_forest/test/seed_65__rerun_1.parquet,278,5ad409fd89ef1a2a8d0ebcc1339746d69e51f552fcb54dcdf9fcc8e9dbc8ddb8,12f33c59f63fa30b4f777b00eef761214330c69e8b5fb33cc8ff36a1889e3125,9cfa32ccdcc444d67cf8b26508cd1c70ab30c71c,True,True,2026-06-02T01:14:12Z
M1-MVTEC-SUPERVISED-PAIRED_confidence_weighted_mean_test_seed65_90243a35,M1-MVTEC-SUPERVISED-PAIRED,MVTec 3D-AD,PatchCore supervised-paired,65,confidence_weighted_mean,test,elara_master_c/predictions/development/M1-MVTEC-SUPERVISED-PAIRED__MVTec_3D-AD__PatchCore_supervised-paired/confidence_weighted_mean/test/seed_65__rerun_1.parquet,278,90243a35c32c8fd0f1ec496d19b12f39d7e0f0003a740a72d321d4a88a65f5f2,12f33c59f63fa30b4f777b00eef761214330c69e8b5fb33cc8ff36a1889e3125,9cfa32ccdcc444d67cf8b26508cd1c70ab30c71c,True,True,2026-06-02T01:14:12Z
M1-MVTEC-SUPERVISED-PAIRED_tent_score_adapter_test_seed65_cc6891c0,M1-MVTEC-SUPERVISED-PAIRED,MVTec 3D-AD,PatchCore supervised-paired,65,tent_score_adapter,test,elara_master_c/predictions/development/M1-MVTEC-SUPERVISED-PAIRED__MVTec_3D-AD__PatchCore_supervised-paired/tent_score_adapter/test/seed_65__rerun_1.parquet,278,cc6891c0f175367d094931930a3dc00a51a813aeb5d9638e3b0056e5f3ecfdbc,12f33c59f63fa30b4f777b00eef761214330c69e8b5fb33cc8ff36a1889e3125,9cfa32ccdcc444d67cf8b26508cd1c70ab30c71c,True,True,2026-06-02T01:14:12Z
M1-MVTEC-SUPERVISED-PAIRED_ttt_pseudo_label_adapter_test_seed65_a6ab5c6a,M1-MVTEC-SUPERVISED-PAIRED,MVTec 3D-AD,PatchCore supervised-paired,65,ttt_pseudo_label_adapter,test,elara_master_c/predictions/development/M1-MVTEC-SUPERVISED-PAIRED__MVTec_3D-AD__PatchCore_supervised-paired/ttt_pseudo_label_adapter/test/seed_65__rerun_1.parquet,278,a6ab5c6a580f814757294d9167198ccbb7e3decb794aa36fc741d9c0fedbf017,12f33c59f63fa30b4f777b00eef761214330c69e8b5fb33cc8ff36a1889e3125,9cfa32ccdcc444d67cf8b26508cd1c70ab30c71c,True,True,2026-06-02T01:14:12Z
M1-MVTEC-SUPERVISED-PAIRED_eata_score_adapter_test_seed65_c8231762,M1-MVTEC-SUPERVISED-PAIRED,MVTec 3D-AD,PatchCore supervised-paired,65,eata_score_adapter,test,elara_master_c/predictions/development/M1-MVTEC-SUPERVISED-PAIRED__MVTec_3D-AD__PatchCore_supervised-paired/eata_score_adapter/test/seed_65__rerun_1.parquet,278,c8231762f6ac7a839415a96eaeaf293cfefbbd17bd38704c262943b54c8b1396,12f33c59f63fa30b4f777b00eef761214330c69e8b5fb33cc8ff36a1889e3125,9cfa32ccdcc444d67cf8b26508cd1c70ab30c71c,True,True,2026-06-02T01:14:12Z
M1-MVTEC-SUPERVISED-PAIRED_sar_score_adapter_test_seed65_97d394f3,M1-MVTEC-SUPERVISED-PAIRED,MVTec 3D-AD,PatchCore supervised-paired,65,sar_score_adapter,test,elara_master_c/predictions/development/M1-MVTEC-SUPERVISED-PAIRED__MVTec_3D-AD__PatchCore_supervised-paired/sar_score_adapter/test/seed_65__rerun_1.parquet,278,97d394f3002adbc7886ede023221f2eb946eb34646ad42c1b08f21f5b8da1405,12f33c59f63fa30b4f777b00eef761214330c69e8b5fb33cc8ff36a1889e3125,9cfa32ccdcc444d67cf8b26508cd1c70ab30c71c,True,True,2026-06-02T01:14:12Z
M1-MVTEC-SUPERVISED-PAIRED_static_attention_test_seed66_e793625a,M1-MVTEC-SUPERVISED-PAIRED,MVTec 3D-AD,PatchCore supervised-paired,66,static_attention,test,elara_master_c/predictions/development/M1-MVTEC-SUPERVISED-PAIRED__MVTec_3D-AD__PatchCore_supervised-paired/static_attention/test/seed_66__rerun_1.parquet,278,e793625a861daed7304a9caf6f3e06b55eda1da65bf24cd06d80a2f4db4606f3,12f33c59f63fa30b4f777b00eef761214330c69e8b5fb33cc8ff36a1889e3125,9cfa32ccdcc444d67cf8b26508cd1c70ab30c71c,True,True,2026-06-02T01:14:30Z
M1-MVTEC-SUPERVISED-PAIRED_craf_attention_test_seed66_37ee397d,M1-MVTEC-SUPERVISED-PAIRED,MVTec 3D-AD,PatchCore supervised-paired,66,craf_attention,test,elara_master_c/predictions/development/M1-MVTEC-SUPERVISED-PAIRED__MVTec_3D-AD__PatchCore_supervised-paired/craf_attention/test/seed_66__rerun_1.parquet,278,37ee397df359f27454308e6307d65dd8e4f7e317b46eae43aae2ebd9d3d8c1fb,12f33c59f63fa30b4f777b00eef761214330c69e8b5fb33cc8ff36a1889e3125,9cfa32ccdcc444d67cf8b26508cd1c70ab30c71c,True,True,2026-06-02T01:14:30Z
M1-MVTEC-SUPERVISED-PAIRED_rga_boosted_fusion_test_seed66_0bde34d3,M1-MVTEC-SUPERVISED-PAIRED,MVTec 3D-AD,PatchCore supervised-paired,66,rga_boosted_fusion,test,elara_master_c/predictions/development/M1-MVTEC-SUPERVISED-PAIRED__MVTec_3D-AD__PatchCore_supervised-paired/rga_boosted_fusion/test/seed_66__rerun_1.parquet,278,0bde34d33289c178a4ebc69a9deb2351e3c3ba40eed84b861041f0b3bf9e84d0,12f33c59f63fa30b4f777b00eef761214330c69e8b5fb33cc8ff36a1889e3125,9cfa32ccdcc444d67cf8b26508cd1c70ab30c71c,True,True,2026-06-02T01:14:30Z
M1-MVTEC-SUPERVISED-PAIRED_rga_meta_router_test_seed66_1d3616b8,M1-MVTEC-SUPERVISED-PAIRED,MVTec 3D-AD,PatchCore supervised-paired,66,rga_meta_router,test,elara_master_c/predictions/development/M1-MVTEC-SUPERVISED-PAIRED__MVTec_3D-AD__PatchCore_supervised-paired/rga_meta_router/test/seed_66__rerun_1.parquet,278,1d3616b82a39be37d6215d49454315f4aba3e0ca2bb333c5d6bb4b28aee17ad5,12f33c59f63fa30b4f777b00eef761214330c69e8b5fb33cc8ff36a1889e3125,9cfa32ccdcc444d67cf8b26508cd1c70ab30c71c,True,True,2026-06-02T01:14:30Z
M1-MVTEC-SUPERVISED-PAIRED_early_fusion_mlp_test_seed66_e99e85a0,M1-MVTEC-SUPERVISED-PAIRED,MVTec 3D-AD,PatchCore supervised-paired,66,early_fusion_mlp,test,elara_master_c/predictions/development/M1-MVTEC-SUPERVISED-PAIRED__MVTec_3D-AD__PatchCore_supervised-paired/early_fusion_mlp/test/seed_66__rerun_1.parquet,278,e99e85a0b83c6af03021b20d2431625d5b0d6a47a963797870eb76069cd721be,12f33c59f63fa30b4f777b00eef761214330c69e8b5fb33cc8ff36a1889e3125,9cfa32ccdcc444d67cf8b26508cd1c70ab30c71c,True,True,2026-06-02T01:14:30Z
M1-MVTEC-SUPERVISED-PAIRED_late_fusion_ensemble_test_seed66_6c86e557,M1-MVTEC-SUPERVISED-PAIRED,MVTec 3D-AD,PatchCore supervised-paired,66,late_fusion_ensemble,test,elara_master_c/predictions/development/M1-MVTEC-SUPERVISED-PAIRED__MVTec_3D-AD__PatchCore_supervised-paired/late_fusion_ensemble/test/seed_66__rerun_1.parquet,278,6c86e557c9a18a02efd5c0d0d46db241533eb7b945e5be4b4170424c46899e39,12f33c59f63fa30b4f777b00eef761214330c69e8b5fb33cc8ff36a1889e3125,9cfa32ccdcc444d67cf8b26508cd1c70ab30c71c,True,True,2026-06-02T01:14:30Z
M1-MVTEC-SUPERVISED-PAIRED_random_forest_test_seed66_d99df6aa,M1-MVTEC-SUPERVISED-PAIRED,MVTec 3D-AD,PatchCore supervised-paired,66,random_forest,test,elara_master_c/predictions/development/M1-MVTEC-SUPERVISED-PAIRED__MVTec_3D-AD__PatchCore_supervised-paired/random_forest/test/seed_66__rerun_1.parquet,278,d99df6aa780122ef3ee3924f98dc9a4d589d5984b47af22fbbcae4dee4aa1ed5,12f33c59f63fa30b4f777b00eef761214330c69e8b5fb33cc8ff36a1889e3125,9cfa32ccdcc444d67cf8b26508cd1c70ab30c71c,True,True,2026-06-02T01:14:30Z
M1-MVTEC-SUPERVISED-PAIRED_confidence_weighted_mean_test_seed66_97a2ca59,M1-MVTEC-SUPERVISED-PAIRED,MVTec 3D-AD,PatchCore supervised-paired,66,confidence_weighted_mean,test,elara_master_c/predictions/development/M1-MVTEC-SUPERVISED-PAIRED__MVTec_3D-AD__PatchCore_supervised-paired/confidence_weighted_mean/test/seed_66__rerun_1.parquet,278,97a2ca592bbcba3e5a2d53eb42a60e063a09a11ff66f63911014aa8b3f9d9646,12f33c59f63fa30b4f777b00eef761214330c69e8b5fb33cc8ff36a1889e3125,9cfa32ccdcc444d67cf8b26508cd1c70ab30c71c,True,True,2026-06-02T01:14:30Z
M1-MVTEC-SUPERVISED-PAIRED_tent_score_adapter_test_seed66_ba16fd02,M1-MVTEC-SUPERVISED-PAIRED,MVTec 3D-AD,PatchCore supervised-paired,66,tent_score_adapter,test,elara_master_c/predictions/development/M1-MVTEC-SUPERVISED-PAIRED__MVTec_3D-AD__PatchCore_supervised-paired/tent_score_adapter/test/seed_66__rerun_1.parquet,278,ba16fd021d7c2c059cf52eb346e4fff4376507dc1f900865ef8620c9cbca5eff,12f33c59f63fa30b4f777b00eef761214330c69e8b5fb33cc8ff36a1889e3125,9cfa32ccdcc444d67cf8b26508cd1c70ab30c71c,True,True,2026-06-02T01:14:31Z
M1-MVTEC-SUPERVISED-PAIRED_ttt_pseudo_label_adapter_test_seed66_7adaf488,M1-MVTEC-SUPERVISED-PAIRED,MVTec 3D-AD,PatchCore supervised-paired,66,ttt_pseudo_label_adapter,test,elara_master_c/predictions/development/M1-MVTEC-SUPERVISED-PAIRED__MVTec_3D-AD__PatchCore_supervised-paired/ttt_pseudo_label_adapter/test/seed_66__rerun_1.parquet,278,7adaf488db087f2d5c635a8a5b18e538cbf1a7bb4f18eb9f69110005a5963758,12f33c59f63fa30b4f777b00eef761214330c69e8b5fb33cc8ff36a1889e3125,9cfa32ccdcc444d67cf8b26508cd1c70ab30c71c,True,True,2026-06-02T01:14:31Z
M1-MVTEC-SUPERVISED-PAIRED_eata_score_adapter_test_seed66_2a51883d,M1-MVTEC-SUPERVISED-PAIRED,MVTec 3D-AD,PatchCore supervised-paired,66,eata_score_adapter,test,elara_master_c/predictions/development/M1-MVTEC-SUPERVISED-PAIRED__MVTec_3D-AD__PatchCore_supervised-paired/eata_score_adapter/test/seed_66__rerun_1.parquet,278,2a51883d5504add07f4cd83577b610e12d906ffe663c146829327c2e4b90c32b,12f33c59f63fa30b4f777b00eef761214330c69e8b5fb33cc8ff36a1889e3125,9cfa32ccdcc444d67cf8b26508cd1c70ab30c71c,True,True,2026-06-02T01:14:31Z
M1-MVTEC-SUPERVISED-PAIRED_sar_score_adapter_test_seed66_bea6759d,M1-MVTEC-SUPERVISED-PAIRED,MVTec 3D-AD,PatchCore supervised-paired,66,sar_score_adapter,test,elara_master_c/predictions/development/M1-MVTEC-SUPERVISED-PAIRED__MVTec_3D-AD__PatchCore_supervised-paired/sar_score_adapter/test/seed_66__rerun_1.parquet,278,bea6759d03d2ef8bafb3414bfbcb6642635aa8ff8b3e2f6f320e35c796895ffa,12f33c59f63fa30b4f777b00eef761214330c69e8b5fb33cc8ff36a1889e3125,9cfa32ccdcc444d67cf8b26508cd1c70ab30c71c,True,True,2026-06-02T01:14:31Z
M1-MVTEC-SUPERVISED-PAIRED_static_attention_test_seed67_8e445365,M1-MVTEC-SUPERVISED-PAIRED,MVTec 3D-AD,PatchCore supervised-paired,67,static_attention,test,elara_master_c/predictions/development/M1-MVTEC-SUPERVISED-PAIRED__MVTec_3D-AD__PatchCore_supervised-paired/static_attention/test/seed_67__rerun_1.parquet,278,8e44536553ad6efd621f5097e1bef35e3c0d9f5e58f0f9f906e92158bbe7ed1e,12f33c59f63fa30b4f777b00eef761214330c69e8b5fb33cc8ff36a1889e3125,9cfa32ccdcc444d67cf8b26508cd1c70ab30c71c,True,True,2026-06-02T01:14:48Z
M1-MVTEC-SUPERVISED-PAIRED_craf_attention_test_seed67_c963b4a2,M1-MVTEC-SUPERVISED-PAIRED,MVTec 3D-AD,PatchCore supervised-paired,67,craf_attention,test,elara_master_c/predictions/development/M1-MVTEC-SUPERVISED-PAIRED__MVTec_3D-AD__PatchCore_supervised-paired/craf_attention/test/seed_67__rerun_1.parquet,278,c963b4a2b96ed336919bbd86ae0e545b39d9d7871e888651159eeed5ca2bfbcf,12f33c59f63fa30b4f777b00eef761214330c69e8b5fb33cc8ff36a1889e3125,9cfa32ccdcc444d67cf8b26508cd1c70ab30c71c,True,True,2026-06-02T01:14:48Z
M1-MVTEC-SUPERVISED-PAIRED_rga_boosted_fusion_test_seed67_005fe035,M1-MVTEC-SUPERVISED-PAIRED,MVTec 3D-AD,PatchCore supervised-paired,67,rga_boosted_fusion,test,elara_master_c/predictions/development/M1-MVTEC-SUPERVISED-PAIRED__MVTec_3D-AD__PatchCore_supervised-paired/rga_boosted_fusion/test/seed_67__rerun_1.parquet,278,005fe0358d02616898ea4d03b32e62eddd1995e946842dedd9cbd6ca81178815,12f33c59f63fa30b4f777b00eef761214330c69e8b5fb33cc8ff36a1889e3125,9cfa32ccdcc444d67cf8b26508cd1c70ab30c71c,True,True,2026-06-02T01:14:48Z
M1-MVTEC-SUPERVISED-PAIRED_rga_meta_router_test_seed67_1539b036,M1-MVTEC-SUPERVISED-PAIRED,MVTec 3D-AD,PatchCore supervised-paired,67,rga_meta_router,test,elara_master_c/predictions/development/M1-MVTEC-SUPERVISED-PAIRED__MVTec_3D-AD__PatchCore_supervised-paired/rga_meta_router/test/seed_67__rerun_1.parquet,278,1539b036adf1714882b581e1c9dede02994c3e639a186e5d8628deaa974d3ad9,12f33c59f63fa30b4f777b00eef761214330c69e8b5fb33cc8ff36a1889e3125,9cfa32ccdcc444d67cf8b26508cd1c70ab30c71c,True,True,2026-06-02T01:14:48Z
M1-MVTEC-SUPERVISED-PAIRED_early_fusion_mlp_test_seed67_f997da3d,M1-MVTEC-SUPERVISED-PAIRED,MVTec 3D-AD,PatchCore supervised-paired,67,early_fusion_mlp,test,elara_master_c/predictions/development/M1-MVTEC-SUPERVISED-PAIRED__MVTec_3D-AD__PatchCore_supervised-paired/early_fusion_mlp/test/seed_67__rerun_1.parquet,278,f997da3dbbecb09cde50e3b4f804fd490adbace849e0f27580f1f8de81912ee3,12f33c59f63fa30b4f777b00eef761214330c69e8b5fb33cc8ff36a1889e3125,9cfa32ccdcc444d67cf8b26508cd1c70ab30c71c,True,True,2026-06-02T01:14:48Z
M1-MVTEC-SUPERVISED-PAIRED_late_fusion_ensemble_test_seed67_1ae2c37b,M1-MVTEC-SUPERVISED-PAIRED,MVTec 3D-AD,PatchCore supervised-paired,67,late_fusion_ensemble,test,elara_master_c/predictions/development/M1-MVTEC-SUPERVISED-PAIRED__MVTec_3D-AD__PatchCore_supervised-paired/late_fusion_ensemble/test/seed_67__rerun_1.parquet,278,1ae2c37bb0ab7a4123e15cb034564643b524c2754c9e8fc523e5dd077abd7b33,12f33c59f63fa30b4f777b00eef761214330c69e8b5fb33cc8ff36a1889e3125,9cfa32ccdcc444d67cf8b26508cd1c70ab30c71c,True,True,2026-06-02T01:14:48Z
M1-MVTEC-SUPERVISED-PAIRED_random_forest_test_seed67_724d6a6c,M1-MVTEC-SUPERVISED-PAIRED,MVTec 3D-AD,PatchCore supervised-paired,67,random_forest,test,elara_master_c/predictions/development/M1-MVTEC-SUPERVISED-PAIRED__MVTec_3D-AD__PatchCore_supervised-paired/random_forest/test/seed_67__rerun_1.parquet,278,724d6a6c4ff2c105af30971640386aa8fcd00004f8dd60a37c7f148840866129,12f33c59f63fa30b4f777b00eef761214330c69e8b5fb33cc8ff36a1889e3125,9cfa32ccdcc444d67cf8b26508cd1c70ab30c71c,True,True,2026-06-02T01:14:48Z
M1-MVTEC-SUPERVISED-PAIRED_confidence_weighted_mean_test_seed67_92394945,M1-MVTEC-SUPERVISED-PAIRED,MVTec 3D-AD,PatchCore supervised-paired,67,confidence_weighted_mean,test,elara_master_c/predictions/development/M1-MVTEC-SUPERVISED-PAIRED__MVTec_3D-AD__PatchCore_supervised-paired/confidence_weighted_mean/test/seed_67__rerun_1.parquet,278,92394945273d99796c9fb7540633c6bed361e011520b9616505769e000c2fed6,12f33c59f63fa30b4f777b00eef761214330c69e8b5fb33cc8ff36a1889e3125,9cfa32ccdcc444d67cf8b26508cd1c70ab30c71c,True,True,2026-06-02T01:14:48Z
M1-MVTEC-SUPERVISED-PAIRED_tent_score_adapter_test_seed67_b3acbb04,M1-MVTEC-SUPERVISED-PAIRED,MVTec 3D-AD,PatchCore supervised-paired,67,tent_score_adapter,test,elara_master_c/predictions/development/M1-MVTEC-SUPERVISED-PAIRED__MVTec_3D-AD__PatchCore_supervised-paired/tent_score_adapter/test/seed_67__rerun_1.parquet,278,b3acbb04887bc57cd93f92869a56c02bb9e861d92b4a738ce60c81f8b3f312cd,12f33c59f63fa30b4f777b00eef761214330c69e8b5fb33cc8ff36a1889e3125,9cfa32ccdcc444d67cf8b26508cd1c70ab30c71c,True,True,2026-06-02T01:14:48Z
M1-MVTEC-SUPERVISED-PAIRED_ttt_pseudo_label_adapter_test_seed67_15d9a361,M1-MVTEC-SUPERVISED-PAIRED,MVTec 3D-AD,PatchCore supervised-paired,67,ttt_pseudo_label_adapter,test,elara_master_c/predictions/development/M1-MVTEC-SUPERVISED-PAIRED__MVTec_3D-AD__PatchCore_supervised-paired/ttt_pseudo_label_adapter/test/seed_67__rerun_1.parquet,278,15d9a361a4b75206e74335b019945b8db4097a790b9e3f4797fa2ab75b53df10,12f33c59f63fa30b4f777b00eef761214330c69e8b5fb33cc8ff36a1889e3125,9cfa32ccdcc444d67cf8b26508cd1c70ab30c71c,True,True,2026-06-02T01:14:48Z
M1-MVTEC-SUPERVISED-PAIRED_eata_score_adapter_test_seed67_d5f880f5,M1-MVTEC-SUPERVISED-PAIRED,MVTec 3D-AD,PatchCore supervised-paired,67,eata_score_adapter,test,elara_master_c/predictions/development/M1-MVTEC-SUPERVISED-PAIRED__MVTec_3D-AD__PatchCore_supervised-paired/eata_score_adapter/test/seed_67__rerun_1.parquet,278,d5f880f538d1e46000165b739f3a856758e43245e00e6204f0b369831f2c4300,12f33c59f63fa30b4f777b00eef761214330c69e8b5fb33cc8ff36a1889e3125,9cfa32ccdcc444d67cf8b26508cd1c70ab30c71c,True,True,2026-06-02T01:14:48Z
M1-MVTEC-SUPERVISED-PAIRED_sar_score_adapter_test_seed67_d8cee1d1,M1-MVTEC-SUPERVISED-PAIRED,MVTec 3D-AD,PatchCore supervised-paired,67,sar_score_adapter,test,elara_master_c/predictions/development/M1-MVTEC-SUPERVISED-PAIRED__MVTec_3D-AD__PatchCore_supervised-paired/sar_score_adapter/test/seed_67__rerun_1.parquet,278,d8cee1d159b870b339ea3382bb3e641e844dc9f7920267fc9c4faa8cc811db0a,12f33c59f63fa30b4f777b00eef761214330c69e8b5fb33cc8ff36a1889e3125,9cfa32ccdcc444d67cf8b26508cd1c70ab30c71c,True,True,2026-06-02T01:14:48Z
M1-MVTEC-SUPERVISED-PAIRED_static_attention_test_seed68_b1bb6888,M1-MVTEC-SUPERVISED-PAIRED,MVTec 3D-AD,PatchCore supervised-paired,68,static_attention,test,elara_master_c/predictions/development/M1-MVTEC-SUPERVISED-PAIRED__MVTec_3D-AD__PatchCore_supervised-paired/static_attention/test/seed_68__rerun_1.parquet,278,b1bb6888f14a762dc5a84bdd4f6e8951036fb3a68abb522045f2831a057b7148,12f33c59f63fa30b4f777b00eef761214330c69e8b5fb33cc8ff36a1889e3125,9cfa32ccdcc444d67cf8b26508cd1c70ab30c71c,True,True,2026-06-02T01:15:05Z
M1-MVTEC-SUPERVISED-PAIRED_craf_attention_test_seed68_b53e06d6,M1-MVTEC-SUPERVISED-PAIRED,MVTec 3D-AD,PatchCore supervised-paired,68,craf_attention,test,elara_master_c/predictions/development/M1-MVTEC-SUPERVISED-PAIRED__MVTec_3D-AD__PatchCore_supervised-paired/craf_attention/test/seed_68__rerun_1.parquet,278,b53e06d6948fa994b974b6082972107b1a2a92a2a78f67927688dd04d084f2f8,12f33c59f63fa30b4f777b00eef761214330c69e8b5fb33cc8ff36a1889e3125,9cfa32ccdcc444d67cf8b26508cd1c70ab30c71c,True,True,2026-06-02T01:15:05Z
M1-MVTEC-SUPERVISED-PAIRED_rga_boosted_fusion_test_seed68_435b38af,M1-MVTEC-SUPERVISED-PAIRED,MVTec 3D-AD,PatchCore supervised-paired,68,rga_boosted_fusion,test,elara_master_c/predictions/development/M1-MVTEC-SUPERVISED-PAIRED__MVTec_3D-AD__PatchCore_supervised-paired/rga_boosted_fusion/test/seed_68__rerun_1.parquet,278,435b38af51c1c22fe7a9a0cd905af349909b9442ca7b0fbbbc9a8d416eb06d30,12f33c59f63fa30b4f777b00eef761214330c69e8b5fb33cc8ff36a1889e3125,9cfa32ccdcc444d67cf8b26508cd1c70ab30c71c,True,True,2026-06-02T01:15:05Z
M1-MVTEC-SUPERVISED-PAIRED_rga_meta_router_test_seed68_c17110f5,M1-MVTEC-SUPERVISED-PAIRED,MVTec 3D-AD,PatchCore supervised-paired,68,rga_meta_router,test,elara_master_c/predictions/development/M1-MVTEC-SUPERVISED-PAIRED__MVTec_3D-AD__PatchCore_supervised-paired/rga_meta_router/test/seed_68__rerun_1.parquet,278,c17110f5cf649823d75edf076ec2eb0528307b80d6fee83dfbd209fa3d33ddf6,12f33c59f63fa30b4f777b00eef761214330c69e8b5fb33cc8ff36a1889e3125,9cfa32ccdcc444d67cf8b26508cd1c70ab30c71c,True,True,2026-06-02T01:15:05Z
M1-MVTEC-SUPERVISED-PAIRED_early_fusion_mlp_test_seed68_ec08d587,M1-MVTEC-SUPERVISED-PAIRED,MVTec 3D-AD,PatchCore supervised-paired,68,early_fusion_mlp,test,elara_master_c/predictions/development/M1-MVTEC-SUPERVISED-PAIRED__MVTec_3D-AD__PatchCore_supervised-paired/early_fusion_mlp/test/seed_68__rerun_1.parquet,278,ec08d5876fea66455a9ead04aa9a8d6a736f33635f0666b279a299a2159e4b5f,12f33c59f63fa30b4f777b00eef761214330c69e8b5fb33cc8ff36a1889e3125,9cfa32ccdcc444d67cf8b26508cd1c70ab30c71c,True,True,2026-06-02T01:15:05Z
M1-MVTEC-SUPERVISED-PAIRED_late_fusion_ensemble_test_seed68_ed627786,M1-MVTEC-SUPERVISED-PAIRED,MVTec 3D-AD,PatchCore supervised-paired,68,late_fusion_ensemble,test,elara_master_c/predictions/development/M1-MVTEC-SUPERVISED-PAIRED__MVTec_3D-AD__PatchCore_supervised-paired/late_fusion_ensemble/test/seed_68__rerun_1.parquet,278,ed62778641d7874b933daa48ee362398a106098a7b3e78c88342d06bd9b9c24e,12f33c59f63fa30b4f777b00eef761214330c69e8b5fb33cc8ff36a1889e3125,9cfa32ccdcc444d67cf8b26508cd1c70ab30c71c,True,True,2026-06-02T01:15:05Z
M1-MVTEC-SUPERVISED-PAIRED_random_forest_test_seed68_8cc3bad7,M1-MVTEC-SUPERVISED-PAIRED,MVTec 3D-AD,PatchCore supervised-paired,68,random_forest,test,elara_master_c/predictions/development/M1-MVTEC-SUPERVISED-PAIRED__MVTec_3D-AD__PatchCore_supervised-paired/random_forest/test/seed_68__rerun_1.parquet,278,8cc3bad78a334ccb63926fb4fe98171a762b64b9de2cd1ad020b50c35dce61a2,12f33c59f63fa30b4f777b00eef761214330c69e8b5fb33cc8ff36a1889e3125,9cfa32ccdcc444d67cf8b26508cd1c70ab30c71c,True,True,2026-06-02T01:15:05Z
M1-MVTEC-SUPERVISED-PAIRED_confidence_weighted_mean_test_seed68_1a5beac7,M1-MVTEC-SUPERVISED-PAIRED,MVTec 3D-AD,PatchCore supervised-paired,68,confidence_weighted_mean,test,elara_master_c/predictions/development/M1-MVTEC-SUPERVISED-PAIRED__MVTec_3D-AD__PatchCore_supervised-paired/confidence_weighted_mean/test/seed_68__rerun_1.parquet,278,1a5beac7d7b79a59bc870a993b58ad48e8a7dbd6237ac9e5a55608f3c9c53c47,12f33c59f63fa30b4f777b00eef761214330c69e8b5fb33cc8ff36a1889e3125,9cfa32ccdcc444d67cf8b26508cd1c70ab30c71c,True,True,2026-06-02T01:15:05Z
M1-MVTEC-SUPERVISED-PAIRED_tent_score_adapter_test_seed68_956f7829,M1-MVTEC-SUPERVISED-PAIRED,MVTec 3D-AD,PatchCore supervised-paired,68,tent_score_adapter,test,elara_master_c/predictions/development/M1-MVTEC-SUPERVISED-PAIRED__MVTec_3D-AD__PatchCore_supervised-paired/tent_score_adapter/test/seed_68__rerun_1.parquet,278,956f78293375330f9215c684a17cb17a79cdf1d74182e21bfbdb238dcb956808,12f33c59f63fa30b4f777b00eef761214330c69e8b5fb33cc8ff36a1889e3125,9cfa32ccdcc444d67cf8b26508cd1c70ab30c71c,True,True,2026-06-02T01:15:05Z
M1-MVTEC-SUPERVISED-PAIRED_ttt_pseudo_label_adapter_test_seed68_41153f77,M1-MVTEC-SUPERVISED-PAIRED,MVTec 3D-AD,PatchCore supervised-paired,68,ttt_pseudo_label_adapter,test,elara_master_c/predictions/development/M1-MVTEC-SUPERVISED-PAIRED__MVTec_3D-AD__PatchCore_supervised-paired/ttt_pseudo_label_adapter/test/seed_68__rerun_1.parquet,278,41153f77f334186820e3cadfb2a7cd4fece279e591d1921752736666bd00d696,12f33c59f63fa30b4f777b00eef761214330c69e8b5fb33cc8ff36a1889e3125,9cfa32ccdcc444d67cf8b26508cd1c70ab30c71c,True,True,2026-06-02T01:15:05Z
M1-MVTEC-SUPERVISED-PAIRED_eata_score_adapter_test_seed68_ea8334a6,M1-MVTEC-SUPERVISED-PAIRED,MVTec 3D-AD,PatchCore supervised-paired,68,eata_score_adapter,test,elara_master_c/predictions/development/M1-MVTEC-SUPERVISED-PAIRED__MVTec_3D-AD__PatchCore_supervised-paired/eata_score_adapter/test/seed_68__rerun_1.parquet,278,ea8334a6294f18fb4a07062414ed5839398a9312470e7e873a6ce13abba3265e,12f33c59f63fa30b4f777b00eef761214330c69e8b5fb33cc8ff36a1889e3125,9cfa32ccdcc444d67cf8b26508cd1c70ab30c71c,True,True,2026-06-02T01:15:05Z
M1-MVTEC-SUPERVISED-PAIRED_sar_score_adapter_test_seed68_d0b90f45,M1-MVTEC-SUPERVISED-PAIRED,MVTec 3D-AD,PatchCore supervised-paired,68,sar_score_adapter,test,elara_master_c/predictions/development/M1-MVTEC-SUPERVISED-PAIRED__MVTec_3D-AD__PatchCore_supervised-paired/sar_score_adapter/test/seed_68__rerun_1.parquet,278,d0b90f45018ed53261ae205b99377b78e7a2cbd68fef005fad74a859c7d3ed50,12f33c59f63fa30b4f777b00eef761214330c69e8b5fb33cc8ff36a1889e3125,9cfa32ccdcc444d67cf8b26508cd1c70ab30c71c,True,True,2026-06-02T01:15:05Z
M1-MVTEC-SUPERVISED-PAIRED_static_attention_test_seed69_8ff1f2d4,M1-MVTEC-SUPERVISED-PAIRED,MVTec 3D-AD,PatchCore supervised-paired,69,static_attention,test,elara_master_c/predictions/development/M1-MVTEC-SUPERVISED-PAIRED__MVTec_3D-AD__PatchCore_supervised-paired/static_attention/test/seed_69__rerun_1.parquet,278,8ff1f2d4eec8a90dd12872ddef51738e3c1f477eac338c632ceba31c97e31657,12f33c59f63fa30b4f777b00eef761214330c69e8b5fb33cc8ff36a1889e3125,9cfa32ccdcc444d67cf8b26508cd1c70ab30c71c,True,True,2026-06-02T01:15:23Z
M1-MVTEC-SUPERVISED-PAIRED_craf_attention_test_seed69_f15e9b53,M1-MVTEC-SUPERVISED-PAIRED,MVTec 3D-AD,PatchCore supervised-paired,69,craf_attention,test,elara_master_c/predictions/development/M1-MVTEC-SUPERVISED-PAIRED__MVTec_3D-AD__PatchCore_supervised-paired/craf_attention/test/seed_69__rerun_1.parquet,278,f15e9b5366065d2021a7ab241f992b18619707c049bb28066743b77a2d1acbb5,12f33c59f63fa30b4f777b00eef761214330c69e8b5fb33cc8ff36a1889e3125,9cfa32ccdcc444d67cf8b26508cd1c70ab30c71c,True,True,2026-06-02T01:15:23Z
M1-MVTEC-SUPERVISED-PAIRED_rga_boosted_fusion_test_seed69_34adc63f,M1-MVTEC-SUPERVISED-PAIRED,MVTec 3D-AD,PatchCore supervised-paired,69,rga_boosted_fusion,test,elara_master_c/predictions/development/M1-MVTEC-SUPERVISED-PAIRED__MVTec_3D-AD__PatchCore_supervised-paired/rga_boosted_fusion/test/seed_69__rerun_1.parquet,278,34adc63f1937f06d9af470e23ed9217aed00e4fbf2b3c199d3ae5b3f05b68db3,12f33c59f63fa30b4f777b00eef761214330c69e8b5fb33cc8ff36a1889e3125,9cfa32ccdcc444d67cf8b26508cd1c70ab30c71c,True,True,2026-06-02T01:15:23Z
M1-MVTEC-SUPERVISED-PAIRED_rga_meta_router_test_seed69_3854be18,M1-MVTEC-SUPERVISED-PAIRED,MVTec 3D-AD,PatchCore supervised-paired,69,rga_meta_router,test,elara_master_c/predictions/development/M1-MVTEC-SUPERVISED-PAIRED__MVTec_3D-AD__PatchCore_supervised-paired/rga_meta_router/test/seed_69__rerun_1.parquet,278,3854be1891e6e0e14056ccc161eb359d6bd13374d97270d7e4d88d6e9006344c,12f33c59f63fa30b4f777b00eef761214330c69e8b5fb33cc8ff36a1889e3125,9cfa32ccdcc444d67cf8b26508cd1c70ab30c71c,True,True,2026-06-02T01:15:23Z
M1-MVTEC-SUPERVISED-PAIRED_early_fusion_mlp_test_seed69_4de8f4ff,M1-MVTEC-SUPERVISED-PAIRED,MVTec 3D-AD,PatchCore supervised-paired,69,early_fusion_mlp,test,elara_master_c/predictions/development/M1-MVTEC-SUPERVISED-PAIRED__MVTec_3D-AD__PatchCore_supervised-paired/early_fusion_mlp/test/seed_69__rerun_1.parquet,278,4de8f4ff48a85dc2c99bcae57601368808642e59e7f5b9b81ef3da92c5d6a871,12f33c59f63fa30b4f777b00eef761214330c69e8b5fb33cc8ff36a1889e3125,9cfa32ccdcc444d67cf8b26508cd1c70ab30c71c,True,True,2026-06-02T01:15:23Z
M1-MVTEC-SUPERVISED-PAIRED_late_fusion_ensemble_test_seed69_2b849494,M1-MVTEC-SUPERVISED-PAIRED,MVTec 3D-AD,PatchCore supervised-paired,69,late_fusion_ensemble,test,elara_master_c/predictions/development/M1-MVTEC-SUPERVISED-PAIRED__MVTec_3D-AD__PatchCore_supervised-paired/late_fusion_ensemble/test/seed_69__rerun_1.parquet,278,2b8494948acbdd6c86cb21bbd6cb9676f2c62014c64956383460196bc14aa658,12f33c59f63fa30b4f777b00eef761214330c69e8b5fb33cc8ff36a1889e3125,9cfa32ccdcc444d67cf8b26508cd1c70ab30c71c,True,True,2026-06-02T01:15:23Z
M1-MVTEC-SUPERVISED-PAIRED_random_forest_test_seed69_b5e6bece,M1-MVTEC-SUPERVISED-PAIRED,MVTec 3D-AD,PatchCore supervised-paired,69,random_forest,test,elara_master_c/predictions/development/M1-MVTEC-SUPERVISED-PAIRED__MVTec_3D-AD__PatchCore_supervised-paired/random_forest/test/seed_69__rerun_1.parquet,278,b5e6becef3cb0d74a7620de2d14f71fb7574a8e3afa150899f377aca3fb1ed9b,12f33c59f63fa30b4f777b00eef761214330c69e8b5fb33cc8ff36a1889e3125,9cfa32ccdcc444d67cf8b26508cd1c70ab30c71c,True,True,2026-06-02T01:15:23Z
M1-MVTEC-SUPERVISED-PAIRED_confidence_weighted_mean_test_seed69_190e552e,M1-MVTEC-SUPERVISED-PAIRED,MVTec 3D-AD,PatchCore supervised-paired,69,confidence_weighted_mean,test,elara_master_c/predictions/development/M1-MVTEC-SUPERVISED-PAIRED__MVTec_3D-AD__PatchCore_supervised-paired/confidence_weighted_mean/test/seed_69__rerun_1.parquet,278,190e552ebbd54e97063042b1c74c3b238c3150a101317d975400dbad8897ccb3,12f33c59f63fa30b4f777b00eef761214330c69e8b5fb33cc8ff36a1889e3125,9cfa32ccdcc444d67cf8b26508cd1c70ab30c71c,True,True,2026-06-02T01:15:23Z
M1-MVTEC-SUPERVISED-PAIRED_tent_score_adapter_test_seed69_08e4a353,M1-MVTEC-SUPERVISED-PAIRED,MVTec 3D-AD,PatchCore supervised-paired,69,tent_score_adapter,test,elara_master_c/predictions/development/M1-MVTEC-SUPERVISED-PAIRED__MVTec_3D-AD__PatchCore_supervised-paired/tent_score_adapter/test/seed_69__rerun_1.parquet,278,08e4a353020c23275a7a9db6bb0fd1a5406fa3bd28fac790db7abac7a76d48b8,12f33c59f63fa30b4f777b00eef761214330c69e8b5fb33cc8ff36a1889e3125,9cfa32ccdcc444d67cf8b26508cd1c70ab30c71c,True,True,2026-06-02T01:15:23Z
M1-MVTEC-SUPERVISED-PAIRED_ttt_pseudo_label_adapter_test_seed69_39c33307,M1-MVTEC-SUPERVISED-PAIRED,MVTec 3D-AD,PatchCore supervised-paired,69,ttt_pseudo_label_adapter,test,elara_master_c/predictions/development/M1-MVTEC-SUPERVISED-PAIRED__MVTec_3D-AD__PatchCore_supervised-paired/ttt_pseudo_label_adapter/test/seed_69__rerun_1.parquet,278,39c333071be8f883eb509ebabb8f45945b48c6d108e6c0690218651b31a4aebe,12f33c59f63fa30b4f777b00eef761214330c69e8b5fb33cc8ff36a1889e3125,9cfa32ccdcc444d67cf8b26508cd1c70ab30c71c,True,True,2026-06-02T01:15:23Z
M1-MVTEC-SUPERVISED-PAIRED_eata_score_adapter_test_seed69_4483ed41,M1-MVTEC-SUPERVISED-PAIRED,MVTec 3D-AD,PatchCore supervised-paired,69,eata_score_adapter,test,elara_master_c/predictions/development/M1-MVTEC-SUPERVISED-PAIRED__MVTec_3D-AD__PatchCore_supervised-paired/eata_score_adapter/test/seed_69__rerun_1.parquet,278,4483ed4132a71969177dbd251d74315fa759fe759c8461b0581b296da7797da1,12f33c59f63fa30b4f777b00eef761214330c69e8b5fb33cc8ff36a1889e3125,9cfa32ccdcc444d67cf8b26508cd1c70ab30c71c,True,True,2026-06-02T01:15:23Z
M1-MVTEC-SUPERVISED-PAIRED_sar_score_adapter_test_seed69_e9efb086,M1-MVTEC-SUPERVISED-PAIRED,MVTec 3D-AD,PatchCore supervised-paired,69,sar_score_adapter,test,elara_master_c/predictions/development/M1-MVTEC-SUPERVISED-PAIRED__MVTec_3D-AD__PatchCore_supervised-paired/sar_score_adapter/test/seed_69__rerun_1.parquet,278,e9efb08657d5b6e878770311e610f9fc792d965af04e76fdc103f7ab1fe9dc7f,12f33c59f63fa30b4f777b00eef761214330c69e8b5fb33cc8ff36a1889e3125,9cfa32ccdcc444d67cf8b26508cd1c70ab30c71c,True,True,2026-06-02T01:15:23Z
M1-MVTEC-SUPERVISED-PAIRED_static_attention_test_seed70_b6eff1d8,M1-MVTEC-SUPERVISED-PAIRED,MVTec 3D-AD,PatchCore supervised-paired,70,static_attention,test,elara_master_c/predictions/development/M1-MVTEC-SUPERVISED-PAIRED__MVTec_3D-AD__PatchCore_supervised-paired/static_attention/test/seed_70__rerun_1.parquet,278,b6eff1d8896cf5a41a1224f0e0d8b02e61a274fad738bfc5da1952a0072a1c6f,12f33c59f63fa30b4f777b00eef761214330c69e8b5fb33cc8ff36a1889e3125,9cfa32ccdcc444d67cf8b26508cd1c70ab30c71c,True,True,2026-06-02T01:15:41Z
M1-MVTEC-SUPERVISED-PAIRED_craf_attention_test_seed70_cbc024c4,M1-MVTEC-SUPERVISED-PAIRED,MVTec 3D-AD,PatchCore supervised-paired,70,craf_attention,test,elara_master_c/predictions/development/M1-MVTEC-SUPERVISED-PAIRED__MVTec_3D-AD__PatchCore_supervised-paired/craf_attention/test/seed_70__rerun_1.parquet,278,cbc024c447d8b7779f2f7f5f42fe45ebca1203919785fd2b6574c378f9470f33,12f33c59f63fa30b4f777b00eef761214330c69e8b5fb33cc8ff36a1889e3125,9cfa32ccdcc444d67cf8b26508cd1c70ab30c71c,True,True,2026-06-02T01:15:41Z
M1-MVTEC-SUPERVISED-PAIRED_rga_boosted_fusion_test_seed70_d6422cc8,M1-MVTEC-SUPERVISED-PAIRED,MVTec 3D-AD,PatchCore supervised-paired,70,rga_boosted_fusion,test,elara_master_c/predictions/development/M1-MVTEC-SUPERVISED-PAIRED__MVTec_3D-AD__PatchCore_supervised-paired/rga_boosted_fusion/test/seed_70__rerun_1.parquet,278,d6422cc80c618a1f2ca078f3bec142ff0ed60ebb87a92a89de8db8630ca099f7,12f33c59f63fa30b4f777b00eef761214330c69e8b5fb33cc8ff36a1889e3125,9cfa32ccdcc444d67cf8b26508cd1c70ab30c71c,True,True,2026-06-02T01:15:41Z
M1-MVTEC-SUPERVISED-PAIRED_rga_meta_router_test_seed70_fe50b26b,M1-MVTEC-SUPERVISED-PAIRED,MVTec 3D-AD,PatchCore supervised-paired,70,rga_meta_router,test,elara_master_c/predictions/development/M1-MVTEC-SUPERVISED-PAIRED__MVTec_3D-AD__PatchCore_supervised-paired/rga_meta_router/test/seed_70__rerun_1.parquet,278,fe50b26b9fc00ccef8aaed856c964302849d795fc24618ce5faf88637e5ab68a,12f33c59f63fa30b4f777b00eef761214330c69e8b5fb33cc8ff36a1889e3125,9cfa32ccdcc444d67cf8b26508cd1c70ab30c71c,True,True,2026-06-02T01:15:41Z
M1-MVTEC-SUPERVISED-PAIRED_early_fusion_mlp_test_seed70_acd078ce,M1-MVTEC-SUPERVISED-PAIRED,MVTec 3D-AD,PatchCore supervised-paired,70,early_fusion_mlp,test,elara_master_c/predictions/development/M1-MVTEC-SUPERVISED-PAIRED__MVTec_3D-AD__PatchCore_supervised-paired/early_fusion_mlp/test/seed_70__rerun_1.parquet,278,acd078ce9dbc1171913d7b9afd90be1eb0b7f0fafdf34829b2b4ebea65e5eb28,12f33c59f63fa30b4f777b00eef761214330c69e8b5fb33cc8ff36a1889e3125,9cfa32ccdcc444d67cf8b26508cd1c70ab30c71c,True,True,2026-06-02T01:15:41Z
M1-MVTEC-SUPERVISED-PAIRED_late_fusion_ensemble_test_seed70_b55c6d95,M1-MVTEC-SUPERVISED-PAIRED,MVTec 3D-AD,PatchCore supervised-paired,70,late_fusion_ensemble,test,elara_master_c/predictions/development/M1-MVTEC-SUPERVISED-PAIRED__MVTec_3D-AD__PatchCore_supervised-paired/late_fusion_ensemble/test/seed_70__rerun_1.parquet,278,b55c6d952a800964df07382ea34ffa918230e5cd72bf9e79e79ef9ddad0ce962,12f33c59f63fa30b4f777b00eef761214330c69e8b5fb33cc8ff36a1889e3125,9cfa32ccdcc444d67cf8b26508cd1c70ab30c71c,True,True,2026-06-02T01:15:41Z
M1-MVTEC-SUPERVISED-PAIRED_random_forest_test_seed70_3270e67a,M1-MVTEC-SUPERVISED-PAIRED,MVTec 3D-AD,PatchCore supervised-paired,70,random_forest,test,elara_master_c/predictions/development/M1-MVTEC-SUPERVISED-PAIRED__MVTec_3D-AD__PatchCore_supervised-paired/random_forest/test/seed_70__rerun_1.parquet,278,3270e67a3020e61328c61c1687a206237a7c402d480a8ed4f0a6e59521135af8,12f33c59f63fa30b4f777b00eef761214330c69e8b5fb33cc8ff36a1889e3125,9cfa32ccdcc444d67cf8b26508cd1c70ab30c71c,True,True,2026-06-02T01:15:41Z
M1-MVTEC-SUPERVISED-PAIRED_confidence_weighted_mean_test_seed70_fe8ff033,M1-MVTEC-SUPERVISED-PAIRED,MVTec 3D-AD,PatchCore supervised-paired,70,confidence_weighted_mean,test,elara_master_c/predictions/development/M1-MVTEC-SUPERVISED-PAIRED__MVTec_3D-AD__PatchCore_supervised-paired/confidence_weighted_mean/test/seed_70__rerun_1.parquet,278,fe8ff03354f951759e365fc30ce8ef0b2a54cf6bf401b1fb8a5b189c7f15531f,12f33c59f63fa30b4f777b00eef761214330c69e8b5fb33cc8ff36a1889e3125,9cfa32ccdcc444d67cf8b26508cd1c70ab30c71c,True,True,2026-06-02T01:15:41Z
M1-MVTEC-SUPERVISED-PAIRED_tent_score_adapter_test_seed70_debbf0c1,M1-MVTEC-SUPERVISED-PAIRED,MVTec 3D-AD,PatchCore supervised-paired,70,tent_score_adapter,test,elara_master_c/predictions/development/M1-MVTEC-SUPERVISED-PAIRED__MVTec_3D-AD__PatchCore_supervised-paired/tent_score_adapter/test/seed_70__rerun_1.parquet,278,debbf0c110527c689fe3e4e395327c41ea05fb652da430309ed7d93f4f74d693,12f33c59f63fa30b4f777b00eef761214330c69e8b5fb33cc8ff36a1889e3125,9cfa32ccdcc444d67cf8b26508cd1c70ab30c71c,True,True,2026-06-02T01:15:41Z
M1-MVTEC-SUPERVISED-PAIRED_ttt_pseudo_label_adapter_test_seed70_4d55684d,M1-MVTEC-SUPERVISED-PAIRED,MVTec 3D-AD,PatchCore supervised-paired,70,ttt_pseudo_label_adapter,test,elara_master_c/predictions/development/M1-MVTEC-SUPERVISED-PAIRED__MVTec_3D-AD__PatchCore_supervised-paired/ttt_pseudo_label_adapter/test/seed_70__rerun_1.parquet,278,4d55684da32933bbc2282d5af8010dcffe442b15aafa70bc6fbfdc329e982660,12f33c59f63fa30b4f777b00eef761214330c69e8b5fb33cc8ff36a1889e3125,9cfa32ccdcc444d67cf8b26508cd1c70ab30c71c,True,True,2026-06-02T01:15:41Z
M1-MVTEC-SUPERVISED-PAIRED_eata_score_adapter_test_seed70_3c9e38ff,M1-MVTEC-SUPERVISED-PAIRED,MVTec 3D-AD,PatchCore supervised-paired,70,eata_score_adapter,test,elara_master_c/predictions/development/M1-MVTEC-SUPERVISED-PAIRED__MVTec_3D-AD__PatchCore_supervised-paired/eata_score_adapter/test/seed_70__rerun_1.parquet,278,3c9e38ffc0e1d10707a281840c6bac31ffb5a63e448a0685878e616359440bcd,12f33c59f63fa30b4f777b00eef761214330c69e8b5fb33cc8ff36a1889e3125,9cfa32ccdcc444d67cf8b26508cd1c70ab30c71c,True,True,2026-06-02T01:15:41Z
M1-MVTEC-SUPERVISED-PAIRED_sar_score_adapter_test_seed70_bab56750,M1-MVTEC-SUPERVISED-PAIRED,MVTec 3D-AD,PatchCore supervised-paired,70,sar_score_adapter,test,elara_master_c/predictions/development/M1-MVTEC-SUPERVISED-PAIRED__MVTec_3D-AD__PatchCore_supervised-paired/sar_score_adapter/test/seed_70__rerun_1.parquet,278,bab56750596a6a5dccc50c93b00e79ab29fbbbd8ed7f117b02ae3b5787e4095d,12f33c59f63fa30b4f777b00eef761214330c69e8b5fb33cc8ff36a1889e3125,9cfa32ccdcc444d67cf8b26508cd1c70ab30c71c,True,True,2026-06-02T01:15:41Z
M1-MVTEC-SUPERVISED-PAIRED_static_attention_test_seed71_a7c104ee,M1-MVTEC-SUPERVISED-PAIRED,MVTec 3D-AD,PatchCore supervised-paired,71,static_attention,test,elara_master_c/predictions/development/M1-MVTEC-SUPERVISED-PAIRED__MVTec_3D-AD__PatchCore_supervised-paired/static_attention/test/seed_71__rerun_1.parquet,278,a7c104ee2a62a0e5ffc7ae367680d48b9e9ac3b387bd413a33e0d771a24b5a80,12f33c59f63fa30b4f777b00eef761214330c69e8b5fb33cc8ff36a1889e3125,9cfa32ccdcc444d67cf8b26508cd1c70ab30c71c,True,True,2026-06-02T01:16:01Z
M1-MVTEC-SUPERVISED-PAIRED_craf_attention_test_seed71_ffb0b5d8,M1-MVTEC-SUPERVISED-PAIRED,MVTec 3D-AD,PatchCore supervised-paired,71,craf_attention,test,elara_master_c/predictions/development/M1-MVTEC-SUPERVISED-PAIRED__MVTec_3D-AD__PatchCore_supervised-paired/craf_attention/test/seed_71__rerun_1.parquet,278,ffb0b5d80e4f02e73a943816031925184b6544f3cf7f1157cfb403a0d4d0d6b4,12f33c59f63fa30b4f777b00eef761214330c69e8b5fb33cc8ff36a1889e3125,9cfa32ccdcc444d67cf8b26508cd1c70ab30c71c,True,True,2026-06-02T01:16:02Z
M1-MVTEC-SUPERVISED-PAIRED_rga_boosted_fusion_test_seed71_a930db86,M1-MVTEC-SUPERVISED-PAIRED,MVTec 3D-AD,PatchCore supervised-paired,71,rga_boosted_fusion,test,elara_master_c/predictions/development/M1-MVTEC-SUPERVISED-PAIRED__MVTec_3D-AD__PatchCore_supervised-paired/rga_boosted_fusion/test/seed_71__rerun_1.parquet,278,a930db86e2d624d1883737d65525fb449fea9930b7573e6071b199ff8f85eed9,12f33c59f63fa30b4f777b00eef761214330c69e8b5fb33cc8ff36a1889e3125,9cfa32ccdcc444d67cf8b26508cd1c70ab30c71c,True,True,2026-06-02T01:16:02Z
M1-MVTEC-SUPERVISED-PAIRED_rga_meta_router_test_seed71_c2759e26,M1-MVTEC-SUPERVISED-PAIRED,MVTec 3D-AD,PatchCore supervised-paired,71,rga_meta_router,test,elara_master_c/predictions/development/M1-MVTEC-SUPERVISED-PAIRED__MVTec_3D-AD__PatchCore_supervised-paired/rga_meta_router/test/seed_71__rerun_1.parquet,278,c2759e267ecdd7afa44e43f6e268adff67bf3dd0206c1bd37c58b795943226a1,12f33c59f63fa30b4f777b00eef761214330c69e8b5fb33cc8ff36a1889e3125,9cfa32ccdcc444d67cf8b26508cd1c70ab30c71c,True,True,2026-06-02T01:16:02Z
M1-MVTEC-SUPERVISED-PAIRED_early_fusion_mlp_test_seed71_85eee733,M1-MVTEC-SUPERVISED-PAIRED,MVTec 3D-AD,PatchCore supervised-paired,71,early_fusion_mlp,test,elara_master_c/predictions/development/M1-MVTEC-SUPERVISED-PAIRED__MVTec_3D-AD__PatchCore_supervised-paired/early_fusion_mlp/test/seed_71__rerun_1.parquet,278,85eee73314b271fed89982e3b6901bec9d8dbdc36518738bc2b623cb36858c04,12f33c59f63fa30b4f777b00eef761214330c69e8b5fb33cc8ff36a1889e3125,9cfa32ccdcc444d67cf8b26508cd1c70ab30c71c,True,True,2026-06-02T01:16:02Z
M1-MVTEC-SUPERVISED-PAIRED_late_fusion_ensemble_test_seed71_03c88aac,M1-MVTEC-SUPERVISED-PAIRED,MVTec 3D-AD,PatchCore supervised-paired,71,late_fusion_ensemble,test,elara_master_c/predictions/development/M1-MVTEC-SUPERVISED-PAIRED__MVTec_3D-AD__PatchCore_supervised-paired/late_fusion_ensemble/test/seed_71__rerun_1.parquet,278,03c88aacc8671561fcbcd83579f4cfab21a744420c5b78ddfe91703d68e59d47,12f33c59f63fa30b4f777b00eef761214330c69e8b5fb33cc8ff36a1889e3125,9cfa32ccdcc444d67cf8b26508cd1c70ab30c71c,True,True,2026-06-02T01:16:02Z
M1-MVTEC-SUPERVISED-PAIRED_random_forest_test_seed71_0f3610f5,M1-MVTEC-SUPERVISED-PAIRED,MVTec 3D-AD,PatchCore supervised-paired,71,random_forest,test,elara_master_c/predictions/development/M1-MVTEC-SUPERVISED-PAIRED__MVTec_3D-AD__PatchCore_supervised-paired/random_forest/test/seed_71__rerun_1.parquet,278,0f3610f56cec5450f92bc5cecbe107f3fb44d67b396d94a618a0891948e4e97b,12f33c59f63fa30b4f777b00eef761214330c69e8b5fb33cc8ff36a1889e3125,9cfa32ccdcc444d67cf8b26508cd1c70ab30c71c,True,True,2026-06-02T01:16:02Z
M1-MVTEC-SUPERVISED-PAIRED_confidence_weighted_mean_test_seed71_bd75d3be,M1-MVTEC-SUPERVISED-PAIRED,MVTec 3D-AD,PatchCore supervised-paired,71,confidence_weighted_mean,test,elara_master_c/predictions/development/M1-MVTEC-SUPERVISED-PAIRED__MVTec_3D-AD__PatchCore_supervised-paired/confidence_weighted_mean/test/seed_71__rerun_1.parquet,278,bd75d3be3f3e93e9f15183b0081338673e005e4053517f39095c207030df4a56,12f33c59f63fa30b4f777b00eef761214330c69e8b5fb33cc8ff36a1889e3125,9cfa32ccdcc444d67cf8b26508cd1c70ab30c71c,True,True,2026-06-02T01:16:02Z
M1-MVTEC-SUPERVISED-PAIRED_tent_score_adapter_test_seed71_5fa97abd,M1-MVTEC-SUPERVISED-PAIRED,MVTec 3D-AD,PatchCore supervised-paired,71,tent_score_adapter,test,elara_master_c/predictions/development/M1-MVTEC-SUPERVISED-PAIRED__MVTec_3D-AD__PatchCore_supervised-paired/tent_score_adapter/test/seed_71__rerun_1.parquet,278,5fa97abd602169ef9359ae92e1aebbaeca5f781e9be6cf5598f5efe4d239039b,12f33c59f63fa30b4f777b00eef761214330c69e8b5fb33cc8ff36a1889e3125,9cfa32ccdcc444d67cf8b26508cd1c70ab30c71c,True,True,2026-06-02T01:16:02Z
M1-MVTEC-SUPERVISED-PAIRED_ttt_pseudo_label_adapter_test_seed71_e6bb14d9,M1-MVTEC-SUPERVISED-PAIRED,MVTec 3D-AD,PatchCore supervised-paired,71,ttt_pseudo_label_adapter,test,elara_master_c/predictions/development/M1-MVTEC-SUPERVISED-PAIRED__MVTec_3D-AD__PatchCore_supervised-paired/ttt_pseudo_label_adapter/test/seed_71__rerun_1.parquet,278,e6bb14d92e96e807ddc60de0b3bebef8bb169edefb57c6643fac8c0735a7ab0c,12f33c59f63fa30b4f777b00eef761214330c69e8b5fb33cc8ff36a1889e3125,9cfa32ccdcc444d67cf8b26508cd1c70ab30c71c,True,True,2026-06-02T01:16:02Z
M1-MVTEC-SUPERVISED-PAIRED_eata_score_adapter_test_seed71_0d01b956,M1-MVTEC-SUPERVISED-PAIRED,MVTec 3D-AD,PatchCore supervised-paired,71,eata_score_adapter,test,elara_master_c/predictions/development/M1-MVTEC-SUPERVISED-PAIRED__MVTec_3D-AD__PatchCore_supervised-paired/eata_score_adapter/test/seed_71__rerun_1.parquet,278,0d01b9563e3c3fee2663844505829e2e04ae4e7cb967869eeb254beac850e402,12f33c59f63fa30b4f777b00eef761214330c69e8b5fb33cc8ff36a1889e3125,9cfa32ccdcc444d67cf8b26508cd1c70ab30c71c,True,True,2026-06-02T01:16:02Z
M1-MVTEC-SUPERVISED-PAIRED_sar_score_adapter_test_seed71_4ebbf2db,M1-MVTEC-SUPERVISED-PAIRED,MVTec 3D-AD,PatchCore supervised-paired,71,sar_score_adapter,test,elara_master_c/predictions/development/M1-MVTEC-SUPERVISED-PAIRED__MVTec_3D-AD__PatchCore_supervised-paired/sar_score_adapter/test/seed_71__rerun_1.parquet,278,4ebbf2dbdaca0ba34c9bd17df36f6b971185dca28eb1de301561b50fe414b209,12f33c59f63fa30b4f777b00eef761214330c69e8b5fb33cc8ff36a1889e3125,9cfa32ccdcc444d67cf8b26508cd1c70ab30c71c,True,True,2026-06-02T01:16:02Z
