run_id,experiment_id,benchmark,protocol,seed,method,split,artifact_path,rows,sha256,config_hash,commit_hash,validation_only_selection_verified,usable_for_inference,created_utc
M2-CONFIRMATORY_static_attention_test_seed42_64fd2cb8,M2-CONFIRMATORY,MVTec 3D-AD inverted-heldout,M2_one_shot_audit,42,static_attention,test,elara_master_c/predictions/confirmation/M2-CONFIRMATORY__MVTec_3D-AD_inverted-heldout__M2_one_shot_audit/static_attention/test/seed_42.parquet,1545,64fd2cb8b7eed1f392aa03746d4feeb771fa4acd30520d1b8c875c4df498fca9,82442f698510ddf46b10e75c8104d2a84a6d91bb8b64e80517f8a790180addd4,e8073c9a283902592f4bef2d10c2b4d4b18c1648,True,True,2026-05-29T02:37:43Z
M2-CONFIRMATORY_craf_attention_test_seed42_d5a02e19,M2-CONFIRMATORY,MVTec 3D-AD inverted-heldout,M2_one_shot_audit,42,craf_attention,test,elara_master_c/predictions/confirmation/M2-CONFIRMATORY__MVTec_3D-AD_inverted-heldout__M2_one_shot_audit/craf_attention/test/seed_42.parquet,1545,d5a02e1903e8f45a50808256a827f4c57da9f8708dd010686e24665b2114ae9d,82442f698510ddf46b10e75c8104d2a84a6d91bb8b64e80517f8a790180addd4,e8073c9a283902592f4bef2d10c2b4d4b18c1648,True,True,2026-05-29T02:37:43Z
M2-CONFIRMATORY_rga_boosted_fusion_test_seed42_c0fb3148,M2-CONFIRMATORY,MVTec 3D-AD inverted-heldout,M2_one_shot_audit,42,rga_boosted_fusion,test,elara_master_c/predictions/confirmation/M2-CONFIRMATORY__MVTec_3D-AD_inverted-heldout__M2_one_shot_audit/rga_boosted_fusion/test/seed_42.parquet,1545,c0fb31485f9bf22158c33aa1f3b3be567ccbd185e49a4b84cd92cd0f661bc951,82442f698510ddf46b10e75c8104d2a84a6d91bb8b64e80517f8a790180addd4,e8073c9a283902592f4bef2d10c2b4d4b18c1648,True,True,2026-05-29T02:37:43Z
M2-CONFIRMATORY_rga_meta_router_test_seed42_32b7394b,M2-CONFIRMATORY,MVTec 3D-AD inverted-heldout,M2_one_shot_audit,42,rga_meta_router,test,elara_master_c/predictions/confirmation/M2-CONFIRMATORY__MVTec_3D-AD_inverted-heldout__M2_one_shot_audit/rga_meta_router/test/seed_42.parquet,1545,32b7394be14814204e79786db10a610d207f0380de6a35024431b0b6cec7a200,82442f698510ddf46b10e75c8104d2a84a6d91bb8b64e80517f8a790180addd4,e8073c9a283902592f4bef2d10c2b4d4b18c1648,True,True,2026-05-29T02:37:43Z
M2-CONFIRMATORY_early_fusion_mlp_test_seed42_a22b8cb2,M2-CONFIRMATORY,MVTec 3D-AD inverted-heldout,M2_one_shot_audit,42,early_fusion_mlp,test,elara_master_c/predictions/confirmation/M2-CONFIRMATORY__MVTec_3D-AD_inverted-heldout__M2_one_shot_audit/early_fusion_mlp/test/seed_42.parquet,1545,a22b8cb2641d77fc2b33204b324b8c5303a84aba27b6607a4b394bae9957fcdb,82442f698510ddf46b10e75c8104d2a84a6d91bb8b64e80517f8a790180addd4,e8073c9a283902592f4bef2d10c2b4d4b18c1648,True,True,2026-05-29T02:37:44Z
M2-CONFIRMATORY_late_fusion_ensemble_test_seed42_9da1ebe1,M2-CONFIRMATORY,MVTec 3D-AD inverted-heldout,M2_one_shot_audit,42,late_fusion_ensemble,test,elara_master_c/predictions/confirmation/M2-CONFIRMATORY__MVTec_3D-AD_inverted-heldout__M2_one_shot_audit/late_fusion_ensemble/test/seed_42.parquet,1545,9da1ebe17db6f3b93f298dae381e4a6a1f8ff3ebf736454a239c20045063c406,82442f698510ddf46b10e75c8104d2a84a6d91bb8b64e80517f8a790180addd4,e8073c9a283902592f4bef2d10c2b4d4b18c1648,True,True,2026-05-29T02:37:44Z
M2-CONFIRMATORY_random_forest_test_seed42_6f1310d0,M2-CONFIRMATORY,MVTec 3D-AD inverted-heldout,M2_one_shot_audit,42,random_forest,test,elara_master_c/predictions/confirmation/M2-CONFIRMATORY__MVTec_3D-AD_inverted-heldout__M2_one_shot_audit/random_forest/test/seed_42.parquet,1545,6f1310d043240a34575619a2772fd659eea2b038b10ccea260a085e3ac0c974d,82442f698510ddf46b10e75c8104d2a84a6d91bb8b64e80517f8a790180addd4,e8073c9a283902592f4bef2d10c2b4d4b18c1648,True,True,2026-05-29T02:37:44Z
M2-CONFIRMATORY_confidence_weighted_mean_test_seed42_070b9336,M2-CONFIRMATORY,MVTec 3D-AD inverted-heldout,M2_one_shot_audit,42,confidence_weighted_mean,test,elara_master_c/predictions/confirmation/M2-CONFIRMATORY__MVTec_3D-AD_inverted-heldout__M2_one_shot_audit/confidence_weighted_mean/test/seed_42.parquet,1545,070b93362f98c1cc55a8019aa268e2e8675721ddeabf2c9ab0aec8f5ac5f8a70,82442f698510ddf46b10e75c8104d2a84a6d91bb8b64e80517f8a790180addd4,e8073c9a283902592f4bef2d10c2b4d4b18c1648,True,True,2026-05-29T02:37:44Z
M2-CONFIRMATORY_tent_score_adapter_test_seed42_66556cc8,M2-CONFIRMATORY,MVTec 3D-AD inverted-heldout,M2_one_shot_audit,42,tent_score_adapter,test,elara_master_c/predictions/confirmation/M2-CONFIRMATORY__MVTec_3D-AD_inverted-heldout__M2_one_shot_audit/tent_score_adapter/test/seed_42.parquet,1545,66556cc815f02118812226db67c1b649382be18363d0feaf410539ef1547690b,82442f698510ddf46b10e75c8104d2a84a6d91bb8b64e80517f8a790180addd4,e8073c9a283902592f4bef2d10c2b4d4b18c1648,True,True,2026-05-29T02:37:44Z
M2-CONFIRMATORY_ttt_pseudo_label_adapter_test_seed42_bd9e8cbd,M2-CONFIRMATORY,MVTec 3D-AD inverted-heldout,M2_one_shot_audit,42,ttt_pseudo_label_adapter,test,elara_master_c/predictions/confirmation/M2-CONFIRMATORY__MVTec_3D-AD_inverted-heldout__M2_one_shot_audit/ttt_pseudo_label_adapter/test/seed_42.parquet,1545,bd9e8cbda666d9e7400a94409f13d89ad5752f50800b4826da8d48034127307b,82442f698510ddf46b10e75c8104d2a84a6d91bb8b64e80517f8a790180addd4,e8073c9a283902592f4bef2d10c2b4d4b18c1648,True,True,2026-05-29T02:37:44Z
M2-CONFIRMATORY_eata_score_adapter_test_seed42_47aa342a,M2-CONFIRMATORY,MVTec 3D-AD inverted-heldout,M2_one_shot_audit,42,eata_score_adapter,test,elara_master_c/predictions/confirmation/M2-CONFIRMATORY__MVTec_3D-AD_inverted-heldout__M2_one_shot_audit/eata_score_adapter/test/seed_42.parquet,1545,47aa342ac5f936d989424e6c9e336409c7773c67e1c348d5a1399b133907f174,82442f698510ddf46b10e75c8104d2a84a6d91bb8b64e80517f8a790180addd4,e8073c9a283902592f4bef2d10c2b4d4b18c1648,True,True,2026-05-29T02:37:44Z
M2-CONFIRMATORY_sar_score_adapter_test_seed42_ca81cce1,M2-CONFIRMATORY,MVTec 3D-AD inverted-heldout,M2_one_shot_audit,42,sar_score_adapter,test,elara_master_c/predictions/confirmation/M2-CONFIRMATORY__MVTec_3D-AD_inverted-heldout__M2_one_shot_audit/sar_score_adapter/test/seed_42.parquet,1545,ca81cce18d0509457864d1b13f404c5f7e3b0cb4bb7053104d4b2d4a3c2c243f,82442f698510ddf46b10e75c8104d2a84a6d91bb8b64e80517f8a790180addd4,e8073c9a283902592f4bef2d10c2b4d4b18c1648,True,True,2026-05-29T02:37:44Z
M2-CONFIRMATORY_static_attention_test_seed43_bd4977f0,M2-CONFIRMATORY,MVTec 3D-AD inverted-heldout,M2_one_shot_audit,43,static_attention,test,elara_master_c/predictions/confirmation/M2-CONFIRMATORY__MVTec_3D-AD_inverted-heldout__M2_one_shot_audit/static_attention/test/seed_43.parquet,1545,bd4977f0dc8fbef195a0aee59c2109ecf869f0599d1e7d1157ac0132b73cd053,82442f698510ddf46b10e75c8104d2a84a6d91bb8b64e80517f8a790180addd4,e8073c9a283902592f4bef2d10c2b4d4b18c1648,True,True,2026-05-29T02:38:03Z
M2-CONFIRMATORY_craf_attention_test_seed43_74e355e0,M2-CONFIRMATORY,MVTec 3D-AD inverted-heldout,M2_one_shot_audit,43,craf_attention,test,elara_master_c/predictions/confirmation/M2-CONFIRMATORY__MVTec_3D-AD_inverted-heldout__M2_one_shot_audit/craf_attention/test/seed_43.parquet,1545,74e355e0c637fe1d158caf7f80efd9faa0c51154f254878faca09ee3a1b3182b,82442f698510ddf46b10e75c8104d2a84a6d91bb8b64e80517f8a790180addd4,e8073c9a283902592f4bef2d10c2b4d4b18c1648,True,True,2026-05-29T02:38:03Z
M2-CONFIRMATORY_rga_boosted_fusion_test_seed43_bb0a75e5,M2-CONFIRMATORY,MVTec 3D-AD inverted-heldout,M2_one_shot_audit,43,rga_boosted_fusion,test,elara_master_c/predictions/confirmation/M2-CONFIRMATORY__MVTec_3D-AD_inverted-heldout__M2_one_shot_audit/rga_boosted_fusion/test/seed_43.parquet,1545,bb0a75e510356df7cd98d8ae64b3dce82f04c8c9070a4d6662d3c9b1d0a048dd,82442f698510ddf46b10e75c8104d2a84a6d91bb8b64e80517f8a790180addd4,e8073c9a283902592f4bef2d10c2b4d4b18c1648,True,True,2026-05-29T02:38:03Z
M2-CONFIRMATORY_rga_meta_router_test_seed43_f7b30419,M2-CONFIRMATORY,MVTec 3D-AD inverted-heldout,M2_one_shot_audit,43,rga_meta_router,test,elara_master_c/predictions/confirmation/M2-CONFIRMATORY__MVTec_3D-AD_inverted-heldout__M2_one_shot_audit/rga_meta_router/test/seed_43.parquet,1545,f7b30419982e2fe2ad32430a1189353107a70c0b637055aa02b24168816754fc,82442f698510ddf46b10e75c8104d2a84a6d91bb8b64e80517f8a790180addd4,e8073c9a283902592f4bef2d10c2b4d4b18c1648,True,True,2026-05-29T02:38:03Z
M2-CONFIRMATORY_early_fusion_mlp_test_seed43_9fa55135,M2-CONFIRMATORY,MVTec 3D-AD inverted-heldout,M2_one_shot_audit,43,early_fusion_mlp,test,elara_master_c/predictions/confirmation/M2-CONFIRMATORY__MVTec_3D-AD_inverted-heldout__M2_one_shot_audit/early_fusion_mlp/test/seed_43.parquet,1545,9fa551358e460c0e736217e0bcd5e7a5423996728fe3a8911933f78022a73e6f,82442f698510ddf46b10e75c8104d2a84a6d91bb8b64e80517f8a790180addd4,e8073c9a283902592f4bef2d10c2b4d4b18c1648,True,True,2026-05-29T02:38:04Z
M2-CONFIRMATORY_late_fusion_ensemble_test_seed43_0da840e8,M2-CONFIRMATORY,MVTec 3D-AD inverted-heldout,M2_one_shot_audit,43,late_fusion_ensemble,test,elara_master_c/predictions/confirmation/M2-CONFIRMATORY__MVTec_3D-AD_inverted-heldout__M2_one_shot_audit/late_fusion_ensemble/test/seed_43.parquet,1545,0da840e83568e58b9b9576b57725c2c4193b6eca19f8b23ea908dcf79fbc9ea7,82442f698510ddf46b10e75c8104d2a84a6d91bb8b64e80517f8a790180addd4,e8073c9a283902592f4bef2d10c2b4d4b18c1648,True,True,2026-05-29T02:38:04Z
M2-CONFIRMATORY_random_forest_test_seed43_15243bc9,M2-CONFIRMATORY,MVTec 3D-AD inverted-heldout,M2_one_shot_audit,43,random_forest,test,elara_master_c/predictions/confirmation/M2-CONFIRMATORY__MVTec_3D-AD_inverted-heldout__M2_one_shot_audit/random_forest/test/seed_43.parquet,1545,15243bc9b787486bd19fbc78548ffd0fb8155f96b4add66db7968fc3e534f947,82442f698510ddf46b10e75c8104d2a84a6d91bb8b64e80517f8a790180addd4,e8073c9a283902592f4bef2d10c2b4d4b18c1648,True,True,2026-05-29T02:38:04Z
M2-CONFIRMATORY_confidence_weighted_mean_test_seed43_03d63123,M2-CONFIRMATORY,MVTec 3D-AD inverted-heldout,M2_one_shot_audit,43,confidence_weighted_mean,test,elara_master_c/predictions/confirmation/M2-CONFIRMATORY__MVTec_3D-AD_inverted-heldout__M2_one_shot_audit/confidence_weighted_mean/test/seed_43.parquet,1545,03d631237d96f89e241ae78f9bb47588a61ca71e619d63fab1857700d811da69,82442f698510ddf46b10e75c8104d2a84a6d91bb8b64e80517f8a790180addd4,e8073c9a283902592f4bef2d10c2b4d4b18c1648,True,True,2026-05-29T02:38:04Z
M2-CONFIRMATORY_tent_score_adapter_test_seed43_db5fb55f,M2-CONFIRMATORY,MVTec 3D-AD inverted-heldout,M2_one_shot_audit,43,tent_score_adapter,test,elara_master_c/predictions/confirmation/M2-CONFIRMATORY__MVTec_3D-AD_inverted-heldout__M2_one_shot_audit/tent_score_adapter/test/seed_43.parquet,1545,db5fb55fe1e60f0654f3d65c501acc3e52349864d34ffb57e294b79bdc7a1eee,82442f698510ddf46b10e75c8104d2a84a6d91bb8b64e80517f8a790180addd4,e8073c9a283902592f4bef2d10c2b4d4b18c1648,True,True,2026-05-29T02:38:04Z
M2-CONFIRMATORY_ttt_pseudo_label_adapter_test_seed43_3cb9f3cb,M2-CONFIRMATORY,MVTec 3D-AD inverted-heldout,M2_one_shot_audit,43,ttt_pseudo_label_adapter,test,elara_master_c/predictions/confirmation/M2-CONFIRMATORY__MVTec_3D-AD_inverted-heldout__M2_one_shot_audit/ttt_pseudo_label_adapter/test/seed_43.parquet,1545,3cb9f3cb042fc9ecde7d8232cbbf0fc37e5ee64dae865f2657c44b3d24221ef0,82442f698510ddf46b10e75c8104d2a84a6d91bb8b64e80517f8a790180addd4,e8073c9a283902592f4bef2d10c2b4d4b18c1648,True,True,2026-05-29T02:38:04Z
M2-CONFIRMATORY_eata_score_adapter_test_seed43_47ad0c76,M2-CONFIRMATORY,MVTec 3D-AD inverted-heldout,M2_one_shot_audit,43,eata_score_adapter,test,elara_master_c/predictions/confirmation/M2-CONFIRMATORY__MVTec_3D-AD_inverted-heldout__M2_one_shot_audit/eata_score_adapter/test/seed_43.parquet,1545,47ad0c76c4daaac1c4913d3895ddc213633660ba266ee7d4401a17e1b474c7d3,82442f698510ddf46b10e75c8104d2a84a6d91bb8b64e80517f8a790180addd4,e8073c9a283902592f4bef2d10c2b4d4b18c1648,True,True,2026-05-29T02:38:04Z
M2-CONFIRMATORY_sar_score_adapter_test_seed43_db1efc5f,M2-CONFIRMATORY,MVTec 3D-AD inverted-heldout,M2_one_shot_audit,43,sar_score_adapter,test,elara_master_c/predictions/confirmation/M2-CONFIRMATORY__MVTec_3D-AD_inverted-heldout__M2_one_shot_audit/sar_score_adapter/test/seed_43.parquet,1545,db1efc5ff87eb906998959559e55d03c6765e6ea50ca4fdfdc629bef86fae89a,82442f698510ddf46b10e75c8104d2a84a6d91bb8b64e80517f8a790180addd4,e8073c9a283902592f4bef2d10c2b4d4b18c1648,True,True,2026-05-29T02:38:04Z
M2-CONFIRMATORY_static_attention_test_seed44_9b0f9363,M2-CONFIRMATORY,MVTec 3D-AD inverted-heldout,M2_one_shot_audit,44,static_attention,test,elara_master_c/predictions/confirmation/M2-CONFIRMATORY__MVTec_3D-AD_inverted-heldout__M2_one_shot_audit/static_attention/test/seed_44.parquet,1545,9b0f93631b69edec6007396cff578cadac822ad7f73a0ad873d7e6dcaccbeee4,82442f698510ddf46b10e75c8104d2a84a6d91bb8b64e80517f8a790180addd4,e8073c9a283902592f4bef2d10c2b4d4b18c1648,True,True,2026-05-29T02:38:19Z
M2-CONFIRMATORY_craf_attention_test_seed44_611b80d6,M2-CONFIRMATORY,MVTec 3D-AD inverted-heldout,M2_one_shot_audit,44,craf_attention,test,elara_master_c/predictions/confirmation/M2-CONFIRMATORY__MVTec_3D-AD_inverted-heldout__M2_one_shot_audit/craf_attention/test/seed_44.parquet,1545,611b80d61fbd08bf3a427f3b693cff232d972e7b44fe9c7adf42b7db9f4686ff,82442f698510ddf46b10e75c8104d2a84a6d91bb8b64e80517f8a790180addd4,e8073c9a283902592f4bef2d10c2b4d4b18c1648,True,True,2026-05-29T02:38:19Z
M2-CONFIRMATORY_rga_boosted_fusion_test_seed44_7bb50deb,M2-CONFIRMATORY,MVTec 3D-AD inverted-heldout,M2_one_shot_audit,44,rga_boosted_fusion,test,elara_master_c/predictions/confirmation/M2-CONFIRMATORY__MVTec_3D-AD_inverted-heldout__M2_one_shot_audit/rga_boosted_fusion/test/seed_44.parquet,1545,7bb50deb17034aa4985291bffa5ef74e75a9e1c34d92a0e9a0081cef99ca24cb,82442f698510ddf46b10e75c8104d2a84a6d91bb8b64e80517f8a790180addd4,e8073c9a283902592f4bef2d10c2b4d4b18c1648,True,True,2026-05-29T02:38:19Z
M2-CONFIRMATORY_rga_meta_router_test_seed44_4650d007,M2-CONFIRMATORY,MVTec 3D-AD inverted-heldout,M2_one_shot_audit,44,rga_meta_router,test,elara_master_c/predictions/confirmation/M2-CONFIRMATORY__MVTec_3D-AD_inverted-heldout__M2_one_shot_audit/rga_meta_router/test/seed_44.parquet,1545,4650d007102baa1d06c6f7bd006a908cb3ab519ded289dda21e8a4d271bc915b,82442f698510ddf46b10e75c8104d2a84a6d91bb8b64e80517f8a790180addd4,e8073c9a283902592f4bef2d10c2b4d4b18c1648,True,True,2026-05-29T02:38:19Z
M2-CONFIRMATORY_early_fusion_mlp_test_seed44_e4331aac,M2-CONFIRMATORY,MVTec 3D-AD inverted-heldout,M2_one_shot_audit,44,early_fusion_mlp,test,elara_master_c/predictions/confirmation/M2-CONFIRMATORY__MVTec_3D-AD_inverted-heldout__M2_one_shot_audit/early_fusion_mlp/test/seed_44.parquet,1545,e4331aacbc52e970e98bf50c6d1146b2cb9585215ce1fe0f6820750dffb3de94,82442f698510ddf46b10e75c8104d2a84a6d91bb8b64e80517f8a790180addd4,e8073c9a283902592f4bef2d10c2b4d4b18c1648,True,True,2026-05-29T02:38:19Z
M2-CONFIRMATORY_late_fusion_ensemble_test_seed44_14c10fd2,M2-CONFIRMATORY,MVTec 3D-AD inverted-heldout,M2_one_shot_audit,44,late_fusion_ensemble,test,elara_master_c/predictions/confirmation/M2-CONFIRMATORY__MVTec_3D-AD_inverted-heldout__M2_one_shot_audit/late_fusion_ensemble/test/seed_44.parquet,1545,14c10fd2dbbee60c0717037c28e16b0d34646164846a2b5bbe9e774c715abb0d,82442f698510ddf46b10e75c8104d2a84a6d91bb8b64e80517f8a790180addd4,e8073c9a283902592f4bef2d10c2b4d4b18c1648,True,True,2026-05-29T02:38:19Z
M2-CONFIRMATORY_random_forest_test_seed44_8f427d54,M2-CONFIRMATORY,MVTec 3D-AD inverted-heldout,M2_one_shot_audit,44,random_forest,test,elara_master_c/predictions/confirmation/M2-CONFIRMATORY__MVTec_3D-AD_inverted-heldout__M2_one_shot_audit/random_forest/test/seed_44.parquet,1545,8f427d54d745e529e95d3c6475166880a7f4c28608b9749cad4726a5a0522a40,82442f698510ddf46b10e75c8104d2a84a6d91bb8b64e80517f8a790180addd4,e8073c9a283902592f4bef2d10c2b4d4b18c1648,True,True,2026-05-29T02:38:19Z
M2-CONFIRMATORY_confidence_weighted_mean_test_seed44_cb820c6c,M2-CONFIRMATORY,MVTec 3D-AD inverted-heldout,M2_one_shot_audit,44,confidence_weighted_mean,test,elara_master_c/predictions/confirmation/M2-CONFIRMATORY__MVTec_3D-AD_inverted-heldout__M2_one_shot_audit/confidence_weighted_mean/test/seed_44.parquet,1545,cb820c6cd0ae0b65ff2e160fe4f0954beb1a7b7907dbec33773b3437dfb0dbe2,82442f698510ddf46b10e75c8104d2a84a6d91bb8b64e80517f8a790180addd4,e8073c9a283902592f4bef2d10c2b4d4b18c1648,True,True,2026-05-29T02:38:19Z
M2-CONFIRMATORY_tent_score_adapter_test_seed44_dabb8cec,M2-CONFIRMATORY,MVTec 3D-AD inverted-heldout,M2_one_shot_audit,44,tent_score_adapter,test,elara_master_c/predictions/confirmation/M2-CONFIRMATORY__MVTec_3D-AD_inverted-heldout__M2_one_shot_audit/tent_score_adapter/test/seed_44.parquet,1545,dabb8cec16be09ac27d2fb4cf9c1809eaf5f1b9c0bf6bcbff4d67c9dd7344b2b,82442f698510ddf46b10e75c8104d2a84a6d91bb8b64e80517f8a790180addd4,e8073c9a283902592f4bef2d10c2b4d4b18c1648,True,True,2026-05-29T02:38:19Z
M2-CONFIRMATORY_ttt_pseudo_label_adapter_test_seed44_59bbdc88,M2-CONFIRMATORY,MVTec 3D-AD inverted-heldout,M2_one_shot_audit,44,ttt_pseudo_label_adapter,test,elara_master_c/predictions/confirmation/M2-CONFIRMATORY__MVTec_3D-AD_inverted-heldout__M2_one_shot_audit/ttt_pseudo_label_adapter/test/seed_44.parquet,1545,59bbdc882240c32f1c4577a6dd29407ec72fbfac3d9a92c64a187eaa6720dbc1,82442f698510ddf46b10e75c8104d2a84a6d91bb8b64e80517f8a790180addd4,e8073c9a283902592f4bef2d10c2b4d4b18c1648,True,True,2026-05-29T02:38:19Z
M2-CONFIRMATORY_eata_score_adapter_test_seed44_bada6c9c,M2-CONFIRMATORY,MVTec 3D-AD inverted-heldout,M2_one_shot_audit,44,eata_score_adapter,test,elara_master_c/predictions/confirmation/M2-CONFIRMATORY__MVTec_3D-AD_inverted-heldout__M2_one_shot_audit/eata_score_adapter/test/seed_44.parquet,1545,bada6c9c8733e7e2d6f78ea0d9c7904658b096a5fc9809567c6909d46b8e8d49,82442f698510ddf46b10e75c8104d2a84a6d91bb8b64e80517f8a790180addd4,e8073c9a283902592f4bef2d10c2b4d4b18c1648,True,True,2026-05-29T02:38:19Z
M2-CONFIRMATORY_sar_score_adapter_test_seed44_35a1e8c3,M2-CONFIRMATORY,MVTec 3D-AD inverted-heldout,M2_one_shot_audit,44,sar_score_adapter,test,elara_master_c/predictions/confirmation/M2-CONFIRMATORY__MVTec_3D-AD_inverted-heldout__M2_one_shot_audit/sar_score_adapter/test/seed_44.parquet,1545,35a1e8c38427b6ceb5705976112b14442f5e9fb6493c802fd13c4bcc0866527a,82442f698510ddf46b10e75c8104d2a84a6d91bb8b64e80517f8a790180addd4,e8073c9a283902592f4bef2d10c2b4d4b18c1648,True,True,2026-05-29T02:38:20Z
M2-CONFIRMATORY_static_attention_test_seed45_0bf093cd,M2-CONFIRMATORY,MVTec 3D-AD inverted-heldout,M2_one_shot_audit,45,static_attention,test,elara_master_c/predictions/confirmation/M2-CONFIRMATORY__MVTec_3D-AD_inverted-heldout__M2_one_shot_audit/static_attention/test/seed_45.parquet,1545,0bf093cd49bc808586ecc532408a8faa0c15f2f5242e328baadd9d4234467d12,82442f698510ddf46b10e75c8104d2a84a6d91bb8b64e80517f8a790180addd4,e8073c9a283902592f4bef2d10c2b4d4b18c1648,True,True,2026-05-29T02:38:40Z
M2-CONFIRMATORY_craf_attention_test_seed45_5d7e025f,M2-CONFIRMATORY,MVTec 3D-AD inverted-heldout,M2_one_shot_audit,45,craf_attention,test,elara_master_c/predictions/confirmation/M2-CONFIRMATORY__MVTec_3D-AD_inverted-heldout__M2_one_shot_audit/craf_attention/test/seed_45.parquet,1545,5d7e025fd7359ffd18885da44a0cd3b72dddfb539eb0b7a8b3cdbf66f75cc5e8,82442f698510ddf46b10e75c8104d2a84a6d91bb8b64e80517f8a790180addd4,e8073c9a283902592f4bef2d10c2b4d4b18c1648,True,True,2026-05-29T02:38:40Z
M2-CONFIRMATORY_rga_boosted_fusion_test_seed45_dcad8923,M2-CONFIRMATORY,MVTec 3D-AD inverted-heldout,M2_one_shot_audit,45,rga_boosted_fusion,test,elara_master_c/predictions/confirmation/M2-CONFIRMATORY__MVTec_3D-AD_inverted-heldout__M2_one_shot_audit/rga_boosted_fusion/test/seed_45.parquet,1545,dcad8923f2b9444776d7b722a8adae33cadcd37955b974927e39e1a3a25aaab3,82442f698510ddf46b10e75c8104d2a84a6d91bb8b64e80517f8a790180addd4,e8073c9a283902592f4bef2d10c2b4d4b18c1648,True,True,2026-05-29T02:38:40Z
M2-CONFIRMATORY_rga_meta_router_test_seed45_3741925e,M2-CONFIRMATORY,MVTec 3D-AD inverted-heldout,M2_one_shot_audit,45,rga_meta_router,test,elara_master_c/predictions/confirmation/M2-CONFIRMATORY__MVTec_3D-AD_inverted-heldout__M2_one_shot_audit/rga_meta_router/test/seed_45.parquet,1545,3741925ebfcc3b85a8cd67f7c6b7c8827bb798b4b8192673dee385a009d9b3e2,82442f698510ddf46b10e75c8104d2a84a6d91bb8b64e80517f8a790180addd4,e8073c9a283902592f4bef2d10c2b4d4b18c1648,True,True,2026-05-29T02:38:40Z
M2-CONFIRMATORY_early_fusion_mlp_test_seed45_a60ac077,M2-CONFIRMATORY,MVTec 3D-AD inverted-heldout,M2_one_shot_audit,45,early_fusion_mlp,test,elara_master_c/predictions/confirmation/M2-CONFIRMATORY__MVTec_3D-AD_inverted-heldout__M2_one_shot_audit/early_fusion_mlp/test/seed_45.parquet,1545,a60ac077a1d0f6d006f6da24c12ecef7091520cc4512294af590f0ddbd7f3268,82442f698510ddf46b10e75c8104d2a84a6d91bb8b64e80517f8a790180addd4,e8073c9a283902592f4bef2d10c2b4d4b18c1648,True,True,2026-05-29T02:38:40Z
M2-CONFIRMATORY_late_fusion_ensemble_test_seed45_c57dbae3,M2-CONFIRMATORY,MVTec 3D-AD inverted-heldout,M2_one_shot_audit,45,late_fusion_ensemble,test,elara_master_c/predictions/confirmation/M2-CONFIRMATORY__MVTec_3D-AD_inverted-heldout__M2_one_shot_audit/late_fusion_ensemble/test/seed_45.parquet,1545,c57dbae3a36d6a8ce2f58f9d7ef95172e4f3cff9b74853e113e2c89f307ff25a,82442f698510ddf46b10e75c8104d2a84a6d91bb8b64e80517f8a790180addd4,e8073c9a283902592f4bef2d10c2b4d4b18c1648,True,True,2026-05-29T02:38:40Z
M2-CONFIRMATORY_random_forest_test_seed45_a4874263,M2-CONFIRMATORY,MVTec 3D-AD inverted-heldout,M2_one_shot_audit,45,random_forest,test,elara_master_c/predictions/confirmation/M2-CONFIRMATORY__MVTec_3D-AD_inverted-heldout__M2_one_shot_audit/random_forest/test/seed_45.parquet,1545,a4874263c3f06c9bfdf07aa9f546f8171f69719a836e34adc06ea36f034f08c3,82442f698510ddf46b10e75c8104d2a84a6d91bb8b64e80517f8a790180addd4,e8073c9a283902592f4bef2d10c2b4d4b18c1648,True,True,2026-05-29T02:38:40Z
M2-CONFIRMATORY_confidence_weighted_mean_test_seed45_0328aada,M2-CONFIRMATORY,MVTec 3D-AD inverted-heldout,M2_one_shot_audit,45,confidence_weighted_mean,test,elara_master_c/predictions/confirmation/M2-CONFIRMATORY__MVTec_3D-AD_inverted-heldout__M2_one_shot_audit/confidence_weighted_mean/test/seed_45.parquet,1545,0328aada74171e1c67cfc49c45727a8d1140d6eeec5fa523b86efeb63e341d80,82442f698510ddf46b10e75c8104d2a84a6d91bb8b64e80517f8a790180addd4,e8073c9a283902592f4bef2d10c2b4d4b18c1648,True,True,2026-05-29T02:38:41Z
M2-CONFIRMATORY_tent_score_adapter_test_seed45_66e2cdc5,M2-CONFIRMATORY,MVTec 3D-AD inverted-heldout,M2_one_shot_audit,45,tent_score_adapter,test,elara_master_c/predictions/confirmation/M2-CONFIRMATORY__MVTec_3D-AD_inverted-heldout__M2_one_shot_audit/tent_score_adapter/test/seed_45.parquet,1545,66e2cdc5999b08f582115ac5396653ffa0c73bef96e686304d07814a4f1ffed4,82442f698510ddf46b10e75c8104d2a84a6d91bb8b64e80517f8a790180addd4,e8073c9a283902592f4bef2d10c2b4d4b18c1648,True,True,2026-05-29T02:38:41Z
M2-CONFIRMATORY_ttt_pseudo_label_adapter_test_seed45_aed33302,M2-CONFIRMATORY,MVTec 3D-AD inverted-heldout,M2_one_shot_audit,45,ttt_pseudo_label_adapter,test,elara_master_c/predictions/confirmation/M2-CONFIRMATORY__MVTec_3D-AD_inverted-heldout__M2_one_shot_audit/ttt_pseudo_label_adapter/test/seed_45.parquet,1545,aed33302873b750ecc7f0f2cb95d8dafd2886f80c56ab8e7bd1bddd6a85a74cb,82442f698510ddf46b10e75c8104d2a84a6d91bb8b64e80517f8a790180addd4,e8073c9a283902592f4bef2d10c2b4d4b18c1648,True,True,2026-05-29T02:38:41Z
M2-CONFIRMATORY_eata_score_adapter_test_seed45_e4b960ae,M2-CONFIRMATORY,MVTec 3D-AD inverted-heldout,M2_one_shot_audit,45,eata_score_adapter,test,elara_master_c/predictions/confirmation/M2-CONFIRMATORY__MVTec_3D-AD_inverted-heldout__M2_one_shot_audit/eata_score_adapter/test/seed_45.parquet,1545,e4b960ae1b5485f1f83c4bb200f7f1508f1062fac780658881a800cbca0122c2,82442f698510ddf46b10e75c8104d2a84a6d91bb8b64e80517f8a790180addd4,e8073c9a283902592f4bef2d10c2b4d4b18c1648,True,True,2026-05-29T02:38:41Z
M2-CONFIRMATORY_sar_score_adapter_test_seed45_4022322e,M2-CONFIRMATORY,MVTec 3D-AD inverted-heldout,M2_one_shot_audit,45,sar_score_adapter,test,elara_master_c/predictions/confirmation/M2-CONFIRMATORY__MVTec_3D-AD_inverted-heldout__M2_one_shot_audit/sar_score_adapter/test/seed_45.parquet,1545,4022322e7efa9a6be994248ffd3f2448ed9688d570eb2bbd6ae46570b1d1047c,82442f698510ddf46b10e75c8104d2a84a6d91bb8b64e80517f8a790180addd4,e8073c9a283902592f4bef2d10c2b4d4b18c1648,True,True,2026-05-29T02:38:41Z
M2-CONFIRMATORY_static_attention_test_seed46_b95088e0,M2-CONFIRMATORY,MVTec 3D-AD inverted-heldout,M2_one_shot_audit,46,static_attention,test,elara_master_c/predictions/confirmation/M2-CONFIRMATORY__MVTec_3D-AD_inverted-heldout__M2_one_shot_audit/static_attention/test/seed_46.parquet,1545,b95088e07c5d3b0b6302cb072c498638f8aa16900d8cf6db30d6867c069a3301,82442f698510ddf46b10e75c8104d2a84a6d91bb8b64e80517f8a790180addd4,e8073c9a283902592f4bef2d10c2b4d4b18c1648,True,True,2026-05-29T02:38:55Z
M2-CONFIRMATORY_craf_attention_test_seed46_096dfd92,M2-CONFIRMATORY,MVTec 3D-AD inverted-heldout,M2_one_shot_audit,46,craf_attention,test,elara_master_c/predictions/confirmation/M2-CONFIRMATORY__MVTec_3D-AD_inverted-heldout__M2_one_shot_audit/craf_attention/test/seed_46.parquet,1545,096dfd9292043ef1b4258aabe983cdaae7e49b7c6cf82058732de8db4efc4bf0,82442f698510ddf46b10e75c8104d2a84a6d91bb8b64e80517f8a790180addd4,e8073c9a283902592f4bef2d10c2b4d4b18c1648,True,True,2026-05-29T02:38:55Z
M2-CONFIRMATORY_rga_boosted_fusion_test_seed46_1961428f,M2-CONFIRMATORY,MVTec 3D-AD inverted-heldout,M2_one_shot_audit,46,rga_boosted_fusion,test,elara_master_c/predictions/confirmation/M2-CONFIRMATORY__MVTec_3D-AD_inverted-heldout__M2_one_shot_audit/rga_boosted_fusion/test/seed_46.parquet,1545,1961428f4f40f35b152ca64a7458ff0d9d49fb19a10729e95c4ac9ec86515b38,82442f698510ddf46b10e75c8104d2a84a6d91bb8b64e80517f8a790180addd4,e8073c9a283902592f4bef2d10c2b4d4b18c1648,True,True,2026-05-29T02:38:55Z
M2-CONFIRMATORY_rga_meta_router_test_seed46_a070f443,M2-CONFIRMATORY,MVTec 3D-AD inverted-heldout,M2_one_shot_audit,46,rga_meta_router,test,elara_master_c/predictions/confirmation/M2-CONFIRMATORY__MVTec_3D-AD_inverted-heldout__M2_one_shot_audit/rga_meta_router/test/seed_46.parquet,1545,a070f4430b6dcdc038815cb309bd38f627dfe845105b4bd188be3cdf5dd30163,82442f698510ddf46b10e75c8104d2a84a6d91bb8b64e80517f8a790180addd4,e8073c9a283902592f4bef2d10c2b4d4b18c1648,True,True,2026-05-29T02:38:55Z
M2-CONFIRMATORY_early_fusion_mlp_test_seed46_9a942ece,M2-CONFIRMATORY,MVTec 3D-AD inverted-heldout,M2_one_shot_audit,46,early_fusion_mlp,test,elara_master_c/predictions/confirmation/M2-CONFIRMATORY__MVTec_3D-AD_inverted-heldout__M2_one_shot_audit/early_fusion_mlp/test/seed_46.parquet,1545,9a942ecef22a2abde726913f15ff00d9df1d6be2252b6802f6aeaeb29e82755e,82442f698510ddf46b10e75c8104d2a84a6d91bb8b64e80517f8a790180addd4,e8073c9a283902592f4bef2d10c2b4d4b18c1648,True,True,2026-05-29T02:38:55Z
M2-CONFIRMATORY_late_fusion_ensemble_test_seed46_bb2acd66,M2-CONFIRMATORY,MVTec 3D-AD inverted-heldout,M2_one_shot_audit,46,late_fusion_ensemble,test,elara_master_c/predictions/confirmation/M2-CONFIRMATORY__MVTec_3D-AD_inverted-heldout__M2_one_shot_audit/late_fusion_ensemble/test/seed_46.parquet,1545,bb2acd6653f1d437b6e7bf0bc1d18ba8c1d61295090d738b7fc6cfd922ed147b,82442f698510ddf46b10e75c8104d2a84a6d91bb8b64e80517f8a790180addd4,e8073c9a283902592f4bef2d10c2b4d4b18c1648,True,True,2026-05-29T02:38:55Z
M2-CONFIRMATORY_random_forest_test_seed46_091ed1b0,M2-CONFIRMATORY,MVTec 3D-AD inverted-heldout,M2_one_shot_audit,46,random_forest,test,elara_master_c/predictions/confirmation/M2-CONFIRMATORY__MVTec_3D-AD_inverted-heldout__M2_one_shot_audit/random_forest/test/seed_46.parquet,1545,091ed1b0aa6ef95ea0ac4c96f680515764de5468c402942bec38ee5f2dcd5ce7,82442f698510ddf46b10e75c8104d2a84a6d91bb8b64e80517f8a790180addd4,e8073c9a283902592f4bef2d10c2b4d4b18c1648,True,True,2026-05-29T02:38:56Z
M2-CONFIRMATORY_confidence_weighted_mean_test_seed46_303c4c5a,M2-CONFIRMATORY,MVTec 3D-AD inverted-heldout,M2_one_shot_audit,46,confidence_weighted_mean,test,elara_master_c/predictions/confirmation/M2-CONFIRMATORY__MVTec_3D-AD_inverted-heldout__M2_one_shot_audit/confidence_weighted_mean/test/seed_46.parquet,1545,303c4c5a588cfa0f7e32a7397b561d1eb44e9e2ded0505b7f9d395bff0b8034e,82442f698510ddf46b10e75c8104d2a84a6d91bb8b64e80517f8a790180addd4,e8073c9a283902592f4bef2d10c2b4d4b18c1648,True,True,2026-05-29T02:38:56Z
M2-CONFIRMATORY_tent_score_adapter_test_seed46_1ebc5134,M2-CONFIRMATORY,MVTec 3D-AD inverted-heldout,M2_one_shot_audit,46,tent_score_adapter,test,elara_master_c/predictions/confirmation/M2-CONFIRMATORY__MVTec_3D-AD_inverted-heldout__M2_one_shot_audit/tent_score_adapter/test/seed_46.parquet,1545,1ebc5134a250bbe3d7525773d1669f39f5a85c5494111de3f53b0b303e12b963,82442f698510ddf46b10e75c8104d2a84a6d91bb8b64e80517f8a790180addd4,e8073c9a283902592f4bef2d10c2b4d4b18c1648,True,True,2026-05-29T02:38:56Z
M2-CONFIRMATORY_ttt_pseudo_label_adapter_test_seed46_935b7f65,M2-CONFIRMATORY,MVTec 3D-AD inverted-heldout,M2_one_shot_audit,46,ttt_pseudo_label_adapter,test,elara_master_c/predictions/confirmation/M2-CONFIRMATORY__MVTec_3D-AD_inverted-heldout__M2_one_shot_audit/ttt_pseudo_label_adapter/test/seed_46.parquet,1545,935b7f65031f3494517ed3f19eb4b41f739de8bb3379d4e1dc61d765ba297226,82442f698510ddf46b10e75c8104d2a84a6d91bb8b64e80517f8a790180addd4,e8073c9a283902592f4bef2d10c2b4d4b18c1648,True,True,2026-05-29T02:38:56Z
M2-CONFIRMATORY_eata_score_adapter_test_seed46_711e2f09,M2-CONFIRMATORY,MVTec 3D-AD inverted-heldout,M2_one_shot_audit,46,eata_score_adapter,test,elara_master_c/predictions/confirmation/M2-CONFIRMATORY__MVTec_3D-AD_inverted-heldout__M2_one_shot_audit/eata_score_adapter/test/seed_46.parquet,1545,711e2f09ddaa0f36ba3c4501078afa1224016f81c7fa2af6fa9795732e221a3a,82442f698510ddf46b10e75c8104d2a84a6d91bb8b64e80517f8a790180addd4,e8073c9a283902592f4bef2d10c2b4d4b18c1648,True,True,2026-05-29T02:38:56Z
M2-CONFIRMATORY_sar_score_adapter_test_seed46_8895fc14,M2-CONFIRMATORY,MVTec 3D-AD inverted-heldout,M2_one_shot_audit,46,sar_score_adapter,test,elara_master_c/predictions/confirmation/M2-CONFIRMATORY__MVTec_3D-AD_inverted-heldout__M2_one_shot_audit/sar_score_adapter/test/seed_46.parquet,1545,8895fc1406229c7d083f240ea07b9ed1deee0644f711c2be3abb79f7b9ff2988,82442f698510ddf46b10e75c8104d2a84a6d91bb8b64e80517f8a790180addd4,e8073c9a283902592f4bef2d10c2b4d4b18c1648,True,True,2026-05-29T02:38:56Z
M2-CONFIRMATORY_static_attention_test_seed42_64fd2cb8,M2-CONFIRMATORY,MVTec 3D-AD inverted-heldout,M2_one_shot_audit,42,static_attention,test,elara_master_c/predictions/confirmation/M2-CONFIRMATORY__MVTec_3D-AD_inverted-heldout__M2_one_shot_audit/static_attention/test/seed_42__rerun_1.parquet,1545,64fd2cb8b7eed1f392aa03746d4feeb771fa4acd30520d1b8c875c4df498fca9,82442f698510ddf46b10e75c8104d2a84a6d91bb8b64e80517f8a790180addd4,e8073c9a283902592f4bef2d10c2b4d4b18c1648,True,True,2026-05-29T02:40:07Z
M2-CONFIRMATORY_craf_attention_test_seed42_d5a02e19,M2-CONFIRMATORY,MVTec 3D-AD inverted-heldout,M2_one_shot_audit,42,craf_attention,test,elara_master_c/predictions/confirmation/M2-CONFIRMATORY__MVTec_3D-AD_inverted-heldout__M2_one_shot_audit/craf_attention/test/seed_42__rerun_1.parquet,1545,d5a02e1903e8f45a50808256a827f4c57da9f8708dd010686e24665b2114ae9d,82442f698510ddf46b10e75c8104d2a84a6d91bb8b64e80517f8a790180addd4,e8073c9a283902592f4bef2d10c2b4d4b18c1648,True,True,2026-05-29T02:40:07Z
M2-CONFIRMATORY_rga_boosted_fusion_test_seed42_c0fb3148,M2-CONFIRMATORY,MVTec 3D-AD inverted-heldout,M2_one_shot_audit,42,rga_boosted_fusion,test,elara_master_c/predictions/confirmation/M2-CONFIRMATORY__MVTec_3D-AD_inverted-heldout__M2_one_shot_audit/rga_boosted_fusion/test/seed_42__rerun_1.parquet,1545,c0fb31485f9bf22158c33aa1f3b3be567ccbd185e49a4b84cd92cd0f661bc951,82442f698510ddf46b10e75c8104d2a84a6d91bb8b64e80517f8a790180addd4,e8073c9a283902592f4bef2d10c2b4d4b18c1648,True,True,2026-05-29T02:40:07Z
M2-CONFIRMATORY_rga_meta_router_test_seed42_32b7394b,M2-CONFIRMATORY,MVTec 3D-AD inverted-heldout,M2_one_shot_audit,42,rga_meta_router,test,elara_master_c/predictions/confirmation/M2-CONFIRMATORY__MVTec_3D-AD_inverted-heldout__M2_one_shot_audit/rga_meta_router/test/seed_42__rerun_1.parquet,1545,32b7394be14814204e79786db10a610d207f0380de6a35024431b0b6cec7a200,82442f698510ddf46b10e75c8104d2a84a6d91bb8b64e80517f8a790180addd4,e8073c9a283902592f4bef2d10c2b4d4b18c1648,True,True,2026-05-29T02:40:07Z
M2-CONFIRMATORY_early_fusion_mlp_test_seed42_a22b8cb2,M2-CONFIRMATORY,MVTec 3D-AD inverted-heldout,M2_one_shot_audit,42,early_fusion_mlp,test,elara_master_c/predictions/confirmation/M2-CONFIRMATORY__MVTec_3D-AD_inverted-heldout__M2_one_shot_audit/early_fusion_mlp/test/seed_42__rerun_1.parquet,1545,a22b8cb2641d77fc2b33204b324b8c5303a84aba27b6607a4b394bae9957fcdb,82442f698510ddf46b10e75c8104d2a84a6d91bb8b64e80517f8a790180addd4,e8073c9a283902592f4bef2d10c2b4d4b18c1648,True,True,2026-05-29T02:40:07Z
M2-CONFIRMATORY_late_fusion_ensemble_test_seed42_9da1ebe1,M2-CONFIRMATORY,MVTec 3D-AD inverted-heldout,M2_one_shot_audit,42,late_fusion_ensemble,test,elara_master_c/predictions/confirmation/M2-CONFIRMATORY__MVTec_3D-AD_inverted-heldout__M2_one_shot_audit/late_fusion_ensemble/test/seed_42__rerun_1.parquet,1545,9da1ebe17db6f3b93f298dae381e4a6a1f8ff3ebf736454a239c20045063c406,82442f698510ddf46b10e75c8104d2a84a6d91bb8b64e80517f8a790180addd4,e8073c9a283902592f4bef2d10c2b4d4b18c1648,True,True,2026-05-29T02:40:07Z
M2-CONFIRMATORY_random_forest_test_seed42_6f1310d0,M2-CONFIRMATORY,MVTec 3D-AD inverted-heldout,M2_one_shot_audit,42,random_forest,test,elara_master_c/predictions/confirmation/M2-CONFIRMATORY__MVTec_3D-AD_inverted-heldout__M2_one_shot_audit/random_forest/test/seed_42__rerun_1.parquet,1545,6f1310d043240a34575619a2772fd659eea2b038b10ccea260a085e3ac0c974d,82442f698510ddf46b10e75c8104d2a84a6d91bb8b64e80517f8a790180addd4,e8073c9a283902592f4bef2d10c2b4d4b18c1648,True,True,2026-05-29T02:40:07Z
M2-CONFIRMATORY_confidence_weighted_mean_test_seed42_070b9336,M2-CONFIRMATORY,MVTec 3D-AD inverted-heldout,M2_one_shot_audit,42,confidence_weighted_mean,test,elara_master_c/predictions/confirmation/M2-CONFIRMATORY__MVTec_3D-AD_inverted-heldout__M2_one_shot_audit/confidence_weighted_mean/test/seed_42__rerun_1.parquet,1545,070b93362f98c1cc55a8019aa268e2e8675721ddeabf2c9ab0aec8f5ac5f8a70,82442f698510ddf46b10e75c8104d2a84a6d91bb8b64e80517f8a790180addd4,e8073c9a283902592f4bef2d10c2b4d4b18c1648,True,True,2026-05-29T02:40:07Z
M2-CONFIRMATORY_tent_score_adapter_test_seed42_66556cc8,M2-CONFIRMATORY,MVTec 3D-AD inverted-heldout,M2_one_shot_audit,42,tent_score_adapter,test,elara_master_c/predictions/confirmation/M2-CONFIRMATORY__MVTec_3D-AD_inverted-heldout__M2_one_shot_audit/tent_score_adapter/test/seed_42__rerun_1.parquet,1545,66556cc815f02118812226db67c1b649382be18363d0feaf410539ef1547690b,82442f698510ddf46b10e75c8104d2a84a6d91bb8b64e80517f8a790180addd4,e8073c9a283902592f4bef2d10c2b4d4b18c1648,True,True,2026-05-29T02:40:07Z
M2-CONFIRMATORY_ttt_pseudo_label_adapter_test_seed42_bd9e8cbd,M2-CONFIRMATORY,MVTec 3D-AD inverted-heldout,M2_one_shot_audit,42,ttt_pseudo_label_adapter,test,elara_master_c/predictions/confirmation/M2-CONFIRMATORY__MVTec_3D-AD_inverted-heldout__M2_one_shot_audit/ttt_pseudo_label_adapter/test/seed_42__rerun_1.parquet,1545,bd9e8cbda666d9e7400a94409f13d89ad5752f50800b4826da8d48034127307b,82442f698510ddf46b10e75c8104d2a84a6d91bb8b64e80517f8a790180addd4,e8073c9a283902592f4bef2d10c2b4d4b18c1648,True,True,2026-05-29T02:40:07Z
M2-CONFIRMATORY_eata_score_adapter_test_seed42_47aa342a,M2-CONFIRMATORY,MVTec 3D-AD inverted-heldout,M2_one_shot_audit,42,eata_score_adapter,test,elara_master_c/predictions/confirmation/M2-CONFIRMATORY__MVTec_3D-AD_inverted-heldout__M2_one_shot_audit/eata_score_adapter/test/seed_42__rerun_1.parquet,1545,47aa342ac5f936d989424e6c9e336409c7773c67e1c348d5a1399b133907f174,82442f698510ddf46b10e75c8104d2a84a6d91bb8b64e80517f8a790180addd4,e8073c9a283902592f4bef2d10c2b4d4b18c1648,True,True,2026-05-29T02:40:07Z
M2-CONFIRMATORY_sar_score_adapter_test_seed42_ca81cce1,M2-CONFIRMATORY,MVTec 3D-AD inverted-heldout,M2_one_shot_audit,42,sar_score_adapter,test,elara_master_c/predictions/confirmation/M2-CONFIRMATORY__MVTec_3D-AD_inverted-heldout__M2_one_shot_audit/sar_score_adapter/test/seed_42__rerun_1.parquet,1545,ca81cce18d0509457864d1b13f404c5f7e3b0cb4bb7053104d4b2d4a3c2c243f,82442f698510ddf46b10e75c8104d2a84a6d91bb8b64e80517f8a790180addd4,e8073c9a283902592f4bef2d10c2b4d4b18c1648,True,True,2026-05-29T02:40:07Z
M2-CONFIRMATORY_static_attention_test_seed43_bd4977f0,M2-CONFIRMATORY,MVTec 3D-AD inverted-heldout,M2_one_shot_audit,43,static_attention,test,elara_master_c/predictions/confirmation/M2-CONFIRMATORY__MVTec_3D-AD_inverted-heldout__M2_one_shot_audit/static_attention/test/seed_43__rerun_1.parquet,1545,bd4977f0dc8fbef195a0aee59c2109ecf869f0599d1e7d1157ac0132b73cd053,82442f698510ddf46b10e75c8104d2a84a6d91bb8b64e80517f8a790180addd4,e8073c9a283902592f4bef2d10c2b4d4b18c1648,True,True,2026-05-29T02:40:26Z
M2-CONFIRMATORY_craf_attention_test_seed43_74e355e0,M2-CONFIRMATORY,MVTec 3D-AD inverted-heldout,M2_one_shot_audit,43,craf_attention,test,elara_master_c/predictions/confirmation/M2-CONFIRMATORY__MVTec_3D-AD_inverted-heldout__M2_one_shot_audit/craf_attention/test/seed_43__rerun_1.parquet,1545,74e355e0c637fe1d158caf7f80efd9faa0c51154f254878faca09ee3a1b3182b,82442f698510ddf46b10e75c8104d2a84a6d91bb8b64e80517f8a790180addd4,e8073c9a283902592f4bef2d10c2b4d4b18c1648,True,True,2026-05-29T02:40:27Z
M2-CONFIRMATORY_rga_boosted_fusion_test_seed43_bb0a75e5,M2-CONFIRMATORY,MVTec 3D-AD inverted-heldout,M2_one_shot_audit,43,rga_boosted_fusion,test,elara_master_c/predictions/confirmation/M2-CONFIRMATORY__MVTec_3D-AD_inverted-heldout__M2_one_shot_audit/rga_boosted_fusion/test/seed_43__rerun_1.parquet,1545,bb0a75e510356df7cd98d8ae64b3dce82f04c8c9070a4d6662d3c9b1d0a048dd,82442f698510ddf46b10e75c8104d2a84a6d91bb8b64e80517f8a790180addd4,e8073c9a283902592f4bef2d10c2b4d4b18c1648,True,True,2026-05-29T02:40:27Z
M2-CONFIRMATORY_rga_meta_router_test_seed43_f7b30419,M2-CONFIRMATORY,MVTec 3D-AD inverted-heldout,M2_one_shot_audit,43,rga_meta_router,test,elara_master_c/predictions/confirmation/M2-CONFIRMATORY__MVTec_3D-AD_inverted-heldout__M2_one_shot_audit/rga_meta_router/test/seed_43__rerun_1.parquet,1545,f7b30419982e2fe2ad32430a1189353107a70c0b637055aa02b24168816754fc,82442f698510ddf46b10e75c8104d2a84a6d91bb8b64e80517f8a790180addd4,e8073c9a283902592f4bef2d10c2b4d4b18c1648,True,True,2026-05-29T02:40:27Z
M2-CONFIRMATORY_early_fusion_mlp_test_seed43_9fa55135,M2-CONFIRMATORY,MVTec 3D-AD inverted-heldout,M2_one_shot_audit,43,early_fusion_mlp,test,elara_master_c/predictions/confirmation/M2-CONFIRMATORY__MVTec_3D-AD_inverted-heldout__M2_one_shot_audit/early_fusion_mlp/test/seed_43__rerun_1.parquet,1545,9fa551358e460c0e736217e0bcd5e7a5423996728fe3a8911933f78022a73e6f,82442f698510ddf46b10e75c8104d2a84a6d91bb8b64e80517f8a790180addd4,e8073c9a283902592f4bef2d10c2b4d4b18c1648,True,True,2026-05-29T02:40:27Z
M2-CONFIRMATORY_late_fusion_ensemble_test_seed43_0da840e8,M2-CONFIRMATORY,MVTec 3D-AD inverted-heldout,M2_one_shot_audit,43,late_fusion_ensemble,test,elara_master_c/predictions/confirmation/M2-CONFIRMATORY__MVTec_3D-AD_inverted-heldout__M2_one_shot_audit/late_fusion_ensemble/test/seed_43__rerun_1.parquet,1545,0da840e83568e58b9b9576b57725c2c4193b6eca19f8b23ea908dcf79fbc9ea7,82442f698510ddf46b10e75c8104d2a84a6d91bb8b64e80517f8a790180addd4,e8073c9a283902592f4bef2d10c2b4d4b18c1648,True,True,2026-05-29T02:40:27Z
M2-CONFIRMATORY_random_forest_test_seed43_15243bc9,M2-CONFIRMATORY,MVTec 3D-AD inverted-heldout,M2_one_shot_audit,43,random_forest,test,elara_master_c/predictions/confirmation/M2-CONFIRMATORY__MVTec_3D-AD_inverted-heldout__M2_one_shot_audit/random_forest/test/seed_43__rerun_1.parquet,1545,15243bc9b787486bd19fbc78548ffd0fb8155f96b4add66db7968fc3e534f947,82442f698510ddf46b10e75c8104d2a84a6d91bb8b64e80517f8a790180addd4,e8073c9a283902592f4bef2d10c2b4d4b18c1648,True,True,2026-05-29T02:40:27Z
M2-CONFIRMATORY_confidence_weighted_mean_test_seed43_03d63123,M2-CONFIRMATORY,MVTec 3D-AD inverted-heldout,M2_one_shot_audit,43,confidence_weighted_mean,test,elara_master_c/predictions/confirmation/M2-CONFIRMATORY__MVTec_3D-AD_inverted-heldout__M2_one_shot_audit/confidence_weighted_mean/test/seed_43__rerun_1.parquet,1545,03d631237d96f89e241ae78f9bb47588a61ca71e619d63fab1857700d811da69,82442f698510ddf46b10e75c8104d2a84a6d91bb8b64e80517f8a790180addd4,e8073c9a283902592f4bef2d10c2b4d4b18c1648,True,True,2026-05-29T02:40:27Z
M2-CONFIRMATORY_tent_score_adapter_test_seed43_db5fb55f,M2-CONFIRMATORY,MVTec 3D-AD inverted-heldout,M2_one_shot_audit,43,tent_score_adapter,test,elara_master_c/predictions/confirmation/M2-CONFIRMATORY__MVTec_3D-AD_inverted-heldout__M2_one_shot_audit/tent_score_adapter/test/seed_43__rerun_1.parquet,1545,db5fb55fe1e60f0654f3d65c501acc3e52349864d34ffb57e294b79bdc7a1eee,82442f698510ddf46b10e75c8104d2a84a6d91bb8b64e80517f8a790180addd4,e8073c9a283902592f4bef2d10c2b4d4b18c1648,True,True,2026-05-29T02:40:27Z
M2-CONFIRMATORY_ttt_pseudo_label_adapter_test_seed43_3cb9f3cb,M2-CONFIRMATORY,MVTec 3D-AD inverted-heldout,M2_one_shot_audit,43,ttt_pseudo_label_adapter,test,elara_master_c/predictions/confirmation/M2-CONFIRMATORY__MVTec_3D-AD_inverted-heldout__M2_one_shot_audit/ttt_pseudo_label_adapter/test/seed_43__rerun_1.parquet,1545,3cb9f3cb042fc9ecde7d8232cbbf0fc37e5ee64dae865f2657c44b3d24221ef0,82442f698510ddf46b10e75c8104d2a84a6d91bb8b64e80517f8a790180addd4,e8073c9a283902592f4bef2d10c2b4d4b18c1648,True,True,2026-05-29T02:40:27Z
M2-CONFIRMATORY_eata_score_adapter_test_seed43_47ad0c76,M2-CONFIRMATORY,MVTec 3D-AD inverted-heldout,M2_one_shot_audit,43,eata_score_adapter,test,elara_master_c/predictions/confirmation/M2-CONFIRMATORY__MVTec_3D-AD_inverted-heldout__M2_one_shot_audit/eata_score_adapter/test/seed_43__rerun_1.parquet,1545,47ad0c76c4daaac1c4913d3895ddc213633660ba266ee7d4401a17e1b474c7d3,82442f698510ddf46b10e75c8104d2a84a6d91bb8b64e80517f8a790180addd4,e8073c9a283902592f4bef2d10c2b4d4b18c1648,True,True,2026-05-29T02:40:27Z
M2-CONFIRMATORY_sar_score_adapter_test_seed43_db1efc5f,M2-CONFIRMATORY,MVTec 3D-AD inverted-heldout,M2_one_shot_audit,43,sar_score_adapter,test,elara_master_c/predictions/confirmation/M2-CONFIRMATORY__MVTec_3D-AD_inverted-heldout__M2_one_shot_audit/sar_score_adapter/test/seed_43__rerun_1.parquet,1545,db1efc5ff87eb906998959559e55d03c6765e6ea50ca4fdfdc629bef86fae89a,82442f698510ddf46b10e75c8104d2a84a6d91bb8b64e80517f8a790180addd4,e8073c9a283902592f4bef2d10c2b4d4b18c1648,True,True,2026-05-29T02:40:27Z
M2-CONFIRMATORY_static_attention_test_seed44_9b0f9363,M2-CONFIRMATORY,MVTec 3D-AD inverted-heldout,M2_one_shot_audit,44,static_attention,test,elara_master_c/predictions/confirmation/M2-CONFIRMATORY__MVTec_3D-AD_inverted-heldout__M2_one_shot_audit/static_attention/test/seed_44__rerun_1.parquet,1545,9b0f93631b69edec6007396cff578cadac822ad7f73a0ad873d7e6dcaccbeee4,82442f698510ddf46b10e75c8104d2a84a6d91bb8b64e80517f8a790180addd4,e8073c9a283902592f4bef2d10c2b4d4b18c1648,True,True,2026-05-29T02:40:46Z
M2-CONFIRMATORY_craf_attention_test_seed44_611b80d6,M2-CONFIRMATORY,MVTec 3D-AD inverted-heldout,M2_one_shot_audit,44,craf_attention,test,elara_master_c/predictions/confirmation/M2-CONFIRMATORY__MVTec_3D-AD_inverted-heldout__M2_one_shot_audit/craf_attention/test/seed_44__rerun_1.parquet,1545,611b80d61fbd08bf3a427f3b693cff232d972e7b44fe9c7adf42b7db9f4686ff,82442f698510ddf46b10e75c8104d2a84a6d91bb8b64e80517f8a790180addd4,e8073c9a283902592f4bef2d10c2b4d4b18c1648,True,True,2026-05-29T02:40:46Z
M2-CONFIRMATORY_rga_boosted_fusion_test_seed44_7bb50deb,M2-CONFIRMATORY,MVTec 3D-AD inverted-heldout,M2_one_shot_audit,44,rga_boosted_fusion,test,elara_master_c/predictions/confirmation/M2-CONFIRMATORY__MVTec_3D-AD_inverted-heldout__M2_one_shot_audit/rga_boosted_fusion/test/seed_44__rerun_1.parquet,1545,7bb50deb17034aa4985291bffa5ef74e75a9e1c34d92a0e9a0081cef99ca24cb,82442f698510ddf46b10e75c8104d2a84a6d91bb8b64e80517f8a790180addd4,e8073c9a283902592f4bef2d10c2b4d4b18c1648,True,True,2026-05-29T02:40:46Z
M2-CONFIRMATORY_rga_meta_router_test_seed44_4650d007,M2-CONFIRMATORY,MVTec 3D-AD inverted-heldout,M2_one_shot_audit,44,rga_meta_router,test,elara_master_c/predictions/confirmation/M2-CONFIRMATORY__MVTec_3D-AD_inverted-heldout__M2_one_shot_audit/rga_meta_router/test/seed_44__rerun_1.parquet,1545,4650d007102baa1d06c6f7bd006a908cb3ab519ded289dda21e8a4d271bc915b,82442f698510ddf46b10e75c8104d2a84a6d91bb8b64e80517f8a790180addd4,e8073c9a283902592f4bef2d10c2b4d4b18c1648,True,True,2026-05-29T02:40:46Z
M2-CONFIRMATORY_early_fusion_mlp_test_seed44_e4331aac,M2-CONFIRMATORY,MVTec 3D-AD inverted-heldout,M2_one_shot_audit,44,early_fusion_mlp,test,elara_master_c/predictions/confirmation/M2-CONFIRMATORY__MVTec_3D-AD_inverted-heldout__M2_one_shot_audit/early_fusion_mlp/test/seed_44__rerun_1.parquet,1545,e4331aacbc52e970e98bf50c6d1146b2cb9585215ce1fe0f6820750dffb3de94,82442f698510ddf46b10e75c8104d2a84a6d91bb8b64e80517f8a790180addd4,e8073c9a283902592f4bef2d10c2b4d4b18c1648,True,True,2026-05-29T02:40:46Z
M2-CONFIRMATORY_late_fusion_ensemble_test_seed44_14c10fd2,M2-CONFIRMATORY,MVTec 3D-AD inverted-heldout,M2_one_shot_audit,44,late_fusion_ensemble,test,elara_master_c/predictions/confirmation/M2-CONFIRMATORY__MVTec_3D-AD_inverted-heldout__M2_one_shot_audit/late_fusion_ensemble/test/seed_44__rerun_1.parquet,1545,14c10fd2dbbee60c0717037c28e16b0d34646164846a2b5bbe9e774c715abb0d,82442f698510ddf46b10e75c8104d2a84a6d91bb8b64e80517f8a790180addd4,e8073c9a283902592f4bef2d10c2b4d4b18c1648,True,True,2026-05-29T02:40:46Z
M2-CONFIRMATORY_random_forest_test_seed44_8f427d54,M2-CONFIRMATORY,MVTec 3D-AD inverted-heldout,M2_one_shot_audit,44,random_forest,test,elara_master_c/predictions/confirmation/M2-CONFIRMATORY__MVTec_3D-AD_inverted-heldout__M2_one_shot_audit/random_forest/test/seed_44__rerun_1.parquet,1545,8f427d54d745e529e95d3c6475166880a7f4c28608b9749cad4726a5a0522a40,82442f698510ddf46b10e75c8104d2a84a6d91bb8b64e80517f8a790180addd4,e8073c9a283902592f4bef2d10c2b4d4b18c1648,True,True,2026-05-29T02:40:46Z
M2-CONFIRMATORY_confidence_weighted_mean_test_seed44_cb820c6c,M2-CONFIRMATORY,MVTec 3D-AD inverted-heldout,M2_one_shot_audit,44,confidence_weighted_mean,test,elara_master_c/predictions/confirmation/M2-CONFIRMATORY__MVTec_3D-AD_inverted-heldout__M2_one_shot_audit/confidence_weighted_mean/test/seed_44__rerun_1.parquet,1545,cb820c6cd0ae0b65ff2e160fe4f0954beb1a7b7907dbec33773b3437dfb0dbe2,82442f698510ddf46b10e75c8104d2a84a6d91bb8b64e80517f8a790180addd4,e8073c9a283902592f4bef2d10c2b4d4b18c1648,True,True,2026-05-29T02:40:46Z
M2-CONFIRMATORY_tent_score_adapter_test_seed44_dabb8cec,M2-CONFIRMATORY,MVTec 3D-AD inverted-heldout,M2_one_shot_audit,44,tent_score_adapter,test,elara_master_c/predictions/confirmation/M2-CONFIRMATORY__MVTec_3D-AD_inverted-heldout__M2_one_shot_audit/tent_score_adapter/test/seed_44__rerun_1.parquet,1545,dabb8cec16be09ac27d2fb4cf9c1809eaf5f1b9c0bf6bcbff4d67c9dd7344b2b,82442f698510ddf46b10e75c8104d2a84a6d91bb8b64e80517f8a790180addd4,e8073c9a283902592f4bef2d10c2b4d4b18c1648,True,True,2026-05-29T02:40:46Z
M2-CONFIRMATORY_ttt_pseudo_label_adapter_test_seed44_59bbdc88,M2-CONFIRMATORY,MVTec 3D-AD inverted-heldout,M2_one_shot_audit,44,ttt_pseudo_label_adapter,test,elara_master_c/predictions/confirmation/M2-CONFIRMATORY__MVTec_3D-AD_inverted-heldout__M2_one_shot_audit/ttt_pseudo_label_adapter/test/seed_44__rerun_1.parquet,1545,59bbdc882240c32f1c4577a6dd29407ec72fbfac3d9a92c64a187eaa6720dbc1,82442f698510ddf46b10e75c8104d2a84a6d91bb8b64e80517f8a790180addd4,e8073c9a283902592f4bef2d10c2b4d4b18c1648,True,True,2026-05-29T02:40:46Z
M2-CONFIRMATORY_eata_score_adapter_test_seed44_bada6c9c,M2-CONFIRMATORY,MVTec 3D-AD inverted-heldout,M2_one_shot_audit,44,eata_score_adapter,test,elara_master_c/predictions/confirmation/M2-CONFIRMATORY__MVTec_3D-AD_inverted-heldout__M2_one_shot_audit/eata_score_adapter/test/seed_44__rerun_1.parquet,1545,bada6c9c8733e7e2d6f78ea0d9c7904658b096a5fc9809567c6909d46b8e8d49,82442f698510ddf46b10e75c8104d2a84a6d91bb8b64e80517f8a790180addd4,e8073c9a283902592f4bef2d10c2b4d4b18c1648,True,True,2026-05-29T02:40:46Z
M2-CONFIRMATORY_sar_score_adapter_test_seed44_35a1e8c3,M2-CONFIRMATORY,MVTec 3D-AD inverted-heldout,M2_one_shot_audit,44,sar_score_adapter,test,elara_master_c/predictions/confirmation/M2-CONFIRMATORY__MVTec_3D-AD_inverted-heldout__M2_one_shot_audit/sar_score_adapter/test/seed_44__rerun_1.parquet,1545,35a1e8c38427b6ceb5705976112b14442f5e9fb6493c802fd13c4bcc0866527a,82442f698510ddf46b10e75c8104d2a84a6d91bb8b64e80517f8a790180addd4,e8073c9a283902592f4bef2d10c2b4d4b18c1648,True,True,2026-05-29T02:40:46Z
M2-CONFIRMATORY_static_attention_test_seed45_0bf093cd,M2-CONFIRMATORY,MVTec 3D-AD inverted-heldout,M2_one_shot_audit,45,static_attention,test,elara_master_c/predictions/confirmation/M2-CONFIRMATORY__MVTec_3D-AD_inverted-heldout__M2_one_shot_audit/static_attention/test/seed_45__rerun_1.parquet,1545,0bf093cd49bc808586ecc532408a8faa0c15f2f5242e328baadd9d4234467d12,82442f698510ddf46b10e75c8104d2a84a6d91bb8b64e80517f8a790180addd4,e8073c9a283902592f4bef2d10c2b4d4b18c1648,True,True,2026-05-29T02:41:04Z
M2-CONFIRMATORY_craf_attention_test_seed45_5d7e025f,M2-CONFIRMATORY,MVTec 3D-AD inverted-heldout,M2_one_shot_audit,45,craf_attention,test,elara_master_c/predictions/confirmation/M2-CONFIRMATORY__MVTec_3D-AD_inverted-heldout__M2_one_shot_audit/craf_attention/test/seed_45__rerun_1.parquet,1545,5d7e025fd7359ffd18885da44a0cd3b72dddfb539eb0b7a8b3cdbf66f75cc5e8,82442f698510ddf46b10e75c8104d2a84a6d91bb8b64e80517f8a790180addd4,e8073c9a283902592f4bef2d10c2b4d4b18c1648,True,True,2026-05-29T02:41:04Z
M2-CONFIRMATORY_rga_boosted_fusion_test_seed45_dcad8923,M2-CONFIRMATORY,MVTec 3D-AD inverted-heldout,M2_one_shot_audit,45,rga_boosted_fusion,test,elara_master_c/predictions/confirmation/M2-CONFIRMATORY__MVTec_3D-AD_inverted-heldout__M2_one_shot_audit/rga_boosted_fusion/test/seed_45__rerun_1.parquet,1545,dcad8923f2b9444776d7b722a8adae33cadcd37955b974927e39e1a3a25aaab3,82442f698510ddf46b10e75c8104d2a84a6d91bb8b64e80517f8a790180addd4,e8073c9a283902592f4bef2d10c2b4d4b18c1648,True,True,2026-05-29T02:41:04Z
M2-CONFIRMATORY_rga_meta_router_test_seed45_3741925e,M2-CONFIRMATORY,MVTec 3D-AD inverted-heldout,M2_one_shot_audit,45,rga_meta_router,test,elara_master_c/predictions/confirmation/M2-CONFIRMATORY__MVTec_3D-AD_inverted-heldout__M2_one_shot_audit/rga_meta_router/test/seed_45__rerun_1.parquet,1545,3741925ebfcc3b85a8cd67f7c6b7c8827bb798b4b8192673dee385a009d9b3e2,82442f698510ddf46b10e75c8104d2a84a6d91bb8b64e80517f8a790180addd4,e8073c9a283902592f4bef2d10c2b4d4b18c1648,True,True,2026-05-29T02:41:04Z
M2-CONFIRMATORY_early_fusion_mlp_test_seed45_a60ac077,M2-CONFIRMATORY,MVTec 3D-AD inverted-heldout,M2_one_shot_audit,45,early_fusion_mlp,test,elara_master_c/predictions/confirmation/M2-CONFIRMATORY__MVTec_3D-AD_inverted-heldout__M2_one_shot_audit/early_fusion_mlp/test/seed_45__rerun_1.parquet,1545,a60ac077a1d0f6d006f6da24c12ecef7091520cc4512294af590f0ddbd7f3268,82442f698510ddf46b10e75c8104d2a84a6d91bb8b64e80517f8a790180addd4,e8073c9a283902592f4bef2d10c2b4d4b18c1648,True,True,2026-05-29T02:41:04Z
M2-CONFIRMATORY_late_fusion_ensemble_test_seed45_c57dbae3,M2-CONFIRMATORY,MVTec 3D-AD inverted-heldout,M2_one_shot_audit,45,late_fusion_ensemble,test,elara_master_c/predictions/confirmation/M2-CONFIRMATORY__MVTec_3D-AD_inverted-heldout__M2_one_shot_audit/late_fusion_ensemble/test/seed_45__rerun_1.parquet,1545,c57dbae3a36d6a8ce2f58f9d7ef95172e4f3cff9b74853e113e2c89f307ff25a,82442f698510ddf46b10e75c8104d2a84a6d91bb8b64e80517f8a790180addd4,e8073c9a283902592f4bef2d10c2b4d4b18c1648,True,True,2026-05-29T02:41:04Z
M2-CONFIRMATORY_random_forest_test_seed45_a4874263,M2-CONFIRMATORY,MVTec 3D-AD inverted-heldout,M2_one_shot_audit,45,random_forest,test,elara_master_c/predictions/confirmation/M2-CONFIRMATORY__MVTec_3D-AD_inverted-heldout__M2_one_shot_audit/random_forest/test/seed_45__rerun_1.parquet,1545,a4874263c3f06c9bfdf07aa9f546f8171f69719a836e34adc06ea36f034f08c3,82442f698510ddf46b10e75c8104d2a84a6d91bb8b64e80517f8a790180addd4,e8073c9a283902592f4bef2d10c2b4d4b18c1648,True,True,2026-05-29T02:41:04Z
M2-CONFIRMATORY_confidence_weighted_mean_test_seed45_0328aada,M2-CONFIRMATORY,MVTec 3D-AD inverted-heldout,M2_one_shot_audit,45,confidence_weighted_mean,test,elara_master_c/predictions/confirmation/M2-CONFIRMATORY__MVTec_3D-AD_inverted-heldout__M2_one_shot_audit/confidence_weighted_mean/test/seed_45__rerun_1.parquet,1545,0328aada74171e1c67cfc49c45727a8d1140d6eeec5fa523b86efeb63e341d80,82442f698510ddf46b10e75c8104d2a84a6d91bb8b64e80517f8a790180addd4,e8073c9a283902592f4bef2d10c2b4d4b18c1648,True,True,2026-05-29T02:41:04Z
M2-CONFIRMATORY_tent_score_adapter_test_seed45_66e2cdc5,M2-CONFIRMATORY,MVTec 3D-AD inverted-heldout,M2_one_shot_audit,45,tent_score_adapter,test,elara_master_c/predictions/confirmation/M2-CONFIRMATORY__MVTec_3D-AD_inverted-heldout__M2_one_shot_audit/tent_score_adapter/test/seed_45__rerun_1.parquet,1545,66e2cdc5999b08f582115ac5396653ffa0c73bef96e686304d07814a4f1ffed4,82442f698510ddf46b10e75c8104d2a84a6d91bb8b64e80517f8a790180addd4,e8073c9a283902592f4bef2d10c2b4d4b18c1648,True,True,2026-05-29T02:41:04Z
M2-CONFIRMATORY_ttt_pseudo_label_adapter_test_seed45_aed33302,M2-CONFIRMATORY,MVTec 3D-AD inverted-heldout,M2_one_shot_audit,45,ttt_pseudo_label_adapter,test,elara_master_c/predictions/confirmation/M2-CONFIRMATORY__MVTec_3D-AD_inverted-heldout__M2_one_shot_audit/ttt_pseudo_label_adapter/test/seed_45__rerun_1.parquet,1545,aed33302873b750ecc7f0f2cb95d8dafd2886f80c56ab8e7bd1bddd6a85a74cb,82442f698510ddf46b10e75c8104d2a84a6d91bb8b64e80517f8a790180addd4,e8073c9a283902592f4bef2d10c2b4d4b18c1648,True,True,2026-05-29T02:41:04Z
M2-CONFIRMATORY_eata_score_adapter_test_seed45_e4b960ae,M2-CONFIRMATORY,MVTec 3D-AD inverted-heldout,M2_one_shot_audit,45,eata_score_adapter,test,elara_master_c/predictions/confirmation/M2-CONFIRMATORY__MVTec_3D-AD_inverted-heldout__M2_one_shot_audit/eata_score_adapter/test/seed_45__rerun_1.parquet,1545,e4b960ae1b5485f1f83c4bb200f7f1508f1062fac780658881a800cbca0122c2,82442f698510ddf46b10e75c8104d2a84a6d91bb8b64e80517f8a790180addd4,e8073c9a283902592f4bef2d10c2b4d4b18c1648,True,True,2026-05-29T02:41:05Z
M2-CONFIRMATORY_sar_score_adapter_test_seed45_4022322e,M2-CONFIRMATORY,MVTec 3D-AD inverted-heldout,M2_one_shot_audit,45,sar_score_adapter,test,elara_master_c/predictions/confirmation/M2-CONFIRMATORY__MVTec_3D-AD_inverted-heldout__M2_one_shot_audit/sar_score_adapter/test/seed_45__rerun_1.parquet,1545,4022322e7efa9a6be994248ffd3f2448ed9688d570eb2bbd6ae46570b1d1047c,82442f698510ddf46b10e75c8104d2a84a6d91bb8b64e80517f8a790180addd4,e8073c9a283902592f4bef2d10c2b4d4b18c1648,True,True,2026-05-29T02:41:05Z
M2-CONFIRMATORY_static_attention_test_seed46_b95088e0,M2-CONFIRMATORY,MVTec 3D-AD inverted-heldout,M2_one_shot_audit,46,static_attention,test,elara_master_c/predictions/confirmation/M2-CONFIRMATORY__MVTec_3D-AD_inverted-heldout__M2_one_shot_audit/static_attention/test/seed_46__rerun_1.parquet,1545,b95088e07c5d3b0b6302cb072c498638f8aa16900d8cf6db30d6867c069a3301,82442f698510ddf46b10e75c8104d2a84a6d91bb8b64e80517f8a790180addd4,e8073c9a283902592f4bef2d10c2b4d4b18c1648,True,True,2026-05-29T02:41:20Z
M2-CONFIRMATORY_craf_attention_test_seed46_096dfd92,M2-CONFIRMATORY,MVTec 3D-AD inverted-heldout,M2_one_shot_audit,46,craf_attention,test,elara_master_c/predictions/confirmation/M2-CONFIRMATORY__MVTec_3D-AD_inverted-heldout__M2_one_shot_audit/craf_attention/test/seed_46__rerun_1.parquet,1545,096dfd9292043ef1b4258aabe983cdaae7e49b7c6cf82058732de8db4efc4bf0,82442f698510ddf46b10e75c8104d2a84a6d91bb8b64e80517f8a790180addd4,e8073c9a283902592f4bef2d10c2b4d4b18c1648,True,True,2026-05-29T02:41:20Z
M2-CONFIRMATORY_rga_boosted_fusion_test_seed46_1961428f,M2-CONFIRMATORY,MVTec 3D-AD inverted-heldout,M2_one_shot_audit,46,rga_boosted_fusion,test,elara_master_c/predictions/confirmation/M2-CONFIRMATORY__MVTec_3D-AD_inverted-heldout__M2_one_shot_audit/rga_boosted_fusion/test/seed_46__rerun_1.parquet,1545,1961428f4f40f35b152ca64a7458ff0d9d49fb19a10729e95c4ac9ec86515b38,82442f698510ddf46b10e75c8104d2a84a6d91bb8b64e80517f8a790180addd4,e8073c9a283902592f4bef2d10c2b4d4b18c1648,True,True,2026-05-29T02:41:20Z
M2-CONFIRMATORY_rga_meta_router_test_seed46_a070f443,M2-CONFIRMATORY,MVTec 3D-AD inverted-heldout,M2_one_shot_audit,46,rga_meta_router,test,elara_master_c/predictions/confirmation/M2-CONFIRMATORY__MVTec_3D-AD_inverted-heldout__M2_one_shot_audit/rga_meta_router/test/seed_46__rerun_1.parquet,1545,a070f4430b6dcdc038815cb309bd38f627dfe845105b4bd188be3cdf5dd30163,82442f698510ddf46b10e75c8104d2a84a6d91bb8b64e80517f8a790180addd4,e8073c9a283902592f4bef2d10c2b4d4b18c1648,True,True,2026-05-29T02:41:20Z
M2-CONFIRMATORY_early_fusion_mlp_test_seed46_9a942ece,M2-CONFIRMATORY,MVTec 3D-AD inverted-heldout,M2_one_shot_audit,46,early_fusion_mlp,test,elara_master_c/predictions/confirmation/M2-CONFIRMATORY__MVTec_3D-AD_inverted-heldout__M2_one_shot_audit/early_fusion_mlp/test/seed_46__rerun_1.parquet,1545,9a942ecef22a2abde726913f15ff00d9df1d6be2252b6802f6aeaeb29e82755e,82442f698510ddf46b10e75c8104d2a84a6d91bb8b64e80517f8a790180addd4,e8073c9a283902592f4bef2d10c2b4d4b18c1648,True,True,2026-05-29T02:41:20Z
M2-CONFIRMATORY_late_fusion_ensemble_test_seed46_bb2acd66,M2-CONFIRMATORY,MVTec 3D-AD inverted-heldout,M2_one_shot_audit,46,late_fusion_ensemble,test,elara_master_c/predictions/confirmation/M2-CONFIRMATORY__MVTec_3D-AD_inverted-heldout__M2_one_shot_audit/late_fusion_ensemble/test/seed_46__rerun_1.parquet,1545,bb2acd6653f1d437b6e7bf0bc1d18ba8c1d61295090d738b7fc6cfd922ed147b,82442f698510ddf46b10e75c8104d2a84a6d91bb8b64e80517f8a790180addd4,e8073c9a283902592f4bef2d10c2b4d4b18c1648,True,True,2026-05-29T02:41:20Z
M2-CONFIRMATORY_random_forest_test_seed46_091ed1b0,M2-CONFIRMATORY,MVTec 3D-AD inverted-heldout,M2_one_shot_audit,46,random_forest,test,elara_master_c/predictions/confirmation/M2-CONFIRMATORY__MVTec_3D-AD_inverted-heldout__M2_one_shot_audit/random_forest/test/seed_46__rerun_1.parquet,1545,091ed1b0aa6ef95ea0ac4c96f680515764de5468c402942bec38ee5f2dcd5ce7,82442f698510ddf46b10e75c8104d2a84a6d91bb8b64e80517f8a790180addd4,e8073c9a283902592f4bef2d10c2b4d4b18c1648,True,True,2026-05-29T02:41:20Z
M2-CONFIRMATORY_confidence_weighted_mean_test_seed46_303c4c5a,M2-CONFIRMATORY,MVTec 3D-AD inverted-heldout,M2_one_shot_audit,46,confidence_weighted_mean,test,elara_master_c/predictions/confirmation/M2-CONFIRMATORY__MVTec_3D-AD_inverted-heldout__M2_one_shot_audit/confidence_weighted_mean/test/seed_46__rerun_1.parquet,1545,303c4c5a588cfa0f7e32a7397b561d1eb44e9e2ded0505b7f9d395bff0b8034e,82442f698510ddf46b10e75c8104d2a84a6d91bb8b64e80517f8a790180addd4,e8073c9a283902592f4bef2d10c2b4d4b18c1648,True,True,2026-05-29T02:41:20Z
M2-CONFIRMATORY_tent_score_adapter_test_seed46_1ebc5134,M2-CONFIRMATORY,MVTec 3D-AD inverted-heldout,M2_one_shot_audit,46,tent_score_adapter,test,elara_master_c/predictions/confirmation/M2-CONFIRMATORY__MVTec_3D-AD_inverted-heldout__M2_one_shot_audit/tent_score_adapter/test/seed_46__rerun_1.parquet,1545,1ebc5134a250bbe3d7525773d1669f39f5a85c5494111de3f53b0b303e12b963,82442f698510ddf46b10e75c8104d2a84a6d91bb8b64e80517f8a790180addd4,e8073c9a283902592f4bef2d10c2b4d4b18c1648,True,True,2026-05-29T02:41:20Z
M2-CONFIRMATORY_ttt_pseudo_label_adapter_test_seed46_935b7f65,M2-CONFIRMATORY,MVTec 3D-AD inverted-heldout,M2_one_shot_audit,46,ttt_pseudo_label_adapter,test,elara_master_c/predictions/confirmation/M2-CONFIRMATORY__MVTec_3D-AD_inverted-heldout__M2_one_shot_audit/ttt_pseudo_label_adapter/test/seed_46__rerun_1.parquet,1545,935b7f65031f3494517ed3f19eb4b41f739de8bb3379d4e1dc61d765ba297226,82442f698510ddf46b10e75c8104d2a84a6d91bb8b64e80517f8a790180addd4,e8073c9a283902592f4bef2d10c2b4d4b18c1648,True,True,2026-05-29T02:41:20Z
M2-CONFIRMATORY_eata_score_adapter_test_seed46_711e2f09,M2-CONFIRMATORY,MVTec 3D-AD inverted-heldout,M2_one_shot_audit,46,eata_score_adapter,test,elara_master_c/predictions/confirmation/M2-CONFIRMATORY__MVTec_3D-AD_inverted-heldout__M2_one_shot_audit/eata_score_adapter/test/seed_46__rerun_1.parquet,1545,711e2f09ddaa0f36ba3c4501078afa1224016f81c7fa2af6fa9795732e221a3a,82442f698510ddf46b10e75c8104d2a84a6d91bb8b64e80517f8a790180addd4,e8073c9a283902592f4bef2d10c2b4d4b18c1648,True,True,2026-05-29T02:41:20Z
M2-CONFIRMATORY_sar_score_adapter_test_seed46_8895fc14,M2-CONFIRMATORY,MVTec 3D-AD inverted-heldout,M2_one_shot_audit,46,sar_score_adapter,test,elara_master_c/predictions/confirmation/M2-CONFIRMATORY__MVTec_3D-AD_inverted-heldout__M2_one_shot_audit/sar_score_adapter/test/seed_46__rerun_1.parquet,1545,8895fc1406229c7d083f240ea07b9ed1deee0644f711c2be3abb79f7b9ff2988,82442f698510ddf46b10e75c8104d2a84a6d91bb8b64e80517f8a790180addd4,e8073c9a283902592f4bef2d10c2b4d4b18c1648,True,True,2026-05-29T02:41:20Z
M2-EXTERNAL-3D-ADAM_static_attention_test_seed42_c3fc02c4,M2-EXTERNAL-3D-ADAM,3D-ADAM category-held-out,M2_external_one_shot_audit,42,static_attention,test,elara_master_c/predictions/confirmation/M2-EXTERNAL-3D-ADAM__3D-ADAM_category-held-out__M2_external_one_shot_audit/static_attention/test/seed_42.parquet,1378,c3fc02c46ca777629afd79221be843e4827d8375c5b6fffffd92f686e99623c2,61ad61746da0d3744a4a13dd2475db906b6923a3c13039332fc561c7d2948f00,dc76fddf0583a8b6e2456670c59c7c0ddaa6f986,True,True,2026-05-29T03:25:45Z
M2-EXTERNAL-3D-ADAM_craf_attention_test_seed42_bd34767c,M2-EXTERNAL-3D-ADAM,3D-ADAM category-held-out,M2_external_one_shot_audit,42,craf_attention,test,elara_master_c/predictions/confirmation/M2-EXTERNAL-3D-ADAM__3D-ADAM_category-held-out__M2_external_one_shot_audit/craf_attention/test/seed_42.parquet,1378,bd34767c56e8b608a9c44df784b35d5d635df482f1a93025eac48679f7098312,61ad61746da0d3744a4a13dd2475db906b6923a3c13039332fc561c7d2948f00,dc76fddf0583a8b6e2456670c59c7c0ddaa6f986,True,True,2026-05-29T03:25:45Z
M2-EXTERNAL-3D-ADAM_rga_boosted_fusion_test_seed42_6803d8bc,M2-EXTERNAL-3D-ADAM,3D-ADAM category-held-out,M2_external_one_shot_audit,42,rga_boosted_fusion,test,elara_master_c/predictions/confirmation/M2-EXTERNAL-3D-ADAM__3D-ADAM_category-held-out__M2_external_one_shot_audit/rga_boosted_fusion/test/seed_42.parquet,1378,6803d8bcf0754ea46ae7ae87c3a2449304791179dcc87cac571e8b1b62af1223,61ad61746da0d3744a4a13dd2475db906b6923a3c13039332fc561c7d2948f00,dc76fddf0583a8b6e2456670c59c7c0ddaa6f986,True,True,2026-05-29T03:25:45Z
M2-EXTERNAL-3D-ADAM_rga_meta_router_test_seed42_242f81a9,M2-EXTERNAL-3D-ADAM,3D-ADAM category-held-out,M2_external_one_shot_audit,42,rga_meta_router,test,elara_master_c/predictions/confirmation/M2-EXTERNAL-3D-ADAM__3D-ADAM_category-held-out__M2_external_one_shot_audit/rga_meta_router/test/seed_42.parquet,1378,242f81a952984cd7a4f128dd222aa3fb26b8cabea6cf540ee84e1ef6d77e2045,61ad61746da0d3744a4a13dd2475db906b6923a3c13039332fc561c7d2948f00,dc76fddf0583a8b6e2456670c59c7c0ddaa6f986,True,True,2026-05-29T03:25:45Z
M2-EXTERNAL-3D-ADAM_early_fusion_mlp_test_seed42_194f0a1d,M2-EXTERNAL-3D-ADAM,3D-ADAM category-held-out,M2_external_one_shot_audit,42,early_fusion_mlp,test,elara_master_c/predictions/confirmation/M2-EXTERNAL-3D-ADAM__3D-ADAM_category-held-out__M2_external_one_shot_audit/early_fusion_mlp/test/seed_42.parquet,1378,194f0a1dfd8ad3c3298007846fceff3cd251a06f42930c17d913da2e936c666d,61ad61746da0d3744a4a13dd2475db906b6923a3c13039332fc561c7d2948f00,dc76fddf0583a8b6e2456670c59c7c0ddaa6f986,True,True,2026-05-29T03:25:45Z
M2-EXTERNAL-3D-ADAM_late_fusion_ensemble_test_seed42_cb988b4f,M2-EXTERNAL-3D-ADAM,3D-ADAM category-held-out,M2_external_one_shot_audit,42,late_fusion_ensemble,test,elara_master_c/predictions/confirmation/M2-EXTERNAL-3D-ADAM__3D-ADAM_category-held-out__M2_external_one_shot_audit/late_fusion_ensemble/test/seed_42.parquet,1378,cb988b4f4cafbcaa20eeda31fef4dc637ab3d6b7b71dfeff4ad3902ae6b495be,61ad61746da0d3744a4a13dd2475db906b6923a3c13039332fc561c7d2948f00,dc76fddf0583a8b6e2456670c59c7c0ddaa6f986,True,True,2026-05-29T03:25:45Z
M2-EXTERNAL-3D-ADAM_random_forest_test_seed42_c4dcca1b,M2-EXTERNAL-3D-ADAM,3D-ADAM category-held-out,M2_external_one_shot_audit,42,random_forest,test,elara_master_c/predictions/confirmation/M2-EXTERNAL-3D-ADAM__3D-ADAM_category-held-out__M2_external_one_shot_audit/random_forest/test/seed_42.parquet,1378,c4dcca1bf51de7fb8f7674886d6b26546149826b38c39dd16754c00c6801ebbd,61ad61746da0d3744a4a13dd2475db906b6923a3c13039332fc561c7d2948f00,dc76fddf0583a8b6e2456670c59c7c0ddaa6f986,True,True,2026-05-29T03:25:45Z
M2-EXTERNAL-3D-ADAM_confidence_weighted_mean_test_seed42_afa8a2f3,M2-EXTERNAL-3D-ADAM,3D-ADAM category-held-out,M2_external_one_shot_audit,42,confidence_weighted_mean,test,elara_master_c/predictions/confirmation/M2-EXTERNAL-3D-ADAM__3D-ADAM_category-held-out__M2_external_one_shot_audit/confidence_weighted_mean/test/seed_42.parquet,1378,afa8a2f3550413bda583359e0631145cdb2f8573c6e3aeb26a3ab43624439953,61ad61746da0d3744a4a13dd2475db906b6923a3c13039332fc561c7d2948f00,dc76fddf0583a8b6e2456670c59c7c0ddaa6f986,True,True,2026-05-29T03:25:45Z
M2-EXTERNAL-3D-ADAM_tent_score_adapter_test_seed42_4358a80a,M2-EXTERNAL-3D-ADAM,3D-ADAM category-held-out,M2_external_one_shot_audit,42,tent_score_adapter,test,elara_master_c/predictions/confirmation/M2-EXTERNAL-3D-ADAM__3D-ADAM_category-held-out__M2_external_one_shot_audit/tent_score_adapter/test/seed_42.parquet,1378,4358a80ae71966104007c0a04120c891ddd34d3559995ff5ca2eab46249b2da1,61ad61746da0d3744a4a13dd2475db906b6923a3c13039332fc561c7d2948f00,dc76fddf0583a8b6e2456670c59c7c0ddaa6f986,True,True,2026-05-29T03:25:45Z
M2-EXTERNAL-3D-ADAM_ttt_pseudo_label_adapter_test_seed42_5b193c52,M2-EXTERNAL-3D-ADAM,3D-ADAM category-held-out,M2_external_one_shot_audit,42,ttt_pseudo_label_adapter,test,elara_master_c/predictions/confirmation/M2-EXTERNAL-3D-ADAM__3D-ADAM_category-held-out__M2_external_one_shot_audit/ttt_pseudo_label_adapter/test/seed_42.parquet,1378,5b193c52c3e022d73e558969b77d531384f9b7596cb7aa55969e8db2ffcb62ad,61ad61746da0d3744a4a13dd2475db906b6923a3c13039332fc561c7d2948f00,dc76fddf0583a8b6e2456670c59c7c0ddaa6f986,True,True,2026-05-29T03:25:45Z
M2-EXTERNAL-3D-ADAM_eata_score_adapter_test_seed42_ba14368b,M2-EXTERNAL-3D-ADAM,3D-ADAM category-held-out,M2_external_one_shot_audit,42,eata_score_adapter,test,elara_master_c/predictions/confirmation/M2-EXTERNAL-3D-ADAM__3D-ADAM_category-held-out__M2_external_one_shot_audit/eata_score_adapter/test/seed_42.parquet,1378,ba14368ba31821cb4737b4a9db5a170e694724b08b063b900f19af51cbe2a2af,61ad61746da0d3744a4a13dd2475db906b6923a3c13039332fc561c7d2948f00,dc76fddf0583a8b6e2456670c59c7c0ddaa6f986,True,True,2026-05-29T03:25:45Z
M2-EXTERNAL-3D-ADAM_sar_score_adapter_test_seed42_9b781dda,M2-EXTERNAL-3D-ADAM,3D-ADAM category-held-out,M2_external_one_shot_audit,42,sar_score_adapter,test,elara_master_c/predictions/confirmation/M2-EXTERNAL-3D-ADAM__3D-ADAM_category-held-out__M2_external_one_shot_audit/sar_score_adapter/test/seed_42.parquet,1378,9b781ddacdd7898f8e8a225b6bbab12e43951b197deb72e5cc40fd1496114214,61ad61746da0d3744a4a13dd2475db906b6923a3c13039332fc561c7d2948f00,dc76fddf0583a8b6e2456670c59c7c0ddaa6f986,True,True,2026-05-29T03:25:45Z
M2-EXTERNAL-3D-ADAM_static_attention_test_seed43_abe9046f,M2-EXTERNAL-3D-ADAM,3D-ADAM category-held-out,M2_external_one_shot_audit,43,static_attention,test,elara_master_c/predictions/confirmation/M2-EXTERNAL-3D-ADAM__3D-ADAM_category-held-out__M2_external_one_shot_audit/static_attention/test/seed_43.parquet,1378,abe9046f5de3f0d1c00f3baab345745b98bade53491995da971684cea0ad0781,61ad61746da0d3744a4a13dd2475db906b6923a3c13039332fc561c7d2948f00,dc76fddf0583a8b6e2456670c59c7c0ddaa6f986,True,True,2026-05-29T03:25:54Z
M2-EXTERNAL-3D-ADAM_craf_attention_test_seed43_4b684d51,M2-EXTERNAL-3D-ADAM,3D-ADAM category-held-out,M2_external_one_shot_audit,43,craf_attention,test,elara_master_c/predictions/confirmation/M2-EXTERNAL-3D-ADAM__3D-ADAM_category-held-out__M2_external_one_shot_audit/craf_attention/test/seed_43.parquet,1378,4b684d511b5f79543e6768e227e4654fe0e43ef57bd6592e022a9b48ee8246bf,61ad61746da0d3744a4a13dd2475db906b6923a3c13039332fc561c7d2948f00,dc76fddf0583a8b6e2456670c59c7c0ddaa6f986,True,True,2026-05-29T03:25:54Z
M2-EXTERNAL-3D-ADAM_rga_boosted_fusion_test_seed43_e8c13c59,M2-EXTERNAL-3D-ADAM,3D-ADAM category-held-out,M2_external_one_shot_audit,43,rga_boosted_fusion,test,elara_master_c/predictions/confirmation/M2-EXTERNAL-3D-ADAM__3D-ADAM_category-held-out__M2_external_one_shot_audit/rga_boosted_fusion/test/seed_43.parquet,1378,e8c13c5961ddc7693464c3690510de7e1ae477a0b88c0f9e17f81bb5c9f6605b,61ad61746da0d3744a4a13dd2475db906b6923a3c13039332fc561c7d2948f00,dc76fddf0583a8b6e2456670c59c7c0ddaa6f986,True,True,2026-05-29T03:25:54Z
M2-EXTERNAL-3D-ADAM_rga_meta_router_test_seed43_efdbd742,M2-EXTERNAL-3D-ADAM,3D-ADAM category-held-out,M2_external_one_shot_audit,43,rga_meta_router,test,elara_master_c/predictions/confirmation/M2-EXTERNAL-3D-ADAM__3D-ADAM_category-held-out__M2_external_one_shot_audit/rga_meta_router/test/seed_43.parquet,1378,efdbd7428e8132be5695a7ea591e6b7419615896a0abee2242fd6bcec0e39e2c,61ad61746da0d3744a4a13dd2475db906b6923a3c13039332fc561c7d2948f00,dc76fddf0583a8b6e2456670c59c7c0ddaa6f986,True,True,2026-05-29T03:25:54Z
M2-EXTERNAL-3D-ADAM_early_fusion_mlp_test_seed43_c0e00be0,M2-EXTERNAL-3D-ADAM,3D-ADAM category-held-out,M2_external_one_shot_audit,43,early_fusion_mlp,test,elara_master_c/predictions/confirmation/M2-EXTERNAL-3D-ADAM__3D-ADAM_category-held-out__M2_external_one_shot_audit/early_fusion_mlp/test/seed_43.parquet,1378,c0e00be0d8645b972e4ceca7a29e38604c9ecea2ce0d8019b04af90cebda401b,61ad61746da0d3744a4a13dd2475db906b6923a3c13039332fc561c7d2948f00,dc76fddf0583a8b6e2456670c59c7c0ddaa6f986,True,True,2026-05-29T03:25:54Z
M2-EXTERNAL-3D-ADAM_late_fusion_ensemble_test_seed43_9c07e67d,M2-EXTERNAL-3D-ADAM,3D-ADAM category-held-out,M2_external_one_shot_audit,43,late_fusion_ensemble,test,elara_master_c/predictions/confirmation/M2-EXTERNAL-3D-ADAM__3D-ADAM_category-held-out__M2_external_one_shot_audit/late_fusion_ensemble/test/seed_43.parquet,1378,9c07e67d493ecd5816af241b56cc4ffc66401bd35d2b75457a32550e3ca32009,61ad61746da0d3744a4a13dd2475db906b6923a3c13039332fc561c7d2948f00,dc76fddf0583a8b6e2456670c59c7c0ddaa6f986,True,True,2026-05-29T03:25:54Z
M2-EXTERNAL-3D-ADAM_random_forest_test_seed43_6080bfd7,M2-EXTERNAL-3D-ADAM,3D-ADAM category-held-out,M2_external_one_shot_audit,43,random_forest,test,elara_master_c/predictions/confirmation/M2-EXTERNAL-3D-ADAM__3D-ADAM_category-held-out__M2_external_one_shot_audit/random_forest/test/seed_43.parquet,1378,6080bfd74d6e14a20506118bece3dfcdacc96b3a6936b4eca1746460e8be3398,61ad61746da0d3744a4a13dd2475db906b6923a3c13039332fc561c7d2948f00,dc76fddf0583a8b6e2456670c59c7c0ddaa6f986,True,True,2026-05-29T03:25:54Z
M2-EXTERNAL-3D-ADAM_confidence_weighted_mean_test_seed43_7fa8b8a9,M2-EXTERNAL-3D-ADAM,3D-ADAM category-held-out,M2_external_one_shot_audit,43,confidence_weighted_mean,test,elara_master_c/predictions/confirmation/M2-EXTERNAL-3D-ADAM__3D-ADAM_category-held-out__M2_external_one_shot_audit/confidence_weighted_mean/test/seed_43.parquet,1378,7fa8b8a9dcd15d1979dd0b6faa8d090f6f40fd40876905acbe6136943fb1ba01,61ad61746da0d3744a4a13dd2475db906b6923a3c13039332fc561c7d2948f00,dc76fddf0583a8b6e2456670c59c7c0ddaa6f986,True,True,2026-05-29T03:25:54Z
M2-EXTERNAL-3D-ADAM_tent_score_adapter_test_seed43_f0c429a7,M2-EXTERNAL-3D-ADAM,3D-ADAM category-held-out,M2_external_one_shot_audit,43,tent_score_adapter,test,elara_master_c/predictions/confirmation/M2-EXTERNAL-3D-ADAM__3D-ADAM_category-held-out__M2_external_one_shot_audit/tent_score_adapter/test/seed_43.parquet,1378,f0c429a769f3c27139efb53a83005d4f7c86af11b3df9bfa2bf8aa5ef3fe5081,61ad61746da0d3744a4a13dd2475db906b6923a3c13039332fc561c7d2948f00,dc76fddf0583a8b6e2456670c59c7c0ddaa6f986,True,True,2026-05-29T03:25:54Z
M2-EXTERNAL-3D-ADAM_ttt_pseudo_label_adapter_test_seed43_6ee42262,M2-EXTERNAL-3D-ADAM,3D-ADAM category-held-out,M2_external_one_shot_audit,43,ttt_pseudo_label_adapter,test,elara_master_c/predictions/confirmation/M2-EXTERNAL-3D-ADAM__3D-ADAM_category-held-out__M2_external_one_shot_audit/ttt_pseudo_label_adapter/test/seed_43.parquet,1378,6ee42262602736dbc59741102cb346c5916e031125e5121cfb9ba6ef6a7cae33,61ad61746da0d3744a4a13dd2475db906b6923a3c13039332fc561c7d2948f00,dc76fddf0583a8b6e2456670c59c7c0ddaa6f986,True,True,2026-05-29T03:25:54Z
M2-EXTERNAL-3D-ADAM_eata_score_adapter_test_seed43_db33e23c,M2-EXTERNAL-3D-ADAM,3D-ADAM category-held-out,M2_external_one_shot_audit,43,eata_score_adapter,test,elara_master_c/predictions/confirmation/M2-EXTERNAL-3D-ADAM__3D-ADAM_category-held-out__M2_external_one_shot_audit/eata_score_adapter/test/seed_43.parquet,1378,db33e23cc34fa7abf42792061735eed988badad880b8ada21db50a2b87c02bd9,61ad61746da0d3744a4a13dd2475db906b6923a3c13039332fc561c7d2948f00,dc76fddf0583a8b6e2456670c59c7c0ddaa6f986,True,True,2026-05-29T03:25:54Z
M2-EXTERNAL-3D-ADAM_sar_score_adapter_test_seed43_a5cea589,M2-EXTERNAL-3D-ADAM,3D-ADAM category-held-out,M2_external_one_shot_audit,43,sar_score_adapter,test,elara_master_c/predictions/confirmation/M2-EXTERNAL-3D-ADAM__3D-ADAM_category-held-out__M2_external_one_shot_audit/sar_score_adapter/test/seed_43.parquet,1378,a5cea58950e7500ec2f853501c97536d2db1d65cdad8d8a012ca320c5386f5e0,61ad61746da0d3744a4a13dd2475db906b6923a3c13039332fc561c7d2948f00,dc76fddf0583a8b6e2456670c59c7c0ddaa6f986,True,True,2026-05-29T03:25:54Z
M2-EXTERNAL-3D-ADAM_static_attention_test_seed44_b19d810a,M2-EXTERNAL-3D-ADAM,3D-ADAM category-held-out,M2_external_one_shot_audit,44,static_attention,test,elara_master_c/predictions/confirmation/M2-EXTERNAL-3D-ADAM__3D-ADAM_category-held-out__M2_external_one_shot_audit/static_attention/test/seed_44.parquet,1378,b19d810a101bb8c3ef59325374a9f962e537a54bcdcb4fdcb8d4c3e935f1bba7,61ad61746da0d3744a4a13dd2475db906b6923a3c13039332fc561c7d2948f00,dc76fddf0583a8b6e2456670c59c7c0ddaa6f986,True,True,2026-05-29T03:26:04Z
M2-EXTERNAL-3D-ADAM_craf_attention_test_seed44_efb15347,M2-EXTERNAL-3D-ADAM,3D-ADAM category-held-out,M2_external_one_shot_audit,44,craf_attention,test,elara_master_c/predictions/confirmation/M2-EXTERNAL-3D-ADAM__3D-ADAM_category-held-out__M2_external_one_shot_audit/craf_attention/test/seed_44.parquet,1378,efb15347e68b3a964d84b6e091909e2bafd1fa2049d33bda8f2f1ced5aa8f6fd,61ad61746da0d3744a4a13dd2475db906b6923a3c13039332fc561c7d2948f00,dc76fddf0583a8b6e2456670c59c7c0ddaa6f986,True,True,2026-05-29T03:26:04Z
M2-EXTERNAL-3D-ADAM_rga_boosted_fusion_test_seed44_88a086d8,M2-EXTERNAL-3D-ADAM,3D-ADAM category-held-out,M2_external_one_shot_audit,44,rga_boosted_fusion,test,elara_master_c/predictions/confirmation/M2-EXTERNAL-3D-ADAM__3D-ADAM_category-held-out__M2_external_one_shot_audit/rga_boosted_fusion/test/seed_44.parquet,1378,88a086d8e262f203e846fb43ba3906422e41b2d0eae5e8960427ae225b2468f1,61ad61746da0d3744a4a13dd2475db906b6923a3c13039332fc561c7d2948f00,dc76fddf0583a8b6e2456670c59c7c0ddaa6f986,True,True,2026-05-29T03:26:04Z
M2-EXTERNAL-3D-ADAM_rga_meta_router_test_seed44_ab21ad81,M2-EXTERNAL-3D-ADAM,3D-ADAM category-held-out,M2_external_one_shot_audit,44,rga_meta_router,test,elara_master_c/predictions/confirmation/M2-EXTERNAL-3D-ADAM__3D-ADAM_category-held-out__M2_external_one_shot_audit/rga_meta_router/test/seed_44.parquet,1378,ab21ad81a7fe9bd8ac461c0de9e0c60e2d26d400d1bdc32fb160b433a7ccbf3c,61ad61746da0d3744a4a13dd2475db906b6923a3c13039332fc561c7d2948f00,dc76fddf0583a8b6e2456670c59c7c0ddaa6f986,True,True,2026-05-29T03:26:04Z
M2-EXTERNAL-3D-ADAM_early_fusion_mlp_test_seed44_20f4ce1d,M2-EXTERNAL-3D-ADAM,3D-ADAM category-held-out,M2_external_one_shot_audit,44,early_fusion_mlp,test,elara_master_c/predictions/confirmation/M2-EXTERNAL-3D-ADAM__3D-ADAM_category-held-out__M2_external_one_shot_audit/early_fusion_mlp/test/seed_44.parquet,1378,20f4ce1d2eb73e6b1fe1e509a12665454434fb4822ee202924224c0f415e2146,61ad61746da0d3744a4a13dd2475db906b6923a3c13039332fc561c7d2948f00,dc76fddf0583a8b6e2456670c59c7c0ddaa6f986,True,True,2026-05-29T03:26:04Z
M2-EXTERNAL-3D-ADAM_late_fusion_ensemble_test_seed44_fa91ecbe,M2-EXTERNAL-3D-ADAM,3D-ADAM category-held-out,M2_external_one_shot_audit,44,late_fusion_ensemble,test,elara_master_c/predictions/confirmation/M2-EXTERNAL-3D-ADAM__3D-ADAM_category-held-out__M2_external_one_shot_audit/late_fusion_ensemble/test/seed_44.parquet,1378,fa91ecbe08665b1481182a310bd65389861c1a1f31120f526dcb0c4cf4aa5f27,61ad61746da0d3744a4a13dd2475db906b6923a3c13039332fc561c7d2948f00,dc76fddf0583a8b6e2456670c59c7c0ddaa6f986,True,True,2026-05-29T03:26:04Z
M2-EXTERNAL-3D-ADAM_random_forest_test_seed44_48c32953,M2-EXTERNAL-3D-ADAM,3D-ADAM category-held-out,M2_external_one_shot_audit,44,random_forest,test,elara_master_c/predictions/confirmation/M2-EXTERNAL-3D-ADAM__3D-ADAM_category-held-out__M2_external_one_shot_audit/random_forest/test/seed_44.parquet,1378,48c329536d07e8709e26b155b0d98ada3237fee3145772dac897056c61dfbfca,61ad61746da0d3744a4a13dd2475db906b6923a3c13039332fc561c7d2948f00,dc76fddf0583a8b6e2456670c59c7c0ddaa6f986,True,True,2026-05-29T03:26:04Z
M2-EXTERNAL-3D-ADAM_confidence_weighted_mean_test_seed44_ee157c5c,M2-EXTERNAL-3D-ADAM,3D-ADAM category-held-out,M2_external_one_shot_audit,44,confidence_weighted_mean,test,elara_master_c/predictions/confirmation/M2-EXTERNAL-3D-ADAM__3D-ADAM_category-held-out__M2_external_one_shot_audit/confidence_weighted_mean/test/seed_44.parquet,1378,ee157c5ccdec25214121254a16ccfe37a13122474c0570a7cdf1288e8be62c93,61ad61746da0d3744a4a13dd2475db906b6923a3c13039332fc561c7d2948f00,dc76fddf0583a8b6e2456670c59c7c0ddaa6f986,True,True,2026-05-29T03:26:04Z
M2-EXTERNAL-3D-ADAM_tent_score_adapter_test_seed44_1f8c0448,M2-EXTERNAL-3D-ADAM,3D-ADAM category-held-out,M2_external_one_shot_audit,44,tent_score_adapter,test,elara_master_c/predictions/confirmation/M2-EXTERNAL-3D-ADAM__3D-ADAM_category-held-out__M2_external_one_shot_audit/tent_score_adapter/test/seed_44.parquet,1378,1f8c04487fbcf74f8354ce92c96e74979f98ab71d85f29b08219a166cae3e9e7,61ad61746da0d3744a4a13dd2475db906b6923a3c13039332fc561c7d2948f00,dc76fddf0583a8b6e2456670c59c7c0ddaa6f986,True,True,2026-05-29T03:26:04Z
M2-EXTERNAL-3D-ADAM_ttt_pseudo_label_adapter_test_seed44_f1a9f953,M2-EXTERNAL-3D-ADAM,3D-ADAM category-held-out,M2_external_one_shot_audit,44,ttt_pseudo_label_adapter,test,elara_master_c/predictions/confirmation/M2-EXTERNAL-3D-ADAM__3D-ADAM_category-held-out__M2_external_one_shot_audit/ttt_pseudo_label_adapter/test/seed_44.parquet,1378,f1a9f9538ccfa21223002654500e9ae70cf9af45b36b36ea6fa2689f42845e3a,61ad61746da0d3744a4a13dd2475db906b6923a3c13039332fc561c7d2948f00,dc76fddf0583a8b6e2456670c59c7c0ddaa6f986,True,True,2026-05-29T03:26:04Z
M2-EXTERNAL-3D-ADAM_eata_score_adapter_test_seed44_5ea328fc,M2-EXTERNAL-3D-ADAM,3D-ADAM category-held-out,M2_external_one_shot_audit,44,eata_score_adapter,test,elara_master_c/predictions/confirmation/M2-EXTERNAL-3D-ADAM__3D-ADAM_category-held-out__M2_external_one_shot_audit/eata_score_adapter/test/seed_44.parquet,1378,5ea328fc0045025a696b886b347890dcefdeb8c4d037a923715ee996c28a40fd,61ad61746da0d3744a4a13dd2475db906b6923a3c13039332fc561c7d2948f00,dc76fddf0583a8b6e2456670c59c7c0ddaa6f986,True,True,2026-05-29T03:26:04Z
M2-EXTERNAL-3D-ADAM_sar_score_adapter_test_seed44_be50e177,M2-EXTERNAL-3D-ADAM,3D-ADAM category-held-out,M2_external_one_shot_audit,44,sar_score_adapter,test,elara_master_c/predictions/confirmation/M2-EXTERNAL-3D-ADAM__3D-ADAM_category-held-out__M2_external_one_shot_audit/sar_score_adapter/test/seed_44.parquet,1378,be50e177d6b6acd9e06b0ede34dbcd60d35e6854a4aa1dabbbab7cd4c512ca7f,61ad61746da0d3744a4a13dd2475db906b6923a3c13039332fc561c7d2948f00,dc76fddf0583a8b6e2456670c59c7c0ddaa6f986,True,True,2026-05-29T03:26:04Z
M2-EXTERNAL-3D-ADAM_static_attention_test_seed45_98814daf,M2-EXTERNAL-3D-ADAM,3D-ADAM category-held-out,M2_external_one_shot_audit,45,static_attention,test,elara_master_c/predictions/confirmation/M2-EXTERNAL-3D-ADAM__3D-ADAM_category-held-out__M2_external_one_shot_audit/static_attention/test/seed_45.parquet,1378,98814daf834f118238dfc02c4d45d32232ce4e5256bbd9fa35f56845b7c6dd87,61ad61746da0d3744a4a13dd2475db906b6923a3c13039332fc561c7d2948f00,dc76fddf0583a8b6e2456670c59c7c0ddaa6f986,True,True,2026-05-29T03:26:14Z
M2-EXTERNAL-3D-ADAM_craf_attention_test_seed45_2a359650,M2-EXTERNAL-3D-ADAM,3D-ADAM category-held-out,M2_external_one_shot_audit,45,craf_attention,test,elara_master_c/predictions/confirmation/M2-EXTERNAL-3D-ADAM__3D-ADAM_category-held-out__M2_external_one_shot_audit/craf_attention/test/seed_45.parquet,1378,2a359650952c5d0611d64f2459131e833aa9d4e5bf23b82d8175f8ad03a619df,61ad61746da0d3744a4a13dd2475db906b6923a3c13039332fc561c7d2948f00,dc76fddf0583a8b6e2456670c59c7c0ddaa6f986,True,True,2026-05-29T03:26:14Z
M2-EXTERNAL-3D-ADAM_rga_boosted_fusion_test_seed45_80f77205,M2-EXTERNAL-3D-ADAM,3D-ADAM category-held-out,M2_external_one_shot_audit,45,rga_boosted_fusion,test,elara_master_c/predictions/confirmation/M2-EXTERNAL-3D-ADAM__3D-ADAM_category-held-out__M2_external_one_shot_audit/rga_boosted_fusion/test/seed_45.parquet,1378,80f77205a3844f17c9ef22d3cf1f8ea13c4da366c67b1c4648553d8a4f07ec7b,61ad61746da0d3744a4a13dd2475db906b6923a3c13039332fc561c7d2948f00,dc76fddf0583a8b6e2456670c59c7c0ddaa6f986,True,True,2026-05-29T03:26:14Z
M2-EXTERNAL-3D-ADAM_rga_meta_router_test_seed45_8f138fc5,M2-EXTERNAL-3D-ADAM,3D-ADAM category-held-out,M2_external_one_shot_audit,45,rga_meta_router,test,elara_master_c/predictions/confirmation/M2-EXTERNAL-3D-ADAM__3D-ADAM_category-held-out__M2_external_one_shot_audit/rga_meta_router/test/seed_45.parquet,1378,8f138fc555c2bd9ae642e15978dc522748a892bf2d1ccad7ef89cd210706ca77,61ad61746da0d3744a4a13dd2475db906b6923a3c13039332fc561c7d2948f00,dc76fddf0583a8b6e2456670c59c7c0ddaa6f986,True,True,2026-05-29T03:26:14Z
M2-EXTERNAL-3D-ADAM_early_fusion_mlp_test_seed45_66dc933b,M2-EXTERNAL-3D-ADAM,3D-ADAM category-held-out,M2_external_one_shot_audit,45,early_fusion_mlp,test,elara_master_c/predictions/confirmation/M2-EXTERNAL-3D-ADAM__3D-ADAM_category-held-out__M2_external_one_shot_audit/early_fusion_mlp/test/seed_45.parquet,1378,66dc933bed43074216059d9d1fcc1d2b31fb753a9a48319eccc6d9b72ff49585,61ad61746da0d3744a4a13dd2475db906b6923a3c13039332fc561c7d2948f00,dc76fddf0583a8b6e2456670c59c7c0ddaa6f986,True,True,2026-05-29T03:26:14Z
M2-EXTERNAL-3D-ADAM_late_fusion_ensemble_test_seed45_ca0a22cf,M2-EXTERNAL-3D-ADAM,3D-ADAM category-held-out,M2_external_one_shot_audit,45,late_fusion_ensemble,test,elara_master_c/predictions/confirmation/M2-EXTERNAL-3D-ADAM__3D-ADAM_category-held-out__M2_external_one_shot_audit/late_fusion_ensemble/test/seed_45.parquet,1378,ca0a22cf55e1e81b5ac64b0204937ac4d7e7cadcad6457625ac7e6d2334e4b9e,61ad61746da0d3744a4a13dd2475db906b6923a3c13039332fc561c7d2948f00,dc76fddf0583a8b6e2456670c59c7c0ddaa6f986,True,True,2026-05-29T03:26:14Z
M2-EXTERNAL-3D-ADAM_random_forest_test_seed45_1095e525,M2-EXTERNAL-3D-ADAM,3D-ADAM category-held-out,M2_external_one_shot_audit,45,random_forest,test,elara_master_c/predictions/confirmation/M2-EXTERNAL-3D-ADAM__3D-ADAM_category-held-out__M2_external_one_shot_audit/random_forest/test/seed_45.parquet,1378,1095e525c3f16a2c86453884ea7c830c57fa6673a23cfe5eeeede46fead7cd6e,61ad61746da0d3744a4a13dd2475db906b6923a3c13039332fc561c7d2948f00,dc76fddf0583a8b6e2456670c59c7c0ddaa6f986,True,True,2026-05-29T03:26:14Z
M2-EXTERNAL-3D-ADAM_confidence_weighted_mean_test_seed45_2cd8f2f6,M2-EXTERNAL-3D-ADAM,3D-ADAM category-held-out,M2_external_one_shot_audit,45,confidence_weighted_mean,test,elara_master_c/predictions/confirmation/M2-EXTERNAL-3D-ADAM__3D-ADAM_category-held-out__M2_external_one_shot_audit/confidence_weighted_mean/test/seed_45.parquet,1378,2cd8f2f68685c82819ddf506eb659a3e456bc8d13f4706dc9dbe4bdf82b505f2,61ad61746da0d3744a4a13dd2475db906b6923a3c13039332fc561c7d2948f00,dc76fddf0583a8b6e2456670c59c7c0ddaa6f986,True,True,2026-05-29T03:26:14Z
M2-EXTERNAL-3D-ADAM_tent_score_adapter_test_seed45_2e830dff,M2-EXTERNAL-3D-ADAM,3D-ADAM category-held-out,M2_external_one_shot_audit,45,tent_score_adapter,test,elara_master_c/predictions/confirmation/M2-EXTERNAL-3D-ADAM__3D-ADAM_category-held-out__M2_external_one_shot_audit/tent_score_adapter/test/seed_45.parquet,1378,2e830dffa1d7ba740a7cedc60c8633a9d5937bc953963ae6cb93ebe052bd4c76,61ad61746da0d3744a4a13dd2475db906b6923a3c13039332fc561c7d2948f00,dc76fddf0583a8b6e2456670c59c7c0ddaa6f986,True,True,2026-05-29T03:26:14Z
M2-EXTERNAL-3D-ADAM_ttt_pseudo_label_adapter_test_seed45_1b6a2a9b,M2-EXTERNAL-3D-ADAM,3D-ADAM category-held-out,M2_external_one_shot_audit,45,ttt_pseudo_label_adapter,test,elara_master_c/predictions/confirmation/M2-EXTERNAL-3D-ADAM__3D-ADAM_category-held-out__M2_external_one_shot_audit/ttt_pseudo_label_adapter/test/seed_45.parquet,1378,1b6a2a9bcb5e79a9bbb19b10d9149930954c5f34cb4327c4805ea14e5c0cae48,61ad61746da0d3744a4a13dd2475db906b6923a3c13039332fc561c7d2948f00,dc76fddf0583a8b6e2456670c59c7c0ddaa6f986,True,True,2026-05-29T03:26:14Z
M2-EXTERNAL-3D-ADAM_eata_score_adapter_test_seed45_d87573fb,M2-EXTERNAL-3D-ADAM,3D-ADAM category-held-out,M2_external_one_shot_audit,45,eata_score_adapter,test,elara_master_c/predictions/confirmation/M2-EXTERNAL-3D-ADAM__3D-ADAM_category-held-out__M2_external_one_shot_audit/eata_score_adapter/test/seed_45.parquet,1378,d87573fbc6f29d0e9f063f5d28b17e76fdeb7da21e321dc9749ed43846382731,61ad61746da0d3744a4a13dd2475db906b6923a3c13039332fc561c7d2948f00,dc76fddf0583a8b6e2456670c59c7c0ddaa6f986,True,True,2026-05-29T03:26:14Z
M2-EXTERNAL-3D-ADAM_sar_score_adapter_test_seed45_4f4a6839,M2-EXTERNAL-3D-ADAM,3D-ADAM category-held-out,M2_external_one_shot_audit,45,sar_score_adapter,test,elara_master_c/predictions/confirmation/M2-EXTERNAL-3D-ADAM__3D-ADAM_category-held-out__M2_external_one_shot_audit/sar_score_adapter/test/seed_45.parquet,1378,4f4a68393a5a9cf733244962d07b39e9c07db28c92545783b568de1c17044c3e,61ad61746da0d3744a4a13dd2475db906b6923a3c13039332fc561c7d2948f00,dc76fddf0583a8b6e2456670c59c7c0ddaa6f986,True,True,2026-05-29T03:26:14Z
M2-EXTERNAL-3D-ADAM_static_attention_test_seed46_91c32fa9,M2-EXTERNAL-3D-ADAM,3D-ADAM category-held-out,M2_external_one_shot_audit,46,static_attention,test,elara_master_c/predictions/confirmation/M2-EXTERNAL-3D-ADAM__3D-ADAM_category-held-out__M2_external_one_shot_audit/static_attention/test/seed_46.parquet,1378,91c32fa9d8a801f325f93f09c7ca54f48f519ae7786ece5e3c8035ec64bc795a,61ad61746da0d3744a4a13dd2475db906b6923a3c13039332fc561c7d2948f00,dc76fddf0583a8b6e2456670c59c7c0ddaa6f986,True,True,2026-05-29T03:26:23Z
M2-EXTERNAL-3D-ADAM_craf_attention_test_seed46_f219d72f,M2-EXTERNAL-3D-ADAM,3D-ADAM category-held-out,M2_external_one_shot_audit,46,craf_attention,test,elara_master_c/predictions/confirmation/M2-EXTERNAL-3D-ADAM__3D-ADAM_category-held-out__M2_external_one_shot_audit/craf_attention/test/seed_46.parquet,1378,f219d72f550bddc25e7089832a99d8c64bb2b651b26b0142e438f8431e26f5cd,61ad61746da0d3744a4a13dd2475db906b6923a3c13039332fc561c7d2948f00,dc76fddf0583a8b6e2456670c59c7c0ddaa6f986,True,True,2026-05-29T03:26:23Z
M2-EXTERNAL-3D-ADAM_rga_boosted_fusion_test_seed46_10fc704d,M2-EXTERNAL-3D-ADAM,3D-ADAM category-held-out,M2_external_one_shot_audit,46,rga_boosted_fusion,test,elara_master_c/predictions/confirmation/M2-EXTERNAL-3D-ADAM__3D-ADAM_category-held-out__M2_external_one_shot_audit/rga_boosted_fusion/test/seed_46.parquet,1378,10fc704d0943b02a40529447a2ca8f2f9121cd50959d9959a9b1a725c0cf3e1c,61ad61746da0d3744a4a13dd2475db906b6923a3c13039332fc561c7d2948f00,dc76fddf0583a8b6e2456670c59c7c0ddaa6f986,True,True,2026-05-29T03:26:23Z
M2-EXTERNAL-3D-ADAM_rga_meta_router_test_seed46_ec3886d7,M2-EXTERNAL-3D-ADAM,3D-ADAM category-held-out,M2_external_one_shot_audit,46,rga_meta_router,test,elara_master_c/predictions/confirmation/M2-EXTERNAL-3D-ADAM__3D-ADAM_category-held-out__M2_external_one_shot_audit/rga_meta_router/test/seed_46.parquet,1378,ec3886d73fe7c6ed8537aee210de155d8fe308e69a2bc11292d95a51f7ed1469,61ad61746da0d3744a4a13dd2475db906b6923a3c13039332fc561c7d2948f00,dc76fddf0583a8b6e2456670c59c7c0ddaa6f986,True,True,2026-05-29T03:26:23Z
M2-EXTERNAL-3D-ADAM_early_fusion_mlp_test_seed46_ef954b46,M2-EXTERNAL-3D-ADAM,3D-ADAM category-held-out,M2_external_one_shot_audit,46,early_fusion_mlp,test,elara_master_c/predictions/confirmation/M2-EXTERNAL-3D-ADAM__3D-ADAM_category-held-out__M2_external_one_shot_audit/early_fusion_mlp/test/seed_46.parquet,1378,ef954b465d36a66ae4422e18b566c44da4cc2d7519093e980ea629f435f1866f,61ad61746da0d3744a4a13dd2475db906b6923a3c13039332fc561c7d2948f00,dc76fddf0583a8b6e2456670c59c7c0ddaa6f986,True,True,2026-05-29T03:26:23Z
M2-EXTERNAL-3D-ADAM_late_fusion_ensemble_test_seed46_4b34ae30,M2-EXTERNAL-3D-ADAM,3D-ADAM category-held-out,M2_external_one_shot_audit,46,late_fusion_ensemble,test,elara_master_c/predictions/confirmation/M2-EXTERNAL-3D-ADAM__3D-ADAM_category-held-out__M2_external_one_shot_audit/late_fusion_ensemble/test/seed_46.parquet,1378,4b34ae30849aec0869051ec00dc50c6c69188fad8b34cf911d4515d3591bac24,61ad61746da0d3744a4a13dd2475db906b6923a3c13039332fc561c7d2948f00,dc76fddf0583a8b6e2456670c59c7c0ddaa6f986,True,True,2026-05-29T03:26:23Z
M2-EXTERNAL-3D-ADAM_random_forest_test_seed46_48cc24b2,M2-EXTERNAL-3D-ADAM,3D-ADAM category-held-out,M2_external_one_shot_audit,46,random_forest,test,elara_master_c/predictions/confirmation/M2-EXTERNAL-3D-ADAM__3D-ADAM_category-held-out__M2_external_one_shot_audit/random_forest/test/seed_46.parquet,1378,48cc24b2e25e277cfa8d24c43165d80f5cfb6f9cddfbfb7a1c50942a2abe0cd4,61ad61746da0d3744a4a13dd2475db906b6923a3c13039332fc561c7d2948f00,dc76fddf0583a8b6e2456670c59c7c0ddaa6f986,True,True,2026-05-29T03:26:23Z
M2-EXTERNAL-3D-ADAM_confidence_weighted_mean_test_seed46_60989e7e,M2-EXTERNAL-3D-ADAM,3D-ADAM category-held-out,M2_external_one_shot_audit,46,confidence_weighted_mean,test,elara_master_c/predictions/confirmation/M2-EXTERNAL-3D-ADAM__3D-ADAM_category-held-out__M2_external_one_shot_audit/confidence_weighted_mean/test/seed_46.parquet,1378,60989e7e219e08390c8c9f64af38d28017cbddf67f6920cffe98b1c955639004,61ad61746da0d3744a4a13dd2475db906b6923a3c13039332fc561c7d2948f00,dc76fddf0583a8b6e2456670c59c7c0ddaa6f986,True,True,2026-05-29T03:26:23Z
M2-EXTERNAL-3D-ADAM_tent_score_adapter_test_seed46_9c82e3a9,M2-EXTERNAL-3D-ADAM,3D-ADAM category-held-out,M2_external_one_shot_audit,46,tent_score_adapter,test,elara_master_c/predictions/confirmation/M2-EXTERNAL-3D-ADAM__3D-ADAM_category-held-out__M2_external_one_shot_audit/tent_score_adapter/test/seed_46.parquet,1378,9c82e3a9cd07efb61563e70bb533fd3ddd096bc93536c757019b4ea2fc671c7a,61ad61746da0d3744a4a13dd2475db906b6923a3c13039332fc561c7d2948f00,dc76fddf0583a8b6e2456670c59c7c0ddaa6f986,True,True,2026-05-29T03:26:23Z
M2-EXTERNAL-3D-ADAM_ttt_pseudo_label_adapter_test_seed46_5a6c2fdb,M2-EXTERNAL-3D-ADAM,3D-ADAM category-held-out,M2_external_one_shot_audit,46,ttt_pseudo_label_adapter,test,elara_master_c/predictions/confirmation/M2-EXTERNAL-3D-ADAM__3D-ADAM_category-held-out__M2_external_one_shot_audit/ttt_pseudo_label_adapter/test/seed_46.parquet,1378,5a6c2fdb929958a7a2f25c09fa71018e8f196efaecaee7bdfee5346a47734d34,61ad61746da0d3744a4a13dd2475db906b6923a3c13039332fc561c7d2948f00,dc76fddf0583a8b6e2456670c59c7c0ddaa6f986,True,True,2026-05-29T03:26:23Z
M2-EXTERNAL-3D-ADAM_eata_score_adapter_test_seed46_41f6134e,M2-EXTERNAL-3D-ADAM,3D-ADAM category-held-out,M2_external_one_shot_audit,46,eata_score_adapter,test,elara_master_c/predictions/confirmation/M2-EXTERNAL-3D-ADAM__3D-ADAM_category-held-out__M2_external_one_shot_audit/eata_score_adapter/test/seed_46.parquet,1378,41f6134efafe8a3f24e08b478cbad30e1018622c0ef29dd6e0bfabb54ba3ddf2,61ad61746da0d3744a4a13dd2475db906b6923a3c13039332fc561c7d2948f00,dc76fddf0583a8b6e2456670c59c7c0ddaa6f986,True,True,2026-05-29T03:26:23Z
M2-EXTERNAL-3D-ADAM_sar_score_adapter_test_seed46_b63bb64d,M2-EXTERNAL-3D-ADAM,3D-ADAM category-held-out,M2_external_one_shot_audit,46,sar_score_adapter,test,elara_master_c/predictions/confirmation/M2-EXTERNAL-3D-ADAM__3D-ADAM_category-held-out__M2_external_one_shot_audit/sar_score_adapter/test/seed_46.parquet,1378,b63bb64df911b172ec65e30b8ef34149fc92134517a1d44f3cc98de8ef496e64,61ad61746da0d3744a4a13dd2475db906b6923a3c13039332fc561c7d2948f00,dc76fddf0583a8b6e2456670c59c7c0ddaa6f986,True,True,2026-05-29T03:26:23Z
M2-EXTERNAL-3D-ADAM_static_attention_test_seed42_c3fc02c4,M2-EXTERNAL-3D-ADAM,3D-ADAM category-held-out,M2_external_one_shot_audit,42,static_attention,test,elara_master_c/predictions/confirmation/M2-EXTERNAL-3D-ADAM__3D-ADAM_category-held-out__M2_external_one_shot_audit/static_attention/test/seed_42__rerun_1.parquet,1378,c3fc02c46ca777629afd79221be843e4827d8375c5b6fffffd92f686e99623c2,61ad61746da0d3744a4a13dd2475db906b6923a3c13039332fc561c7d2948f00,dc76fddf0583a8b6e2456670c59c7c0ddaa6f986,True,True,2026-05-29T03:27:40Z
M2-EXTERNAL-3D-ADAM_craf_attention_test_seed42_bd34767c,M2-EXTERNAL-3D-ADAM,3D-ADAM category-held-out,M2_external_one_shot_audit,42,craf_attention,test,elara_master_c/predictions/confirmation/M2-EXTERNAL-3D-ADAM__3D-ADAM_category-held-out__M2_external_one_shot_audit/craf_attention/test/seed_42__rerun_1.parquet,1378,bd34767c56e8b608a9c44df784b35d5d635df482f1a93025eac48679f7098312,61ad61746da0d3744a4a13dd2475db906b6923a3c13039332fc561c7d2948f00,dc76fddf0583a8b6e2456670c59c7c0ddaa6f986,True,True,2026-05-29T03:27:40Z
M2-EXTERNAL-3D-ADAM_rga_boosted_fusion_test_seed42_6803d8bc,M2-EXTERNAL-3D-ADAM,3D-ADAM category-held-out,M2_external_one_shot_audit,42,rga_boosted_fusion,test,elara_master_c/predictions/confirmation/M2-EXTERNAL-3D-ADAM__3D-ADAM_category-held-out__M2_external_one_shot_audit/rga_boosted_fusion/test/seed_42__rerun_1.parquet,1378,6803d8bcf0754ea46ae7ae87c3a2449304791179dcc87cac571e8b1b62af1223,61ad61746da0d3744a4a13dd2475db906b6923a3c13039332fc561c7d2948f00,dc76fddf0583a8b6e2456670c59c7c0ddaa6f986,True,True,2026-05-29T03:27:40Z
M2-EXTERNAL-3D-ADAM_rga_meta_router_test_seed42_242f81a9,M2-EXTERNAL-3D-ADAM,3D-ADAM category-held-out,M2_external_one_shot_audit,42,rga_meta_router,test,elara_master_c/predictions/confirmation/M2-EXTERNAL-3D-ADAM__3D-ADAM_category-held-out__M2_external_one_shot_audit/rga_meta_router/test/seed_42__rerun_1.parquet,1378,242f81a952984cd7a4f128dd222aa3fb26b8cabea6cf540ee84e1ef6d77e2045,61ad61746da0d3744a4a13dd2475db906b6923a3c13039332fc561c7d2948f00,dc76fddf0583a8b6e2456670c59c7c0ddaa6f986,True,True,2026-05-29T03:27:40Z
M2-EXTERNAL-3D-ADAM_early_fusion_mlp_test_seed42_194f0a1d,M2-EXTERNAL-3D-ADAM,3D-ADAM category-held-out,M2_external_one_shot_audit,42,early_fusion_mlp,test,elara_master_c/predictions/confirmation/M2-EXTERNAL-3D-ADAM__3D-ADAM_category-held-out__M2_external_one_shot_audit/early_fusion_mlp/test/seed_42__rerun_1.parquet,1378,194f0a1dfd8ad3c3298007846fceff3cd251a06f42930c17d913da2e936c666d,61ad61746da0d3744a4a13dd2475db906b6923a3c13039332fc561c7d2948f00,dc76fddf0583a8b6e2456670c59c7c0ddaa6f986,True,True,2026-05-29T03:27:40Z
M2-EXTERNAL-3D-ADAM_late_fusion_ensemble_test_seed42_cb988b4f,M2-EXTERNAL-3D-ADAM,3D-ADAM category-held-out,M2_external_one_shot_audit,42,late_fusion_ensemble,test,elara_master_c/predictions/confirmation/M2-EXTERNAL-3D-ADAM__3D-ADAM_category-held-out__M2_external_one_shot_audit/late_fusion_ensemble/test/seed_42__rerun_1.parquet,1378,cb988b4f4cafbcaa20eeda31fef4dc637ab3d6b7b71dfeff4ad3902ae6b495be,61ad61746da0d3744a4a13dd2475db906b6923a3c13039332fc561c7d2948f00,dc76fddf0583a8b6e2456670c59c7c0ddaa6f986,True,True,2026-05-29T03:27:40Z
M2-EXTERNAL-3D-ADAM_random_forest_test_seed42_c4dcca1b,M2-EXTERNAL-3D-ADAM,3D-ADAM category-held-out,M2_external_one_shot_audit,42,random_forest,test,elara_master_c/predictions/confirmation/M2-EXTERNAL-3D-ADAM__3D-ADAM_category-held-out__M2_external_one_shot_audit/random_forest/test/seed_42__rerun_1.parquet,1378,c4dcca1bf51de7fb8f7674886d6b26546149826b38c39dd16754c00c6801ebbd,61ad61746da0d3744a4a13dd2475db906b6923a3c13039332fc561c7d2948f00,dc76fddf0583a8b6e2456670c59c7c0ddaa6f986,True,True,2026-05-29T03:27:40Z
M2-EXTERNAL-3D-ADAM_confidence_weighted_mean_test_seed42_afa8a2f3,M2-EXTERNAL-3D-ADAM,3D-ADAM category-held-out,M2_external_one_shot_audit,42,confidence_weighted_mean,test,elara_master_c/predictions/confirmation/M2-EXTERNAL-3D-ADAM__3D-ADAM_category-held-out__M2_external_one_shot_audit/confidence_weighted_mean/test/seed_42__rerun_1.parquet,1378,afa8a2f3550413bda583359e0631145cdb2f8573c6e3aeb26a3ab43624439953,61ad61746da0d3744a4a13dd2475db906b6923a3c13039332fc561c7d2948f00,dc76fddf0583a8b6e2456670c59c7c0ddaa6f986,True,True,2026-05-29T03:27:40Z
M2-EXTERNAL-3D-ADAM_tent_score_adapter_test_seed42_4358a80a,M2-EXTERNAL-3D-ADAM,3D-ADAM category-held-out,M2_external_one_shot_audit,42,tent_score_adapter,test,elara_master_c/predictions/confirmation/M2-EXTERNAL-3D-ADAM__3D-ADAM_category-held-out__M2_external_one_shot_audit/tent_score_adapter/test/seed_42__rerun_1.parquet,1378,4358a80ae71966104007c0a04120c891ddd34d3559995ff5ca2eab46249b2da1,61ad61746da0d3744a4a13dd2475db906b6923a3c13039332fc561c7d2948f00,dc76fddf0583a8b6e2456670c59c7c0ddaa6f986,True,True,2026-05-29T03:27:40Z
M2-EXTERNAL-3D-ADAM_ttt_pseudo_label_adapter_test_seed42_5b193c52,M2-EXTERNAL-3D-ADAM,3D-ADAM category-held-out,M2_external_one_shot_audit,42,ttt_pseudo_label_adapter,test,elara_master_c/predictions/confirmation/M2-EXTERNAL-3D-ADAM__3D-ADAM_category-held-out__M2_external_one_shot_audit/ttt_pseudo_label_adapter/test/seed_42__rerun_1.parquet,1378,5b193c52c3e022d73e558969b77d531384f9b7596cb7aa55969e8db2ffcb62ad,61ad61746da0d3744a4a13dd2475db906b6923a3c13039332fc561c7d2948f00,dc76fddf0583a8b6e2456670c59c7c0ddaa6f986,True,True,2026-05-29T03:27:40Z
M2-EXTERNAL-3D-ADAM_eata_score_adapter_test_seed42_ba14368b,M2-EXTERNAL-3D-ADAM,3D-ADAM category-held-out,M2_external_one_shot_audit,42,eata_score_adapter,test,elara_master_c/predictions/confirmation/M2-EXTERNAL-3D-ADAM__3D-ADAM_category-held-out__M2_external_one_shot_audit/eata_score_adapter/test/seed_42__rerun_1.parquet,1378,ba14368ba31821cb4737b4a9db5a170e694724b08b063b900f19af51cbe2a2af,61ad61746da0d3744a4a13dd2475db906b6923a3c13039332fc561c7d2948f00,dc76fddf0583a8b6e2456670c59c7c0ddaa6f986,True,True,2026-05-29T03:27:40Z
M2-EXTERNAL-3D-ADAM_sar_score_adapter_test_seed42_9b781dda,M2-EXTERNAL-3D-ADAM,3D-ADAM category-held-out,M2_external_one_shot_audit,42,sar_score_adapter,test,elara_master_c/predictions/confirmation/M2-EXTERNAL-3D-ADAM__3D-ADAM_category-held-out__M2_external_one_shot_audit/sar_score_adapter/test/seed_42__rerun_1.parquet,1378,9b781ddacdd7898f8e8a225b6bbab12e43951b197deb72e5cc40fd1496114214,61ad61746da0d3744a4a13dd2475db906b6923a3c13039332fc561c7d2948f00,dc76fddf0583a8b6e2456670c59c7c0ddaa6f986,True,True,2026-05-29T03:27:40Z
M2-EXTERNAL-3D-ADAM_static_attention_test_seed43_abe9046f,M2-EXTERNAL-3D-ADAM,3D-ADAM category-held-out,M2_external_one_shot_audit,43,static_attention,test,elara_master_c/predictions/confirmation/M2-EXTERNAL-3D-ADAM__3D-ADAM_category-held-out__M2_external_one_shot_audit/static_attention/test/seed_43__rerun_1.parquet,1378,abe9046f5de3f0d1c00f3baab345745b98bade53491995da971684cea0ad0781,61ad61746da0d3744a4a13dd2475db906b6923a3c13039332fc561c7d2948f00,dc76fddf0583a8b6e2456670c59c7c0ddaa6f986,True,True,2026-05-29T03:28:03Z
M2-EXTERNAL-3D-ADAM_craf_attention_test_seed43_4b684d51,M2-EXTERNAL-3D-ADAM,3D-ADAM category-held-out,M2_external_one_shot_audit,43,craf_attention,test,elara_master_c/predictions/confirmation/M2-EXTERNAL-3D-ADAM__3D-ADAM_category-held-out__M2_external_one_shot_audit/craf_attention/test/seed_43__rerun_1.parquet,1378,4b684d511b5f79543e6768e227e4654fe0e43ef57bd6592e022a9b48ee8246bf,61ad61746da0d3744a4a13dd2475db906b6923a3c13039332fc561c7d2948f00,dc76fddf0583a8b6e2456670c59c7c0ddaa6f986,True,True,2026-05-29T03:28:03Z
M2-EXTERNAL-3D-ADAM_rga_boosted_fusion_test_seed43_e8c13c59,M2-EXTERNAL-3D-ADAM,3D-ADAM category-held-out,M2_external_one_shot_audit,43,rga_boosted_fusion,test,elara_master_c/predictions/confirmation/M2-EXTERNAL-3D-ADAM__3D-ADAM_category-held-out__M2_external_one_shot_audit/rga_boosted_fusion/test/seed_43__rerun_1.parquet,1378,e8c13c5961ddc7693464c3690510de7e1ae477a0b88c0f9e17f81bb5c9f6605b,61ad61746da0d3744a4a13dd2475db906b6923a3c13039332fc561c7d2948f00,dc76fddf0583a8b6e2456670c59c7c0ddaa6f986,True,True,2026-05-29T03:28:03Z
M2-EXTERNAL-3D-ADAM_rga_meta_router_test_seed43_efdbd742,M2-EXTERNAL-3D-ADAM,3D-ADAM category-held-out,M2_external_one_shot_audit,43,rga_meta_router,test,elara_master_c/predictions/confirmation/M2-EXTERNAL-3D-ADAM__3D-ADAM_category-held-out__M2_external_one_shot_audit/rga_meta_router/test/seed_43__rerun_1.parquet,1378,efdbd7428e8132be5695a7ea591e6b7419615896a0abee2242fd6bcec0e39e2c,61ad61746da0d3744a4a13dd2475db906b6923a3c13039332fc561c7d2948f00,dc76fddf0583a8b6e2456670c59c7c0ddaa6f986,True,True,2026-05-29T03:28:03Z
M2-EXTERNAL-3D-ADAM_early_fusion_mlp_test_seed43_c0e00be0,M2-EXTERNAL-3D-ADAM,3D-ADAM category-held-out,M2_external_one_shot_audit,43,early_fusion_mlp,test,elara_master_c/predictions/confirmation/M2-EXTERNAL-3D-ADAM__3D-ADAM_category-held-out__M2_external_one_shot_audit/early_fusion_mlp/test/seed_43__rerun_1.parquet,1378,c0e00be0d8645b972e4ceca7a29e38604c9ecea2ce0d8019b04af90cebda401b,61ad61746da0d3744a4a13dd2475db906b6923a3c13039332fc561c7d2948f00,dc76fddf0583a8b6e2456670c59c7c0ddaa6f986,True,True,2026-05-29T03:28:03Z
M2-EXTERNAL-3D-ADAM_late_fusion_ensemble_test_seed43_9c07e67d,M2-EXTERNAL-3D-ADAM,3D-ADAM category-held-out,M2_external_one_shot_audit,43,late_fusion_ensemble,test,elara_master_c/predictions/confirmation/M2-EXTERNAL-3D-ADAM__3D-ADAM_category-held-out__M2_external_one_shot_audit/late_fusion_ensemble/test/seed_43__rerun_1.parquet,1378,9c07e67d493ecd5816af241b56cc4ffc66401bd35d2b75457a32550e3ca32009,61ad61746da0d3744a4a13dd2475db906b6923a3c13039332fc561c7d2948f00,dc76fddf0583a8b6e2456670c59c7c0ddaa6f986,True,True,2026-05-29T03:28:04Z
M2-EXTERNAL-3D-ADAM_random_forest_test_seed43_6080bfd7,M2-EXTERNAL-3D-ADAM,3D-ADAM category-held-out,M2_external_one_shot_audit,43,random_forest,test,elara_master_c/predictions/confirmation/M2-EXTERNAL-3D-ADAM__3D-ADAM_category-held-out__M2_external_one_shot_audit/random_forest/test/seed_43__rerun_1.parquet,1378,6080bfd74d6e14a20506118bece3dfcdacc96b3a6936b4eca1746460e8be3398,61ad61746da0d3744a4a13dd2475db906b6923a3c13039332fc561c7d2948f00,dc76fddf0583a8b6e2456670c59c7c0ddaa6f986,True,True,2026-05-29T03:28:04Z
M2-EXTERNAL-3D-ADAM_confidence_weighted_mean_test_seed43_7fa8b8a9,M2-EXTERNAL-3D-ADAM,3D-ADAM category-held-out,M2_external_one_shot_audit,43,confidence_weighted_mean,test,elara_master_c/predictions/confirmation/M2-EXTERNAL-3D-ADAM__3D-ADAM_category-held-out__M2_external_one_shot_audit/confidence_weighted_mean/test/seed_43__rerun_1.parquet,1378,7fa8b8a9dcd15d1979dd0b6faa8d090f6f40fd40876905acbe6136943fb1ba01,61ad61746da0d3744a4a13dd2475db906b6923a3c13039332fc561c7d2948f00,dc76fddf0583a8b6e2456670c59c7c0ddaa6f986,True,True,2026-05-29T03:28:04Z
M2-EXTERNAL-3D-ADAM_tent_score_adapter_test_seed43_f0c429a7,M2-EXTERNAL-3D-ADAM,3D-ADAM category-held-out,M2_external_one_shot_audit,43,tent_score_adapter,test,elara_master_c/predictions/confirmation/M2-EXTERNAL-3D-ADAM__3D-ADAM_category-held-out__M2_external_one_shot_audit/tent_score_adapter/test/seed_43__rerun_1.parquet,1378,f0c429a769f3c27139efb53a83005d4f7c86af11b3df9bfa2bf8aa5ef3fe5081,61ad61746da0d3744a4a13dd2475db906b6923a3c13039332fc561c7d2948f00,dc76fddf0583a8b6e2456670c59c7c0ddaa6f986,True,True,2026-05-29T03:28:04Z
M2-EXTERNAL-3D-ADAM_ttt_pseudo_label_adapter_test_seed43_6ee42262,M2-EXTERNAL-3D-ADAM,3D-ADAM category-held-out,M2_external_one_shot_audit,43,ttt_pseudo_label_adapter,test,elara_master_c/predictions/confirmation/M2-EXTERNAL-3D-ADAM__3D-ADAM_category-held-out__M2_external_one_shot_audit/ttt_pseudo_label_adapter/test/seed_43__rerun_1.parquet,1378,6ee42262602736dbc59741102cb346c5916e031125e5121cfb9ba6ef6a7cae33,61ad61746da0d3744a4a13dd2475db906b6923a3c13039332fc561c7d2948f00,dc76fddf0583a8b6e2456670c59c7c0ddaa6f986,True,True,2026-05-29T03:28:04Z
M2-EXTERNAL-3D-ADAM_eata_score_adapter_test_seed43_db33e23c,M2-EXTERNAL-3D-ADAM,3D-ADAM category-held-out,M2_external_one_shot_audit,43,eata_score_adapter,test,elara_master_c/predictions/confirmation/M2-EXTERNAL-3D-ADAM__3D-ADAM_category-held-out__M2_external_one_shot_audit/eata_score_adapter/test/seed_43__rerun_1.parquet,1378,db33e23cc34fa7abf42792061735eed988badad880b8ada21db50a2b87c02bd9,61ad61746da0d3744a4a13dd2475db906b6923a3c13039332fc561c7d2948f00,dc76fddf0583a8b6e2456670c59c7c0ddaa6f986,True,True,2026-05-29T03:28:04Z
M2-EXTERNAL-3D-ADAM_sar_score_adapter_test_seed43_a5cea589,M2-EXTERNAL-3D-ADAM,3D-ADAM category-held-out,M2_external_one_shot_audit,43,sar_score_adapter,test,elara_master_c/predictions/confirmation/M2-EXTERNAL-3D-ADAM__3D-ADAM_category-held-out__M2_external_one_shot_audit/sar_score_adapter/test/seed_43__rerun_1.parquet,1378,a5cea58950e7500ec2f853501c97536d2db1d65cdad8d8a012ca320c5386f5e0,61ad61746da0d3744a4a13dd2475db906b6923a3c13039332fc561c7d2948f00,dc76fddf0583a8b6e2456670c59c7c0ddaa6f986,True,True,2026-05-29T03:28:04Z
M2-EXTERNAL-3D-ADAM_static_attention_test_seed44_b19d810a,M2-EXTERNAL-3D-ADAM,3D-ADAM category-held-out,M2_external_one_shot_audit,44,static_attention,test,elara_master_c/predictions/confirmation/M2-EXTERNAL-3D-ADAM__3D-ADAM_category-held-out__M2_external_one_shot_audit/static_attention/test/seed_44__rerun_1.parquet,1378,b19d810a101bb8c3ef59325374a9f962e537a54bcdcb4fdcb8d4c3e935f1bba7,61ad61746da0d3744a4a13dd2475db906b6923a3c13039332fc561c7d2948f00,dc76fddf0583a8b6e2456670c59c7c0ddaa6f986,True,True,2026-05-29T03:28:18Z
M2-EXTERNAL-3D-ADAM_craf_attention_test_seed44_efb15347,M2-EXTERNAL-3D-ADAM,3D-ADAM category-held-out,M2_external_one_shot_audit,44,craf_attention,test,elara_master_c/predictions/confirmation/M2-EXTERNAL-3D-ADAM__3D-ADAM_category-held-out__M2_external_one_shot_audit/craf_attention/test/seed_44__rerun_1.parquet,1378,efb15347e68b3a964d84b6e091909e2bafd1fa2049d33bda8f2f1ced5aa8f6fd,61ad61746da0d3744a4a13dd2475db906b6923a3c13039332fc561c7d2948f00,dc76fddf0583a8b6e2456670c59c7c0ddaa6f986,True,True,2026-05-29T03:28:18Z
M2-EXTERNAL-3D-ADAM_rga_boosted_fusion_test_seed44_88a086d8,M2-EXTERNAL-3D-ADAM,3D-ADAM category-held-out,M2_external_one_shot_audit,44,rga_boosted_fusion,test,elara_master_c/predictions/confirmation/M2-EXTERNAL-3D-ADAM__3D-ADAM_category-held-out__M2_external_one_shot_audit/rga_boosted_fusion/test/seed_44__rerun_1.parquet,1378,88a086d8e262f203e846fb43ba3906422e41b2d0eae5e8960427ae225b2468f1,61ad61746da0d3744a4a13dd2475db906b6923a3c13039332fc561c7d2948f00,dc76fddf0583a8b6e2456670c59c7c0ddaa6f986,True,True,2026-05-29T03:28:18Z
M2-EXTERNAL-3D-ADAM_rga_meta_router_test_seed44_ab21ad81,M2-EXTERNAL-3D-ADAM,3D-ADAM category-held-out,M2_external_one_shot_audit,44,rga_meta_router,test,elara_master_c/predictions/confirmation/M2-EXTERNAL-3D-ADAM__3D-ADAM_category-held-out__M2_external_one_shot_audit/rga_meta_router/test/seed_44__rerun_1.parquet,1378,ab21ad81a7fe9bd8ac461c0de9e0c60e2d26d400d1bdc32fb160b433a7ccbf3c,61ad61746da0d3744a4a13dd2475db906b6923a3c13039332fc561c7d2948f00,dc76fddf0583a8b6e2456670c59c7c0ddaa6f986,True,True,2026-05-29T03:28:18Z
M2-EXTERNAL-3D-ADAM_early_fusion_mlp_test_seed44_20f4ce1d,M2-EXTERNAL-3D-ADAM,3D-ADAM category-held-out,M2_external_one_shot_audit,44,early_fusion_mlp,test,elara_master_c/predictions/confirmation/M2-EXTERNAL-3D-ADAM__3D-ADAM_category-held-out__M2_external_one_shot_audit/early_fusion_mlp/test/seed_44__rerun_1.parquet,1378,20f4ce1d2eb73e6b1fe1e509a12665454434fb4822ee202924224c0f415e2146,61ad61746da0d3744a4a13dd2475db906b6923a3c13039332fc561c7d2948f00,dc76fddf0583a8b6e2456670c59c7c0ddaa6f986,True,True,2026-05-29T03:28:18Z
M2-EXTERNAL-3D-ADAM_late_fusion_ensemble_test_seed44_fa91ecbe,M2-EXTERNAL-3D-ADAM,3D-ADAM category-held-out,M2_external_one_shot_audit,44,late_fusion_ensemble,test,elara_master_c/predictions/confirmation/M2-EXTERNAL-3D-ADAM__3D-ADAM_category-held-out__M2_external_one_shot_audit/late_fusion_ensemble/test/seed_44__rerun_1.parquet,1378,fa91ecbe08665b1481182a310bd65389861c1a1f31120f526dcb0c4cf4aa5f27,61ad61746da0d3744a4a13dd2475db906b6923a3c13039332fc561c7d2948f00,dc76fddf0583a8b6e2456670c59c7c0ddaa6f986,True,True,2026-05-29T03:28:18Z
M2-EXTERNAL-3D-ADAM_random_forest_test_seed44_48c32953,M2-EXTERNAL-3D-ADAM,3D-ADAM category-held-out,M2_external_one_shot_audit,44,random_forest,test,elara_master_c/predictions/confirmation/M2-EXTERNAL-3D-ADAM__3D-ADAM_category-held-out__M2_external_one_shot_audit/random_forest/test/seed_44__rerun_1.parquet,1378,48c329536d07e8709e26b155b0d98ada3237fee3145772dac897056c61dfbfca,61ad61746da0d3744a4a13dd2475db906b6923a3c13039332fc561c7d2948f00,dc76fddf0583a8b6e2456670c59c7c0ddaa6f986,True,True,2026-05-29T03:28:18Z
M2-EXTERNAL-3D-ADAM_confidence_weighted_mean_test_seed44_ee157c5c,M2-EXTERNAL-3D-ADAM,3D-ADAM category-held-out,M2_external_one_shot_audit,44,confidence_weighted_mean,test,elara_master_c/predictions/confirmation/M2-EXTERNAL-3D-ADAM__3D-ADAM_category-held-out__M2_external_one_shot_audit/confidence_weighted_mean/test/seed_44__rerun_1.parquet,1378,ee157c5ccdec25214121254a16ccfe37a13122474c0570a7cdf1288e8be62c93,61ad61746da0d3744a4a13dd2475db906b6923a3c13039332fc561c7d2948f00,dc76fddf0583a8b6e2456670c59c7c0ddaa6f986,True,True,2026-05-29T03:28:18Z
M2-EXTERNAL-3D-ADAM_tent_score_adapter_test_seed44_1f8c0448,M2-EXTERNAL-3D-ADAM,3D-ADAM category-held-out,M2_external_one_shot_audit,44,tent_score_adapter,test,elara_master_c/predictions/confirmation/M2-EXTERNAL-3D-ADAM__3D-ADAM_category-held-out__M2_external_one_shot_audit/tent_score_adapter/test/seed_44__rerun_1.parquet,1378,1f8c04487fbcf74f8354ce92c96e74979f98ab71d85f29b08219a166cae3e9e7,61ad61746da0d3744a4a13dd2475db906b6923a3c13039332fc561c7d2948f00,dc76fddf0583a8b6e2456670c59c7c0ddaa6f986,True,True,2026-05-29T03:28:18Z
M2-EXTERNAL-3D-ADAM_ttt_pseudo_label_adapter_test_seed44_f1a9f953,M2-EXTERNAL-3D-ADAM,3D-ADAM category-held-out,M2_external_one_shot_audit,44,ttt_pseudo_label_adapter,test,elara_master_c/predictions/confirmation/M2-EXTERNAL-3D-ADAM__3D-ADAM_category-held-out__M2_external_one_shot_audit/ttt_pseudo_label_adapter/test/seed_44__rerun_1.parquet,1378,f1a9f9538ccfa21223002654500e9ae70cf9af45b36b36ea6fa2689f42845e3a,61ad61746da0d3744a4a13dd2475db906b6923a3c13039332fc561c7d2948f00,dc76fddf0583a8b6e2456670c59c7c0ddaa6f986,True,True,2026-05-29T03:28:18Z
M2-EXTERNAL-3D-ADAM_eata_score_adapter_test_seed44_5ea328fc,M2-EXTERNAL-3D-ADAM,3D-ADAM category-held-out,M2_external_one_shot_audit,44,eata_score_adapter,test,elara_master_c/predictions/confirmation/M2-EXTERNAL-3D-ADAM__3D-ADAM_category-held-out__M2_external_one_shot_audit/eata_score_adapter/test/seed_44__rerun_1.parquet,1378,5ea328fc0045025a696b886b347890dcefdeb8c4d037a923715ee996c28a40fd,61ad61746da0d3744a4a13dd2475db906b6923a3c13039332fc561c7d2948f00,dc76fddf0583a8b6e2456670c59c7c0ddaa6f986,True,True,2026-05-29T03:28:18Z
M2-EXTERNAL-3D-ADAM_sar_score_adapter_test_seed44_be50e177,M2-EXTERNAL-3D-ADAM,3D-ADAM category-held-out,M2_external_one_shot_audit,44,sar_score_adapter,test,elara_master_c/predictions/confirmation/M2-EXTERNAL-3D-ADAM__3D-ADAM_category-held-out__M2_external_one_shot_audit/sar_score_adapter/test/seed_44__rerun_1.parquet,1378,be50e177d6b6acd9e06b0ede34dbcd60d35e6854a4aa1dabbbab7cd4c512ca7f,61ad61746da0d3744a4a13dd2475db906b6923a3c13039332fc561c7d2948f00,dc76fddf0583a8b6e2456670c59c7c0ddaa6f986,True,True,2026-05-29T03:28:18Z
M2-EXTERNAL-3D-ADAM_static_attention_test_seed45_98814daf,M2-EXTERNAL-3D-ADAM,3D-ADAM category-held-out,M2_external_one_shot_audit,45,static_attention,test,elara_master_c/predictions/confirmation/M2-EXTERNAL-3D-ADAM__3D-ADAM_category-held-out__M2_external_one_shot_audit/static_attention/test/seed_45__rerun_1.parquet,1378,98814daf834f118238dfc02c4d45d32232ce4e5256bbd9fa35f56845b7c6dd87,61ad61746da0d3744a4a13dd2475db906b6923a3c13039332fc561c7d2948f00,dc76fddf0583a8b6e2456670c59c7c0ddaa6f986,True,True,2026-05-29T03:28:32Z
M2-EXTERNAL-3D-ADAM_craf_attention_test_seed45_2a359650,M2-EXTERNAL-3D-ADAM,3D-ADAM category-held-out,M2_external_one_shot_audit,45,craf_attention,test,elara_master_c/predictions/confirmation/M2-EXTERNAL-3D-ADAM__3D-ADAM_category-held-out__M2_external_one_shot_audit/craf_attention/test/seed_45__rerun_1.parquet,1378,2a359650952c5d0611d64f2459131e833aa9d4e5bf23b82d8175f8ad03a619df,61ad61746da0d3744a4a13dd2475db906b6923a3c13039332fc561c7d2948f00,dc76fddf0583a8b6e2456670c59c7c0ddaa6f986,True,True,2026-05-29T03:28:32Z
M2-EXTERNAL-3D-ADAM_rga_boosted_fusion_test_seed45_80f77205,M2-EXTERNAL-3D-ADAM,3D-ADAM category-held-out,M2_external_one_shot_audit,45,rga_boosted_fusion,test,elara_master_c/predictions/confirmation/M2-EXTERNAL-3D-ADAM__3D-ADAM_category-held-out__M2_external_one_shot_audit/rga_boosted_fusion/test/seed_45__rerun_1.parquet,1378,80f77205a3844f17c9ef22d3cf1f8ea13c4da366c67b1c4648553d8a4f07ec7b,61ad61746da0d3744a4a13dd2475db906b6923a3c13039332fc561c7d2948f00,dc76fddf0583a8b6e2456670c59c7c0ddaa6f986,True,True,2026-05-29T03:28:32Z
M2-EXTERNAL-3D-ADAM_rga_meta_router_test_seed45_8f138fc5,M2-EXTERNAL-3D-ADAM,3D-ADAM category-held-out,M2_external_one_shot_audit,45,rga_meta_router,test,elara_master_c/predictions/confirmation/M2-EXTERNAL-3D-ADAM__3D-ADAM_category-held-out__M2_external_one_shot_audit/rga_meta_router/test/seed_45__rerun_1.parquet,1378,8f138fc555c2bd9ae642e15978dc522748a892bf2d1ccad7ef89cd210706ca77,61ad61746da0d3744a4a13dd2475db906b6923a3c13039332fc561c7d2948f00,dc76fddf0583a8b6e2456670c59c7c0ddaa6f986,True,True,2026-05-29T03:28:32Z
M2-EXTERNAL-3D-ADAM_early_fusion_mlp_test_seed45_66dc933b,M2-EXTERNAL-3D-ADAM,3D-ADAM category-held-out,M2_external_one_shot_audit,45,early_fusion_mlp,test,elara_master_c/predictions/confirmation/M2-EXTERNAL-3D-ADAM__3D-ADAM_category-held-out__M2_external_one_shot_audit/early_fusion_mlp/test/seed_45__rerun_1.parquet,1378,66dc933bed43074216059d9d1fcc1d2b31fb753a9a48319eccc6d9b72ff49585,61ad61746da0d3744a4a13dd2475db906b6923a3c13039332fc561c7d2948f00,dc76fddf0583a8b6e2456670c59c7c0ddaa6f986,True,True,2026-05-29T03:28:32Z
M2-EXTERNAL-3D-ADAM_late_fusion_ensemble_test_seed45_ca0a22cf,M2-EXTERNAL-3D-ADAM,3D-ADAM category-held-out,M2_external_one_shot_audit,45,late_fusion_ensemble,test,elara_master_c/predictions/confirmation/M2-EXTERNAL-3D-ADAM__3D-ADAM_category-held-out__M2_external_one_shot_audit/late_fusion_ensemble/test/seed_45__rerun_1.parquet,1378,ca0a22cf55e1e81b5ac64b0204937ac4d7e7cadcad6457625ac7e6d2334e4b9e,61ad61746da0d3744a4a13dd2475db906b6923a3c13039332fc561c7d2948f00,dc76fddf0583a8b6e2456670c59c7c0ddaa6f986,True,True,2026-05-29T03:28:32Z
M2-EXTERNAL-3D-ADAM_random_forest_test_seed45_1095e525,M2-EXTERNAL-3D-ADAM,3D-ADAM category-held-out,M2_external_one_shot_audit,45,random_forest,test,elara_master_c/predictions/confirmation/M2-EXTERNAL-3D-ADAM__3D-ADAM_category-held-out__M2_external_one_shot_audit/random_forest/test/seed_45__rerun_1.parquet,1378,1095e525c3f16a2c86453884ea7c830c57fa6673a23cfe5eeeede46fead7cd6e,61ad61746da0d3744a4a13dd2475db906b6923a3c13039332fc561c7d2948f00,dc76fddf0583a8b6e2456670c59c7c0ddaa6f986,True,True,2026-05-29T03:28:32Z
M2-EXTERNAL-3D-ADAM_confidence_weighted_mean_test_seed45_2cd8f2f6,M2-EXTERNAL-3D-ADAM,3D-ADAM category-held-out,M2_external_one_shot_audit,45,confidence_weighted_mean,test,elara_master_c/predictions/confirmation/M2-EXTERNAL-3D-ADAM__3D-ADAM_category-held-out__M2_external_one_shot_audit/confidence_weighted_mean/test/seed_45__rerun_1.parquet,1378,2cd8f2f68685c82819ddf506eb659a3e456bc8d13f4706dc9dbe4bdf82b505f2,61ad61746da0d3744a4a13dd2475db906b6923a3c13039332fc561c7d2948f00,dc76fddf0583a8b6e2456670c59c7c0ddaa6f986,True,True,2026-05-29T03:28:32Z
M2-EXTERNAL-3D-ADAM_tent_score_adapter_test_seed45_2e830dff,M2-EXTERNAL-3D-ADAM,3D-ADAM category-held-out,M2_external_one_shot_audit,45,tent_score_adapter,test,elara_master_c/predictions/confirmation/M2-EXTERNAL-3D-ADAM__3D-ADAM_category-held-out__M2_external_one_shot_audit/tent_score_adapter/test/seed_45__rerun_1.parquet,1378,2e830dffa1d7ba740a7cedc60c8633a9d5937bc953963ae6cb93ebe052bd4c76,61ad61746da0d3744a4a13dd2475db906b6923a3c13039332fc561c7d2948f00,dc76fddf0583a8b6e2456670c59c7c0ddaa6f986,True,True,2026-05-29T03:28:32Z
M2-EXTERNAL-3D-ADAM_ttt_pseudo_label_adapter_test_seed45_1b6a2a9b,M2-EXTERNAL-3D-ADAM,3D-ADAM category-held-out,M2_external_one_shot_audit,45,ttt_pseudo_label_adapter,test,elara_master_c/predictions/confirmation/M2-EXTERNAL-3D-ADAM__3D-ADAM_category-held-out__M2_external_one_shot_audit/ttt_pseudo_label_adapter/test/seed_45__rerun_1.parquet,1378,1b6a2a9bcb5e79a9bbb19b10d9149930954c5f34cb4327c4805ea14e5c0cae48,61ad61746da0d3744a4a13dd2475db906b6923a3c13039332fc561c7d2948f00,dc76fddf0583a8b6e2456670c59c7c0ddaa6f986,True,True,2026-05-29T03:28:32Z
M2-EXTERNAL-3D-ADAM_eata_score_adapter_test_seed45_d87573fb,M2-EXTERNAL-3D-ADAM,3D-ADAM category-held-out,M2_external_one_shot_audit,45,eata_score_adapter,test,elara_master_c/predictions/confirmation/M2-EXTERNAL-3D-ADAM__3D-ADAM_category-held-out__M2_external_one_shot_audit/eata_score_adapter/test/seed_45__rerun_1.parquet,1378,d87573fbc6f29d0e9f063f5d28b17e76fdeb7da21e321dc9749ed43846382731,61ad61746da0d3744a4a13dd2475db906b6923a3c13039332fc561c7d2948f00,dc76fddf0583a8b6e2456670c59c7c0ddaa6f986,True,True,2026-05-29T03:28:32Z
M2-EXTERNAL-3D-ADAM_sar_score_adapter_test_seed45_4f4a6839,M2-EXTERNAL-3D-ADAM,3D-ADAM category-held-out,M2_external_one_shot_audit,45,sar_score_adapter,test,elara_master_c/predictions/confirmation/M2-EXTERNAL-3D-ADAM__3D-ADAM_category-held-out__M2_external_one_shot_audit/sar_score_adapter/test/seed_45__rerun_1.parquet,1378,4f4a68393a5a9cf733244962d07b39e9c07db28c92545783b568de1c17044c3e,61ad61746da0d3744a4a13dd2475db906b6923a3c13039332fc561c7d2948f00,dc76fddf0583a8b6e2456670c59c7c0ddaa6f986,True,True,2026-05-29T03:28:32Z
M2-EXTERNAL-3D-ADAM_static_attention_test_seed46_91c32fa9,M2-EXTERNAL-3D-ADAM,3D-ADAM category-held-out,M2_external_one_shot_audit,46,static_attention,test,elara_master_c/predictions/confirmation/M2-EXTERNAL-3D-ADAM__3D-ADAM_category-held-out__M2_external_one_shot_audit/static_attention/test/seed_46__rerun_1.parquet,1378,91c32fa9d8a801f325f93f09c7ca54f48f519ae7786ece5e3c8035ec64bc795a,61ad61746da0d3744a4a13dd2475db906b6923a3c13039332fc561c7d2948f00,dc76fddf0583a8b6e2456670c59c7c0ddaa6f986,True,True,2026-05-29T03:28:48Z
M2-EXTERNAL-3D-ADAM_craf_attention_test_seed46_f219d72f,M2-EXTERNAL-3D-ADAM,3D-ADAM category-held-out,M2_external_one_shot_audit,46,craf_attention,test,elara_master_c/predictions/confirmation/M2-EXTERNAL-3D-ADAM__3D-ADAM_category-held-out__M2_external_one_shot_audit/craf_attention/test/seed_46__rerun_1.parquet,1378,f219d72f550bddc25e7089832a99d8c64bb2b651b26b0142e438f8431e26f5cd,61ad61746da0d3744a4a13dd2475db906b6923a3c13039332fc561c7d2948f00,dc76fddf0583a8b6e2456670c59c7c0ddaa6f986,True,True,2026-05-29T03:28:48Z
M2-EXTERNAL-3D-ADAM_rga_boosted_fusion_test_seed46_10fc704d,M2-EXTERNAL-3D-ADAM,3D-ADAM category-held-out,M2_external_one_shot_audit,46,rga_boosted_fusion,test,elara_master_c/predictions/confirmation/M2-EXTERNAL-3D-ADAM__3D-ADAM_category-held-out__M2_external_one_shot_audit/rga_boosted_fusion/test/seed_46__rerun_1.parquet,1378,10fc704d0943b02a40529447a2ca8f2f9121cd50959d9959a9b1a725c0cf3e1c,61ad61746da0d3744a4a13dd2475db906b6923a3c13039332fc561c7d2948f00,dc76fddf0583a8b6e2456670c59c7c0ddaa6f986,True,True,2026-05-29T03:28:48Z
M2-EXTERNAL-3D-ADAM_rga_meta_router_test_seed46_ec3886d7,M2-EXTERNAL-3D-ADAM,3D-ADAM category-held-out,M2_external_one_shot_audit,46,rga_meta_router,test,elara_master_c/predictions/confirmation/M2-EXTERNAL-3D-ADAM__3D-ADAM_category-held-out__M2_external_one_shot_audit/rga_meta_router/test/seed_46__rerun_1.parquet,1378,ec3886d73fe7c6ed8537aee210de155d8fe308e69a2bc11292d95a51f7ed1469,61ad61746da0d3744a4a13dd2475db906b6923a3c13039332fc561c7d2948f00,dc76fddf0583a8b6e2456670c59c7c0ddaa6f986,True,True,2026-05-29T03:28:48Z
M2-EXTERNAL-3D-ADAM_early_fusion_mlp_test_seed46_ef954b46,M2-EXTERNAL-3D-ADAM,3D-ADAM category-held-out,M2_external_one_shot_audit,46,early_fusion_mlp,test,elara_master_c/predictions/confirmation/M2-EXTERNAL-3D-ADAM__3D-ADAM_category-held-out__M2_external_one_shot_audit/early_fusion_mlp/test/seed_46__rerun_1.parquet,1378,ef954b465d36a66ae4422e18b566c44da4cc2d7519093e980ea629f435f1866f,61ad61746da0d3744a4a13dd2475db906b6923a3c13039332fc561c7d2948f00,dc76fddf0583a8b6e2456670c59c7c0ddaa6f986,True,True,2026-05-29T03:28:48Z
M2-EXTERNAL-3D-ADAM_late_fusion_ensemble_test_seed46_4b34ae30,M2-EXTERNAL-3D-ADAM,3D-ADAM category-held-out,M2_external_one_shot_audit,46,late_fusion_ensemble,test,elara_master_c/predictions/confirmation/M2-EXTERNAL-3D-ADAM__3D-ADAM_category-held-out__M2_external_one_shot_audit/late_fusion_ensemble/test/seed_46__rerun_1.parquet,1378,4b34ae30849aec0869051ec00dc50c6c69188fad8b34cf911d4515d3591bac24,61ad61746da0d3744a4a13dd2475db906b6923a3c13039332fc561c7d2948f00,dc76fddf0583a8b6e2456670c59c7c0ddaa6f986,True,True,2026-05-29T03:28:48Z
M2-EXTERNAL-3D-ADAM_random_forest_test_seed46_48cc24b2,M2-EXTERNAL-3D-ADAM,3D-ADAM category-held-out,M2_external_one_shot_audit,46,random_forest,test,elara_master_c/predictions/confirmation/M2-EXTERNAL-3D-ADAM__3D-ADAM_category-held-out__M2_external_one_shot_audit/random_forest/test/seed_46__rerun_1.parquet,1378,48cc24b2e25e277cfa8d24c43165d80f5cfb6f9cddfbfb7a1c50942a2abe0cd4,61ad61746da0d3744a4a13dd2475db906b6923a3c13039332fc561c7d2948f00,dc76fddf0583a8b6e2456670c59c7c0ddaa6f986,True,True,2026-05-29T03:28:48Z
M2-EXTERNAL-3D-ADAM_confidence_weighted_mean_test_seed46_60989e7e,M2-EXTERNAL-3D-ADAM,3D-ADAM category-held-out,M2_external_one_shot_audit,46,confidence_weighted_mean,test,elara_master_c/predictions/confirmation/M2-EXTERNAL-3D-ADAM__3D-ADAM_category-held-out__M2_external_one_shot_audit/confidence_weighted_mean/test/seed_46__rerun_1.parquet,1378,60989e7e219e08390c8c9f64af38d28017cbddf67f6920cffe98b1c955639004,61ad61746da0d3744a4a13dd2475db906b6923a3c13039332fc561c7d2948f00,dc76fddf0583a8b6e2456670c59c7c0ddaa6f986,True,True,2026-05-29T03:28:48Z
M2-EXTERNAL-3D-ADAM_tent_score_adapter_test_seed46_9c82e3a9,M2-EXTERNAL-3D-ADAM,3D-ADAM category-held-out,M2_external_one_shot_audit,46,tent_score_adapter,test,elara_master_c/predictions/confirmation/M2-EXTERNAL-3D-ADAM__3D-ADAM_category-held-out__M2_external_one_shot_audit/tent_score_adapter/test/seed_46__rerun_1.parquet,1378,9c82e3a9cd07efb61563e70bb533fd3ddd096bc93536c757019b4ea2fc671c7a,61ad61746da0d3744a4a13dd2475db906b6923a3c13039332fc561c7d2948f00,dc76fddf0583a8b6e2456670c59c7c0ddaa6f986,True,True,2026-05-29T03:28:48Z
M2-EXTERNAL-3D-ADAM_ttt_pseudo_label_adapter_test_seed46_5a6c2fdb,M2-EXTERNAL-3D-ADAM,3D-ADAM category-held-out,M2_external_one_shot_audit,46,ttt_pseudo_label_adapter,test,elara_master_c/predictions/confirmation/M2-EXTERNAL-3D-ADAM__3D-ADAM_category-held-out__M2_external_one_shot_audit/ttt_pseudo_label_adapter/test/seed_46__rerun_1.parquet,1378,5a6c2fdb929958a7a2f25c09fa71018e8f196efaecaee7bdfee5346a47734d34,61ad61746da0d3744a4a13dd2475db906b6923a3c13039332fc561c7d2948f00,dc76fddf0583a8b6e2456670c59c7c0ddaa6f986,True,True,2026-05-29T03:28:48Z
M2-EXTERNAL-3D-ADAM_eata_score_adapter_test_seed46_41f6134e,M2-EXTERNAL-3D-ADAM,3D-ADAM category-held-out,M2_external_one_shot_audit,46,eata_score_adapter,test,elara_master_c/predictions/confirmation/M2-EXTERNAL-3D-ADAM__3D-ADAM_category-held-out__M2_external_one_shot_audit/eata_score_adapter/test/seed_46__rerun_1.parquet,1378,41f6134efafe8a3f24e08b478cbad30e1018622c0ef29dd6e0bfabb54ba3ddf2,61ad61746da0d3744a4a13dd2475db906b6923a3c13039332fc561c7d2948f00,dc76fddf0583a8b6e2456670c59c7c0ddaa6f986,True,True,2026-05-29T03:28:49Z
M2-EXTERNAL-3D-ADAM_sar_score_adapter_test_seed46_b63bb64d,M2-EXTERNAL-3D-ADAM,3D-ADAM category-held-out,M2_external_one_shot_audit,46,sar_score_adapter,test,elara_master_c/predictions/confirmation/M2-EXTERNAL-3D-ADAM__3D-ADAM_category-held-out__M2_external_one_shot_audit/sar_score_adapter/test/seed_46__rerun_1.parquet,1378,b63bb64df911b172ec65e30b8ef34149fc92134517a1d44f3cc98de8ef496e64,61ad61746da0d3744a4a13dd2475db906b6923a3c13039332fc561c7d2948f00,dc76fddf0583a8b6e2456670c59c7c0ddaa6f986,True,True,2026-05-29T03:28:49Z
M2-EXTERNAL-3D-ADAM_static_attention_test_seed42_c3fc02c4,M2-EXTERNAL-3D-ADAM,3D-ADAM category-held-out,M2_external_one_shot_audit,42,static_attention,test,elara_master_c/predictions/confirmation/M2-EXTERNAL-3D-ADAM__3D-ADAM_category-held-out__M2_external_one_shot_audit/static_attention/test/seed_42__rerun_2.parquet,1378,c3fc02c46ca777629afd79221be843e4827d8375c5b6fffffd92f686e99623c2,61ad61746da0d3744a4a13dd2475db906b6923a3c13039332fc561c7d2948f00,dc76fddf0583a8b6e2456670c59c7c0ddaa6f986,True,True,2026-05-29T03:29:26Z
M2-EXTERNAL-3D-ADAM_craf_attention_test_seed42_bd34767c,M2-EXTERNAL-3D-ADAM,3D-ADAM category-held-out,M2_external_one_shot_audit,42,craf_attention,test,elara_master_c/predictions/confirmation/M2-EXTERNAL-3D-ADAM__3D-ADAM_category-held-out__M2_external_one_shot_audit/craf_attention/test/seed_42__rerun_2.parquet,1378,bd34767c56e8b608a9c44df784b35d5d635df482f1a93025eac48679f7098312,61ad61746da0d3744a4a13dd2475db906b6923a3c13039332fc561c7d2948f00,dc76fddf0583a8b6e2456670c59c7c0ddaa6f986,True,True,2026-05-29T03:29:27Z
M2-EXTERNAL-3D-ADAM_rga_boosted_fusion_test_seed42_6803d8bc,M2-EXTERNAL-3D-ADAM,3D-ADAM category-held-out,M2_external_one_shot_audit,42,rga_boosted_fusion,test,elara_master_c/predictions/confirmation/M2-EXTERNAL-3D-ADAM__3D-ADAM_category-held-out__M2_external_one_shot_audit/rga_boosted_fusion/test/seed_42__rerun_2.parquet,1378,6803d8bcf0754ea46ae7ae87c3a2449304791179dcc87cac571e8b1b62af1223,61ad61746da0d3744a4a13dd2475db906b6923a3c13039332fc561c7d2948f00,dc76fddf0583a8b6e2456670c59c7c0ddaa6f986,True,True,2026-05-29T03:29:27Z
M2-EXTERNAL-3D-ADAM_rga_meta_router_test_seed42_242f81a9,M2-EXTERNAL-3D-ADAM,3D-ADAM category-held-out,M2_external_one_shot_audit,42,rga_meta_router,test,elara_master_c/predictions/confirmation/M2-EXTERNAL-3D-ADAM__3D-ADAM_category-held-out__M2_external_one_shot_audit/rga_meta_router/test/seed_42__rerun_2.parquet,1378,242f81a952984cd7a4f128dd222aa3fb26b8cabea6cf540ee84e1ef6d77e2045,61ad61746da0d3744a4a13dd2475db906b6923a3c13039332fc561c7d2948f00,dc76fddf0583a8b6e2456670c59c7c0ddaa6f986,True,True,2026-05-29T03:29:27Z
M2-EXTERNAL-3D-ADAM_early_fusion_mlp_test_seed42_194f0a1d,M2-EXTERNAL-3D-ADAM,3D-ADAM category-held-out,M2_external_one_shot_audit,42,early_fusion_mlp,test,elara_master_c/predictions/confirmation/M2-EXTERNAL-3D-ADAM__3D-ADAM_category-held-out__M2_external_one_shot_audit/early_fusion_mlp/test/seed_42__rerun_2.parquet,1378,194f0a1dfd8ad3c3298007846fceff3cd251a06f42930c17d913da2e936c666d,61ad61746da0d3744a4a13dd2475db906b6923a3c13039332fc561c7d2948f00,dc76fddf0583a8b6e2456670c59c7c0ddaa6f986,True,True,2026-05-29T03:29:27Z
M2-EXTERNAL-3D-ADAM_late_fusion_ensemble_test_seed42_cb988b4f,M2-EXTERNAL-3D-ADAM,3D-ADAM category-held-out,M2_external_one_shot_audit,42,late_fusion_ensemble,test,elara_master_c/predictions/confirmation/M2-EXTERNAL-3D-ADAM__3D-ADAM_category-held-out__M2_external_one_shot_audit/late_fusion_ensemble/test/seed_42__rerun_2.parquet,1378,cb988b4f4cafbcaa20eeda31fef4dc637ab3d6b7b71dfeff4ad3902ae6b495be,61ad61746da0d3744a4a13dd2475db906b6923a3c13039332fc561c7d2948f00,dc76fddf0583a8b6e2456670c59c7c0ddaa6f986,True,True,2026-05-29T03:29:27Z
M2-EXTERNAL-3D-ADAM_random_forest_test_seed42_c4dcca1b,M2-EXTERNAL-3D-ADAM,3D-ADAM category-held-out,M2_external_one_shot_audit,42,random_forest,test,elara_master_c/predictions/confirmation/M2-EXTERNAL-3D-ADAM__3D-ADAM_category-held-out__M2_external_one_shot_audit/random_forest/test/seed_42__rerun_2.parquet,1378,c4dcca1bf51de7fb8f7674886d6b26546149826b38c39dd16754c00c6801ebbd,61ad61746da0d3744a4a13dd2475db906b6923a3c13039332fc561c7d2948f00,dc76fddf0583a8b6e2456670c59c7c0ddaa6f986,True,True,2026-05-29T03:29:27Z
M2-EXTERNAL-3D-ADAM_confidence_weighted_mean_test_seed42_afa8a2f3,M2-EXTERNAL-3D-ADAM,3D-ADAM category-held-out,M2_external_one_shot_audit,42,confidence_weighted_mean,test,elara_master_c/predictions/confirmation/M2-EXTERNAL-3D-ADAM__3D-ADAM_category-held-out__M2_external_one_shot_audit/confidence_weighted_mean/test/seed_42__rerun_2.parquet,1378,afa8a2f3550413bda583359e0631145cdb2f8573c6e3aeb26a3ab43624439953,61ad61746da0d3744a4a13dd2475db906b6923a3c13039332fc561c7d2948f00,dc76fddf0583a8b6e2456670c59c7c0ddaa6f986,True,True,2026-05-29T03:29:27Z
M2-EXTERNAL-3D-ADAM_tent_score_adapter_test_seed42_4358a80a,M2-EXTERNAL-3D-ADAM,3D-ADAM category-held-out,M2_external_one_shot_audit,42,tent_score_adapter,test,elara_master_c/predictions/confirmation/M2-EXTERNAL-3D-ADAM__3D-ADAM_category-held-out__M2_external_one_shot_audit/tent_score_adapter/test/seed_42__rerun_2.parquet,1378,4358a80ae71966104007c0a04120c891ddd34d3559995ff5ca2eab46249b2da1,61ad61746da0d3744a4a13dd2475db906b6923a3c13039332fc561c7d2948f00,dc76fddf0583a8b6e2456670c59c7c0ddaa6f986,True,True,2026-05-29T03:29:27Z
M2-EXTERNAL-3D-ADAM_ttt_pseudo_label_adapter_test_seed42_5b193c52,M2-EXTERNAL-3D-ADAM,3D-ADAM category-held-out,M2_external_one_shot_audit,42,ttt_pseudo_label_adapter,test,elara_master_c/predictions/confirmation/M2-EXTERNAL-3D-ADAM__3D-ADAM_category-held-out__M2_external_one_shot_audit/ttt_pseudo_label_adapter/test/seed_42__rerun_2.parquet,1378,5b193c52c3e022d73e558969b77d531384f9b7596cb7aa55969e8db2ffcb62ad,61ad61746da0d3744a4a13dd2475db906b6923a3c13039332fc561c7d2948f00,dc76fddf0583a8b6e2456670c59c7c0ddaa6f986,True,True,2026-05-29T03:29:27Z
M2-EXTERNAL-3D-ADAM_eata_score_adapter_test_seed42_ba14368b,M2-EXTERNAL-3D-ADAM,3D-ADAM category-held-out,M2_external_one_shot_audit,42,eata_score_adapter,test,elara_master_c/predictions/confirmation/M2-EXTERNAL-3D-ADAM__3D-ADAM_category-held-out__M2_external_one_shot_audit/eata_score_adapter/test/seed_42__rerun_2.parquet,1378,ba14368ba31821cb4737b4a9db5a170e694724b08b063b900f19af51cbe2a2af,61ad61746da0d3744a4a13dd2475db906b6923a3c13039332fc561c7d2948f00,dc76fddf0583a8b6e2456670c59c7c0ddaa6f986,True,True,2026-05-29T03:29:27Z
M2-EXTERNAL-3D-ADAM_sar_score_adapter_test_seed42_9b781dda,M2-EXTERNAL-3D-ADAM,3D-ADAM category-held-out,M2_external_one_shot_audit,42,sar_score_adapter,test,elara_master_c/predictions/confirmation/M2-EXTERNAL-3D-ADAM__3D-ADAM_category-held-out__M2_external_one_shot_audit/sar_score_adapter/test/seed_42__rerun_2.parquet,1378,9b781ddacdd7898f8e8a225b6bbab12e43951b197deb72e5cc40fd1496114214,61ad61746da0d3744a4a13dd2475db906b6923a3c13039332fc561c7d2948f00,dc76fddf0583a8b6e2456670c59c7c0ddaa6f986,True,True,2026-05-29T03:29:27Z
M2-EXTERNAL-3D-ADAM_static_attention_test_seed43_abe9046f,M2-EXTERNAL-3D-ADAM,3D-ADAM category-held-out,M2_external_one_shot_audit,43,static_attention,test,elara_master_c/predictions/confirmation/M2-EXTERNAL-3D-ADAM__3D-ADAM_category-held-out__M2_external_one_shot_audit/static_attention/test/seed_43__rerun_2.parquet,1378,abe9046f5de3f0d1c00f3baab345745b98bade53491995da971684cea0ad0781,61ad61746da0d3744a4a13dd2475db906b6923a3c13039332fc561c7d2948f00,dc76fddf0583a8b6e2456670c59c7c0ddaa6f986,True,True,2026-05-29T03:29:42Z
M2-EXTERNAL-3D-ADAM_craf_attention_test_seed43_4b684d51,M2-EXTERNAL-3D-ADAM,3D-ADAM category-held-out,M2_external_one_shot_audit,43,craf_attention,test,elara_master_c/predictions/confirmation/M2-EXTERNAL-3D-ADAM__3D-ADAM_category-held-out__M2_external_one_shot_audit/craf_attention/test/seed_43__rerun_2.parquet,1378,4b684d511b5f79543e6768e227e4654fe0e43ef57bd6592e022a9b48ee8246bf,61ad61746da0d3744a4a13dd2475db906b6923a3c13039332fc561c7d2948f00,dc76fddf0583a8b6e2456670c59c7c0ddaa6f986,True,True,2026-05-29T03:29:42Z
M2-EXTERNAL-3D-ADAM_rga_boosted_fusion_test_seed43_e8c13c59,M2-EXTERNAL-3D-ADAM,3D-ADAM category-held-out,M2_external_one_shot_audit,43,rga_boosted_fusion,test,elara_master_c/predictions/confirmation/M2-EXTERNAL-3D-ADAM__3D-ADAM_category-held-out__M2_external_one_shot_audit/rga_boosted_fusion/test/seed_43__rerun_2.parquet,1378,e8c13c5961ddc7693464c3690510de7e1ae477a0b88c0f9e17f81bb5c9f6605b,61ad61746da0d3744a4a13dd2475db906b6923a3c13039332fc561c7d2948f00,dc76fddf0583a8b6e2456670c59c7c0ddaa6f986,True,True,2026-05-29T03:29:42Z
M2-EXTERNAL-3D-ADAM_rga_meta_router_test_seed43_efdbd742,M2-EXTERNAL-3D-ADAM,3D-ADAM category-held-out,M2_external_one_shot_audit,43,rga_meta_router,test,elara_master_c/predictions/confirmation/M2-EXTERNAL-3D-ADAM__3D-ADAM_category-held-out__M2_external_one_shot_audit/rga_meta_router/test/seed_43__rerun_2.parquet,1378,efdbd7428e8132be5695a7ea591e6b7419615896a0abee2242fd6bcec0e39e2c,61ad61746da0d3744a4a13dd2475db906b6923a3c13039332fc561c7d2948f00,dc76fddf0583a8b6e2456670c59c7c0ddaa6f986,True,True,2026-05-29T03:29:42Z
M2-EXTERNAL-3D-ADAM_early_fusion_mlp_test_seed43_c0e00be0,M2-EXTERNAL-3D-ADAM,3D-ADAM category-held-out,M2_external_one_shot_audit,43,early_fusion_mlp,test,elara_master_c/predictions/confirmation/M2-EXTERNAL-3D-ADAM__3D-ADAM_category-held-out__M2_external_one_shot_audit/early_fusion_mlp/test/seed_43__rerun_2.parquet,1378,c0e00be0d8645b972e4ceca7a29e38604c9ecea2ce0d8019b04af90cebda401b,61ad61746da0d3744a4a13dd2475db906b6923a3c13039332fc561c7d2948f00,dc76fddf0583a8b6e2456670c59c7c0ddaa6f986,True,True,2026-05-29T03:29:43Z
M2-EXTERNAL-3D-ADAM_late_fusion_ensemble_test_seed43_9c07e67d,M2-EXTERNAL-3D-ADAM,3D-ADAM category-held-out,M2_external_one_shot_audit,43,late_fusion_ensemble,test,elara_master_c/predictions/confirmation/M2-EXTERNAL-3D-ADAM__3D-ADAM_category-held-out__M2_external_one_shot_audit/late_fusion_ensemble/test/seed_43__rerun_2.parquet,1378,9c07e67d493ecd5816af241b56cc4ffc66401bd35d2b75457a32550e3ca32009,61ad61746da0d3744a4a13dd2475db906b6923a3c13039332fc561c7d2948f00,dc76fddf0583a8b6e2456670c59c7c0ddaa6f986,True,True,2026-05-29T03:29:43Z
M2-EXTERNAL-3D-ADAM_random_forest_test_seed43_6080bfd7,M2-EXTERNAL-3D-ADAM,3D-ADAM category-held-out,M2_external_one_shot_audit,43,random_forest,test,elara_master_c/predictions/confirmation/M2-EXTERNAL-3D-ADAM__3D-ADAM_category-held-out__M2_external_one_shot_audit/random_forest/test/seed_43__rerun_2.parquet,1378,6080bfd74d6e14a20506118bece3dfcdacc96b3a6936b4eca1746460e8be3398,61ad61746da0d3744a4a13dd2475db906b6923a3c13039332fc561c7d2948f00,dc76fddf0583a8b6e2456670c59c7c0ddaa6f986,True,True,2026-05-29T03:29:43Z
M2-EXTERNAL-3D-ADAM_confidence_weighted_mean_test_seed43_7fa8b8a9,M2-EXTERNAL-3D-ADAM,3D-ADAM category-held-out,M2_external_one_shot_audit,43,confidence_weighted_mean,test,elara_master_c/predictions/confirmation/M2-EXTERNAL-3D-ADAM__3D-ADAM_category-held-out__M2_external_one_shot_audit/confidence_weighted_mean/test/seed_43__rerun_2.parquet,1378,7fa8b8a9dcd15d1979dd0b6faa8d090f6f40fd40876905acbe6136943fb1ba01,61ad61746da0d3744a4a13dd2475db906b6923a3c13039332fc561c7d2948f00,dc76fddf0583a8b6e2456670c59c7c0ddaa6f986,True,True,2026-05-29T03:29:43Z
M2-EXTERNAL-3D-ADAM_tent_score_adapter_test_seed43_f0c429a7,M2-EXTERNAL-3D-ADAM,3D-ADAM category-held-out,M2_external_one_shot_audit,43,tent_score_adapter,test,elara_master_c/predictions/confirmation/M2-EXTERNAL-3D-ADAM__3D-ADAM_category-held-out__M2_external_one_shot_audit/tent_score_adapter/test/seed_43__rerun_2.parquet,1378,f0c429a769f3c27139efb53a83005d4f7c86af11b3df9bfa2bf8aa5ef3fe5081,61ad61746da0d3744a4a13dd2475db906b6923a3c13039332fc561c7d2948f00,dc76fddf0583a8b6e2456670c59c7c0ddaa6f986,True,True,2026-05-29T03:29:43Z
M2-EXTERNAL-3D-ADAM_ttt_pseudo_label_adapter_test_seed43_6ee42262,M2-EXTERNAL-3D-ADAM,3D-ADAM category-held-out,M2_external_one_shot_audit,43,ttt_pseudo_label_adapter,test,elara_master_c/predictions/confirmation/M2-EXTERNAL-3D-ADAM__3D-ADAM_category-held-out__M2_external_one_shot_audit/ttt_pseudo_label_adapter/test/seed_43__rerun_2.parquet,1378,6ee42262602736dbc59741102cb346c5916e031125e5121cfb9ba6ef6a7cae33,61ad61746da0d3744a4a13dd2475db906b6923a3c13039332fc561c7d2948f00,dc76fddf0583a8b6e2456670c59c7c0ddaa6f986,True,True,2026-05-29T03:29:43Z
M2-EXTERNAL-3D-ADAM_eata_score_adapter_test_seed43_db33e23c,M2-EXTERNAL-3D-ADAM,3D-ADAM category-held-out,M2_external_one_shot_audit,43,eata_score_adapter,test,elara_master_c/predictions/confirmation/M2-EXTERNAL-3D-ADAM__3D-ADAM_category-held-out__M2_external_one_shot_audit/eata_score_adapter/test/seed_43__rerun_2.parquet,1378,db33e23cc34fa7abf42792061735eed988badad880b8ada21db50a2b87c02bd9,61ad61746da0d3744a4a13dd2475db906b6923a3c13039332fc561c7d2948f00,dc76fddf0583a8b6e2456670c59c7c0ddaa6f986,True,True,2026-05-29T03:29:43Z
M2-EXTERNAL-3D-ADAM_sar_score_adapter_test_seed43_a5cea589,M2-EXTERNAL-3D-ADAM,3D-ADAM category-held-out,M2_external_one_shot_audit,43,sar_score_adapter,test,elara_master_c/predictions/confirmation/M2-EXTERNAL-3D-ADAM__3D-ADAM_category-held-out__M2_external_one_shot_audit/sar_score_adapter/test/seed_43__rerun_2.parquet,1378,a5cea58950e7500ec2f853501c97536d2db1d65cdad8d8a012ca320c5386f5e0,61ad61746da0d3744a4a13dd2475db906b6923a3c13039332fc561c7d2948f00,dc76fddf0583a8b6e2456670c59c7c0ddaa6f986,True,True,2026-05-29T03:29:43Z
M2-EXTERNAL-3D-ADAM_static_attention_test_seed44_b19d810a,M2-EXTERNAL-3D-ADAM,3D-ADAM category-held-out,M2_external_one_shot_audit,44,static_attention,test,elara_master_c/predictions/confirmation/M2-EXTERNAL-3D-ADAM__3D-ADAM_category-held-out__M2_external_one_shot_audit/static_attention/test/seed_44__rerun_2.parquet,1378,b19d810a101bb8c3ef59325374a9f962e537a54bcdcb4fdcb8d4c3e935f1bba7,61ad61746da0d3744a4a13dd2475db906b6923a3c13039332fc561c7d2948f00,dc76fddf0583a8b6e2456670c59c7c0ddaa6f986,True,True,2026-05-29T03:30:07Z
M2-EXTERNAL-3D-ADAM_craf_attention_test_seed44_efb15347,M2-EXTERNAL-3D-ADAM,3D-ADAM category-held-out,M2_external_one_shot_audit,44,craf_attention,test,elara_master_c/predictions/confirmation/M2-EXTERNAL-3D-ADAM__3D-ADAM_category-held-out__M2_external_one_shot_audit/craf_attention/test/seed_44__rerun_2.parquet,1378,efb15347e68b3a964d84b6e091909e2bafd1fa2049d33bda8f2f1ced5aa8f6fd,61ad61746da0d3744a4a13dd2475db906b6923a3c13039332fc561c7d2948f00,dc76fddf0583a8b6e2456670c59c7c0ddaa6f986,True,True,2026-05-29T03:30:07Z
M2-EXTERNAL-3D-ADAM_rga_boosted_fusion_test_seed44_88a086d8,M2-EXTERNAL-3D-ADAM,3D-ADAM category-held-out,M2_external_one_shot_audit,44,rga_boosted_fusion,test,elara_master_c/predictions/confirmation/M2-EXTERNAL-3D-ADAM__3D-ADAM_category-held-out__M2_external_one_shot_audit/rga_boosted_fusion/test/seed_44__rerun_2.parquet,1378,88a086d8e262f203e846fb43ba3906422e41b2d0eae5e8960427ae225b2468f1,61ad61746da0d3744a4a13dd2475db906b6923a3c13039332fc561c7d2948f00,dc76fddf0583a8b6e2456670c59c7c0ddaa6f986,True,True,2026-05-29T03:30:07Z
M2-EXTERNAL-3D-ADAM_rga_meta_router_test_seed44_ab21ad81,M2-EXTERNAL-3D-ADAM,3D-ADAM category-held-out,M2_external_one_shot_audit,44,rga_meta_router,test,elara_master_c/predictions/confirmation/M2-EXTERNAL-3D-ADAM__3D-ADAM_category-held-out__M2_external_one_shot_audit/rga_meta_router/test/seed_44__rerun_2.parquet,1378,ab21ad81a7fe9bd8ac461c0de9e0c60e2d26d400d1bdc32fb160b433a7ccbf3c,61ad61746da0d3744a4a13dd2475db906b6923a3c13039332fc561c7d2948f00,dc76fddf0583a8b6e2456670c59c7c0ddaa6f986,True,True,2026-05-29T03:30:08Z
M2-EXTERNAL-3D-ADAM_early_fusion_mlp_test_seed44_20f4ce1d,M2-EXTERNAL-3D-ADAM,3D-ADAM category-held-out,M2_external_one_shot_audit,44,early_fusion_mlp,test,elara_master_c/predictions/confirmation/M2-EXTERNAL-3D-ADAM__3D-ADAM_category-held-out__M2_external_one_shot_audit/early_fusion_mlp/test/seed_44__rerun_2.parquet,1378,20f4ce1d2eb73e6b1fe1e509a12665454434fb4822ee202924224c0f415e2146,61ad61746da0d3744a4a13dd2475db906b6923a3c13039332fc561c7d2948f00,dc76fddf0583a8b6e2456670c59c7c0ddaa6f986,True,True,2026-05-29T03:30:08Z
M2-EXTERNAL-3D-ADAM_late_fusion_ensemble_test_seed44_fa91ecbe,M2-EXTERNAL-3D-ADAM,3D-ADAM category-held-out,M2_external_one_shot_audit,44,late_fusion_ensemble,test,elara_master_c/predictions/confirmation/M2-EXTERNAL-3D-ADAM__3D-ADAM_category-held-out__M2_external_one_shot_audit/late_fusion_ensemble/test/seed_44__rerun_2.parquet,1378,fa91ecbe08665b1481182a310bd65389861c1a1f31120f526dcb0c4cf4aa5f27,61ad61746da0d3744a4a13dd2475db906b6923a3c13039332fc561c7d2948f00,dc76fddf0583a8b6e2456670c59c7c0ddaa6f986,True,True,2026-05-29T03:30:08Z
M2-EXTERNAL-3D-ADAM_random_forest_test_seed44_48c32953,M2-EXTERNAL-3D-ADAM,3D-ADAM category-held-out,M2_external_one_shot_audit,44,random_forest,test,elara_master_c/predictions/confirmation/M2-EXTERNAL-3D-ADAM__3D-ADAM_category-held-out__M2_external_one_shot_audit/random_forest/test/seed_44__rerun_2.parquet,1378,48c329536d07e8709e26b155b0d98ada3237fee3145772dac897056c61dfbfca,61ad61746da0d3744a4a13dd2475db906b6923a3c13039332fc561c7d2948f00,dc76fddf0583a8b6e2456670c59c7c0ddaa6f986,True,True,2026-05-29T03:30:08Z
M2-EXTERNAL-3D-ADAM_confidence_weighted_mean_test_seed44_ee157c5c,M2-EXTERNAL-3D-ADAM,3D-ADAM category-held-out,M2_external_one_shot_audit,44,confidence_weighted_mean,test,elara_master_c/predictions/confirmation/M2-EXTERNAL-3D-ADAM__3D-ADAM_category-held-out__M2_external_one_shot_audit/confidence_weighted_mean/test/seed_44__rerun_2.parquet,1378,ee157c5ccdec25214121254a16ccfe37a13122474c0570a7cdf1288e8be62c93,61ad61746da0d3744a4a13dd2475db906b6923a3c13039332fc561c7d2948f00,dc76fddf0583a8b6e2456670c59c7c0ddaa6f986,True,True,2026-05-29T03:30:08Z
M2-EXTERNAL-3D-ADAM_tent_score_adapter_test_seed44_1f8c0448,M2-EXTERNAL-3D-ADAM,3D-ADAM category-held-out,M2_external_one_shot_audit,44,tent_score_adapter,test,elara_master_c/predictions/confirmation/M2-EXTERNAL-3D-ADAM__3D-ADAM_category-held-out__M2_external_one_shot_audit/tent_score_adapter/test/seed_44__rerun_2.parquet,1378,1f8c04487fbcf74f8354ce92c96e74979f98ab71d85f29b08219a166cae3e9e7,61ad61746da0d3744a4a13dd2475db906b6923a3c13039332fc561c7d2948f00,dc76fddf0583a8b6e2456670c59c7c0ddaa6f986,True,True,2026-05-29T03:30:08Z
M2-EXTERNAL-3D-ADAM_ttt_pseudo_label_adapter_test_seed44_f1a9f953,M2-EXTERNAL-3D-ADAM,3D-ADAM category-held-out,M2_external_one_shot_audit,44,ttt_pseudo_label_adapter,test,elara_master_c/predictions/confirmation/M2-EXTERNAL-3D-ADAM__3D-ADAM_category-held-out__M2_external_one_shot_audit/ttt_pseudo_label_adapter/test/seed_44__rerun_2.parquet,1378,f1a9f9538ccfa21223002654500e9ae70cf9af45b36b36ea6fa2689f42845e3a,61ad61746da0d3744a4a13dd2475db906b6923a3c13039332fc561c7d2948f00,dc76fddf0583a8b6e2456670c59c7c0ddaa6f986,True,True,2026-05-29T03:30:08Z
M2-EXTERNAL-3D-ADAM_eata_score_adapter_test_seed44_5ea328fc,M2-EXTERNAL-3D-ADAM,3D-ADAM category-held-out,M2_external_one_shot_audit,44,eata_score_adapter,test,elara_master_c/predictions/confirmation/M2-EXTERNAL-3D-ADAM__3D-ADAM_category-held-out__M2_external_one_shot_audit/eata_score_adapter/test/seed_44__rerun_2.parquet,1378,5ea328fc0045025a696b886b347890dcefdeb8c4d037a923715ee996c28a40fd,61ad61746da0d3744a4a13dd2475db906b6923a3c13039332fc561c7d2948f00,dc76fddf0583a8b6e2456670c59c7c0ddaa6f986,True,True,2026-05-29T03:30:08Z
M2-EXTERNAL-3D-ADAM_sar_score_adapter_test_seed44_be50e177,M2-EXTERNAL-3D-ADAM,3D-ADAM category-held-out,M2_external_one_shot_audit,44,sar_score_adapter,test,elara_master_c/predictions/confirmation/M2-EXTERNAL-3D-ADAM__3D-ADAM_category-held-out__M2_external_one_shot_audit/sar_score_adapter/test/seed_44__rerun_2.parquet,1378,be50e177d6b6acd9e06b0ede34dbcd60d35e6854a4aa1dabbbab7cd4c512ca7f,61ad61746da0d3744a4a13dd2475db906b6923a3c13039332fc561c7d2948f00,dc76fddf0583a8b6e2456670c59c7c0ddaa6f986,True,True,2026-05-29T03:30:08Z
M2-EXTERNAL-3D-ADAM_static_attention_test_seed45_98814daf,M2-EXTERNAL-3D-ADAM,3D-ADAM category-held-out,M2_external_one_shot_audit,45,static_attention,test,elara_master_c/predictions/confirmation/M2-EXTERNAL-3D-ADAM__3D-ADAM_category-held-out__M2_external_one_shot_audit/static_attention/test/seed_45__rerun_2.parquet,1378,98814daf834f118238dfc02c4d45d32232ce4e5256bbd9fa35f56845b7c6dd87,61ad61746da0d3744a4a13dd2475db906b6923a3c13039332fc561c7d2948f00,dc76fddf0583a8b6e2456670c59c7c0ddaa6f986,True,True,2026-05-29T03:30:35Z
M2-EXTERNAL-3D-ADAM_craf_attention_test_seed45_2a359650,M2-EXTERNAL-3D-ADAM,3D-ADAM category-held-out,M2_external_one_shot_audit,45,craf_attention,test,elara_master_c/predictions/confirmation/M2-EXTERNAL-3D-ADAM__3D-ADAM_category-held-out__M2_external_one_shot_audit/craf_attention/test/seed_45__rerun_2.parquet,1378,2a359650952c5d0611d64f2459131e833aa9d4e5bf23b82d8175f8ad03a619df,61ad61746da0d3744a4a13dd2475db906b6923a3c13039332fc561c7d2948f00,dc76fddf0583a8b6e2456670c59c7c0ddaa6f986,True,True,2026-05-29T03:30:35Z
M2-EXTERNAL-3D-ADAM_rga_boosted_fusion_test_seed45_80f77205,M2-EXTERNAL-3D-ADAM,3D-ADAM category-held-out,M2_external_one_shot_audit,45,rga_boosted_fusion,test,elara_master_c/predictions/confirmation/M2-EXTERNAL-3D-ADAM__3D-ADAM_category-held-out__M2_external_one_shot_audit/rga_boosted_fusion/test/seed_45__rerun_2.parquet,1378,80f77205a3844f17c9ef22d3cf1f8ea13c4da366c67b1c4648553d8a4f07ec7b,61ad61746da0d3744a4a13dd2475db906b6923a3c13039332fc561c7d2948f00,dc76fddf0583a8b6e2456670c59c7c0ddaa6f986,True,True,2026-05-29T03:30:35Z
M2-EXTERNAL-3D-ADAM_rga_meta_router_test_seed45_8f138fc5,M2-EXTERNAL-3D-ADAM,3D-ADAM category-held-out,M2_external_one_shot_audit,45,rga_meta_router,test,elara_master_c/predictions/confirmation/M2-EXTERNAL-3D-ADAM__3D-ADAM_category-held-out__M2_external_one_shot_audit/rga_meta_router/test/seed_45__rerun_2.parquet,1378,8f138fc555c2bd9ae642e15978dc522748a892bf2d1ccad7ef89cd210706ca77,61ad61746da0d3744a4a13dd2475db906b6923a3c13039332fc561c7d2948f00,dc76fddf0583a8b6e2456670c59c7c0ddaa6f986,True,True,2026-05-29T03:30:35Z
M2-EXTERNAL-3D-ADAM_early_fusion_mlp_test_seed45_66dc933b,M2-EXTERNAL-3D-ADAM,3D-ADAM category-held-out,M2_external_one_shot_audit,45,early_fusion_mlp,test,elara_master_c/predictions/confirmation/M2-EXTERNAL-3D-ADAM__3D-ADAM_category-held-out__M2_external_one_shot_audit/early_fusion_mlp/test/seed_45__rerun_2.parquet,1378,66dc933bed43074216059d9d1fcc1d2b31fb753a9a48319eccc6d9b72ff49585,61ad61746da0d3744a4a13dd2475db906b6923a3c13039332fc561c7d2948f00,dc76fddf0583a8b6e2456670c59c7c0ddaa6f986,True,True,2026-05-29T03:30:35Z
M2-EXTERNAL-3D-ADAM_late_fusion_ensemble_test_seed45_ca0a22cf,M2-EXTERNAL-3D-ADAM,3D-ADAM category-held-out,M2_external_one_shot_audit,45,late_fusion_ensemble,test,elara_master_c/predictions/confirmation/M2-EXTERNAL-3D-ADAM__3D-ADAM_category-held-out__M2_external_one_shot_audit/late_fusion_ensemble/test/seed_45__rerun_2.parquet,1378,ca0a22cf55e1e81b5ac64b0204937ac4d7e7cadcad6457625ac7e6d2334e4b9e,61ad61746da0d3744a4a13dd2475db906b6923a3c13039332fc561c7d2948f00,dc76fddf0583a8b6e2456670c59c7c0ddaa6f986,True,True,2026-05-29T03:30:35Z
M2-EXTERNAL-3D-ADAM_random_forest_test_seed45_1095e525,M2-EXTERNAL-3D-ADAM,3D-ADAM category-held-out,M2_external_one_shot_audit,45,random_forest,test,elara_master_c/predictions/confirmation/M2-EXTERNAL-3D-ADAM__3D-ADAM_category-held-out__M2_external_one_shot_audit/random_forest/test/seed_45__rerun_2.parquet,1378,1095e525c3f16a2c86453884ea7c830c57fa6673a23cfe5eeeede46fead7cd6e,61ad61746da0d3744a4a13dd2475db906b6923a3c13039332fc561c7d2948f00,dc76fddf0583a8b6e2456670c59c7c0ddaa6f986,True,True,2026-05-29T03:30:35Z
M2-EXTERNAL-3D-ADAM_confidence_weighted_mean_test_seed45_2cd8f2f6,M2-EXTERNAL-3D-ADAM,3D-ADAM category-held-out,M2_external_one_shot_audit,45,confidence_weighted_mean,test,elara_master_c/predictions/confirmation/M2-EXTERNAL-3D-ADAM__3D-ADAM_category-held-out__M2_external_one_shot_audit/confidence_weighted_mean/test/seed_45__rerun_2.parquet,1378,2cd8f2f68685c82819ddf506eb659a3e456bc8d13f4706dc9dbe4bdf82b505f2,61ad61746da0d3744a4a13dd2475db906b6923a3c13039332fc561c7d2948f00,dc76fddf0583a8b6e2456670c59c7c0ddaa6f986,True,True,2026-05-29T03:30:35Z
M2-EXTERNAL-3D-ADAM_tent_score_adapter_test_seed45_2e830dff,M2-EXTERNAL-3D-ADAM,3D-ADAM category-held-out,M2_external_one_shot_audit,45,tent_score_adapter,test,elara_master_c/predictions/confirmation/M2-EXTERNAL-3D-ADAM__3D-ADAM_category-held-out__M2_external_one_shot_audit/tent_score_adapter/test/seed_45__rerun_2.parquet,1378,2e830dffa1d7ba740a7cedc60c8633a9d5937bc953963ae6cb93ebe052bd4c76,61ad61746da0d3744a4a13dd2475db906b6923a3c13039332fc561c7d2948f00,dc76fddf0583a8b6e2456670c59c7c0ddaa6f986,True,True,2026-05-29T03:30:35Z
M2-EXTERNAL-3D-ADAM_ttt_pseudo_label_adapter_test_seed45_1b6a2a9b,M2-EXTERNAL-3D-ADAM,3D-ADAM category-held-out,M2_external_one_shot_audit,45,ttt_pseudo_label_adapter,test,elara_master_c/predictions/confirmation/M2-EXTERNAL-3D-ADAM__3D-ADAM_category-held-out__M2_external_one_shot_audit/ttt_pseudo_label_adapter/test/seed_45__rerun_2.parquet,1378,1b6a2a9bcb5e79a9bbb19b10d9149930954c5f34cb4327c4805ea14e5c0cae48,61ad61746da0d3744a4a13dd2475db906b6923a3c13039332fc561c7d2948f00,dc76fddf0583a8b6e2456670c59c7c0ddaa6f986,True,True,2026-05-29T03:30:35Z
M2-EXTERNAL-3D-ADAM_eata_score_adapter_test_seed45_d87573fb,M2-EXTERNAL-3D-ADAM,3D-ADAM category-held-out,M2_external_one_shot_audit,45,eata_score_adapter,test,elara_master_c/predictions/confirmation/M2-EXTERNAL-3D-ADAM__3D-ADAM_category-held-out__M2_external_one_shot_audit/eata_score_adapter/test/seed_45__rerun_2.parquet,1378,d87573fbc6f29d0e9f063f5d28b17e76fdeb7da21e321dc9749ed43846382731,61ad61746da0d3744a4a13dd2475db906b6923a3c13039332fc561c7d2948f00,dc76fddf0583a8b6e2456670c59c7c0ddaa6f986,True,True,2026-05-29T03:30:35Z
M2-EXTERNAL-3D-ADAM_sar_score_adapter_test_seed45_4f4a6839,M2-EXTERNAL-3D-ADAM,3D-ADAM category-held-out,M2_external_one_shot_audit,45,sar_score_adapter,test,elara_master_c/predictions/confirmation/M2-EXTERNAL-3D-ADAM__3D-ADAM_category-held-out__M2_external_one_shot_audit/sar_score_adapter/test/seed_45__rerun_2.parquet,1378,4f4a68393a5a9cf733244962d07b39e9c07db28c92545783b568de1c17044c3e,61ad61746da0d3744a4a13dd2475db906b6923a3c13039332fc561c7d2948f00,dc76fddf0583a8b6e2456670c59c7c0ddaa6f986,True,True,2026-05-29T03:30:35Z
M2-EXTERNAL-3D-ADAM_static_attention_test_seed46_91c32fa9,M2-EXTERNAL-3D-ADAM,3D-ADAM category-held-out,M2_external_one_shot_audit,46,static_attention,test,elara_master_c/predictions/confirmation/M2-EXTERNAL-3D-ADAM__3D-ADAM_category-held-out__M2_external_one_shot_audit/static_attention/test/seed_46__rerun_2.parquet,1378,91c32fa9d8a801f325f93f09c7ca54f48f519ae7786ece5e3c8035ec64bc795a,61ad61746da0d3744a4a13dd2475db906b6923a3c13039332fc561c7d2948f00,dc76fddf0583a8b6e2456670c59c7c0ddaa6f986,True,True,2026-05-29T03:30:59Z
M2-EXTERNAL-3D-ADAM_craf_attention_test_seed46_f219d72f,M2-EXTERNAL-3D-ADAM,3D-ADAM category-held-out,M2_external_one_shot_audit,46,craf_attention,test,elara_master_c/predictions/confirmation/M2-EXTERNAL-3D-ADAM__3D-ADAM_category-held-out__M2_external_one_shot_audit/craf_attention/test/seed_46__rerun_2.parquet,1378,f219d72f550bddc25e7089832a99d8c64bb2b651b26b0142e438f8431e26f5cd,61ad61746da0d3744a4a13dd2475db906b6923a3c13039332fc561c7d2948f00,dc76fddf0583a8b6e2456670c59c7c0ddaa6f986,True,True,2026-05-29T03:30:59Z
M2-EXTERNAL-3D-ADAM_rga_boosted_fusion_test_seed46_10fc704d,M2-EXTERNAL-3D-ADAM,3D-ADAM category-held-out,M2_external_one_shot_audit,46,rga_boosted_fusion,test,elara_master_c/predictions/confirmation/M2-EXTERNAL-3D-ADAM__3D-ADAM_category-held-out__M2_external_one_shot_audit/rga_boosted_fusion/test/seed_46__rerun_2.parquet,1378,10fc704d0943b02a40529447a2ca8f2f9121cd50959d9959a9b1a725c0cf3e1c,61ad61746da0d3744a4a13dd2475db906b6923a3c13039332fc561c7d2948f00,dc76fddf0583a8b6e2456670c59c7c0ddaa6f986,True,True,2026-05-29T03:30:59Z
M2-EXTERNAL-3D-ADAM_rga_meta_router_test_seed46_ec3886d7,M2-EXTERNAL-3D-ADAM,3D-ADAM category-held-out,M2_external_one_shot_audit,46,rga_meta_router,test,elara_master_c/predictions/confirmation/M2-EXTERNAL-3D-ADAM__3D-ADAM_category-held-out__M2_external_one_shot_audit/rga_meta_router/test/seed_46__rerun_2.parquet,1378,ec3886d73fe7c6ed8537aee210de155d8fe308e69a2bc11292d95a51f7ed1469,61ad61746da0d3744a4a13dd2475db906b6923a3c13039332fc561c7d2948f00,dc76fddf0583a8b6e2456670c59c7c0ddaa6f986,True,True,2026-05-29T03:30:59Z
M2-EXTERNAL-3D-ADAM_early_fusion_mlp_test_seed46_ef954b46,M2-EXTERNAL-3D-ADAM,3D-ADAM category-held-out,M2_external_one_shot_audit,46,early_fusion_mlp,test,elara_master_c/predictions/confirmation/M2-EXTERNAL-3D-ADAM__3D-ADAM_category-held-out__M2_external_one_shot_audit/early_fusion_mlp/test/seed_46__rerun_2.parquet,1378,ef954b465d36a66ae4422e18b566c44da4cc2d7519093e980ea629f435f1866f,61ad61746da0d3744a4a13dd2475db906b6923a3c13039332fc561c7d2948f00,dc76fddf0583a8b6e2456670c59c7c0ddaa6f986,True,True,2026-05-29T03:30:59Z
M2-EXTERNAL-3D-ADAM_late_fusion_ensemble_test_seed46_4b34ae30,M2-EXTERNAL-3D-ADAM,3D-ADAM category-held-out,M2_external_one_shot_audit,46,late_fusion_ensemble,test,elara_master_c/predictions/confirmation/M2-EXTERNAL-3D-ADAM__3D-ADAM_category-held-out__M2_external_one_shot_audit/late_fusion_ensemble/test/seed_46__rerun_2.parquet,1378,4b34ae30849aec0869051ec00dc50c6c69188fad8b34cf911d4515d3591bac24,61ad61746da0d3744a4a13dd2475db906b6923a3c13039332fc561c7d2948f00,dc76fddf0583a8b6e2456670c59c7c0ddaa6f986,True,True,2026-05-29T03:30:59Z
M2-EXTERNAL-3D-ADAM_random_forest_test_seed46_48cc24b2,M2-EXTERNAL-3D-ADAM,3D-ADAM category-held-out,M2_external_one_shot_audit,46,random_forest,test,elara_master_c/predictions/confirmation/M2-EXTERNAL-3D-ADAM__3D-ADAM_category-held-out__M2_external_one_shot_audit/random_forest/test/seed_46__rerun_2.parquet,1378,48cc24b2e25e277cfa8d24c43165d80f5cfb6f9cddfbfb7a1c50942a2abe0cd4,61ad61746da0d3744a4a13dd2475db906b6923a3c13039332fc561c7d2948f00,dc76fddf0583a8b6e2456670c59c7c0ddaa6f986,True,True,2026-05-29T03:30:59Z
M2-EXTERNAL-3D-ADAM_confidence_weighted_mean_test_seed46_60989e7e,M2-EXTERNAL-3D-ADAM,3D-ADAM category-held-out,M2_external_one_shot_audit,46,confidence_weighted_mean,test,elara_master_c/predictions/confirmation/M2-EXTERNAL-3D-ADAM__3D-ADAM_category-held-out__M2_external_one_shot_audit/confidence_weighted_mean/test/seed_46__rerun_2.parquet,1378,60989e7e219e08390c8c9f64af38d28017cbddf67f6920cffe98b1c955639004,61ad61746da0d3744a4a13dd2475db906b6923a3c13039332fc561c7d2948f00,dc76fddf0583a8b6e2456670c59c7c0ddaa6f986,True,True,2026-05-29T03:30:59Z
M2-EXTERNAL-3D-ADAM_tent_score_adapter_test_seed46_9c82e3a9,M2-EXTERNAL-3D-ADAM,3D-ADAM category-held-out,M2_external_one_shot_audit,46,tent_score_adapter,test,elara_master_c/predictions/confirmation/M2-EXTERNAL-3D-ADAM__3D-ADAM_category-held-out__M2_external_one_shot_audit/tent_score_adapter/test/seed_46__rerun_2.parquet,1378,9c82e3a9cd07efb61563e70bb533fd3ddd096bc93536c757019b4ea2fc671c7a,61ad61746da0d3744a4a13dd2475db906b6923a3c13039332fc561c7d2948f00,dc76fddf0583a8b6e2456670c59c7c0ddaa6f986,True,True,2026-05-29T03:30:59Z
M2-EXTERNAL-3D-ADAM_ttt_pseudo_label_adapter_test_seed46_5a6c2fdb,M2-EXTERNAL-3D-ADAM,3D-ADAM category-held-out,M2_external_one_shot_audit,46,ttt_pseudo_label_adapter,test,elara_master_c/predictions/confirmation/M2-EXTERNAL-3D-ADAM__3D-ADAM_category-held-out__M2_external_one_shot_audit/ttt_pseudo_label_adapter/test/seed_46__rerun_2.parquet,1378,5a6c2fdb929958a7a2f25c09fa71018e8f196efaecaee7bdfee5346a47734d34,61ad61746da0d3744a4a13dd2475db906b6923a3c13039332fc561c7d2948f00,dc76fddf0583a8b6e2456670c59c7c0ddaa6f986,True,True,2026-05-29T03:30:59Z
M2-EXTERNAL-3D-ADAM_eata_score_adapter_test_seed46_41f6134e,M2-EXTERNAL-3D-ADAM,3D-ADAM category-held-out,M2_external_one_shot_audit,46,eata_score_adapter,test,elara_master_c/predictions/confirmation/M2-EXTERNAL-3D-ADAM__3D-ADAM_category-held-out__M2_external_one_shot_audit/eata_score_adapter/test/seed_46__rerun_2.parquet,1378,41f6134efafe8a3f24e08b478cbad30e1018622c0ef29dd6e0bfabb54ba3ddf2,61ad61746da0d3744a4a13dd2475db906b6923a3c13039332fc561c7d2948f00,dc76fddf0583a8b6e2456670c59c7c0ddaa6f986,True,True,2026-05-29T03:30:59Z
M2-EXTERNAL-3D-ADAM_sar_score_adapter_test_seed46_b63bb64d,M2-EXTERNAL-3D-ADAM,3D-ADAM category-held-out,M2_external_one_shot_audit,46,sar_score_adapter,test,elara_master_c/predictions/confirmation/M2-EXTERNAL-3D-ADAM__3D-ADAM_category-held-out__M2_external_one_shot_audit/sar_score_adapter/test/seed_46__rerun_2.parquet,1378,b63bb64df911b172ec65e30b8ef34149fc92134517a1d44f3cc98de8ef496e64,61ad61746da0d3744a4a13dd2475db906b6923a3c13039332fc561c7d2948f00,dc76fddf0583a8b6e2456670c59c7c0ddaa6f986,True,True,2026-05-29T03:30:59Z
M2-EXTERNAL-3D-ADAM-TRANSFER-V1_static_attention_test_seed42_6737b553,M2-EXTERNAL-3D-ADAM-TRANSFER-V1,3D-ADAM category-held-out,M2_external_transfer_v1_one_shot,42,static_attention,test,elara_master_c/predictions/confirmation/M2-EXTERNAL-3D-ADAM-TRANSFER-V1__3D-ADAM_category-held-out__M2_external_transfer_v1_one_shot/static_attention/test/seed_42.parquet,1378,6737b5539e057b5131b9d6faf9ee527ab0ccdb770109aec13ebd07888876cdab,d1c2215b8ec3adb40dce2b8f4a13ad19cd9fc5e68dc5591ca0c36962f9f93d4d,95c62addb36a00ddb81512b9fbf2e7384b9565b0,True,True,2026-05-29T03:55:09Z
M2-EXTERNAL-3D-ADAM-TRANSFER-V1_craf_attention_test_seed42_dde7f3c8,M2-EXTERNAL-3D-ADAM-TRANSFER-V1,3D-ADAM category-held-out,M2_external_transfer_v1_one_shot,42,craf_attention,test,elara_master_c/predictions/confirmation/M2-EXTERNAL-3D-ADAM-TRANSFER-V1__3D-ADAM_category-held-out__M2_external_transfer_v1_one_shot/craf_attention/test/seed_42.parquet,1378,dde7f3c82423008d3a8169e53f9eb5192a3b87ead364e514a1479ad461cd5bd7,d1c2215b8ec3adb40dce2b8f4a13ad19cd9fc5e68dc5591ca0c36962f9f93d4d,95c62addb36a00ddb81512b9fbf2e7384b9565b0,True,True,2026-05-29T03:55:09Z
M2-EXTERNAL-3D-ADAM-TRANSFER-V1_rga_boosted_fusion_test_seed42_36e59385,M2-EXTERNAL-3D-ADAM-TRANSFER-V1,3D-ADAM category-held-out,M2_external_transfer_v1_one_shot,42,rga_boosted_fusion,test,elara_master_c/predictions/confirmation/M2-EXTERNAL-3D-ADAM-TRANSFER-V1__3D-ADAM_category-held-out__M2_external_transfer_v1_one_shot/rga_boosted_fusion/test/seed_42.parquet,1378,36e5938519213530fe4c1b6a56bbe4314d881521af9c18a16db0c2bb28f92a49,d1c2215b8ec3adb40dce2b8f4a13ad19cd9fc5e68dc5591ca0c36962f9f93d4d,95c62addb36a00ddb81512b9fbf2e7384b9565b0,True,True,2026-05-29T03:55:09Z
M2-EXTERNAL-3D-ADAM-TRANSFER-V1_rga_meta_router_test_seed42_150ac43d,M2-EXTERNAL-3D-ADAM-TRANSFER-V1,3D-ADAM category-held-out,M2_external_transfer_v1_one_shot,42,rga_meta_router,test,elara_master_c/predictions/confirmation/M2-EXTERNAL-3D-ADAM-TRANSFER-V1__3D-ADAM_category-held-out__M2_external_transfer_v1_one_shot/rga_meta_router/test/seed_42.parquet,1378,150ac43dd6dd0ca634c06743cc0f0ade48cd4cbca493e3968934c7627ca43802,d1c2215b8ec3adb40dce2b8f4a13ad19cd9fc5e68dc5591ca0c36962f9f93d4d,95c62addb36a00ddb81512b9fbf2e7384b9565b0,True,True,2026-05-29T03:55:09Z
M2-EXTERNAL-3D-ADAM-TRANSFER-V1_early_fusion_mlp_test_seed42_f9250d82,M2-EXTERNAL-3D-ADAM-TRANSFER-V1,3D-ADAM category-held-out,M2_external_transfer_v1_one_shot,42,early_fusion_mlp,test,elara_master_c/predictions/confirmation/M2-EXTERNAL-3D-ADAM-TRANSFER-V1__3D-ADAM_category-held-out__M2_external_transfer_v1_one_shot/early_fusion_mlp/test/seed_42.parquet,1378,f9250d82238daf3ccd7dc3ee36791110fef38d81df12cf3c7d0f1c08fb8f1376,d1c2215b8ec3adb40dce2b8f4a13ad19cd9fc5e68dc5591ca0c36962f9f93d4d,95c62addb36a00ddb81512b9fbf2e7384b9565b0,True,True,2026-05-29T03:55:09Z
M2-EXTERNAL-3D-ADAM-TRANSFER-V1_late_fusion_ensemble_test_seed42_37b68e7a,M2-EXTERNAL-3D-ADAM-TRANSFER-V1,3D-ADAM category-held-out,M2_external_transfer_v1_one_shot,42,late_fusion_ensemble,test,elara_master_c/predictions/confirmation/M2-EXTERNAL-3D-ADAM-TRANSFER-V1__3D-ADAM_category-held-out__M2_external_transfer_v1_one_shot/late_fusion_ensemble/test/seed_42.parquet,1378,37b68e7ac19bba504201ed7064f9a86755b5e9882550006e8e8b0eaa7c649472,d1c2215b8ec3adb40dce2b8f4a13ad19cd9fc5e68dc5591ca0c36962f9f93d4d,95c62addb36a00ddb81512b9fbf2e7384b9565b0,True,True,2026-05-29T03:55:09Z
M2-EXTERNAL-3D-ADAM-TRANSFER-V1_random_forest_test_seed42_5a80c5b3,M2-EXTERNAL-3D-ADAM-TRANSFER-V1,3D-ADAM category-held-out,M2_external_transfer_v1_one_shot,42,random_forest,test,elara_master_c/predictions/confirmation/M2-EXTERNAL-3D-ADAM-TRANSFER-V1__3D-ADAM_category-held-out__M2_external_transfer_v1_one_shot/random_forest/test/seed_42.parquet,1378,5a80c5b3222ceb1ebc344f38b51a34e079a4f4f08da382b401c9f0280cea2367,d1c2215b8ec3adb40dce2b8f4a13ad19cd9fc5e68dc5591ca0c36962f9f93d4d,95c62addb36a00ddb81512b9fbf2e7384b9565b0,True,True,2026-05-29T03:55:09Z
M2-EXTERNAL-3D-ADAM-TRANSFER-V1_confidence_weighted_mean_test_seed42_6a69eba7,M2-EXTERNAL-3D-ADAM-TRANSFER-V1,3D-ADAM category-held-out,M2_external_transfer_v1_one_shot,42,confidence_weighted_mean,test,elara_master_c/predictions/confirmation/M2-EXTERNAL-3D-ADAM-TRANSFER-V1__3D-ADAM_category-held-out__M2_external_transfer_v1_one_shot/confidence_weighted_mean/test/seed_42.parquet,1378,6a69eba7bc51c623a487b56ef4a760ba128a178fcee7ec7fccb11463f921bdca,d1c2215b8ec3adb40dce2b8f4a13ad19cd9fc5e68dc5591ca0c36962f9f93d4d,95c62addb36a00ddb81512b9fbf2e7384b9565b0,True,True,2026-05-29T03:55:09Z
M2-EXTERNAL-3D-ADAM-TRANSFER-V1_tent_score_adapter_test_seed42_834268e2,M2-EXTERNAL-3D-ADAM-TRANSFER-V1,3D-ADAM category-held-out,M2_external_transfer_v1_one_shot,42,tent_score_adapter,test,elara_master_c/predictions/confirmation/M2-EXTERNAL-3D-ADAM-TRANSFER-V1__3D-ADAM_category-held-out__M2_external_transfer_v1_one_shot/tent_score_adapter/test/seed_42.parquet,1378,834268e2473ef378def998719d5bf48ef0591f9677b71e9cac8820bb6594215f,d1c2215b8ec3adb40dce2b8f4a13ad19cd9fc5e68dc5591ca0c36962f9f93d4d,95c62addb36a00ddb81512b9fbf2e7384b9565b0,True,True,2026-05-29T03:55:09Z
M2-EXTERNAL-3D-ADAM-TRANSFER-V1_ttt_pseudo_label_adapter_test_seed42_6a86cbfe,M2-EXTERNAL-3D-ADAM-TRANSFER-V1,3D-ADAM category-held-out,M2_external_transfer_v1_one_shot,42,ttt_pseudo_label_adapter,test,elara_master_c/predictions/confirmation/M2-EXTERNAL-3D-ADAM-TRANSFER-V1__3D-ADAM_category-held-out__M2_external_transfer_v1_one_shot/ttt_pseudo_label_adapter/test/seed_42.parquet,1378,6a86cbfe1b6a3708eaec8d0bfa70db7da3924a0f78e5151a4b5a4261a04735d0,d1c2215b8ec3adb40dce2b8f4a13ad19cd9fc5e68dc5591ca0c36962f9f93d4d,95c62addb36a00ddb81512b9fbf2e7384b9565b0,True,True,2026-05-29T03:55:09Z
M2-EXTERNAL-3D-ADAM-TRANSFER-V1_eata_score_adapter_test_seed42_9516345d,M2-EXTERNAL-3D-ADAM-TRANSFER-V1,3D-ADAM category-held-out,M2_external_transfer_v1_one_shot,42,eata_score_adapter,test,elara_master_c/predictions/confirmation/M2-EXTERNAL-3D-ADAM-TRANSFER-V1__3D-ADAM_category-held-out__M2_external_transfer_v1_one_shot/eata_score_adapter/test/seed_42.parquet,1378,9516345dd4d8de4a8e611926ce2ac30448302fd9fe6d202753cb4540e4f9b9bf,d1c2215b8ec3adb40dce2b8f4a13ad19cd9fc5e68dc5591ca0c36962f9f93d4d,95c62addb36a00ddb81512b9fbf2e7384b9565b0,True,True,2026-05-29T03:55:09Z
M2-EXTERNAL-3D-ADAM-TRANSFER-V1_sar_score_adapter_test_seed42_d6e98c30,M2-EXTERNAL-3D-ADAM-TRANSFER-V1,3D-ADAM category-held-out,M2_external_transfer_v1_one_shot,42,sar_score_adapter,test,elara_master_c/predictions/confirmation/M2-EXTERNAL-3D-ADAM-TRANSFER-V1__3D-ADAM_category-held-out__M2_external_transfer_v1_one_shot/sar_score_adapter/test/seed_42.parquet,1378,d6e98c300642a1e2b7b472b586f85aa575679c9006445601c1a3693a5d34fa15,d1c2215b8ec3adb40dce2b8f4a13ad19cd9fc5e68dc5591ca0c36962f9f93d4d,95c62addb36a00ddb81512b9fbf2e7384b9565b0,True,True,2026-05-29T03:55:09Z
M2-EXTERNAL-3D-ADAM-TRANSFER-V1_static_attention_test_seed43_a84892c2,M2-EXTERNAL-3D-ADAM-TRANSFER-V1,3D-ADAM category-held-out,M2_external_transfer_v1_one_shot,43,static_attention,test,elara_master_c/predictions/confirmation/M2-EXTERNAL-3D-ADAM-TRANSFER-V1__3D-ADAM_category-held-out__M2_external_transfer_v1_one_shot/static_attention/test/seed_43.parquet,1378,a84892c2ed4bd91f42304a250faa64c9b64380814fc6e77e049f80eb8073e7de,d1c2215b8ec3adb40dce2b8f4a13ad19cd9fc5e68dc5591ca0c36962f9f93d4d,95c62addb36a00ddb81512b9fbf2e7384b9565b0,True,True,2026-05-29T03:55:25Z
M2-EXTERNAL-3D-ADAM-TRANSFER-V1_craf_attention_test_seed43_2234ed28,M2-EXTERNAL-3D-ADAM-TRANSFER-V1,3D-ADAM category-held-out,M2_external_transfer_v1_one_shot,43,craf_attention,test,elara_master_c/predictions/confirmation/M2-EXTERNAL-3D-ADAM-TRANSFER-V1__3D-ADAM_category-held-out__M2_external_transfer_v1_one_shot/craf_attention/test/seed_43.parquet,1378,2234ed28eddc02c0a47a2863fec085e2e1c898a665a46591e742bbf0cfd22bd6,d1c2215b8ec3adb40dce2b8f4a13ad19cd9fc5e68dc5591ca0c36962f9f93d4d,95c62addb36a00ddb81512b9fbf2e7384b9565b0,True,True,2026-05-29T03:55:25Z
M2-EXTERNAL-3D-ADAM-TRANSFER-V1_rga_boosted_fusion_test_seed43_e58e2dd0,M2-EXTERNAL-3D-ADAM-TRANSFER-V1,3D-ADAM category-held-out,M2_external_transfer_v1_one_shot,43,rga_boosted_fusion,test,elara_master_c/predictions/confirmation/M2-EXTERNAL-3D-ADAM-TRANSFER-V1__3D-ADAM_category-held-out__M2_external_transfer_v1_one_shot/rga_boosted_fusion/test/seed_43.parquet,1378,e58e2dd0439a26c800d84fc8fcef76f2f43ee3fcca5436ec56b7272bb514fdc9,d1c2215b8ec3adb40dce2b8f4a13ad19cd9fc5e68dc5591ca0c36962f9f93d4d,95c62addb36a00ddb81512b9fbf2e7384b9565b0,True,True,2026-05-29T03:55:25Z
M2-EXTERNAL-3D-ADAM-TRANSFER-V1_rga_meta_router_test_seed43_fbbe3b1a,M2-EXTERNAL-3D-ADAM-TRANSFER-V1,3D-ADAM category-held-out,M2_external_transfer_v1_one_shot,43,rga_meta_router,test,elara_master_c/predictions/confirmation/M2-EXTERNAL-3D-ADAM-TRANSFER-V1__3D-ADAM_category-held-out__M2_external_transfer_v1_one_shot/rga_meta_router/test/seed_43.parquet,1378,fbbe3b1af08b7a667521f79ac1f9c844e39f348ca621656510cca1f170f37d90,d1c2215b8ec3adb40dce2b8f4a13ad19cd9fc5e68dc5591ca0c36962f9f93d4d,95c62addb36a00ddb81512b9fbf2e7384b9565b0,True,True,2026-05-29T03:55:25Z
M2-EXTERNAL-3D-ADAM-TRANSFER-V1_early_fusion_mlp_test_seed43_54a75f8b,M2-EXTERNAL-3D-ADAM-TRANSFER-V1,3D-ADAM category-held-out,M2_external_transfer_v1_one_shot,43,early_fusion_mlp,test,elara_master_c/predictions/confirmation/M2-EXTERNAL-3D-ADAM-TRANSFER-V1__3D-ADAM_category-held-out__M2_external_transfer_v1_one_shot/early_fusion_mlp/test/seed_43.parquet,1378,54a75f8b456889e7e33d73ec58ed5c213c9a078ae9e0b2cfcdee02d6d0d88609,d1c2215b8ec3adb40dce2b8f4a13ad19cd9fc5e68dc5591ca0c36962f9f93d4d,95c62addb36a00ddb81512b9fbf2e7384b9565b0,True,True,2026-05-29T03:55:25Z
M2-EXTERNAL-3D-ADAM-TRANSFER-V1_late_fusion_ensemble_test_seed43_a7af35c9,M2-EXTERNAL-3D-ADAM-TRANSFER-V1,3D-ADAM category-held-out,M2_external_transfer_v1_one_shot,43,late_fusion_ensemble,test,elara_master_c/predictions/confirmation/M2-EXTERNAL-3D-ADAM-TRANSFER-V1__3D-ADAM_category-held-out__M2_external_transfer_v1_one_shot/late_fusion_ensemble/test/seed_43.parquet,1378,a7af35c91cdedb0a4cf34fad475de9a3e2dc9abfa32a093c1590e4c06b6639a9,d1c2215b8ec3adb40dce2b8f4a13ad19cd9fc5e68dc5591ca0c36962f9f93d4d,95c62addb36a00ddb81512b9fbf2e7384b9565b0,True,True,2026-05-29T03:55:25Z
M2-EXTERNAL-3D-ADAM-TRANSFER-V1_random_forest_test_seed43_cf1240e0,M2-EXTERNAL-3D-ADAM-TRANSFER-V1,3D-ADAM category-held-out,M2_external_transfer_v1_one_shot,43,random_forest,test,elara_master_c/predictions/confirmation/M2-EXTERNAL-3D-ADAM-TRANSFER-V1__3D-ADAM_category-held-out__M2_external_transfer_v1_one_shot/random_forest/test/seed_43.parquet,1378,cf1240e09954c73d445978b869586b67b3d6fda0e373131c312c708fb6c43cac,d1c2215b8ec3adb40dce2b8f4a13ad19cd9fc5e68dc5591ca0c36962f9f93d4d,95c62addb36a00ddb81512b9fbf2e7384b9565b0,True,True,2026-05-29T03:55:25Z
M2-EXTERNAL-3D-ADAM-TRANSFER-V1_confidence_weighted_mean_test_seed43_f8f54941,M2-EXTERNAL-3D-ADAM-TRANSFER-V1,3D-ADAM category-held-out,M2_external_transfer_v1_one_shot,43,confidence_weighted_mean,test,elara_master_c/predictions/confirmation/M2-EXTERNAL-3D-ADAM-TRANSFER-V1__3D-ADAM_category-held-out__M2_external_transfer_v1_one_shot/confidence_weighted_mean/test/seed_43.parquet,1378,f8f54941d3cbf620fa254cf92e4c69c1e31345e95bdcc1a26c45b60d385c06d9,d1c2215b8ec3adb40dce2b8f4a13ad19cd9fc5e68dc5591ca0c36962f9f93d4d,95c62addb36a00ddb81512b9fbf2e7384b9565b0,True,True,2026-05-29T03:55:25Z
M2-EXTERNAL-3D-ADAM-TRANSFER-V1_tent_score_adapter_test_seed43_f94d954d,M2-EXTERNAL-3D-ADAM-TRANSFER-V1,3D-ADAM category-held-out,M2_external_transfer_v1_one_shot,43,tent_score_adapter,test,elara_master_c/predictions/confirmation/M2-EXTERNAL-3D-ADAM-TRANSFER-V1__3D-ADAM_category-held-out__M2_external_transfer_v1_one_shot/tent_score_adapter/test/seed_43.parquet,1378,f94d954d8a3dce4ab90d560dc53e97cc948bbb9471ba5c7059681e4dd996a43b,d1c2215b8ec3adb40dce2b8f4a13ad19cd9fc5e68dc5591ca0c36962f9f93d4d,95c62addb36a00ddb81512b9fbf2e7384b9565b0,True,True,2026-05-29T03:55:25Z
M2-EXTERNAL-3D-ADAM-TRANSFER-V1_ttt_pseudo_label_adapter_test_seed43_62d0e8e8,M2-EXTERNAL-3D-ADAM-TRANSFER-V1,3D-ADAM category-held-out,M2_external_transfer_v1_one_shot,43,ttt_pseudo_label_adapter,test,elara_master_c/predictions/confirmation/M2-EXTERNAL-3D-ADAM-TRANSFER-V1__3D-ADAM_category-held-out__M2_external_transfer_v1_one_shot/ttt_pseudo_label_adapter/test/seed_43.parquet,1378,62d0e8e836424ddefd539c8bc250e21c924a543a2c08db6787904682fe63872a,d1c2215b8ec3adb40dce2b8f4a13ad19cd9fc5e68dc5591ca0c36962f9f93d4d,95c62addb36a00ddb81512b9fbf2e7384b9565b0,True,True,2026-05-29T03:55:25Z
M2-EXTERNAL-3D-ADAM-TRANSFER-V1_eata_score_adapter_test_seed43_6450414e,M2-EXTERNAL-3D-ADAM-TRANSFER-V1,3D-ADAM category-held-out,M2_external_transfer_v1_one_shot,43,eata_score_adapter,test,elara_master_c/predictions/confirmation/M2-EXTERNAL-3D-ADAM-TRANSFER-V1__3D-ADAM_category-held-out__M2_external_transfer_v1_one_shot/eata_score_adapter/test/seed_43.parquet,1378,6450414e65ee77161180d971ae95bafeb99589df773cfad13908119a3ce73734,d1c2215b8ec3adb40dce2b8f4a13ad19cd9fc5e68dc5591ca0c36962f9f93d4d,95c62addb36a00ddb81512b9fbf2e7384b9565b0,True,True,2026-05-29T03:55:25Z
M2-EXTERNAL-3D-ADAM-TRANSFER-V1_sar_score_adapter_test_seed43_c04d02e5,M2-EXTERNAL-3D-ADAM-TRANSFER-V1,3D-ADAM category-held-out,M2_external_transfer_v1_one_shot,43,sar_score_adapter,test,elara_master_c/predictions/confirmation/M2-EXTERNAL-3D-ADAM-TRANSFER-V1__3D-ADAM_category-held-out__M2_external_transfer_v1_one_shot/sar_score_adapter/test/seed_43.parquet,1378,c04d02e5f76cd19a6442ec4b6418c757732e2aa0a5b682651ece477a93388f85,d1c2215b8ec3adb40dce2b8f4a13ad19cd9fc5e68dc5591ca0c36962f9f93d4d,95c62addb36a00ddb81512b9fbf2e7384b9565b0,True,True,2026-05-29T03:55:25Z
M2-EXTERNAL-3D-ADAM-TRANSFER-V1_static_attention_test_seed44_ebd83af6,M2-EXTERNAL-3D-ADAM-TRANSFER-V1,3D-ADAM category-held-out,M2_external_transfer_v1_one_shot,44,static_attention,test,elara_master_c/predictions/confirmation/M2-EXTERNAL-3D-ADAM-TRANSFER-V1__3D-ADAM_category-held-out__M2_external_transfer_v1_one_shot/static_attention/test/seed_44.parquet,1378,ebd83af62911c4c52284826e7e5bbb9660514888a29841b1a8265e02061db95e,d1c2215b8ec3adb40dce2b8f4a13ad19cd9fc5e68dc5591ca0c36962f9f93d4d,95c62addb36a00ddb81512b9fbf2e7384b9565b0,True,True,2026-05-29T03:55:39Z
M2-EXTERNAL-3D-ADAM-TRANSFER-V1_craf_attention_test_seed44_0600e5a3,M2-EXTERNAL-3D-ADAM-TRANSFER-V1,3D-ADAM category-held-out,M2_external_transfer_v1_one_shot,44,craf_attention,test,elara_master_c/predictions/confirmation/M2-EXTERNAL-3D-ADAM-TRANSFER-V1__3D-ADAM_category-held-out__M2_external_transfer_v1_one_shot/craf_attention/test/seed_44.parquet,1378,0600e5a3ecbb87e3b2af3c7480d58b9f55bfa248b824a100644ec2cf4376c9fe,d1c2215b8ec3adb40dce2b8f4a13ad19cd9fc5e68dc5591ca0c36962f9f93d4d,95c62addb36a00ddb81512b9fbf2e7384b9565b0,True,True,2026-05-29T03:55:39Z
M2-EXTERNAL-3D-ADAM-TRANSFER-V1_rga_boosted_fusion_test_seed44_908f9706,M2-EXTERNAL-3D-ADAM-TRANSFER-V1,3D-ADAM category-held-out,M2_external_transfer_v1_one_shot,44,rga_boosted_fusion,test,elara_master_c/predictions/confirmation/M2-EXTERNAL-3D-ADAM-TRANSFER-V1__3D-ADAM_category-held-out__M2_external_transfer_v1_one_shot/rga_boosted_fusion/test/seed_44.parquet,1378,908f97061e980add7c3047783ee61e9817c1573e519ffb7a7ea763054167f7bb,d1c2215b8ec3adb40dce2b8f4a13ad19cd9fc5e68dc5591ca0c36962f9f93d4d,95c62addb36a00ddb81512b9fbf2e7384b9565b0,True,True,2026-05-29T03:55:39Z
M2-EXTERNAL-3D-ADAM-TRANSFER-V1_rga_meta_router_test_seed44_adb2f549,M2-EXTERNAL-3D-ADAM-TRANSFER-V1,3D-ADAM category-held-out,M2_external_transfer_v1_one_shot,44,rga_meta_router,test,elara_master_c/predictions/confirmation/M2-EXTERNAL-3D-ADAM-TRANSFER-V1__3D-ADAM_category-held-out__M2_external_transfer_v1_one_shot/rga_meta_router/test/seed_44.parquet,1378,adb2f549e48a9dde0613e3923bbac8375e3177ac1fdf3196047bec9b9e043ef2,d1c2215b8ec3adb40dce2b8f4a13ad19cd9fc5e68dc5591ca0c36962f9f93d4d,95c62addb36a00ddb81512b9fbf2e7384b9565b0,True,True,2026-05-29T03:55:39Z
M2-EXTERNAL-3D-ADAM-TRANSFER-V1_early_fusion_mlp_test_seed44_6e400d0c,M2-EXTERNAL-3D-ADAM-TRANSFER-V1,3D-ADAM category-held-out,M2_external_transfer_v1_one_shot,44,early_fusion_mlp,test,elara_master_c/predictions/confirmation/M2-EXTERNAL-3D-ADAM-TRANSFER-V1__3D-ADAM_category-held-out__M2_external_transfer_v1_one_shot/early_fusion_mlp/test/seed_44.parquet,1378,6e400d0c24eb9b438a02c16e72d834b9e1ed7d916014f6e7e8ca46ff2978fda8,d1c2215b8ec3adb40dce2b8f4a13ad19cd9fc5e68dc5591ca0c36962f9f93d4d,95c62addb36a00ddb81512b9fbf2e7384b9565b0,True,True,2026-05-29T03:55:39Z
M2-EXTERNAL-3D-ADAM-TRANSFER-V1_late_fusion_ensemble_test_seed44_36030996,M2-EXTERNAL-3D-ADAM-TRANSFER-V1,3D-ADAM category-held-out,M2_external_transfer_v1_one_shot,44,late_fusion_ensemble,test,elara_master_c/predictions/confirmation/M2-EXTERNAL-3D-ADAM-TRANSFER-V1__3D-ADAM_category-held-out__M2_external_transfer_v1_one_shot/late_fusion_ensemble/test/seed_44.parquet,1378,36030996ce5587fcec1f5b7c3c85ccb73bf477bd5d714b9272326919a75fa0a5,d1c2215b8ec3adb40dce2b8f4a13ad19cd9fc5e68dc5591ca0c36962f9f93d4d,95c62addb36a00ddb81512b9fbf2e7384b9565b0,True,True,2026-05-29T03:55:39Z
M2-EXTERNAL-3D-ADAM-TRANSFER-V1_random_forest_test_seed44_f390ab41,M2-EXTERNAL-3D-ADAM-TRANSFER-V1,3D-ADAM category-held-out,M2_external_transfer_v1_one_shot,44,random_forest,test,elara_master_c/predictions/confirmation/M2-EXTERNAL-3D-ADAM-TRANSFER-V1__3D-ADAM_category-held-out__M2_external_transfer_v1_one_shot/random_forest/test/seed_44.parquet,1378,f390ab41a93b9ed7dee638ee88cb542951ac178abb1a37a4e3496fb32b1e38d3,d1c2215b8ec3adb40dce2b8f4a13ad19cd9fc5e68dc5591ca0c36962f9f93d4d,95c62addb36a00ddb81512b9fbf2e7384b9565b0,True,True,2026-05-29T03:55:39Z
M2-EXTERNAL-3D-ADAM-TRANSFER-V1_confidence_weighted_mean_test_seed44_deae84c3,M2-EXTERNAL-3D-ADAM-TRANSFER-V1,3D-ADAM category-held-out,M2_external_transfer_v1_one_shot,44,confidence_weighted_mean,test,elara_master_c/predictions/confirmation/M2-EXTERNAL-3D-ADAM-TRANSFER-V1__3D-ADAM_category-held-out__M2_external_transfer_v1_one_shot/confidence_weighted_mean/test/seed_44.parquet,1378,deae84c3545aed3db1a995e62184b52ccbc573d8eb80de562ea55ee24c2358a8,d1c2215b8ec3adb40dce2b8f4a13ad19cd9fc5e68dc5591ca0c36962f9f93d4d,95c62addb36a00ddb81512b9fbf2e7384b9565b0,True,True,2026-05-29T03:55:39Z
M2-EXTERNAL-3D-ADAM-TRANSFER-V1_tent_score_adapter_test_seed44_c850f62f,M2-EXTERNAL-3D-ADAM-TRANSFER-V1,3D-ADAM category-held-out,M2_external_transfer_v1_one_shot,44,tent_score_adapter,test,elara_master_c/predictions/confirmation/M2-EXTERNAL-3D-ADAM-TRANSFER-V1__3D-ADAM_category-held-out__M2_external_transfer_v1_one_shot/tent_score_adapter/test/seed_44.parquet,1378,c850f62f3da54b2a1ac6ebeff5449efd2ad380a5ebf0263481744f4bdc2742e5,d1c2215b8ec3adb40dce2b8f4a13ad19cd9fc5e68dc5591ca0c36962f9f93d4d,95c62addb36a00ddb81512b9fbf2e7384b9565b0,True,True,2026-05-29T03:55:39Z
M2-EXTERNAL-3D-ADAM-TRANSFER-V1_ttt_pseudo_label_adapter_test_seed44_10c6053d,M2-EXTERNAL-3D-ADAM-TRANSFER-V1,3D-ADAM category-held-out,M2_external_transfer_v1_one_shot,44,ttt_pseudo_label_adapter,test,elara_master_c/predictions/confirmation/M2-EXTERNAL-3D-ADAM-TRANSFER-V1__3D-ADAM_category-held-out__M2_external_transfer_v1_one_shot/ttt_pseudo_label_adapter/test/seed_44.parquet,1378,10c6053dbb1bbcbbc69f7d368c4d67362e3be3ad8d61e092ca77cd6593a83512,d1c2215b8ec3adb40dce2b8f4a13ad19cd9fc5e68dc5591ca0c36962f9f93d4d,95c62addb36a00ddb81512b9fbf2e7384b9565b0,True,True,2026-05-29T03:55:39Z
M2-EXTERNAL-3D-ADAM-TRANSFER-V1_eata_score_adapter_test_seed44_7411f057,M2-EXTERNAL-3D-ADAM-TRANSFER-V1,3D-ADAM category-held-out,M2_external_transfer_v1_one_shot,44,eata_score_adapter,test,elara_master_c/predictions/confirmation/M2-EXTERNAL-3D-ADAM-TRANSFER-V1__3D-ADAM_category-held-out__M2_external_transfer_v1_one_shot/eata_score_adapter/test/seed_44.parquet,1378,7411f05719ae4ef6744d31fc177a77905e11664b2ab064160cd1c924872502cf,d1c2215b8ec3adb40dce2b8f4a13ad19cd9fc5e68dc5591ca0c36962f9f93d4d,95c62addb36a00ddb81512b9fbf2e7384b9565b0,True,True,2026-05-29T03:55:39Z
M2-EXTERNAL-3D-ADAM-TRANSFER-V1_sar_score_adapter_test_seed44_269607ec,M2-EXTERNAL-3D-ADAM-TRANSFER-V1,3D-ADAM category-held-out,M2_external_transfer_v1_one_shot,44,sar_score_adapter,test,elara_master_c/predictions/confirmation/M2-EXTERNAL-3D-ADAM-TRANSFER-V1__3D-ADAM_category-held-out__M2_external_transfer_v1_one_shot/sar_score_adapter/test/seed_44.parquet,1378,269607eceb8f3876f63dacbcf235a0c2da2e1bbedc65cb030e0e19cbe1c354ab,d1c2215b8ec3adb40dce2b8f4a13ad19cd9fc5e68dc5591ca0c36962f9f93d4d,95c62addb36a00ddb81512b9fbf2e7384b9565b0,True,True,2026-05-29T03:55:39Z
M2-EXTERNAL-3D-ADAM-TRANSFER-V1_static_attention_test_seed45_f58ad6c1,M2-EXTERNAL-3D-ADAM-TRANSFER-V1,3D-ADAM category-held-out,M2_external_transfer_v1_one_shot,45,static_attention,test,elara_master_c/predictions/confirmation/M2-EXTERNAL-3D-ADAM-TRANSFER-V1__3D-ADAM_category-held-out__M2_external_transfer_v1_one_shot/static_attention/test/seed_45.parquet,1378,f58ad6c1de76359c525f1e0636c860abcacb3334d8d64d37bb2a84ad7b9d9141,d1c2215b8ec3adb40dce2b8f4a13ad19cd9fc5e68dc5591ca0c36962f9f93d4d,95c62addb36a00ddb81512b9fbf2e7384b9565b0,True,True,2026-05-29T03:55:53Z
M2-EXTERNAL-3D-ADAM-TRANSFER-V1_craf_attention_test_seed45_9faaf641,M2-EXTERNAL-3D-ADAM-TRANSFER-V1,3D-ADAM category-held-out,M2_external_transfer_v1_one_shot,45,craf_attention,test,elara_master_c/predictions/confirmation/M2-EXTERNAL-3D-ADAM-TRANSFER-V1__3D-ADAM_category-held-out__M2_external_transfer_v1_one_shot/craf_attention/test/seed_45.parquet,1378,9faaf641dcdc3e9e2967eef98c457d89b993fd90e6850cff0b36fecef7ba842a,d1c2215b8ec3adb40dce2b8f4a13ad19cd9fc5e68dc5591ca0c36962f9f93d4d,95c62addb36a00ddb81512b9fbf2e7384b9565b0,True,True,2026-05-29T03:55:53Z
M2-EXTERNAL-3D-ADAM-TRANSFER-V1_rga_boosted_fusion_test_seed45_178591fb,M2-EXTERNAL-3D-ADAM-TRANSFER-V1,3D-ADAM category-held-out,M2_external_transfer_v1_one_shot,45,rga_boosted_fusion,test,elara_master_c/predictions/confirmation/M2-EXTERNAL-3D-ADAM-TRANSFER-V1__3D-ADAM_category-held-out__M2_external_transfer_v1_one_shot/rga_boosted_fusion/test/seed_45.parquet,1378,178591fb7b64f9e62f0f127a901ad870328ccef91bdfc6a08e7e310a2298171a,d1c2215b8ec3adb40dce2b8f4a13ad19cd9fc5e68dc5591ca0c36962f9f93d4d,95c62addb36a00ddb81512b9fbf2e7384b9565b0,True,True,2026-05-29T03:55:53Z
M2-EXTERNAL-3D-ADAM-TRANSFER-V1_rga_meta_router_test_seed45_d665f55b,M2-EXTERNAL-3D-ADAM-TRANSFER-V1,3D-ADAM category-held-out,M2_external_transfer_v1_one_shot,45,rga_meta_router,test,elara_master_c/predictions/confirmation/M2-EXTERNAL-3D-ADAM-TRANSFER-V1__3D-ADAM_category-held-out__M2_external_transfer_v1_one_shot/rga_meta_router/test/seed_45.parquet,1378,d665f55bd38ac0cb307ecbd1796211bc2429e24807390c85a8d4524b312cb31f,d1c2215b8ec3adb40dce2b8f4a13ad19cd9fc5e68dc5591ca0c36962f9f93d4d,95c62addb36a00ddb81512b9fbf2e7384b9565b0,True,True,2026-05-29T03:55:53Z
M2-EXTERNAL-3D-ADAM-TRANSFER-V1_early_fusion_mlp_test_seed45_48d8546e,M2-EXTERNAL-3D-ADAM-TRANSFER-V1,3D-ADAM category-held-out,M2_external_transfer_v1_one_shot,45,early_fusion_mlp,test,elara_master_c/predictions/confirmation/M2-EXTERNAL-3D-ADAM-TRANSFER-V1__3D-ADAM_category-held-out__M2_external_transfer_v1_one_shot/early_fusion_mlp/test/seed_45.parquet,1378,48d8546e6afa29082f65de50ddc178cb3b91636f892fbafce0693d67e573fff5,d1c2215b8ec3adb40dce2b8f4a13ad19cd9fc5e68dc5591ca0c36962f9f93d4d,95c62addb36a00ddb81512b9fbf2e7384b9565b0,True,True,2026-05-29T03:55:53Z
M2-EXTERNAL-3D-ADAM-TRANSFER-V1_late_fusion_ensemble_test_seed45_44009a5a,M2-EXTERNAL-3D-ADAM-TRANSFER-V1,3D-ADAM category-held-out,M2_external_transfer_v1_one_shot,45,late_fusion_ensemble,test,elara_master_c/predictions/confirmation/M2-EXTERNAL-3D-ADAM-TRANSFER-V1__3D-ADAM_category-held-out__M2_external_transfer_v1_one_shot/late_fusion_ensemble/test/seed_45.parquet,1378,44009a5a152748d38ca79e84ccbcce43865cbbba4bcde091db0d8ee238d13371,d1c2215b8ec3adb40dce2b8f4a13ad19cd9fc5e68dc5591ca0c36962f9f93d4d,95c62addb36a00ddb81512b9fbf2e7384b9565b0,True,True,2026-05-29T03:55:53Z
M2-EXTERNAL-3D-ADAM-TRANSFER-V1_random_forest_test_seed45_17014e4a,M2-EXTERNAL-3D-ADAM-TRANSFER-V1,3D-ADAM category-held-out,M2_external_transfer_v1_one_shot,45,random_forest,test,elara_master_c/predictions/confirmation/M2-EXTERNAL-3D-ADAM-TRANSFER-V1__3D-ADAM_category-held-out__M2_external_transfer_v1_one_shot/random_forest/test/seed_45.parquet,1378,17014e4aa5c95fb532003164d024ceada739b119aff222dfb2fdf5d394e0ba7b,d1c2215b8ec3adb40dce2b8f4a13ad19cd9fc5e68dc5591ca0c36962f9f93d4d,95c62addb36a00ddb81512b9fbf2e7384b9565b0,True,True,2026-05-29T03:55:53Z
M2-EXTERNAL-3D-ADAM-TRANSFER-V1_confidence_weighted_mean_test_seed45_c2aede0f,M2-EXTERNAL-3D-ADAM-TRANSFER-V1,3D-ADAM category-held-out,M2_external_transfer_v1_one_shot,45,confidence_weighted_mean,test,elara_master_c/predictions/confirmation/M2-EXTERNAL-3D-ADAM-TRANSFER-V1__3D-ADAM_category-held-out__M2_external_transfer_v1_one_shot/confidence_weighted_mean/test/seed_45.parquet,1378,c2aede0fc20daf0d475a1f042417824e5017a92d6ebd9c236b05ce5e1aca1fbc,d1c2215b8ec3adb40dce2b8f4a13ad19cd9fc5e68dc5591ca0c36962f9f93d4d,95c62addb36a00ddb81512b9fbf2e7384b9565b0,True,True,2026-05-29T03:55:53Z
M2-EXTERNAL-3D-ADAM-TRANSFER-V1_tent_score_adapter_test_seed45_81061cd3,M2-EXTERNAL-3D-ADAM-TRANSFER-V1,3D-ADAM category-held-out,M2_external_transfer_v1_one_shot,45,tent_score_adapter,test,elara_master_c/predictions/confirmation/M2-EXTERNAL-3D-ADAM-TRANSFER-V1__3D-ADAM_category-held-out__M2_external_transfer_v1_one_shot/tent_score_adapter/test/seed_45.parquet,1378,81061cd3d20db5fe072b2d94ca38fddb9af9bdc9c54f9621df48fbe053f174ac,d1c2215b8ec3adb40dce2b8f4a13ad19cd9fc5e68dc5591ca0c36962f9f93d4d,95c62addb36a00ddb81512b9fbf2e7384b9565b0,True,True,2026-05-29T03:55:54Z
M2-EXTERNAL-3D-ADAM-TRANSFER-V1_ttt_pseudo_label_adapter_test_seed45_fd0a42a9,M2-EXTERNAL-3D-ADAM-TRANSFER-V1,3D-ADAM category-held-out,M2_external_transfer_v1_one_shot,45,ttt_pseudo_label_adapter,test,elara_master_c/predictions/confirmation/M2-EXTERNAL-3D-ADAM-TRANSFER-V1__3D-ADAM_category-held-out__M2_external_transfer_v1_one_shot/ttt_pseudo_label_adapter/test/seed_45.parquet,1378,fd0a42a97016efb07c9d890b875253c6d687dc47d41d70eabc63b56c3a7a997c,d1c2215b8ec3adb40dce2b8f4a13ad19cd9fc5e68dc5591ca0c36962f9f93d4d,95c62addb36a00ddb81512b9fbf2e7384b9565b0,True,True,2026-05-29T03:55:54Z
M2-EXTERNAL-3D-ADAM-TRANSFER-V1_eata_score_adapter_test_seed45_dfcdc104,M2-EXTERNAL-3D-ADAM-TRANSFER-V1,3D-ADAM category-held-out,M2_external_transfer_v1_one_shot,45,eata_score_adapter,test,elara_master_c/predictions/confirmation/M2-EXTERNAL-3D-ADAM-TRANSFER-V1__3D-ADAM_category-held-out__M2_external_transfer_v1_one_shot/eata_score_adapter/test/seed_45.parquet,1378,dfcdc1043f52647af31150644d67fcb8bb9a7e45df505e9fbf5fceb48dd55913,d1c2215b8ec3adb40dce2b8f4a13ad19cd9fc5e68dc5591ca0c36962f9f93d4d,95c62addb36a00ddb81512b9fbf2e7384b9565b0,True,True,2026-05-29T03:55:54Z
M2-EXTERNAL-3D-ADAM-TRANSFER-V1_sar_score_adapter_test_seed45_4c5c236e,M2-EXTERNAL-3D-ADAM-TRANSFER-V1,3D-ADAM category-held-out,M2_external_transfer_v1_one_shot,45,sar_score_adapter,test,elara_master_c/predictions/confirmation/M2-EXTERNAL-3D-ADAM-TRANSFER-V1__3D-ADAM_category-held-out__M2_external_transfer_v1_one_shot/sar_score_adapter/test/seed_45.parquet,1378,4c5c236e32d5195e0579a6290a0ed352fbbfcba231465ce2ca55a24558f22a53,d1c2215b8ec3adb40dce2b8f4a13ad19cd9fc5e68dc5591ca0c36962f9f93d4d,95c62addb36a00ddb81512b9fbf2e7384b9565b0,True,True,2026-05-29T03:55:54Z
M2-EXTERNAL-3D-ADAM-TRANSFER-V1_static_attention_test_seed46_7be4a790,M2-EXTERNAL-3D-ADAM-TRANSFER-V1,3D-ADAM category-held-out,M2_external_transfer_v1_one_shot,46,static_attention,test,elara_master_c/predictions/confirmation/M2-EXTERNAL-3D-ADAM-TRANSFER-V1__3D-ADAM_category-held-out__M2_external_transfer_v1_one_shot/static_attention/test/seed_46.parquet,1378,7be4a790b1b9baa98fc8f6bb2ee26582dee455cdfbb573a443f483eabb7eedd1,d1c2215b8ec3adb40dce2b8f4a13ad19cd9fc5e68dc5591ca0c36962f9f93d4d,95c62addb36a00ddb81512b9fbf2e7384b9565b0,True,True,2026-05-29T03:56:07Z
M2-EXTERNAL-3D-ADAM-TRANSFER-V1_craf_attention_test_seed46_998ce936,M2-EXTERNAL-3D-ADAM-TRANSFER-V1,3D-ADAM category-held-out,M2_external_transfer_v1_one_shot,46,craf_attention,test,elara_master_c/predictions/confirmation/M2-EXTERNAL-3D-ADAM-TRANSFER-V1__3D-ADAM_category-held-out__M2_external_transfer_v1_one_shot/craf_attention/test/seed_46.parquet,1378,998ce9362c18de91cfd12761659f02837ac394f600fa45de10770f04c864a215,d1c2215b8ec3adb40dce2b8f4a13ad19cd9fc5e68dc5591ca0c36962f9f93d4d,95c62addb36a00ddb81512b9fbf2e7384b9565b0,True,True,2026-05-29T03:56:07Z
M2-EXTERNAL-3D-ADAM-TRANSFER-V1_rga_boosted_fusion_test_seed46_8df0150c,M2-EXTERNAL-3D-ADAM-TRANSFER-V1,3D-ADAM category-held-out,M2_external_transfer_v1_one_shot,46,rga_boosted_fusion,test,elara_master_c/predictions/confirmation/M2-EXTERNAL-3D-ADAM-TRANSFER-V1__3D-ADAM_category-held-out__M2_external_transfer_v1_one_shot/rga_boosted_fusion/test/seed_46.parquet,1378,8df0150c576681d1138400a5eac2675586ff919ca0e3bc1fc65210d7bff00aca,d1c2215b8ec3adb40dce2b8f4a13ad19cd9fc5e68dc5591ca0c36962f9f93d4d,95c62addb36a00ddb81512b9fbf2e7384b9565b0,True,True,2026-05-29T03:56:07Z
M2-EXTERNAL-3D-ADAM-TRANSFER-V1_rga_meta_router_test_seed46_f5211508,M2-EXTERNAL-3D-ADAM-TRANSFER-V1,3D-ADAM category-held-out,M2_external_transfer_v1_one_shot,46,rga_meta_router,test,elara_master_c/predictions/confirmation/M2-EXTERNAL-3D-ADAM-TRANSFER-V1__3D-ADAM_category-held-out__M2_external_transfer_v1_one_shot/rga_meta_router/test/seed_46.parquet,1378,f521150811439819f4a7580c5d3aef93bfecdecd5923bb430a3bf010da022e10,d1c2215b8ec3adb40dce2b8f4a13ad19cd9fc5e68dc5591ca0c36962f9f93d4d,95c62addb36a00ddb81512b9fbf2e7384b9565b0,True,True,2026-05-29T03:56:08Z
M2-EXTERNAL-3D-ADAM-TRANSFER-V1_early_fusion_mlp_test_seed46_23015f31,M2-EXTERNAL-3D-ADAM-TRANSFER-V1,3D-ADAM category-held-out,M2_external_transfer_v1_one_shot,46,early_fusion_mlp,test,elara_master_c/predictions/confirmation/M2-EXTERNAL-3D-ADAM-TRANSFER-V1__3D-ADAM_category-held-out__M2_external_transfer_v1_one_shot/early_fusion_mlp/test/seed_46.parquet,1378,23015f31fb09de2008505dd950cf75bed8f2969fe1b830aed8f928a1f9f009cc,d1c2215b8ec3adb40dce2b8f4a13ad19cd9fc5e68dc5591ca0c36962f9f93d4d,95c62addb36a00ddb81512b9fbf2e7384b9565b0,True,True,2026-05-29T03:56:08Z
M2-EXTERNAL-3D-ADAM-TRANSFER-V1_late_fusion_ensemble_test_seed46_7bdfd290,M2-EXTERNAL-3D-ADAM-TRANSFER-V1,3D-ADAM category-held-out,M2_external_transfer_v1_one_shot,46,late_fusion_ensemble,test,elara_master_c/predictions/confirmation/M2-EXTERNAL-3D-ADAM-TRANSFER-V1__3D-ADAM_category-held-out__M2_external_transfer_v1_one_shot/late_fusion_ensemble/test/seed_46.parquet,1378,7bdfd2900237e6cf74bc64d7451cb49e076175226cd470d93a57a55d6e3d1e2e,d1c2215b8ec3adb40dce2b8f4a13ad19cd9fc5e68dc5591ca0c36962f9f93d4d,95c62addb36a00ddb81512b9fbf2e7384b9565b0,True,True,2026-05-29T03:56:08Z
M2-EXTERNAL-3D-ADAM-TRANSFER-V1_random_forest_test_seed46_18431c6f,M2-EXTERNAL-3D-ADAM-TRANSFER-V1,3D-ADAM category-held-out,M2_external_transfer_v1_one_shot,46,random_forest,test,elara_master_c/predictions/confirmation/M2-EXTERNAL-3D-ADAM-TRANSFER-V1__3D-ADAM_category-held-out__M2_external_transfer_v1_one_shot/random_forest/test/seed_46.parquet,1378,18431c6f306552a300ed34547076faf5fe3a68d00cb58c4005d3970eaf2f91b2,d1c2215b8ec3adb40dce2b8f4a13ad19cd9fc5e68dc5591ca0c36962f9f93d4d,95c62addb36a00ddb81512b9fbf2e7384b9565b0,True,True,2026-05-29T03:56:08Z
M2-EXTERNAL-3D-ADAM-TRANSFER-V1_confidence_weighted_mean_test_seed46_ad6641ea,M2-EXTERNAL-3D-ADAM-TRANSFER-V1,3D-ADAM category-held-out,M2_external_transfer_v1_one_shot,46,confidence_weighted_mean,test,elara_master_c/predictions/confirmation/M2-EXTERNAL-3D-ADAM-TRANSFER-V1__3D-ADAM_category-held-out__M2_external_transfer_v1_one_shot/confidence_weighted_mean/test/seed_46.parquet,1378,ad6641eadfe034d6114666f848ba5160c0a888a214cbeb3ec8f24a5a0b36e430,d1c2215b8ec3adb40dce2b8f4a13ad19cd9fc5e68dc5591ca0c36962f9f93d4d,95c62addb36a00ddb81512b9fbf2e7384b9565b0,True,True,2026-05-29T03:56:08Z
M2-EXTERNAL-3D-ADAM-TRANSFER-V1_tent_score_adapter_test_seed46_76745d3a,M2-EXTERNAL-3D-ADAM-TRANSFER-V1,3D-ADAM category-held-out,M2_external_transfer_v1_one_shot,46,tent_score_adapter,test,elara_master_c/predictions/confirmation/M2-EXTERNAL-3D-ADAM-TRANSFER-V1__3D-ADAM_category-held-out__M2_external_transfer_v1_one_shot/tent_score_adapter/test/seed_46.parquet,1378,76745d3a7ed5071d97a3e2e9624949bb04316a277946d87499244639c7b54a75,d1c2215b8ec3adb40dce2b8f4a13ad19cd9fc5e68dc5591ca0c36962f9f93d4d,95c62addb36a00ddb81512b9fbf2e7384b9565b0,True,True,2026-05-29T03:56:08Z
M2-EXTERNAL-3D-ADAM-TRANSFER-V1_ttt_pseudo_label_adapter_test_seed46_e4ec1c2e,M2-EXTERNAL-3D-ADAM-TRANSFER-V1,3D-ADAM category-held-out,M2_external_transfer_v1_one_shot,46,ttt_pseudo_label_adapter,test,elara_master_c/predictions/confirmation/M2-EXTERNAL-3D-ADAM-TRANSFER-V1__3D-ADAM_category-held-out__M2_external_transfer_v1_one_shot/ttt_pseudo_label_adapter/test/seed_46.parquet,1378,e4ec1c2e7cce4d60cdc4f7c9cd39d8ca11d3b7537748ae617921510ae191b38c,d1c2215b8ec3adb40dce2b8f4a13ad19cd9fc5e68dc5591ca0c36962f9f93d4d,95c62addb36a00ddb81512b9fbf2e7384b9565b0,True,True,2026-05-29T03:56:08Z
M2-EXTERNAL-3D-ADAM-TRANSFER-V1_eata_score_adapter_test_seed46_c03cff89,M2-EXTERNAL-3D-ADAM-TRANSFER-V1,3D-ADAM category-held-out,M2_external_transfer_v1_one_shot,46,eata_score_adapter,test,elara_master_c/predictions/confirmation/M2-EXTERNAL-3D-ADAM-TRANSFER-V1__3D-ADAM_category-held-out__M2_external_transfer_v1_one_shot/eata_score_adapter/test/seed_46.parquet,1378,c03cff89ca930c0efc1fdf51a3407c9a48de3ab6c8b832ef1395208409dcacaa,d1c2215b8ec3adb40dce2b8f4a13ad19cd9fc5e68dc5591ca0c36962f9f93d4d,95c62addb36a00ddb81512b9fbf2e7384b9565b0,True,True,2026-05-29T03:56:08Z
M2-EXTERNAL-3D-ADAM-TRANSFER-V1_sar_score_adapter_test_seed46_9d3eb1b8,M2-EXTERNAL-3D-ADAM-TRANSFER-V1,3D-ADAM category-held-out,M2_external_transfer_v1_one_shot,46,sar_score_adapter,test,elara_master_c/predictions/confirmation/M2-EXTERNAL-3D-ADAM-TRANSFER-V1__3D-ADAM_category-held-out__M2_external_transfer_v1_one_shot/sar_score_adapter/test/seed_46.parquet,1378,9d3eb1b82278c8786353b6a8521498e5f5e258e1e7f0a029959e049171b80bb2,d1c2215b8ec3adb40dce2b8f4a13ad19cd9fc5e68dc5591ca0c36962f9f93d4d,95c62addb36a00ddb81512b9fbf2e7384b9565b0,True,True,2026-05-29T03:56:08Z
M2-EXTERNAL-3D-ADAM-TRANSFER-V1_static_attention_test_seed42_d9d39041,M2-EXTERNAL-3D-ADAM-TRANSFER-V1,3D-ADAM category-held-out,M2_external_transfer_v1_one_shot,42,static_attention,test,elara_master_c/predictions/confirmation/M2-EXTERNAL-3D-ADAM-TRANSFER-V1__3D-ADAM_category-held-out__M2_external_transfer_v1_one_shot/static_attention/test/seed_42__rerun_1.parquet,1378,d9d39041c4557bf097421774a5dc408883884c023cd68266a7a55c0a2d1c82ae,d1c2215b8ec3adb40dce2b8f4a13ad19cd9fc5e68dc5591ca0c36962f9f93d4d,81706cde6e0a1ede182fc1c855c195eeeb838e94,True,True,2026-05-29T04:47:46Z
M2-EXTERNAL-3D-ADAM-TRANSFER-V1_craf_attention_test_seed42_2262bb87,M2-EXTERNAL-3D-ADAM-TRANSFER-V1,3D-ADAM category-held-out,M2_external_transfer_v1_one_shot,42,craf_attention,test,elara_master_c/predictions/confirmation/M2-EXTERNAL-3D-ADAM-TRANSFER-V1__3D-ADAM_category-held-out__M2_external_transfer_v1_one_shot/craf_attention/test/seed_42__rerun_1.parquet,1378,2262bb87c0fa7366f2518f550efa8f77b5286588a40e4670cb823c57c1aac9f4,d1c2215b8ec3adb40dce2b8f4a13ad19cd9fc5e68dc5591ca0c36962f9f93d4d,81706cde6e0a1ede182fc1c855c195eeeb838e94,True,True,2026-05-29T04:47:46Z
M2-EXTERNAL-3D-ADAM-TRANSFER-V1_rga_boosted_fusion_test_seed42_01674c10,M2-EXTERNAL-3D-ADAM-TRANSFER-V1,3D-ADAM category-held-out,M2_external_transfer_v1_one_shot,42,rga_boosted_fusion,test,elara_master_c/predictions/confirmation/M2-EXTERNAL-3D-ADAM-TRANSFER-V1__3D-ADAM_category-held-out__M2_external_transfer_v1_one_shot/rga_boosted_fusion/test/seed_42__rerun_1.parquet,1378,01674c1022cdbbe857fb58c772097459bdaead4c9efa4544f6b9c0360e925797,d1c2215b8ec3adb40dce2b8f4a13ad19cd9fc5e68dc5591ca0c36962f9f93d4d,81706cde6e0a1ede182fc1c855c195eeeb838e94,True,True,2026-05-29T04:47:46Z
M2-EXTERNAL-3D-ADAM-TRANSFER-V1_rga_meta_router_test_seed42_42ac4c37,M2-EXTERNAL-3D-ADAM-TRANSFER-V1,3D-ADAM category-held-out,M2_external_transfer_v1_one_shot,42,rga_meta_router,test,elara_master_c/predictions/confirmation/M2-EXTERNAL-3D-ADAM-TRANSFER-V1__3D-ADAM_category-held-out__M2_external_transfer_v1_one_shot/rga_meta_router/test/seed_42__rerun_1.parquet,1378,42ac4c3738d7e115df7f979a51ff31f32b6f25cca3875988d3959b9d1805fa64,d1c2215b8ec3adb40dce2b8f4a13ad19cd9fc5e68dc5591ca0c36962f9f93d4d,81706cde6e0a1ede182fc1c855c195eeeb838e94,True,True,2026-05-29T04:47:46Z
M2-EXTERNAL-3D-ADAM-TRANSFER-V1_early_fusion_mlp_test_seed42_09bbd7f0,M2-EXTERNAL-3D-ADAM-TRANSFER-V1,3D-ADAM category-held-out,M2_external_transfer_v1_one_shot,42,early_fusion_mlp,test,elara_master_c/predictions/confirmation/M2-EXTERNAL-3D-ADAM-TRANSFER-V1__3D-ADAM_category-held-out__M2_external_transfer_v1_one_shot/early_fusion_mlp/test/seed_42__rerun_1.parquet,1378,09bbd7f087ccf05c51ac520578e3fb3413fdf52bfa0a8304ada944b88d8911f9,d1c2215b8ec3adb40dce2b8f4a13ad19cd9fc5e68dc5591ca0c36962f9f93d4d,81706cde6e0a1ede182fc1c855c195eeeb838e94,True,True,2026-05-29T04:47:46Z
M2-EXTERNAL-3D-ADAM-TRANSFER-V1_late_fusion_ensemble_test_seed42_50c19e1e,M2-EXTERNAL-3D-ADAM-TRANSFER-V1,3D-ADAM category-held-out,M2_external_transfer_v1_one_shot,42,late_fusion_ensemble,test,elara_master_c/predictions/confirmation/M2-EXTERNAL-3D-ADAM-TRANSFER-V1__3D-ADAM_category-held-out__M2_external_transfer_v1_one_shot/late_fusion_ensemble/test/seed_42__rerun_1.parquet,1378,50c19e1e57698d00fa57d4b1c8a8cb8c2b7f9ec43230f4afa0366ca4533b623c,d1c2215b8ec3adb40dce2b8f4a13ad19cd9fc5e68dc5591ca0c36962f9f93d4d,81706cde6e0a1ede182fc1c855c195eeeb838e94,True,True,2026-05-29T04:47:46Z
M2-EXTERNAL-3D-ADAM-TRANSFER-V1_random_forest_test_seed42_9484b352,M2-EXTERNAL-3D-ADAM-TRANSFER-V1,3D-ADAM category-held-out,M2_external_transfer_v1_one_shot,42,random_forest,test,elara_master_c/predictions/confirmation/M2-EXTERNAL-3D-ADAM-TRANSFER-V1__3D-ADAM_category-held-out__M2_external_transfer_v1_one_shot/random_forest/test/seed_42__rerun_1.parquet,1378,9484b35289cf9f7f5ed40b02ec892456d68e736cb1a62072eb251d50b5d1ff0c,d1c2215b8ec3adb40dce2b8f4a13ad19cd9fc5e68dc5591ca0c36962f9f93d4d,81706cde6e0a1ede182fc1c855c195eeeb838e94,True,True,2026-05-29T04:47:46Z
M2-EXTERNAL-3D-ADAM-TRANSFER-V1_confidence_weighted_mean_test_seed42_76754b82,M2-EXTERNAL-3D-ADAM-TRANSFER-V1,3D-ADAM category-held-out,M2_external_transfer_v1_one_shot,42,confidence_weighted_mean,test,elara_master_c/predictions/confirmation/M2-EXTERNAL-3D-ADAM-TRANSFER-V1__3D-ADAM_category-held-out__M2_external_transfer_v1_one_shot/confidence_weighted_mean/test/seed_42__rerun_1.parquet,1378,76754b823f2a5e6c0b803ce5c388ed8ede7f5fb686accb3e96f45fe60984f851,d1c2215b8ec3adb40dce2b8f4a13ad19cd9fc5e68dc5591ca0c36962f9f93d4d,81706cde6e0a1ede182fc1c855c195eeeb838e94,True,True,2026-05-29T04:47:46Z
M2-EXTERNAL-3D-ADAM-TRANSFER-V1_tent_score_adapter_test_seed42_6140ccdf,M2-EXTERNAL-3D-ADAM-TRANSFER-V1,3D-ADAM category-held-out,M2_external_transfer_v1_one_shot,42,tent_score_adapter,test,elara_master_c/predictions/confirmation/M2-EXTERNAL-3D-ADAM-TRANSFER-V1__3D-ADAM_category-held-out__M2_external_transfer_v1_one_shot/tent_score_adapter/test/seed_42__rerun_1.parquet,1378,6140ccdf3e0543b196d1c7751e0dee379050bca7861e6307dea9caf764a6b674,d1c2215b8ec3adb40dce2b8f4a13ad19cd9fc5e68dc5591ca0c36962f9f93d4d,81706cde6e0a1ede182fc1c855c195eeeb838e94,True,True,2026-05-29T04:47:46Z
M2-EXTERNAL-3D-ADAM-TRANSFER-V1_ttt_pseudo_label_adapter_test_seed42_a622aaa5,M2-EXTERNAL-3D-ADAM-TRANSFER-V1,3D-ADAM category-held-out,M2_external_transfer_v1_one_shot,42,ttt_pseudo_label_adapter,test,elara_master_c/predictions/confirmation/M2-EXTERNAL-3D-ADAM-TRANSFER-V1__3D-ADAM_category-held-out__M2_external_transfer_v1_one_shot/ttt_pseudo_label_adapter/test/seed_42__rerun_1.parquet,1378,a622aaa5fe97f8278591760f85fe075510198821faf8210d167f8c5bcddc829b,d1c2215b8ec3adb40dce2b8f4a13ad19cd9fc5e68dc5591ca0c36962f9f93d4d,81706cde6e0a1ede182fc1c855c195eeeb838e94,True,True,2026-05-29T04:47:47Z
M2-EXTERNAL-3D-ADAM-TRANSFER-V1_eata_score_adapter_test_seed42_1c8ef760,M2-EXTERNAL-3D-ADAM-TRANSFER-V1,3D-ADAM category-held-out,M2_external_transfer_v1_one_shot,42,eata_score_adapter,test,elara_master_c/predictions/confirmation/M2-EXTERNAL-3D-ADAM-TRANSFER-V1__3D-ADAM_category-held-out__M2_external_transfer_v1_one_shot/eata_score_adapter/test/seed_42__rerun_1.parquet,1378,1c8ef760e176362c29444d7ecdb28e526854dfbc46a90580cdc32f46ec6cd994,d1c2215b8ec3adb40dce2b8f4a13ad19cd9fc5e68dc5591ca0c36962f9f93d4d,81706cde6e0a1ede182fc1c855c195eeeb838e94,True,True,2026-05-29T04:47:47Z
M2-EXTERNAL-3D-ADAM-TRANSFER-V1_sar_score_adapter_test_seed42_8298afba,M2-EXTERNAL-3D-ADAM-TRANSFER-V1,3D-ADAM category-held-out,M2_external_transfer_v1_one_shot,42,sar_score_adapter,test,elara_master_c/predictions/confirmation/M2-EXTERNAL-3D-ADAM-TRANSFER-V1__3D-ADAM_category-held-out__M2_external_transfer_v1_one_shot/sar_score_adapter/test/seed_42__rerun_1.parquet,1378,8298afba39b2fb3396ee69d1f7a67ba45b5d8c93a27ebc61b12373469af282a1,d1c2215b8ec3adb40dce2b8f4a13ad19cd9fc5e68dc5591ca0c36962f9f93d4d,81706cde6e0a1ede182fc1c855c195eeeb838e94,True,True,2026-05-29T04:47:47Z
M2-EXTERNAL-3D-ADAM-TRANSFER-V1_static_attention_test_seed43_4d2ab12e,M2-EXTERNAL-3D-ADAM-TRANSFER-V1,3D-ADAM category-held-out,M2_external_transfer_v1_one_shot,43,static_attention,test,elara_master_c/predictions/confirmation/M2-EXTERNAL-3D-ADAM-TRANSFER-V1__3D-ADAM_category-held-out__M2_external_transfer_v1_one_shot/static_attention/test/seed_43__rerun_1.parquet,1378,4d2ab12ee976abf3b2d162a81fd9c5acb1e048252938c1103f8ecf47e8656785,d1c2215b8ec3adb40dce2b8f4a13ad19cd9fc5e68dc5591ca0c36962f9f93d4d,81706cde6e0a1ede182fc1c855c195eeeb838e94,True,True,2026-05-29T04:48:00Z
M2-EXTERNAL-3D-ADAM-TRANSFER-V1_craf_attention_test_seed43_ee34bfc3,M2-EXTERNAL-3D-ADAM-TRANSFER-V1,3D-ADAM category-held-out,M2_external_transfer_v1_one_shot,43,craf_attention,test,elara_master_c/predictions/confirmation/M2-EXTERNAL-3D-ADAM-TRANSFER-V1__3D-ADAM_category-held-out__M2_external_transfer_v1_one_shot/craf_attention/test/seed_43__rerun_1.parquet,1378,ee34bfc3638c26eb9857c54f62f09db6c0eed7813e88da2d07f167e212df36af,d1c2215b8ec3adb40dce2b8f4a13ad19cd9fc5e68dc5591ca0c36962f9f93d4d,81706cde6e0a1ede182fc1c855c195eeeb838e94,True,True,2026-05-29T04:48:00Z
M2-EXTERNAL-3D-ADAM-TRANSFER-V1_rga_boosted_fusion_test_seed43_e2498d3c,M2-EXTERNAL-3D-ADAM-TRANSFER-V1,3D-ADAM category-held-out,M2_external_transfer_v1_one_shot,43,rga_boosted_fusion,test,elara_master_c/predictions/confirmation/M2-EXTERNAL-3D-ADAM-TRANSFER-V1__3D-ADAM_category-held-out__M2_external_transfer_v1_one_shot/rga_boosted_fusion/test/seed_43__rerun_1.parquet,1378,e2498d3c31aadf9ee17d51927c3a3780febb44c21907b6ec809c80f7a66d4e24,d1c2215b8ec3adb40dce2b8f4a13ad19cd9fc5e68dc5591ca0c36962f9f93d4d,81706cde6e0a1ede182fc1c855c195eeeb838e94,True,True,2026-05-29T04:48:00Z
M2-EXTERNAL-3D-ADAM-TRANSFER-V1_rga_meta_router_test_seed43_b40175f6,M2-EXTERNAL-3D-ADAM-TRANSFER-V1,3D-ADAM category-held-out,M2_external_transfer_v1_one_shot,43,rga_meta_router,test,elara_master_c/predictions/confirmation/M2-EXTERNAL-3D-ADAM-TRANSFER-V1__3D-ADAM_category-held-out__M2_external_transfer_v1_one_shot/rga_meta_router/test/seed_43__rerun_1.parquet,1378,b40175f6f35104c467fefacef016ef65c765283b8ff32d2b35525e0856a72f1c,d1c2215b8ec3adb40dce2b8f4a13ad19cd9fc5e68dc5591ca0c36962f9f93d4d,81706cde6e0a1ede182fc1c855c195eeeb838e94,True,True,2026-05-29T04:48:00Z
M2-EXTERNAL-3D-ADAM-TRANSFER-V1_early_fusion_mlp_test_seed43_35397430,M2-EXTERNAL-3D-ADAM-TRANSFER-V1,3D-ADAM category-held-out,M2_external_transfer_v1_one_shot,43,early_fusion_mlp,test,elara_master_c/predictions/confirmation/M2-EXTERNAL-3D-ADAM-TRANSFER-V1__3D-ADAM_category-held-out__M2_external_transfer_v1_one_shot/early_fusion_mlp/test/seed_43__rerun_1.parquet,1378,35397430a9c2de1337642c1e086531ec7ab8b535cedb6eb557e1a48f8be66065,d1c2215b8ec3adb40dce2b8f4a13ad19cd9fc5e68dc5591ca0c36962f9f93d4d,81706cde6e0a1ede182fc1c855c195eeeb838e94,True,True,2026-05-29T04:48:00Z
M2-EXTERNAL-3D-ADAM-TRANSFER-V1_late_fusion_ensemble_test_seed43_d11aee70,M2-EXTERNAL-3D-ADAM-TRANSFER-V1,3D-ADAM category-held-out,M2_external_transfer_v1_one_shot,43,late_fusion_ensemble,test,elara_master_c/predictions/confirmation/M2-EXTERNAL-3D-ADAM-TRANSFER-V1__3D-ADAM_category-held-out__M2_external_transfer_v1_one_shot/late_fusion_ensemble/test/seed_43__rerun_1.parquet,1378,d11aee70344d42c3f55757ea34b7e0724709d1206399a0eb8f47ed310e705979,d1c2215b8ec3adb40dce2b8f4a13ad19cd9fc5e68dc5591ca0c36962f9f93d4d,81706cde6e0a1ede182fc1c855c195eeeb838e94,True,True,2026-05-29T04:48:00Z
M2-EXTERNAL-3D-ADAM-TRANSFER-V1_random_forest_test_seed43_ae4cf08d,M2-EXTERNAL-3D-ADAM-TRANSFER-V1,3D-ADAM category-held-out,M2_external_transfer_v1_one_shot,43,random_forest,test,elara_master_c/predictions/confirmation/M2-EXTERNAL-3D-ADAM-TRANSFER-V1__3D-ADAM_category-held-out__M2_external_transfer_v1_one_shot/random_forest/test/seed_43__rerun_1.parquet,1378,ae4cf08d924928ebb87feed58e9f053dfc78be0e2b14cbf4c0f41c4128117d39,d1c2215b8ec3adb40dce2b8f4a13ad19cd9fc5e68dc5591ca0c36962f9f93d4d,81706cde6e0a1ede182fc1c855c195eeeb838e94,True,True,2026-05-29T04:48:00Z
M2-EXTERNAL-3D-ADAM-TRANSFER-V1_confidence_weighted_mean_test_seed43_b2a57fda,M2-EXTERNAL-3D-ADAM-TRANSFER-V1,3D-ADAM category-held-out,M2_external_transfer_v1_one_shot,43,confidence_weighted_mean,test,elara_master_c/predictions/confirmation/M2-EXTERNAL-3D-ADAM-TRANSFER-V1__3D-ADAM_category-held-out__M2_external_transfer_v1_one_shot/confidence_weighted_mean/test/seed_43__rerun_1.parquet,1378,b2a57fda33187102c8c579affb65ef3f15134c146d7d2397b1a6bd3de530095a,d1c2215b8ec3adb40dce2b8f4a13ad19cd9fc5e68dc5591ca0c36962f9f93d4d,81706cde6e0a1ede182fc1c855c195eeeb838e94,True,True,2026-05-29T04:48:00Z
M2-EXTERNAL-3D-ADAM-TRANSFER-V1_tent_score_adapter_test_seed43_0c83b3d6,M2-EXTERNAL-3D-ADAM-TRANSFER-V1,3D-ADAM category-held-out,M2_external_transfer_v1_one_shot,43,tent_score_adapter,test,elara_master_c/predictions/confirmation/M2-EXTERNAL-3D-ADAM-TRANSFER-V1__3D-ADAM_category-held-out__M2_external_transfer_v1_one_shot/tent_score_adapter/test/seed_43__rerun_1.parquet,1378,0c83b3d6dbe86fc0cc2074c631473de48b2c222c6645f24ef34026bfe721e8b9,d1c2215b8ec3adb40dce2b8f4a13ad19cd9fc5e68dc5591ca0c36962f9f93d4d,81706cde6e0a1ede182fc1c855c195eeeb838e94,True,True,2026-05-29T04:48:00Z
M2-EXTERNAL-3D-ADAM-TRANSFER-V1_ttt_pseudo_label_adapter_test_seed43_87fe6267,M2-EXTERNAL-3D-ADAM-TRANSFER-V1,3D-ADAM category-held-out,M2_external_transfer_v1_one_shot,43,ttt_pseudo_label_adapter,test,elara_master_c/predictions/confirmation/M2-EXTERNAL-3D-ADAM-TRANSFER-V1__3D-ADAM_category-held-out__M2_external_transfer_v1_one_shot/ttt_pseudo_label_adapter/test/seed_43__rerun_1.parquet,1378,87fe6267b040d8f0e80643c17a7dd3ba22844024a126889df89cf6c09752c14f,d1c2215b8ec3adb40dce2b8f4a13ad19cd9fc5e68dc5591ca0c36962f9f93d4d,81706cde6e0a1ede182fc1c855c195eeeb838e94,True,True,2026-05-29T04:48:00Z
M2-EXTERNAL-3D-ADAM-TRANSFER-V1_eata_score_adapter_test_seed43_1ce93fcf,M2-EXTERNAL-3D-ADAM-TRANSFER-V1,3D-ADAM category-held-out,M2_external_transfer_v1_one_shot,43,eata_score_adapter,test,elara_master_c/predictions/confirmation/M2-EXTERNAL-3D-ADAM-TRANSFER-V1__3D-ADAM_category-held-out__M2_external_transfer_v1_one_shot/eata_score_adapter/test/seed_43__rerun_1.parquet,1378,1ce93fcfb606639267dc461dab812f5b6dedbf1ad4a73be12d89031b3ec0cfa0,d1c2215b8ec3adb40dce2b8f4a13ad19cd9fc5e68dc5591ca0c36962f9f93d4d,81706cde6e0a1ede182fc1c855c195eeeb838e94,True,True,2026-05-29T04:48:00Z
M2-EXTERNAL-3D-ADAM-TRANSFER-V1_sar_score_adapter_test_seed43_ced11477,M2-EXTERNAL-3D-ADAM-TRANSFER-V1,3D-ADAM category-held-out,M2_external_transfer_v1_one_shot,43,sar_score_adapter,test,elara_master_c/predictions/confirmation/M2-EXTERNAL-3D-ADAM-TRANSFER-V1__3D-ADAM_category-held-out__M2_external_transfer_v1_one_shot/sar_score_adapter/test/seed_43__rerun_1.parquet,1378,ced11477a220b66da326445428afb5e3985fcf6b77c4922d6f7dc0fcc682e555,d1c2215b8ec3adb40dce2b8f4a13ad19cd9fc5e68dc5591ca0c36962f9f93d4d,81706cde6e0a1ede182fc1c855c195eeeb838e94,True,True,2026-05-29T04:48:00Z
M2-EXTERNAL-3D-ADAM-TRANSFER-V1_static_attention_test_seed44_435a547d,M2-EXTERNAL-3D-ADAM-TRANSFER-V1,3D-ADAM category-held-out,M2_external_transfer_v1_one_shot,44,static_attention,test,elara_master_c/predictions/confirmation/M2-EXTERNAL-3D-ADAM-TRANSFER-V1__3D-ADAM_category-held-out__M2_external_transfer_v1_one_shot/static_attention/test/seed_44__rerun_1.parquet,1378,435a547d32f4cb3374565b28ede1b172e44ec113288616751db7a9790bffccb6,d1c2215b8ec3adb40dce2b8f4a13ad19cd9fc5e68dc5591ca0c36962f9f93d4d,81706cde6e0a1ede182fc1c855c195eeeb838e94,True,True,2026-05-29T04:48:14Z
M2-EXTERNAL-3D-ADAM-TRANSFER-V1_craf_attention_test_seed44_87f3b79d,M2-EXTERNAL-3D-ADAM-TRANSFER-V1,3D-ADAM category-held-out,M2_external_transfer_v1_one_shot,44,craf_attention,test,elara_master_c/predictions/confirmation/M2-EXTERNAL-3D-ADAM-TRANSFER-V1__3D-ADAM_category-held-out__M2_external_transfer_v1_one_shot/craf_attention/test/seed_44__rerun_1.parquet,1378,87f3b79d0f92f2564865f0a416955d2e3ec8f24cecf35b718a4c38466405909b,d1c2215b8ec3adb40dce2b8f4a13ad19cd9fc5e68dc5591ca0c36962f9f93d4d,81706cde6e0a1ede182fc1c855c195eeeb838e94,True,True,2026-05-29T04:48:14Z
M2-EXTERNAL-3D-ADAM-TRANSFER-V1_rga_boosted_fusion_test_seed44_eca46e12,M2-EXTERNAL-3D-ADAM-TRANSFER-V1,3D-ADAM category-held-out,M2_external_transfer_v1_one_shot,44,rga_boosted_fusion,test,elara_master_c/predictions/confirmation/M2-EXTERNAL-3D-ADAM-TRANSFER-V1__3D-ADAM_category-held-out__M2_external_transfer_v1_one_shot/rga_boosted_fusion/test/seed_44__rerun_1.parquet,1378,eca46e1240d4806828112ab6d4ed0cc0e1bd38dae7f1cf8dae2d186d0bd952e4,d1c2215b8ec3adb40dce2b8f4a13ad19cd9fc5e68dc5591ca0c36962f9f93d4d,81706cde6e0a1ede182fc1c855c195eeeb838e94,True,True,2026-05-29T04:48:14Z
M2-EXTERNAL-3D-ADAM-TRANSFER-V1_rga_meta_router_test_seed44_e991f167,M2-EXTERNAL-3D-ADAM-TRANSFER-V1,3D-ADAM category-held-out,M2_external_transfer_v1_one_shot,44,rga_meta_router,test,elara_master_c/predictions/confirmation/M2-EXTERNAL-3D-ADAM-TRANSFER-V1__3D-ADAM_category-held-out__M2_external_transfer_v1_one_shot/rga_meta_router/test/seed_44__rerun_1.parquet,1378,e991f167f1ee051b5ddd53074729df6c60b903219e78fe9aa2a3c716169ca9b7,d1c2215b8ec3adb40dce2b8f4a13ad19cd9fc5e68dc5591ca0c36962f9f93d4d,81706cde6e0a1ede182fc1c855c195eeeb838e94,True,True,2026-05-29T04:48:14Z
M2-EXTERNAL-3D-ADAM-TRANSFER-V1_early_fusion_mlp_test_seed44_7e4c3a9e,M2-EXTERNAL-3D-ADAM-TRANSFER-V1,3D-ADAM category-held-out,M2_external_transfer_v1_one_shot,44,early_fusion_mlp,test,elara_master_c/predictions/confirmation/M2-EXTERNAL-3D-ADAM-TRANSFER-V1__3D-ADAM_category-held-out__M2_external_transfer_v1_one_shot/early_fusion_mlp/test/seed_44__rerun_1.parquet,1378,7e4c3a9e219995e4a5323e0638f90a538825c45609c28691d01fabf733916f9b,d1c2215b8ec3adb40dce2b8f4a13ad19cd9fc5e68dc5591ca0c36962f9f93d4d,81706cde6e0a1ede182fc1c855c195eeeb838e94,True,True,2026-05-29T04:48:14Z
M2-EXTERNAL-3D-ADAM-TRANSFER-V1_late_fusion_ensemble_test_seed44_b3ac191e,M2-EXTERNAL-3D-ADAM-TRANSFER-V1,3D-ADAM category-held-out,M2_external_transfer_v1_one_shot,44,late_fusion_ensemble,test,elara_master_c/predictions/confirmation/M2-EXTERNAL-3D-ADAM-TRANSFER-V1__3D-ADAM_category-held-out__M2_external_transfer_v1_one_shot/late_fusion_ensemble/test/seed_44__rerun_1.parquet,1378,b3ac191e30ad65df5507a60ca72c444f1acfb8233c0d1b46c53dfe073a4e6353,d1c2215b8ec3adb40dce2b8f4a13ad19cd9fc5e68dc5591ca0c36962f9f93d4d,81706cde6e0a1ede182fc1c855c195eeeb838e94,True,True,2026-05-29T04:48:14Z
M2-EXTERNAL-3D-ADAM-TRANSFER-V1_random_forest_test_seed44_d22ff6f7,M2-EXTERNAL-3D-ADAM-TRANSFER-V1,3D-ADAM category-held-out,M2_external_transfer_v1_one_shot,44,random_forest,test,elara_master_c/predictions/confirmation/M2-EXTERNAL-3D-ADAM-TRANSFER-V1__3D-ADAM_category-held-out__M2_external_transfer_v1_one_shot/random_forest/test/seed_44__rerun_1.parquet,1378,d22ff6f71b30d72dd0c460c42ad7d44854d03e378535f24ec794a039bf55f8e1,d1c2215b8ec3adb40dce2b8f4a13ad19cd9fc5e68dc5591ca0c36962f9f93d4d,81706cde6e0a1ede182fc1c855c195eeeb838e94,True,True,2026-05-29T04:48:14Z
M2-EXTERNAL-3D-ADAM-TRANSFER-V1_confidence_weighted_mean_test_seed44_a40bfa5a,M2-EXTERNAL-3D-ADAM-TRANSFER-V1,3D-ADAM category-held-out,M2_external_transfer_v1_one_shot,44,confidence_weighted_mean,test,elara_master_c/predictions/confirmation/M2-EXTERNAL-3D-ADAM-TRANSFER-V1__3D-ADAM_category-held-out__M2_external_transfer_v1_one_shot/confidence_weighted_mean/test/seed_44__rerun_1.parquet,1378,a40bfa5a5eb572188a01c5d84bb4b281d6335684ee33a98f9bdf054111d3816a,d1c2215b8ec3adb40dce2b8f4a13ad19cd9fc5e68dc5591ca0c36962f9f93d4d,81706cde6e0a1ede182fc1c855c195eeeb838e94,True,True,2026-05-29T04:48:14Z
M2-EXTERNAL-3D-ADAM-TRANSFER-V1_tent_score_adapter_test_seed44_b05d67c4,M2-EXTERNAL-3D-ADAM-TRANSFER-V1,3D-ADAM category-held-out,M2_external_transfer_v1_one_shot,44,tent_score_adapter,test,elara_master_c/predictions/confirmation/M2-EXTERNAL-3D-ADAM-TRANSFER-V1__3D-ADAM_category-held-out__M2_external_transfer_v1_one_shot/tent_score_adapter/test/seed_44__rerun_1.parquet,1378,b05d67c430e45833987e6b7d35ba771def5f81c349c0dd354c7f27957a70eea5,d1c2215b8ec3adb40dce2b8f4a13ad19cd9fc5e68dc5591ca0c36962f9f93d4d,81706cde6e0a1ede182fc1c855c195eeeb838e94,True,True,2026-05-29T04:48:14Z
M2-EXTERNAL-3D-ADAM-TRANSFER-V1_ttt_pseudo_label_adapter_test_seed44_048b44e8,M2-EXTERNAL-3D-ADAM-TRANSFER-V1,3D-ADAM category-held-out,M2_external_transfer_v1_one_shot,44,ttt_pseudo_label_adapter,test,elara_master_c/predictions/confirmation/M2-EXTERNAL-3D-ADAM-TRANSFER-V1__3D-ADAM_category-held-out__M2_external_transfer_v1_one_shot/ttt_pseudo_label_adapter/test/seed_44__rerun_1.parquet,1378,048b44e8fcee298d826ca57ab92d36e8a1887f53333b47faaaabf33227552a89,d1c2215b8ec3adb40dce2b8f4a13ad19cd9fc5e68dc5591ca0c36962f9f93d4d,81706cde6e0a1ede182fc1c855c195eeeb838e94,True,True,2026-05-29T04:48:14Z
M2-EXTERNAL-3D-ADAM-TRANSFER-V1_eata_score_adapter_test_seed44_c4596974,M2-EXTERNAL-3D-ADAM-TRANSFER-V1,3D-ADAM category-held-out,M2_external_transfer_v1_one_shot,44,eata_score_adapter,test,elara_master_c/predictions/confirmation/M2-EXTERNAL-3D-ADAM-TRANSFER-V1__3D-ADAM_category-held-out__M2_external_transfer_v1_one_shot/eata_score_adapter/test/seed_44__rerun_1.parquet,1378,c4596974a19167bb71499417a0384e42081445c2f67dd7d9abf8e65e2968213b,d1c2215b8ec3adb40dce2b8f4a13ad19cd9fc5e68dc5591ca0c36962f9f93d4d,81706cde6e0a1ede182fc1c855c195eeeb838e94,True,True,2026-05-29T04:48:14Z
M2-EXTERNAL-3D-ADAM-TRANSFER-V1_sar_score_adapter_test_seed44_c582e800,M2-EXTERNAL-3D-ADAM-TRANSFER-V1,3D-ADAM category-held-out,M2_external_transfer_v1_one_shot,44,sar_score_adapter,test,elara_master_c/predictions/confirmation/M2-EXTERNAL-3D-ADAM-TRANSFER-V1__3D-ADAM_category-held-out__M2_external_transfer_v1_one_shot/sar_score_adapter/test/seed_44__rerun_1.parquet,1378,c582e8004d07c8a5c9024e52f7ed5e63e13ad97f6e48427d485c823a95766d9b,d1c2215b8ec3adb40dce2b8f4a13ad19cd9fc5e68dc5591ca0c36962f9f93d4d,81706cde6e0a1ede182fc1c855c195eeeb838e94,True,True,2026-05-29T04:48:14Z
M2-EXTERNAL-3D-ADAM-TRANSFER-V1_static_attention_test_seed45_5d1ea175,M2-EXTERNAL-3D-ADAM-TRANSFER-V1,3D-ADAM category-held-out,M2_external_transfer_v1_one_shot,45,static_attention,test,elara_master_c/predictions/confirmation/M2-EXTERNAL-3D-ADAM-TRANSFER-V1__3D-ADAM_category-held-out__M2_external_transfer_v1_one_shot/static_attention/test/seed_45__rerun_1.parquet,1378,5d1ea1753dc245dbcbbc2a23d7fabdfae45e482177859564ad238579f5ebfb10,d1c2215b8ec3adb40dce2b8f4a13ad19cd9fc5e68dc5591ca0c36962f9f93d4d,81706cde6e0a1ede182fc1c855c195eeeb838e94,True,True,2026-05-29T04:48:28Z
M2-EXTERNAL-3D-ADAM-TRANSFER-V1_craf_attention_test_seed45_71770b3b,M2-EXTERNAL-3D-ADAM-TRANSFER-V1,3D-ADAM category-held-out,M2_external_transfer_v1_one_shot,45,craf_attention,test,elara_master_c/predictions/confirmation/M2-EXTERNAL-3D-ADAM-TRANSFER-V1__3D-ADAM_category-held-out__M2_external_transfer_v1_one_shot/craf_attention/test/seed_45__rerun_1.parquet,1378,71770b3bf8ec5653d4ce8e4d4c0ec50b4a3e285f46722412a67d0540e181f5d6,d1c2215b8ec3adb40dce2b8f4a13ad19cd9fc5e68dc5591ca0c36962f9f93d4d,81706cde6e0a1ede182fc1c855c195eeeb838e94,True,True,2026-05-29T04:48:28Z
M2-EXTERNAL-3D-ADAM-TRANSFER-V1_rga_boosted_fusion_test_seed45_d00e34f7,M2-EXTERNAL-3D-ADAM-TRANSFER-V1,3D-ADAM category-held-out,M2_external_transfer_v1_one_shot,45,rga_boosted_fusion,test,elara_master_c/predictions/confirmation/M2-EXTERNAL-3D-ADAM-TRANSFER-V1__3D-ADAM_category-held-out__M2_external_transfer_v1_one_shot/rga_boosted_fusion/test/seed_45__rerun_1.parquet,1378,d00e34f7178ee5164f032f5ec869393d4dba654b43abb60e8e0fabd2443ed2fc,d1c2215b8ec3adb40dce2b8f4a13ad19cd9fc5e68dc5591ca0c36962f9f93d4d,81706cde6e0a1ede182fc1c855c195eeeb838e94,True,True,2026-05-29T04:48:28Z
M2-EXTERNAL-3D-ADAM-TRANSFER-V1_rga_meta_router_test_seed45_a862a970,M2-EXTERNAL-3D-ADAM-TRANSFER-V1,3D-ADAM category-held-out,M2_external_transfer_v1_one_shot,45,rga_meta_router,test,elara_master_c/predictions/confirmation/M2-EXTERNAL-3D-ADAM-TRANSFER-V1__3D-ADAM_category-held-out__M2_external_transfer_v1_one_shot/rga_meta_router/test/seed_45__rerun_1.parquet,1378,a862a97044f69996cd97c43d5c0dc1afdf3efab8e56f0dc5b615583e61ca6efb,d1c2215b8ec3adb40dce2b8f4a13ad19cd9fc5e68dc5591ca0c36962f9f93d4d,81706cde6e0a1ede182fc1c855c195eeeb838e94,True,True,2026-05-29T04:48:28Z
M2-EXTERNAL-3D-ADAM-TRANSFER-V1_early_fusion_mlp_test_seed45_03f8441c,M2-EXTERNAL-3D-ADAM-TRANSFER-V1,3D-ADAM category-held-out,M2_external_transfer_v1_one_shot,45,early_fusion_mlp,test,elara_master_c/predictions/confirmation/M2-EXTERNAL-3D-ADAM-TRANSFER-V1__3D-ADAM_category-held-out__M2_external_transfer_v1_one_shot/early_fusion_mlp/test/seed_45__rerun_1.parquet,1378,03f8441c62320f9ad2a9f2e2da87bd1d92a548a99a9f1c4ee1e6a815a284ff21,d1c2215b8ec3adb40dce2b8f4a13ad19cd9fc5e68dc5591ca0c36962f9f93d4d,81706cde6e0a1ede182fc1c855c195eeeb838e94,True,True,2026-05-29T04:48:28Z
M2-EXTERNAL-3D-ADAM-TRANSFER-V1_late_fusion_ensemble_test_seed45_0fc24170,M2-EXTERNAL-3D-ADAM-TRANSFER-V1,3D-ADAM category-held-out,M2_external_transfer_v1_one_shot,45,late_fusion_ensemble,test,elara_master_c/predictions/confirmation/M2-EXTERNAL-3D-ADAM-TRANSFER-V1__3D-ADAM_category-held-out__M2_external_transfer_v1_one_shot/late_fusion_ensemble/test/seed_45__rerun_1.parquet,1378,0fc2417091816a62ba09841a86154da6bfa7e2a661a21824df9ab44216387440,d1c2215b8ec3adb40dce2b8f4a13ad19cd9fc5e68dc5591ca0c36962f9f93d4d,81706cde6e0a1ede182fc1c855c195eeeb838e94,True,True,2026-05-29T04:48:28Z
M2-EXTERNAL-3D-ADAM-TRANSFER-V1_random_forest_test_seed45_55382371,M2-EXTERNAL-3D-ADAM-TRANSFER-V1,3D-ADAM category-held-out,M2_external_transfer_v1_one_shot,45,random_forest,test,elara_master_c/predictions/confirmation/M2-EXTERNAL-3D-ADAM-TRANSFER-V1__3D-ADAM_category-held-out__M2_external_transfer_v1_one_shot/random_forest/test/seed_45__rerun_1.parquet,1378,55382371746a68c294c841a004f4a320b6694552ff6b0eaa1917bc01f91aa5e3,d1c2215b8ec3adb40dce2b8f4a13ad19cd9fc5e68dc5591ca0c36962f9f93d4d,81706cde6e0a1ede182fc1c855c195eeeb838e94,True,True,2026-05-29T04:48:28Z
M2-EXTERNAL-3D-ADAM-TRANSFER-V1_confidence_weighted_mean_test_seed45_8a40b883,M2-EXTERNAL-3D-ADAM-TRANSFER-V1,3D-ADAM category-held-out,M2_external_transfer_v1_one_shot,45,confidence_weighted_mean,test,elara_master_c/predictions/confirmation/M2-EXTERNAL-3D-ADAM-TRANSFER-V1__3D-ADAM_category-held-out__M2_external_transfer_v1_one_shot/confidence_weighted_mean/test/seed_45__rerun_1.parquet,1378,8a40b883d9d687fe5051ffef5071d4f2804b3c37b73ebfb2c422a387b6fdf86b,d1c2215b8ec3adb40dce2b8f4a13ad19cd9fc5e68dc5591ca0c36962f9f93d4d,81706cde6e0a1ede182fc1c855c195eeeb838e94,True,True,2026-05-29T04:48:28Z
M2-EXTERNAL-3D-ADAM-TRANSFER-V1_tent_score_adapter_test_seed45_99d64dde,M2-EXTERNAL-3D-ADAM-TRANSFER-V1,3D-ADAM category-held-out,M2_external_transfer_v1_one_shot,45,tent_score_adapter,test,elara_master_c/predictions/confirmation/M2-EXTERNAL-3D-ADAM-TRANSFER-V1__3D-ADAM_category-held-out__M2_external_transfer_v1_one_shot/tent_score_adapter/test/seed_45__rerun_1.parquet,1378,99d64dde462b184300bdb1b7030bdfd93b2a675a485757118ff444c1012aaf4d,d1c2215b8ec3adb40dce2b8f4a13ad19cd9fc5e68dc5591ca0c36962f9f93d4d,81706cde6e0a1ede182fc1c855c195eeeb838e94,True,True,2026-05-29T04:48:28Z
M2-EXTERNAL-3D-ADAM-TRANSFER-V1_ttt_pseudo_label_adapter_test_seed45_2ae9d22a,M2-EXTERNAL-3D-ADAM-TRANSFER-V1,3D-ADAM category-held-out,M2_external_transfer_v1_one_shot,45,ttt_pseudo_label_adapter,test,elara_master_c/predictions/confirmation/M2-EXTERNAL-3D-ADAM-TRANSFER-V1__3D-ADAM_category-held-out__M2_external_transfer_v1_one_shot/ttt_pseudo_label_adapter/test/seed_45__rerun_1.parquet,1378,2ae9d22a7f710bffc0eb968524c96cf70862debd440307b17798d59e97bb3ada,d1c2215b8ec3adb40dce2b8f4a13ad19cd9fc5e68dc5591ca0c36962f9f93d4d,81706cde6e0a1ede182fc1c855c195eeeb838e94,True,True,2026-05-29T04:48:28Z
M2-EXTERNAL-3D-ADAM-TRANSFER-V1_eata_score_adapter_test_seed45_3c2c9f59,M2-EXTERNAL-3D-ADAM-TRANSFER-V1,3D-ADAM category-held-out,M2_external_transfer_v1_one_shot,45,eata_score_adapter,test,elara_master_c/predictions/confirmation/M2-EXTERNAL-3D-ADAM-TRANSFER-V1__3D-ADAM_category-held-out__M2_external_transfer_v1_one_shot/eata_score_adapter/test/seed_45__rerun_1.parquet,1378,3c2c9f598ebe9bd2f9fbc7cacfcb9b70420694b7846c61286f391f0fb51014ac,d1c2215b8ec3adb40dce2b8f4a13ad19cd9fc5e68dc5591ca0c36962f9f93d4d,81706cde6e0a1ede182fc1c855c195eeeb838e94,True,True,2026-05-29T04:48:28Z
M2-EXTERNAL-3D-ADAM-TRANSFER-V1_sar_score_adapter_test_seed45_658beb84,M2-EXTERNAL-3D-ADAM-TRANSFER-V1,3D-ADAM category-held-out,M2_external_transfer_v1_one_shot,45,sar_score_adapter,test,elara_master_c/predictions/confirmation/M2-EXTERNAL-3D-ADAM-TRANSFER-V1__3D-ADAM_category-held-out__M2_external_transfer_v1_one_shot/sar_score_adapter/test/seed_45__rerun_1.parquet,1378,658beb84e8e95d08d0377bf61e771448e6c14557dd5c415f1f3a1a7b96c813d5,d1c2215b8ec3adb40dce2b8f4a13ad19cd9fc5e68dc5591ca0c36962f9f93d4d,81706cde6e0a1ede182fc1c855c195eeeb838e94,True,True,2026-05-29T04:48:28Z
M2-EXTERNAL-3D-ADAM-TRANSFER-V1_static_attention_test_seed46_7c3812fe,M2-EXTERNAL-3D-ADAM-TRANSFER-V1,3D-ADAM category-held-out,M2_external_transfer_v1_one_shot,46,static_attention,test,elara_master_c/predictions/confirmation/M2-EXTERNAL-3D-ADAM-TRANSFER-V1__3D-ADAM_category-held-out__M2_external_transfer_v1_one_shot/static_attention/test/seed_46__rerun_1.parquet,1378,7c3812fe9d6572261f2787d465e574b8c287135a9789df0eaaa0dbcb31fd8b69,d1c2215b8ec3adb40dce2b8f4a13ad19cd9fc5e68dc5591ca0c36962f9f93d4d,81706cde6e0a1ede182fc1c855c195eeeb838e94,True,True,2026-05-29T04:48:42Z
M2-EXTERNAL-3D-ADAM-TRANSFER-V1_craf_attention_test_seed46_d93b3084,M2-EXTERNAL-3D-ADAM-TRANSFER-V1,3D-ADAM category-held-out,M2_external_transfer_v1_one_shot,46,craf_attention,test,elara_master_c/predictions/confirmation/M2-EXTERNAL-3D-ADAM-TRANSFER-V1__3D-ADAM_category-held-out__M2_external_transfer_v1_one_shot/craf_attention/test/seed_46__rerun_1.parquet,1378,d93b308412460dccc93ec2935eedee6ba765f3366f9d093d628a99a9c51cd66d,d1c2215b8ec3adb40dce2b8f4a13ad19cd9fc5e68dc5591ca0c36962f9f93d4d,81706cde6e0a1ede182fc1c855c195eeeb838e94,True,True,2026-05-29T04:48:42Z
M2-EXTERNAL-3D-ADAM-TRANSFER-V1_rga_boosted_fusion_test_seed46_c638713e,M2-EXTERNAL-3D-ADAM-TRANSFER-V1,3D-ADAM category-held-out,M2_external_transfer_v1_one_shot,46,rga_boosted_fusion,test,elara_master_c/predictions/confirmation/M2-EXTERNAL-3D-ADAM-TRANSFER-V1__3D-ADAM_category-held-out__M2_external_transfer_v1_one_shot/rga_boosted_fusion/test/seed_46__rerun_1.parquet,1378,c638713e834e2330c266192de2efe77f36cff12747c0832509a5e0190a3925f1,d1c2215b8ec3adb40dce2b8f4a13ad19cd9fc5e68dc5591ca0c36962f9f93d4d,81706cde6e0a1ede182fc1c855c195eeeb838e94,True,True,2026-05-29T04:48:42Z
M2-EXTERNAL-3D-ADAM-TRANSFER-V1_rga_meta_router_test_seed46_cc728c86,M2-EXTERNAL-3D-ADAM-TRANSFER-V1,3D-ADAM category-held-out,M2_external_transfer_v1_one_shot,46,rga_meta_router,test,elara_master_c/predictions/confirmation/M2-EXTERNAL-3D-ADAM-TRANSFER-V1__3D-ADAM_category-held-out__M2_external_transfer_v1_one_shot/rga_meta_router/test/seed_46__rerun_1.parquet,1378,cc728c86254889297837e5a5b286ee89617c0296376d7be5b687b37a99a68432,d1c2215b8ec3adb40dce2b8f4a13ad19cd9fc5e68dc5591ca0c36962f9f93d4d,81706cde6e0a1ede182fc1c855c195eeeb838e94,True,True,2026-05-29T04:48:42Z
M2-EXTERNAL-3D-ADAM-TRANSFER-V1_early_fusion_mlp_test_seed46_539f9601,M2-EXTERNAL-3D-ADAM-TRANSFER-V1,3D-ADAM category-held-out,M2_external_transfer_v1_one_shot,46,early_fusion_mlp,test,elara_master_c/predictions/confirmation/M2-EXTERNAL-3D-ADAM-TRANSFER-V1__3D-ADAM_category-held-out__M2_external_transfer_v1_one_shot/early_fusion_mlp/test/seed_46__rerun_1.parquet,1378,539f9601bd92dff8b342c66069e7c8501e25015aac22536aa4c5026330f57500,d1c2215b8ec3adb40dce2b8f4a13ad19cd9fc5e68dc5591ca0c36962f9f93d4d,81706cde6e0a1ede182fc1c855c195eeeb838e94,True,True,2026-05-29T04:48:42Z
M2-EXTERNAL-3D-ADAM-TRANSFER-V1_late_fusion_ensemble_test_seed46_54d9313a,M2-EXTERNAL-3D-ADAM-TRANSFER-V1,3D-ADAM category-held-out,M2_external_transfer_v1_one_shot,46,late_fusion_ensemble,test,elara_master_c/predictions/confirmation/M2-EXTERNAL-3D-ADAM-TRANSFER-V1__3D-ADAM_category-held-out__M2_external_transfer_v1_one_shot/late_fusion_ensemble/test/seed_46__rerun_1.parquet,1378,54d9313ac4966adab567633b124198a229ba62e37f3e6403b4194a5a405d22c6,d1c2215b8ec3adb40dce2b8f4a13ad19cd9fc5e68dc5591ca0c36962f9f93d4d,81706cde6e0a1ede182fc1c855c195eeeb838e94,True,True,2026-05-29T04:48:42Z
M2-EXTERNAL-3D-ADAM-TRANSFER-V1_random_forest_test_seed46_2073ba5e,M2-EXTERNAL-3D-ADAM-TRANSFER-V1,3D-ADAM category-held-out,M2_external_transfer_v1_one_shot,46,random_forest,test,elara_master_c/predictions/confirmation/M2-EXTERNAL-3D-ADAM-TRANSFER-V1__3D-ADAM_category-held-out__M2_external_transfer_v1_one_shot/random_forest/test/seed_46__rerun_1.parquet,1378,2073ba5e1530b3caf82af273da3d7db1d5ac7ea184748e2e9a315d00fe70a5ed,d1c2215b8ec3adb40dce2b8f4a13ad19cd9fc5e68dc5591ca0c36962f9f93d4d,81706cde6e0a1ede182fc1c855c195eeeb838e94,True,True,2026-05-29T04:48:42Z
M2-EXTERNAL-3D-ADAM-TRANSFER-V1_confidence_weighted_mean_test_seed46_a0b5719a,M2-EXTERNAL-3D-ADAM-TRANSFER-V1,3D-ADAM category-held-out,M2_external_transfer_v1_one_shot,46,confidence_weighted_mean,test,elara_master_c/predictions/confirmation/M2-EXTERNAL-3D-ADAM-TRANSFER-V1__3D-ADAM_category-held-out__M2_external_transfer_v1_one_shot/confidence_weighted_mean/test/seed_46__rerun_1.parquet,1378,a0b5719ace7b7711519f3f63f766035005faf970b1f6dd78e88700527ac99d76,d1c2215b8ec3adb40dce2b8f4a13ad19cd9fc5e68dc5591ca0c36962f9f93d4d,81706cde6e0a1ede182fc1c855c195eeeb838e94,True,True,2026-05-29T04:48:42Z
M2-EXTERNAL-3D-ADAM-TRANSFER-V1_tent_score_adapter_test_seed46_2d0d4514,M2-EXTERNAL-3D-ADAM-TRANSFER-V1,3D-ADAM category-held-out,M2_external_transfer_v1_one_shot,46,tent_score_adapter,test,elara_master_c/predictions/confirmation/M2-EXTERNAL-3D-ADAM-TRANSFER-V1__3D-ADAM_category-held-out__M2_external_transfer_v1_one_shot/tent_score_adapter/test/seed_46__rerun_1.parquet,1378,2d0d45149b48f654c436dc7ff39a6184ed7ae70b9e42d7735e70801b956f7f54,d1c2215b8ec3adb40dce2b8f4a13ad19cd9fc5e68dc5591ca0c36962f9f93d4d,81706cde6e0a1ede182fc1c855c195eeeb838e94,True,True,2026-05-29T04:48:42Z
M2-EXTERNAL-3D-ADAM-TRANSFER-V1_ttt_pseudo_label_adapter_test_seed46_64c7085c,M2-EXTERNAL-3D-ADAM-TRANSFER-V1,3D-ADAM category-held-out,M2_external_transfer_v1_one_shot,46,ttt_pseudo_label_adapter,test,elara_master_c/predictions/confirmation/M2-EXTERNAL-3D-ADAM-TRANSFER-V1__3D-ADAM_category-held-out__M2_external_transfer_v1_one_shot/ttt_pseudo_label_adapter/test/seed_46__rerun_1.parquet,1378,64c7085cb1312f8d9d6df3b212ae61efa81d1a61448353fd9cb16fcf84bb33a6,d1c2215b8ec3adb40dce2b8f4a13ad19cd9fc5e68dc5591ca0c36962f9f93d4d,81706cde6e0a1ede182fc1c855c195eeeb838e94,True,True,2026-05-29T04:48:42Z
M2-EXTERNAL-3D-ADAM-TRANSFER-V1_eata_score_adapter_test_seed46_3f751aac,M2-EXTERNAL-3D-ADAM-TRANSFER-V1,3D-ADAM category-held-out,M2_external_transfer_v1_one_shot,46,eata_score_adapter,test,elara_master_c/predictions/confirmation/M2-EXTERNAL-3D-ADAM-TRANSFER-V1__3D-ADAM_category-held-out__M2_external_transfer_v1_one_shot/eata_score_adapter/test/seed_46__rerun_1.parquet,1378,3f751aac0ce9b1440ad1440b1538004d07721f158e855c627e2113a510d1a940,d1c2215b8ec3adb40dce2b8f4a13ad19cd9fc5e68dc5591ca0c36962f9f93d4d,81706cde6e0a1ede182fc1c855c195eeeb838e94,True,True,2026-05-29T04:48:42Z
M2-EXTERNAL-3D-ADAM-TRANSFER-V1_sar_score_adapter_test_seed46_ef5fe198,M2-EXTERNAL-3D-ADAM-TRANSFER-V1,3D-ADAM category-held-out,M2_external_transfer_v1_one_shot,46,sar_score_adapter,test,elara_master_c/predictions/confirmation/M2-EXTERNAL-3D-ADAM-TRANSFER-V1__3D-ADAM_category-held-out__M2_external_transfer_v1_one_shot/sar_score_adapter/test/seed_46__rerun_1.parquet,1378,ef5fe198fff63a6edb3cbc7458a2b249a6563c27d3a182925d76aa71d4448deb,d1c2215b8ec3adb40dce2b8f4a13ad19cd9fc5e68dc5591ca0c36962f9f93d4d,81706cde6e0a1ede182fc1c855c195eeeb838e94,True,True,2026-05-29T04:48:42Z
M2-CONFIRMATORY_static_attention_test_seed42_21a6daf6,M2-CONFIRMATORY,MVTec 3D-AD inverted-heldout,M2_one_shot_audit,42,static_attention,test,elara_master_c/predictions/confirmation/M2-CONFIRMATORY__MVTec_3D-AD_inverted-heldout__M2_one_shot_audit/static_attention/test/seed_42__rerun_2.parquet,1545,21a6daf62caa89f110916c08452b357b3ff9c8658c786aa74c1e59d05f5f38e8,82442f698510ddf46b10e75c8104d2a84a6d91bb8b64e80517f8a790180addd4,f92c016b1f84a0fd3dfb301ca79ef2bceea77d38,True,True,2026-05-29T18:22:36Z
M2-CONFIRMATORY_craf_attention_test_seed42_06cfefd6,M2-CONFIRMATORY,MVTec 3D-AD inverted-heldout,M2_one_shot_audit,42,craf_attention,test,elara_master_c/predictions/confirmation/M2-CONFIRMATORY__MVTec_3D-AD_inverted-heldout__M2_one_shot_audit/craf_attention/test/seed_42__rerun_2.parquet,1545,06cfefd641882a5179a916b0a675abf4377bcfdce34f525bba30149bf9055001,82442f698510ddf46b10e75c8104d2a84a6d91bb8b64e80517f8a790180addd4,f92c016b1f84a0fd3dfb301ca79ef2bceea77d38,True,True,2026-05-29T18:22:36Z
M2-CONFIRMATORY_rga_boosted_fusion_test_seed42_19a7f71a,M2-CONFIRMATORY,MVTec 3D-AD inverted-heldout,M2_one_shot_audit,42,rga_boosted_fusion,test,elara_master_c/predictions/confirmation/M2-CONFIRMATORY__MVTec_3D-AD_inverted-heldout__M2_one_shot_audit/rga_boosted_fusion/test/seed_42__rerun_2.parquet,1545,19a7f71a233c88eaa0daab0a9c49df83f29c289358097489c9cadf9ab3bc69a9,82442f698510ddf46b10e75c8104d2a84a6d91bb8b64e80517f8a790180addd4,f92c016b1f84a0fd3dfb301ca79ef2bceea77d38,True,True,2026-05-29T18:22:36Z
M2-CONFIRMATORY_rga_meta_router_test_seed42_49aa2f62,M2-CONFIRMATORY,MVTec 3D-AD inverted-heldout,M2_one_shot_audit,42,rga_meta_router,test,elara_master_c/predictions/confirmation/M2-CONFIRMATORY__MVTec_3D-AD_inverted-heldout__M2_one_shot_audit/rga_meta_router/test/seed_42__rerun_2.parquet,1545,49aa2f624153c5e953fa3fa26b04d8999d65cda1528b30def92ef914fa9c18cd,82442f698510ddf46b10e75c8104d2a84a6d91bb8b64e80517f8a790180addd4,f92c016b1f84a0fd3dfb301ca79ef2bceea77d38,True,True,2026-05-29T18:22:36Z
M2-CONFIRMATORY_early_fusion_mlp_test_seed42_92e84d6e,M2-CONFIRMATORY,MVTec 3D-AD inverted-heldout,M2_one_shot_audit,42,early_fusion_mlp,test,elara_master_c/predictions/confirmation/M2-CONFIRMATORY__MVTec_3D-AD_inverted-heldout__M2_one_shot_audit/early_fusion_mlp/test/seed_42__rerun_2.parquet,1545,92e84d6e0f4995c477b835944090dd18851515b1ff55b6392710e54f6336eb63,82442f698510ddf46b10e75c8104d2a84a6d91bb8b64e80517f8a790180addd4,f92c016b1f84a0fd3dfb301ca79ef2bceea77d38,True,True,2026-05-29T18:22:36Z
M2-CONFIRMATORY_late_fusion_ensemble_test_seed42_30ac8e78,M2-CONFIRMATORY,MVTec 3D-AD inverted-heldout,M2_one_shot_audit,42,late_fusion_ensemble,test,elara_master_c/predictions/confirmation/M2-CONFIRMATORY__MVTec_3D-AD_inverted-heldout__M2_one_shot_audit/late_fusion_ensemble/test/seed_42__rerun_2.parquet,1545,30ac8e78cdc3c120e10f6bf5dc22035884c4eab7972d4864db1d0ee2d4cad54b,82442f698510ddf46b10e75c8104d2a84a6d91bb8b64e80517f8a790180addd4,f92c016b1f84a0fd3dfb301ca79ef2bceea77d38,True,True,2026-05-29T18:22:36Z
M2-CONFIRMATORY_random_forest_test_seed42_bfb9e322,M2-CONFIRMATORY,MVTec 3D-AD inverted-heldout,M2_one_shot_audit,42,random_forest,test,elara_master_c/predictions/confirmation/M2-CONFIRMATORY__MVTec_3D-AD_inverted-heldout__M2_one_shot_audit/random_forest/test/seed_42__rerun_2.parquet,1545,bfb9e3222b0111788506a6c2734d01a54b91f34a7f969b363f67c8a02ff58cd6,82442f698510ddf46b10e75c8104d2a84a6d91bb8b64e80517f8a790180addd4,f92c016b1f84a0fd3dfb301ca79ef2bceea77d38,True,True,2026-05-29T18:22:36Z
M2-CONFIRMATORY_confidence_weighted_mean_test_seed42_67963150,M2-CONFIRMATORY,MVTec 3D-AD inverted-heldout,M2_one_shot_audit,42,confidence_weighted_mean,test,elara_master_c/predictions/confirmation/M2-CONFIRMATORY__MVTec_3D-AD_inverted-heldout__M2_one_shot_audit/confidence_weighted_mean/test/seed_42__rerun_2.parquet,1545,679631506dfbaeaf252ce6fd11a7f2ea862e016bb4406f3dce1bc5d8b931d295,82442f698510ddf46b10e75c8104d2a84a6d91bb8b64e80517f8a790180addd4,f92c016b1f84a0fd3dfb301ca79ef2bceea77d38,True,True,2026-05-29T18:22:36Z
M2-CONFIRMATORY_tent_score_adapter_test_seed42_929949e9,M2-CONFIRMATORY,MVTec 3D-AD inverted-heldout,M2_one_shot_audit,42,tent_score_adapter,test,elara_master_c/predictions/confirmation/M2-CONFIRMATORY__MVTec_3D-AD_inverted-heldout__M2_one_shot_audit/tent_score_adapter/test/seed_42__rerun_2.parquet,1545,929949e98aa1d2c761ef34b5ed7affad9fe37bf4ed7e5a0a77bb3f1aead0ef46,82442f698510ddf46b10e75c8104d2a84a6d91bb8b64e80517f8a790180addd4,f92c016b1f84a0fd3dfb301ca79ef2bceea77d38,True,True,2026-05-29T18:22:36Z
M2-CONFIRMATORY_ttt_pseudo_label_adapter_test_seed42_da94b02b,M2-CONFIRMATORY,MVTec 3D-AD inverted-heldout,M2_one_shot_audit,42,ttt_pseudo_label_adapter,test,elara_master_c/predictions/confirmation/M2-CONFIRMATORY__MVTec_3D-AD_inverted-heldout__M2_one_shot_audit/ttt_pseudo_label_adapter/test/seed_42__rerun_2.parquet,1545,da94b02b5e7d9c2ed0d862a671a5775a85b9df165bdca07ddf5ab7793b6ce219,82442f698510ddf46b10e75c8104d2a84a6d91bb8b64e80517f8a790180addd4,f92c016b1f84a0fd3dfb301ca79ef2bceea77d38,True,True,2026-05-29T18:22:36Z
M2-CONFIRMATORY_eata_score_adapter_test_seed42_30504d59,M2-CONFIRMATORY,MVTec 3D-AD inverted-heldout,M2_one_shot_audit,42,eata_score_adapter,test,elara_master_c/predictions/confirmation/M2-CONFIRMATORY__MVTec_3D-AD_inverted-heldout__M2_one_shot_audit/eata_score_adapter/test/seed_42__rerun_2.parquet,1545,30504d599441ae45d5ea12b94074bf5149bb177efeb6058321d39662bfd2a26d,82442f698510ddf46b10e75c8104d2a84a6d91bb8b64e80517f8a790180addd4,f92c016b1f84a0fd3dfb301ca79ef2bceea77d38,True,True,2026-05-29T18:22:36Z
M2-CONFIRMATORY_sar_score_adapter_test_seed42_d4fb6721,M2-CONFIRMATORY,MVTec 3D-AD inverted-heldout,M2_one_shot_audit,42,sar_score_adapter,test,elara_master_c/predictions/confirmation/M2-CONFIRMATORY__MVTec_3D-AD_inverted-heldout__M2_one_shot_audit/sar_score_adapter/test/seed_42__rerun_2.parquet,1545,d4fb6721e85a7eb2e6c33ce9c66df67f34c5655c0321deb92276ae86dc7cf695,82442f698510ddf46b10e75c8104d2a84a6d91bb8b64e80517f8a790180addd4,f92c016b1f84a0fd3dfb301ca79ef2bceea77d38,True,True,2026-05-29T18:22:36Z
M2-CONFIRMATORY_static_attention_test_seed43_c3832ed6,M2-CONFIRMATORY,MVTec 3D-AD inverted-heldout,M2_one_shot_audit,43,static_attention,test,elara_master_c/predictions/confirmation/M2-CONFIRMATORY__MVTec_3D-AD_inverted-heldout__M2_one_shot_audit/static_attention/test/seed_43__rerun_2.parquet,1545,c3832ed67c28b533e5442ad1c4f90e87c77b9244bf1effdcec7ac63bc2dc6a00,82442f698510ddf46b10e75c8104d2a84a6d91bb8b64e80517f8a790180addd4,f92c016b1f84a0fd3dfb301ca79ef2bceea77d38,True,True,2026-05-29T18:22:54Z
M2-CONFIRMATORY_craf_attention_test_seed43_6b7547a2,M2-CONFIRMATORY,MVTec 3D-AD inverted-heldout,M2_one_shot_audit,43,craf_attention,test,elara_master_c/predictions/confirmation/M2-CONFIRMATORY__MVTec_3D-AD_inverted-heldout__M2_one_shot_audit/craf_attention/test/seed_43__rerun_2.parquet,1545,6b7547a21c2460c322540309e3ac7b7cbf6885f35a9e338d42188a01ab03597c,82442f698510ddf46b10e75c8104d2a84a6d91bb8b64e80517f8a790180addd4,f92c016b1f84a0fd3dfb301ca79ef2bceea77d38,True,True,2026-05-29T18:22:54Z
M2-CONFIRMATORY_rga_boosted_fusion_test_seed43_d40bd5fd,M2-CONFIRMATORY,MVTec 3D-AD inverted-heldout,M2_one_shot_audit,43,rga_boosted_fusion,test,elara_master_c/predictions/confirmation/M2-CONFIRMATORY__MVTec_3D-AD_inverted-heldout__M2_one_shot_audit/rga_boosted_fusion/test/seed_43__rerun_2.parquet,1545,d40bd5fdde6e3defaeda4fb455ad3dd73b131614b7af26e09374945cc4c814a6,82442f698510ddf46b10e75c8104d2a84a6d91bb8b64e80517f8a790180addd4,f92c016b1f84a0fd3dfb301ca79ef2bceea77d38,True,True,2026-05-29T18:22:54Z
M2-CONFIRMATORY_rga_meta_router_test_seed43_8a13bc3d,M2-CONFIRMATORY,MVTec 3D-AD inverted-heldout,M2_one_shot_audit,43,rga_meta_router,test,elara_master_c/predictions/confirmation/M2-CONFIRMATORY__MVTec_3D-AD_inverted-heldout__M2_one_shot_audit/rga_meta_router/test/seed_43__rerun_2.parquet,1545,8a13bc3df80a5ce51af525f5e932359960843e750b278206dfd983bee338077f,82442f698510ddf46b10e75c8104d2a84a6d91bb8b64e80517f8a790180addd4,f92c016b1f84a0fd3dfb301ca79ef2bceea77d38,True,True,2026-05-29T18:22:55Z
M2-CONFIRMATORY_early_fusion_mlp_test_seed43_171d7a4b,M2-CONFIRMATORY,MVTec 3D-AD inverted-heldout,M2_one_shot_audit,43,early_fusion_mlp,test,elara_master_c/predictions/confirmation/M2-CONFIRMATORY__MVTec_3D-AD_inverted-heldout__M2_one_shot_audit/early_fusion_mlp/test/seed_43__rerun_2.parquet,1545,171d7a4b8a1d8aa0c97ce96f5cecf0b0c3f33d73a8229f4bb03c0b831eb4b7d5,82442f698510ddf46b10e75c8104d2a84a6d91bb8b64e80517f8a790180addd4,f92c016b1f84a0fd3dfb301ca79ef2bceea77d38,True,True,2026-05-29T18:22:55Z
M2-CONFIRMATORY_late_fusion_ensemble_test_seed43_76a89a35,M2-CONFIRMATORY,MVTec 3D-AD inverted-heldout,M2_one_shot_audit,43,late_fusion_ensemble,test,elara_master_c/predictions/confirmation/M2-CONFIRMATORY__MVTec_3D-AD_inverted-heldout__M2_one_shot_audit/late_fusion_ensemble/test/seed_43__rerun_2.parquet,1545,76a89a356692f23b931a4baaf21f1f66396bf6e977522e3de8a7244b5299e4f5,82442f698510ddf46b10e75c8104d2a84a6d91bb8b64e80517f8a790180addd4,f92c016b1f84a0fd3dfb301ca79ef2bceea77d38,True,True,2026-05-29T18:22:55Z
M2-CONFIRMATORY_random_forest_test_seed43_7bc1537b,M2-CONFIRMATORY,MVTec 3D-AD inverted-heldout,M2_one_shot_audit,43,random_forest,test,elara_master_c/predictions/confirmation/M2-CONFIRMATORY__MVTec_3D-AD_inverted-heldout__M2_one_shot_audit/random_forest/test/seed_43__rerun_2.parquet,1545,7bc1537bbdb1414ae19e2229bdf0b7b62219235407f9faaa7b55d6464474d35c,82442f698510ddf46b10e75c8104d2a84a6d91bb8b64e80517f8a790180addd4,f92c016b1f84a0fd3dfb301ca79ef2bceea77d38,True,True,2026-05-29T18:22:55Z
M2-CONFIRMATORY_confidence_weighted_mean_test_seed43_a708f90b,M2-CONFIRMATORY,MVTec 3D-AD inverted-heldout,M2_one_shot_audit,43,confidence_weighted_mean,test,elara_master_c/predictions/confirmation/M2-CONFIRMATORY__MVTec_3D-AD_inverted-heldout__M2_one_shot_audit/confidence_weighted_mean/test/seed_43__rerun_2.parquet,1545,a708f90b21922ed59c88fd1b9f2ba5060dba4e1c59d80e355b647b5313c8cdb4,82442f698510ddf46b10e75c8104d2a84a6d91bb8b64e80517f8a790180addd4,f92c016b1f84a0fd3dfb301ca79ef2bceea77d38,True,True,2026-05-29T18:22:55Z
M2-CONFIRMATORY_tent_score_adapter_test_seed43_240304e0,M2-CONFIRMATORY,MVTec 3D-AD inverted-heldout,M2_one_shot_audit,43,tent_score_adapter,test,elara_master_c/predictions/confirmation/M2-CONFIRMATORY__MVTec_3D-AD_inverted-heldout__M2_one_shot_audit/tent_score_adapter/test/seed_43__rerun_2.parquet,1545,240304e0a812d5e3081d230fc77814aff73ed075280800bc26983e482b06d50e,82442f698510ddf46b10e75c8104d2a84a6d91bb8b64e80517f8a790180addd4,f92c016b1f84a0fd3dfb301ca79ef2bceea77d38,True,True,2026-05-29T18:22:55Z
M2-CONFIRMATORY_ttt_pseudo_label_adapter_test_seed43_5c824fa8,M2-CONFIRMATORY,MVTec 3D-AD inverted-heldout,M2_one_shot_audit,43,ttt_pseudo_label_adapter,test,elara_master_c/predictions/confirmation/M2-CONFIRMATORY__MVTec_3D-AD_inverted-heldout__M2_one_shot_audit/ttt_pseudo_label_adapter/test/seed_43__rerun_2.parquet,1545,5c824fa88b1e1f3b0478d2876fcb3f21ec00f7c217ece9c557b427dd12601165,82442f698510ddf46b10e75c8104d2a84a6d91bb8b64e80517f8a790180addd4,f92c016b1f84a0fd3dfb301ca79ef2bceea77d38,True,True,2026-05-29T18:22:55Z
M2-CONFIRMATORY_eata_score_adapter_test_seed43_324c7b32,M2-CONFIRMATORY,MVTec 3D-AD inverted-heldout,M2_one_shot_audit,43,eata_score_adapter,test,elara_master_c/predictions/confirmation/M2-CONFIRMATORY__MVTec_3D-AD_inverted-heldout__M2_one_shot_audit/eata_score_adapter/test/seed_43__rerun_2.parquet,1545,324c7b3217b9c7c4872bf67d289749757ff920a62982f88f5898b267b0571f44,82442f698510ddf46b10e75c8104d2a84a6d91bb8b64e80517f8a790180addd4,f92c016b1f84a0fd3dfb301ca79ef2bceea77d38,True,True,2026-05-29T18:22:55Z
M2-CONFIRMATORY_sar_score_adapter_test_seed43_8bd9ec5f,M2-CONFIRMATORY,MVTec 3D-AD inverted-heldout,M2_one_shot_audit,43,sar_score_adapter,test,elara_master_c/predictions/confirmation/M2-CONFIRMATORY__MVTec_3D-AD_inverted-heldout__M2_one_shot_audit/sar_score_adapter/test/seed_43__rerun_2.parquet,1545,8bd9ec5f92099720df46a8d9654b4e766690758c4ea48095f962b8714b88a4c4,82442f698510ddf46b10e75c8104d2a84a6d91bb8b64e80517f8a790180addd4,f92c016b1f84a0fd3dfb301ca79ef2bceea77d38,True,True,2026-05-29T18:22:55Z
M2-CONFIRMATORY_static_attention_test_seed44_07fcafe2,M2-CONFIRMATORY,MVTec 3D-AD inverted-heldout,M2_one_shot_audit,44,static_attention,test,elara_master_c/predictions/confirmation/M2-CONFIRMATORY__MVTec_3D-AD_inverted-heldout__M2_one_shot_audit/static_attention/test/seed_44__rerun_2.parquet,1545,07fcafe20b65b8c9ae591f3b215b1176f6034ed4fa2ab699ba8496d0800918b7,82442f698510ddf46b10e75c8104d2a84a6d91bb8b64e80517f8a790180addd4,f92c016b1f84a0fd3dfb301ca79ef2bceea77d38,True,True,2026-05-29T18:23:15Z
M2-CONFIRMATORY_craf_attention_test_seed44_2358ab57,M2-CONFIRMATORY,MVTec 3D-AD inverted-heldout,M2_one_shot_audit,44,craf_attention,test,elara_master_c/predictions/confirmation/M2-CONFIRMATORY__MVTec_3D-AD_inverted-heldout__M2_one_shot_audit/craf_attention/test/seed_44__rerun_2.parquet,1545,2358ab57eaa08d750c598d724f3de1c06be291b2c98f1ae511b80722a86b05a9,82442f698510ddf46b10e75c8104d2a84a6d91bb8b64e80517f8a790180addd4,f92c016b1f84a0fd3dfb301ca79ef2bceea77d38,True,True,2026-05-29T18:23:15Z
M2-CONFIRMATORY_rga_boosted_fusion_test_seed44_f00d272e,M2-CONFIRMATORY,MVTec 3D-AD inverted-heldout,M2_one_shot_audit,44,rga_boosted_fusion,test,elara_master_c/predictions/confirmation/M2-CONFIRMATORY__MVTec_3D-AD_inverted-heldout__M2_one_shot_audit/rga_boosted_fusion/test/seed_44__rerun_2.parquet,1545,f00d272e45c9c5bde0a8c0e7a908d3a4aa028969b5a225bfd018fbb5755255fa,82442f698510ddf46b10e75c8104d2a84a6d91bb8b64e80517f8a790180addd4,f92c016b1f84a0fd3dfb301ca79ef2bceea77d38,True,True,2026-05-29T18:23:15Z
M2-CONFIRMATORY_rga_meta_router_test_seed44_64c635c0,M2-CONFIRMATORY,MVTec 3D-AD inverted-heldout,M2_one_shot_audit,44,rga_meta_router,test,elara_master_c/predictions/confirmation/M2-CONFIRMATORY__MVTec_3D-AD_inverted-heldout__M2_one_shot_audit/rga_meta_router/test/seed_44__rerun_2.parquet,1545,64c635c099b89a56d809e615d36809e961c16252fc65a08e85bef45fc2e65387,82442f698510ddf46b10e75c8104d2a84a6d91bb8b64e80517f8a790180addd4,f92c016b1f84a0fd3dfb301ca79ef2bceea77d38,True,True,2026-05-29T18:23:15Z
M2-CONFIRMATORY_early_fusion_mlp_test_seed44_b5709dc5,M2-CONFIRMATORY,MVTec 3D-AD inverted-heldout,M2_one_shot_audit,44,early_fusion_mlp,test,elara_master_c/predictions/confirmation/M2-CONFIRMATORY__MVTec_3D-AD_inverted-heldout__M2_one_shot_audit/early_fusion_mlp/test/seed_44__rerun_2.parquet,1545,b5709dc53c4edb6a55211ff0643b7562bbea5006cf7d70c55d972f2b70bc8121,82442f698510ddf46b10e75c8104d2a84a6d91bb8b64e80517f8a790180addd4,f92c016b1f84a0fd3dfb301ca79ef2bceea77d38,True,True,2026-05-29T18:23:15Z
M2-CONFIRMATORY_late_fusion_ensemble_test_seed44_978ca345,M2-CONFIRMATORY,MVTec 3D-AD inverted-heldout,M2_one_shot_audit,44,late_fusion_ensemble,test,elara_master_c/predictions/confirmation/M2-CONFIRMATORY__MVTec_3D-AD_inverted-heldout__M2_one_shot_audit/late_fusion_ensemble/test/seed_44__rerun_2.parquet,1545,978ca345a58f823f87e23bbb5883c15549215e32adc23898dc076dce57794d15,82442f698510ddf46b10e75c8104d2a84a6d91bb8b64e80517f8a790180addd4,f92c016b1f84a0fd3dfb301ca79ef2bceea77d38,True,True,2026-05-29T18:23:15Z
M2-CONFIRMATORY_random_forest_test_seed44_65ade0f2,M2-CONFIRMATORY,MVTec 3D-AD inverted-heldout,M2_one_shot_audit,44,random_forest,test,elara_master_c/predictions/confirmation/M2-CONFIRMATORY__MVTec_3D-AD_inverted-heldout__M2_one_shot_audit/random_forest/test/seed_44__rerun_2.parquet,1545,65ade0f207ee76d1d20d10b667bb733d7f6eb4bf423dce56e2b774d0405f7909,82442f698510ddf46b10e75c8104d2a84a6d91bb8b64e80517f8a790180addd4,f92c016b1f84a0fd3dfb301ca79ef2bceea77d38,True,True,2026-05-29T18:23:15Z
M2-CONFIRMATORY_confidence_weighted_mean_test_seed44_70a12197,M2-CONFIRMATORY,MVTec 3D-AD inverted-heldout,M2_one_shot_audit,44,confidence_weighted_mean,test,elara_master_c/predictions/confirmation/M2-CONFIRMATORY__MVTec_3D-AD_inverted-heldout__M2_one_shot_audit/confidence_weighted_mean/test/seed_44__rerun_2.parquet,1545,70a12197b752354095e22666a04ad6d8ee760925ed7911ebc4d6a6bae1421337,82442f698510ddf46b10e75c8104d2a84a6d91bb8b64e80517f8a790180addd4,f92c016b1f84a0fd3dfb301ca79ef2bceea77d38,True,True,2026-05-29T18:23:15Z
M2-CONFIRMATORY_tent_score_adapter_test_seed44_6d2a11f3,M2-CONFIRMATORY,MVTec 3D-AD inverted-heldout,M2_one_shot_audit,44,tent_score_adapter,test,elara_master_c/predictions/confirmation/M2-CONFIRMATORY__MVTec_3D-AD_inverted-heldout__M2_one_shot_audit/tent_score_adapter/test/seed_44__rerun_2.parquet,1545,6d2a11f3f3b65e878300c34fa7c921e6328953f323bdc90141da9ff2ded1554c,82442f698510ddf46b10e75c8104d2a84a6d91bb8b64e80517f8a790180addd4,f92c016b1f84a0fd3dfb301ca79ef2bceea77d38,True,True,2026-05-29T18:23:16Z
M2-CONFIRMATORY_ttt_pseudo_label_adapter_test_seed44_5589522b,M2-CONFIRMATORY,MVTec 3D-AD inverted-heldout,M2_one_shot_audit,44,ttt_pseudo_label_adapter,test,elara_master_c/predictions/confirmation/M2-CONFIRMATORY__MVTec_3D-AD_inverted-heldout__M2_one_shot_audit/ttt_pseudo_label_adapter/test/seed_44__rerun_2.parquet,1545,5589522b681521076134db847eeea00cbf3de58710f0f6e3eeea609dabc4c123,82442f698510ddf46b10e75c8104d2a84a6d91bb8b64e80517f8a790180addd4,f92c016b1f84a0fd3dfb301ca79ef2bceea77d38,True,True,2026-05-29T18:23:16Z
M2-CONFIRMATORY_eata_score_adapter_test_seed44_28a8deef,M2-CONFIRMATORY,MVTec 3D-AD inverted-heldout,M2_one_shot_audit,44,eata_score_adapter,test,elara_master_c/predictions/confirmation/M2-CONFIRMATORY__MVTec_3D-AD_inverted-heldout__M2_one_shot_audit/eata_score_adapter/test/seed_44__rerun_2.parquet,1545,28a8deef110d45974bccfb11fbfe38d7ca4df7ebd0d2e48254f0324e4f670db7,82442f698510ddf46b10e75c8104d2a84a6d91bb8b64e80517f8a790180addd4,f92c016b1f84a0fd3dfb301ca79ef2bceea77d38,True,True,2026-05-29T18:23:16Z
M2-CONFIRMATORY_sar_score_adapter_test_seed44_63c35803,M2-CONFIRMATORY,MVTec 3D-AD inverted-heldout,M2_one_shot_audit,44,sar_score_adapter,test,elara_master_c/predictions/confirmation/M2-CONFIRMATORY__MVTec_3D-AD_inverted-heldout__M2_one_shot_audit/sar_score_adapter/test/seed_44__rerun_2.parquet,1545,63c358030817b70a560cad589dd420024ecce318fcac2d65d0a6f5e7164bd9a0,82442f698510ddf46b10e75c8104d2a84a6d91bb8b64e80517f8a790180addd4,f92c016b1f84a0fd3dfb301ca79ef2bceea77d38,True,True,2026-05-29T18:23:16Z
M2-CONFIRMATORY_static_attention_test_seed45_a805f39e,M2-CONFIRMATORY,MVTec 3D-AD inverted-heldout,M2_one_shot_audit,45,static_attention,test,elara_master_c/predictions/confirmation/M2-CONFIRMATORY__MVTec_3D-AD_inverted-heldout__M2_one_shot_audit/static_attention/test/seed_45__rerun_2.parquet,1545,a805f39ee383ec434d32a6790414e454ef8a0916897c39d4cfcbf328a709149b,82442f698510ddf46b10e75c8104d2a84a6d91bb8b64e80517f8a790180addd4,f92c016b1f84a0fd3dfb301ca79ef2bceea77d38,True,True,2026-05-29T18:23:37Z
M2-CONFIRMATORY_craf_attention_test_seed45_39536ff3,M2-CONFIRMATORY,MVTec 3D-AD inverted-heldout,M2_one_shot_audit,45,craf_attention,test,elara_master_c/predictions/confirmation/M2-CONFIRMATORY__MVTec_3D-AD_inverted-heldout__M2_one_shot_audit/craf_attention/test/seed_45__rerun_2.parquet,1545,39536ff39fcb5b1d16224bd20f3d7ada06d9c9be4c39f5a2719cf9489bc9da03,82442f698510ddf46b10e75c8104d2a84a6d91bb8b64e80517f8a790180addd4,f92c016b1f84a0fd3dfb301ca79ef2bceea77d38,True,True,2026-05-29T18:23:37Z
M2-CONFIRMATORY_rga_boosted_fusion_test_seed45_d290e767,M2-CONFIRMATORY,MVTec 3D-AD inverted-heldout,M2_one_shot_audit,45,rga_boosted_fusion,test,elara_master_c/predictions/confirmation/M2-CONFIRMATORY__MVTec_3D-AD_inverted-heldout__M2_one_shot_audit/rga_boosted_fusion/test/seed_45__rerun_2.parquet,1545,d290e7671edbcdf1fb402fd8431e126bfa54f6f457724174d392b573e64cae4c,82442f698510ddf46b10e75c8104d2a84a6d91bb8b64e80517f8a790180addd4,f92c016b1f84a0fd3dfb301ca79ef2bceea77d38,True,True,2026-05-29T18:23:37Z
M2-CONFIRMATORY_rga_meta_router_test_seed45_14dd9205,M2-CONFIRMATORY,MVTec 3D-AD inverted-heldout,M2_one_shot_audit,45,rga_meta_router,test,elara_master_c/predictions/confirmation/M2-CONFIRMATORY__MVTec_3D-AD_inverted-heldout__M2_one_shot_audit/rga_meta_router/test/seed_45__rerun_2.parquet,1545,14dd92050fd1a77e44158b7750066ccd391d5dacced46f029ec95f387de9a1f8,82442f698510ddf46b10e75c8104d2a84a6d91bb8b64e80517f8a790180addd4,f92c016b1f84a0fd3dfb301ca79ef2bceea77d38,True,True,2026-05-29T18:23:38Z
M2-CONFIRMATORY_early_fusion_mlp_test_seed45_1b8f4354,M2-CONFIRMATORY,MVTec 3D-AD inverted-heldout,M2_one_shot_audit,45,early_fusion_mlp,test,elara_master_c/predictions/confirmation/M2-CONFIRMATORY__MVTec_3D-AD_inverted-heldout__M2_one_shot_audit/early_fusion_mlp/test/seed_45__rerun_2.parquet,1545,1b8f43547ce6721c1e009c6ec93473cae4409d52f395bf1fbc6a4b0e246d1472,82442f698510ddf46b10e75c8104d2a84a6d91bb8b64e80517f8a790180addd4,f92c016b1f84a0fd3dfb301ca79ef2bceea77d38,True,True,2026-05-29T18:23:38Z
M2-CONFIRMATORY_late_fusion_ensemble_test_seed45_f573e532,M2-CONFIRMATORY,MVTec 3D-AD inverted-heldout,M2_one_shot_audit,45,late_fusion_ensemble,test,elara_master_c/predictions/confirmation/M2-CONFIRMATORY__MVTec_3D-AD_inverted-heldout__M2_one_shot_audit/late_fusion_ensemble/test/seed_45__rerun_2.parquet,1545,f573e532b3fe1f5f1bcd54a9e0f391835f3f84fe28ddf39d6f5c6a2703d95596,82442f698510ddf46b10e75c8104d2a84a6d91bb8b64e80517f8a790180addd4,f92c016b1f84a0fd3dfb301ca79ef2bceea77d38,True,True,2026-05-29T18:23:38Z
M2-CONFIRMATORY_random_forest_test_seed45_cbc487e6,M2-CONFIRMATORY,MVTec 3D-AD inverted-heldout,M2_one_shot_audit,45,random_forest,test,elara_master_c/predictions/confirmation/M2-CONFIRMATORY__MVTec_3D-AD_inverted-heldout__M2_one_shot_audit/random_forest/test/seed_45__rerun_2.parquet,1545,cbc487e6f1870c894f42461f7d1b7e7874678f11354a194995a099939e69fec0,82442f698510ddf46b10e75c8104d2a84a6d91bb8b64e80517f8a790180addd4,f92c016b1f84a0fd3dfb301ca79ef2bceea77d38,True,True,2026-05-29T18:23:38Z
M2-CONFIRMATORY_confidence_weighted_mean_test_seed45_54f599dc,M2-CONFIRMATORY,MVTec 3D-AD inverted-heldout,M2_one_shot_audit,45,confidence_weighted_mean,test,elara_master_c/predictions/confirmation/M2-CONFIRMATORY__MVTec_3D-AD_inverted-heldout__M2_one_shot_audit/confidence_weighted_mean/test/seed_45__rerun_2.parquet,1545,54f599dc1ebfabab79355fdc6d160d4b3d16ee6922e0f138f5dfa1ab9c67cbae,82442f698510ddf46b10e75c8104d2a84a6d91bb8b64e80517f8a790180addd4,f92c016b1f84a0fd3dfb301ca79ef2bceea77d38,True,True,2026-05-29T18:23:38Z
M2-CONFIRMATORY_tent_score_adapter_test_seed45_4404872f,M2-CONFIRMATORY,MVTec 3D-AD inverted-heldout,M2_one_shot_audit,45,tent_score_adapter,test,elara_master_c/predictions/confirmation/M2-CONFIRMATORY__MVTec_3D-AD_inverted-heldout__M2_one_shot_audit/tent_score_adapter/test/seed_45__rerun_2.parquet,1545,4404872fc9a9de67c2fa4d33d9780a106c3048c4eb38c2bb34c85062dc81b49f,82442f698510ddf46b10e75c8104d2a84a6d91bb8b64e80517f8a790180addd4,f92c016b1f84a0fd3dfb301ca79ef2bceea77d38,True,True,2026-05-29T18:23:38Z
M2-CONFIRMATORY_ttt_pseudo_label_adapter_test_seed45_7869f526,M2-CONFIRMATORY,MVTec 3D-AD inverted-heldout,M2_one_shot_audit,45,ttt_pseudo_label_adapter,test,elara_master_c/predictions/confirmation/M2-CONFIRMATORY__MVTec_3D-AD_inverted-heldout__M2_one_shot_audit/ttt_pseudo_label_adapter/test/seed_45__rerun_2.parquet,1545,7869f526a98994f8b6b3448ce965fb9e98adc28c08a54dc67185a2361e7994d7,82442f698510ddf46b10e75c8104d2a84a6d91bb8b64e80517f8a790180addd4,f92c016b1f84a0fd3dfb301ca79ef2bceea77d38,True,True,2026-05-29T18:23:38Z
M2-CONFIRMATORY_eata_score_adapter_test_seed45_fa1f9f26,M2-CONFIRMATORY,MVTec 3D-AD inverted-heldout,M2_one_shot_audit,45,eata_score_adapter,test,elara_master_c/predictions/confirmation/M2-CONFIRMATORY__MVTec_3D-AD_inverted-heldout__M2_one_shot_audit/eata_score_adapter/test/seed_45__rerun_2.parquet,1545,fa1f9f2640be16d857d42fc5ebedb9d43e0ad2ceb78745c89a48bdb8651c412a,82442f698510ddf46b10e75c8104d2a84a6d91bb8b64e80517f8a790180addd4,f92c016b1f84a0fd3dfb301ca79ef2bceea77d38,True,True,2026-05-29T18:23:38Z
M2-CONFIRMATORY_sar_score_adapter_test_seed45_550babbe,M2-CONFIRMATORY,MVTec 3D-AD inverted-heldout,M2_one_shot_audit,45,sar_score_adapter,test,elara_master_c/predictions/confirmation/M2-CONFIRMATORY__MVTec_3D-AD_inverted-heldout__M2_one_shot_audit/sar_score_adapter/test/seed_45__rerun_2.parquet,1545,550babbeeb5b194e4f09570d330d9d975e8666e507c20e4e21e9cee300750cc8,82442f698510ddf46b10e75c8104d2a84a6d91bb8b64e80517f8a790180addd4,f92c016b1f84a0fd3dfb301ca79ef2bceea77d38,True,True,2026-05-29T18:23:38Z
M2-CONFIRMATORY_static_attention_test_seed46_d963759d,M2-CONFIRMATORY,MVTec 3D-AD inverted-heldout,M2_one_shot_audit,46,static_attention,test,elara_master_c/predictions/confirmation/M2-CONFIRMATORY__MVTec_3D-AD_inverted-heldout__M2_one_shot_audit/static_attention/test/seed_46__rerun_2.parquet,1545,d963759d639007a6a177a99dcd23b0f90d0673823d36b7c902a5610b14a3dc4b,82442f698510ddf46b10e75c8104d2a84a6d91bb8b64e80517f8a790180addd4,f92c016b1f84a0fd3dfb301ca79ef2bceea77d38,True,True,2026-05-29T18:23:59Z
M2-CONFIRMATORY_craf_attention_test_seed46_78a692d3,M2-CONFIRMATORY,MVTec 3D-AD inverted-heldout,M2_one_shot_audit,46,craf_attention,test,elara_master_c/predictions/confirmation/M2-CONFIRMATORY__MVTec_3D-AD_inverted-heldout__M2_one_shot_audit/craf_attention/test/seed_46__rerun_2.parquet,1545,78a692d383df1731670c7f43316705084f099c2cd08b6410c6f412b7f6b147d0,82442f698510ddf46b10e75c8104d2a84a6d91bb8b64e80517f8a790180addd4,f92c016b1f84a0fd3dfb301ca79ef2bceea77d38,True,True,2026-05-29T18:23:59Z
M2-CONFIRMATORY_rga_boosted_fusion_test_seed46_c5d89c5c,M2-CONFIRMATORY,MVTec 3D-AD inverted-heldout,M2_one_shot_audit,46,rga_boosted_fusion,test,elara_master_c/predictions/confirmation/M2-CONFIRMATORY__MVTec_3D-AD_inverted-heldout__M2_one_shot_audit/rga_boosted_fusion/test/seed_46__rerun_2.parquet,1545,c5d89c5c94ca7d82fc970be98dab04fec9a0c89f47c51f5cb609b80861aae440,82442f698510ddf46b10e75c8104d2a84a6d91bb8b64e80517f8a790180addd4,f92c016b1f84a0fd3dfb301ca79ef2bceea77d38,True,True,2026-05-29T18:24:00Z
M2-CONFIRMATORY_rga_meta_router_test_seed46_1d06e193,M2-CONFIRMATORY,MVTec 3D-AD inverted-heldout,M2_one_shot_audit,46,rga_meta_router,test,elara_master_c/predictions/confirmation/M2-CONFIRMATORY__MVTec_3D-AD_inverted-heldout__M2_one_shot_audit/rga_meta_router/test/seed_46__rerun_2.parquet,1545,1d06e1933274a48a53ac07566b57f6866ccd2bfb4a62f67361ffe97e7f0744c5,82442f698510ddf46b10e75c8104d2a84a6d91bb8b64e80517f8a790180addd4,f92c016b1f84a0fd3dfb301ca79ef2bceea77d38,True,True,2026-05-29T18:24:00Z
M2-CONFIRMATORY_early_fusion_mlp_test_seed46_05a9effd,M2-CONFIRMATORY,MVTec 3D-AD inverted-heldout,M2_one_shot_audit,46,early_fusion_mlp,test,elara_master_c/predictions/confirmation/M2-CONFIRMATORY__MVTec_3D-AD_inverted-heldout__M2_one_shot_audit/early_fusion_mlp/test/seed_46__rerun_2.parquet,1545,05a9effddd174858f68edf7626420440d6f742f345ce68ca8b79358d2e11329c,82442f698510ddf46b10e75c8104d2a84a6d91bb8b64e80517f8a790180addd4,f92c016b1f84a0fd3dfb301ca79ef2bceea77d38,True,True,2026-05-29T18:24:00Z
M2-CONFIRMATORY_late_fusion_ensemble_test_seed46_bd43f9a3,M2-CONFIRMATORY,MVTec 3D-AD inverted-heldout,M2_one_shot_audit,46,late_fusion_ensemble,test,elara_master_c/predictions/confirmation/M2-CONFIRMATORY__MVTec_3D-AD_inverted-heldout__M2_one_shot_audit/late_fusion_ensemble/test/seed_46__rerun_2.parquet,1545,bd43f9a3cb58930f6490d767c6cc3fdbae8b028a1411ac712347819a8a063c05,82442f698510ddf46b10e75c8104d2a84a6d91bb8b64e80517f8a790180addd4,f92c016b1f84a0fd3dfb301ca79ef2bceea77d38,True,True,2026-05-29T18:24:00Z
M2-CONFIRMATORY_random_forest_test_seed46_8651a9bf,M2-CONFIRMATORY,MVTec 3D-AD inverted-heldout,M2_one_shot_audit,46,random_forest,test,elara_master_c/predictions/confirmation/M2-CONFIRMATORY__MVTec_3D-AD_inverted-heldout__M2_one_shot_audit/random_forest/test/seed_46__rerun_2.parquet,1545,8651a9bf10ec0b50f91a22dd793338253e2041c5d65d427c938f6dd852863338,82442f698510ddf46b10e75c8104d2a84a6d91bb8b64e80517f8a790180addd4,f92c016b1f84a0fd3dfb301ca79ef2bceea77d38,True,True,2026-05-29T18:24:00Z
M2-CONFIRMATORY_confidence_weighted_mean_test_seed46_93864eb0,M2-CONFIRMATORY,MVTec 3D-AD inverted-heldout,M2_one_shot_audit,46,confidence_weighted_mean,test,elara_master_c/predictions/confirmation/M2-CONFIRMATORY__MVTec_3D-AD_inverted-heldout__M2_one_shot_audit/confidence_weighted_mean/test/seed_46__rerun_2.parquet,1545,93864eb02cee4ebef6bface2706cdc91a4ea174743ee1e31aaac8781dbf15d11,82442f698510ddf46b10e75c8104d2a84a6d91bb8b64e80517f8a790180addd4,f92c016b1f84a0fd3dfb301ca79ef2bceea77d38,True,True,2026-05-29T18:24:00Z
M2-CONFIRMATORY_tent_score_adapter_test_seed46_996afbe8,M2-CONFIRMATORY,MVTec 3D-AD inverted-heldout,M2_one_shot_audit,46,tent_score_adapter,test,elara_master_c/predictions/confirmation/M2-CONFIRMATORY__MVTec_3D-AD_inverted-heldout__M2_one_shot_audit/tent_score_adapter/test/seed_46__rerun_2.parquet,1545,996afbe8ba35a650d5e36e52f30b968d4d53fa1eea65142579924e9acf799784,82442f698510ddf46b10e75c8104d2a84a6d91bb8b64e80517f8a790180addd4,f92c016b1f84a0fd3dfb301ca79ef2bceea77d38,True,True,2026-05-29T18:24:00Z
M2-CONFIRMATORY_ttt_pseudo_label_adapter_test_seed46_9aa6b604,M2-CONFIRMATORY,MVTec 3D-AD inverted-heldout,M2_one_shot_audit,46,ttt_pseudo_label_adapter,test,elara_master_c/predictions/confirmation/M2-CONFIRMATORY__MVTec_3D-AD_inverted-heldout__M2_one_shot_audit/ttt_pseudo_label_adapter/test/seed_46__rerun_2.parquet,1545,9aa6b604f8ba38b6ceeddb6604767f3c20070f4c1235ee9dac94c375322be65f,82442f698510ddf46b10e75c8104d2a84a6d91bb8b64e80517f8a790180addd4,f92c016b1f84a0fd3dfb301ca79ef2bceea77d38,True,True,2026-05-29T18:24:00Z
M2-CONFIRMATORY_eata_score_adapter_test_seed46_4e3218ad,M2-CONFIRMATORY,MVTec 3D-AD inverted-heldout,M2_one_shot_audit,46,eata_score_adapter,test,elara_master_c/predictions/confirmation/M2-CONFIRMATORY__MVTec_3D-AD_inverted-heldout__M2_one_shot_audit/eata_score_adapter/test/seed_46__rerun_2.parquet,1545,4e3218adeb9afc7fd54530316ef4e1f3dad9600161ca1ee6400a85c773c6e3be,82442f698510ddf46b10e75c8104d2a84a6d91bb8b64e80517f8a790180addd4,f92c016b1f84a0fd3dfb301ca79ef2bceea77d38,True,True,2026-05-29T18:24:00Z
M2-CONFIRMATORY_sar_score_adapter_test_seed46_aca1c1b4,M2-CONFIRMATORY,MVTec 3D-AD inverted-heldout,M2_one_shot_audit,46,sar_score_adapter,test,elara_master_c/predictions/confirmation/M2-CONFIRMATORY__MVTec_3D-AD_inverted-heldout__M2_one_shot_audit/sar_score_adapter/test/seed_46__rerun_2.parquet,1545,aca1c1b46e838cb687f60db3dae15832850709661720cc3bf9d1222d83286574,82442f698510ddf46b10e75c8104d2a84a6d91bb8b64e80517f8a790180addd4,f92c016b1f84a0fd3dfb301ca79ef2bceea77d38,True,True,2026-05-29T18:24:00Z
M3-HEALTHCARE_static_attention_test_seed42_2174b36b,M3-HEALTHCARE,GridPulse patient-stratified,M3_healthcare_confirmatory,42,static_attention,test,elara_master_c/predictions/confirmation/M3-HEALTHCARE__GridPulse_patient-stratified__M3_healthcare_confirmatory/static_attention/test/seed_42.parquet,26990,2174b36bc09a48fd89440f898404a78bda79442e3695ea6898dbf05d9219dda0,ed5d4d8f76470bfac019b879a6803ead0650b444fa7ea1ce9f50b77c37cfe6cd,d6bc089a312ed8804f63422839d465440c5fd67c,True,True,2026-05-31T00:32:16Z
M3-HEALTHCARE_craf_attention_test_seed42_fe01c10a,M3-HEALTHCARE,GridPulse patient-stratified,M3_healthcare_confirmatory,42,craf_attention,test,elara_master_c/predictions/confirmation/M3-HEALTHCARE__GridPulse_patient-stratified__M3_healthcare_confirmatory/craf_attention/test/seed_42.parquet,26990,fe01c10af730d710a0c594e29de3364e6ebeefc2ad7670c033f36856149805a5,ed5d4d8f76470bfac019b879a6803ead0650b444fa7ea1ce9f50b77c37cfe6cd,d6bc089a312ed8804f63422839d465440c5fd67c,True,True,2026-05-31T00:32:16Z
M3-HEALTHCARE_rga_boosted_fusion_test_seed42_26b53cf9,M3-HEALTHCARE,GridPulse patient-stratified,M3_healthcare_confirmatory,42,rga_boosted_fusion,test,elara_master_c/predictions/confirmation/M3-HEALTHCARE__GridPulse_patient-stratified__M3_healthcare_confirmatory/rga_boosted_fusion/test/seed_42.parquet,26990,26b53cf9a1f4d6f546be1cdb29573fff05984c89a36be97a94ac6f7b0c4e8708,ed5d4d8f76470bfac019b879a6803ead0650b444fa7ea1ce9f50b77c37cfe6cd,d6bc089a312ed8804f63422839d465440c5fd67c,True,True,2026-05-31T00:32:16Z
M3-HEALTHCARE_rga_meta_router_test_seed42_133d9341,M3-HEALTHCARE,GridPulse patient-stratified,M3_healthcare_confirmatory,42,rga_meta_router,test,elara_master_c/predictions/confirmation/M3-HEALTHCARE__GridPulse_patient-stratified__M3_healthcare_confirmatory/rga_meta_router/test/seed_42.parquet,26990,133d9341b2e76e4599c1122eda4da1a052c892d06055b791733c35be0a61d245,ed5d4d8f76470bfac019b879a6803ead0650b444fa7ea1ce9f50b77c37cfe6cd,d6bc089a312ed8804f63422839d465440c5fd67c,True,True,2026-05-31T00:32:16Z
M3-HEALTHCARE_early_fusion_mlp_test_seed42_caec531f,M3-HEALTHCARE,GridPulse patient-stratified,M3_healthcare_confirmatory,42,early_fusion_mlp,test,elara_master_c/predictions/confirmation/M3-HEALTHCARE__GridPulse_patient-stratified__M3_healthcare_confirmatory/early_fusion_mlp/test/seed_42.parquet,26990,caec531f2449c47f6703fe5e01d4a399dc38e8aff8e12cb2a527038fbbe6b75e,ed5d4d8f76470bfac019b879a6803ead0650b444fa7ea1ce9f50b77c37cfe6cd,d6bc089a312ed8804f63422839d465440c5fd67c,True,True,2026-05-31T00:32:16Z
M3-HEALTHCARE_late_fusion_ensemble_test_seed42_584ed807,M3-HEALTHCARE,GridPulse patient-stratified,M3_healthcare_confirmatory,42,late_fusion_ensemble,test,elara_master_c/predictions/confirmation/M3-HEALTHCARE__GridPulse_patient-stratified__M3_healthcare_confirmatory/late_fusion_ensemble/test/seed_42.parquet,26990,584ed8071133c984f5616ea64c41448792ac84e00ccff57d9a4818b2d18df69b,ed5d4d8f76470bfac019b879a6803ead0650b444fa7ea1ce9f50b77c37cfe6cd,d6bc089a312ed8804f63422839d465440c5fd67c,True,True,2026-05-31T00:32:16Z
M3-HEALTHCARE_random_forest_test_seed42_1332917f,M3-HEALTHCARE,GridPulse patient-stratified,M3_healthcare_confirmatory,42,random_forest,test,elara_master_c/predictions/confirmation/M3-HEALTHCARE__GridPulse_patient-stratified__M3_healthcare_confirmatory/random_forest/test/seed_42.parquet,26990,1332917fc628b33ffe161c3aca63eacb445079f7f8cef39d67f9abea59f3219f,ed5d4d8f76470bfac019b879a6803ead0650b444fa7ea1ce9f50b77c37cfe6cd,d6bc089a312ed8804f63422839d465440c5fd67c,True,True,2026-05-31T00:32:16Z
M3-HEALTHCARE_confidence_weighted_mean_test_seed42_6d845e5c,M3-HEALTHCARE,GridPulse patient-stratified,M3_healthcare_confirmatory,42,confidence_weighted_mean,test,elara_master_c/predictions/confirmation/M3-HEALTHCARE__GridPulse_patient-stratified__M3_healthcare_confirmatory/confidence_weighted_mean/test/seed_42.parquet,26990,6d845e5cd0005c02f851b21f30d90e0fcc35188866efff13b3d58c6ce2c890bb,ed5d4d8f76470bfac019b879a6803ead0650b444fa7ea1ce9f50b77c37cfe6cd,d6bc089a312ed8804f63422839d465440c5fd67c,True,True,2026-05-31T00:32:16Z
M3-HEALTHCARE_tent_score_adapter_test_seed42_cb5803ec,M3-HEALTHCARE,GridPulse patient-stratified,M3_healthcare_confirmatory,42,tent_score_adapter,test,elara_master_c/predictions/confirmation/M3-HEALTHCARE__GridPulse_patient-stratified__M3_healthcare_confirmatory/tent_score_adapter/test/seed_42.parquet,26990,cb5803ec60258452024811a391d0dbdecf232ae1b4c647f4fdc7b24319434853,ed5d4d8f76470bfac019b879a6803ead0650b444fa7ea1ce9f50b77c37cfe6cd,d6bc089a312ed8804f63422839d465440c5fd67c,True,True,2026-05-31T00:32:16Z
M3-HEALTHCARE_ttt_pseudo_label_adapter_test_seed42_53721bab,M3-HEALTHCARE,GridPulse patient-stratified,M3_healthcare_confirmatory,42,ttt_pseudo_label_adapter,test,elara_master_c/predictions/confirmation/M3-HEALTHCARE__GridPulse_patient-stratified__M3_healthcare_confirmatory/ttt_pseudo_label_adapter/test/seed_42.parquet,26990,53721babc26b4638ae3d727cbc6ebd61accd15f60406af0a599cc9451b921a9a,ed5d4d8f76470bfac019b879a6803ead0650b444fa7ea1ce9f50b77c37cfe6cd,d6bc089a312ed8804f63422839d465440c5fd67c,True,True,2026-05-31T00:32:16Z
M3-HEALTHCARE_eata_score_adapter_test_seed42_90779e94,M3-HEALTHCARE,GridPulse patient-stratified,M3_healthcare_confirmatory,42,eata_score_adapter,test,elara_master_c/predictions/confirmation/M3-HEALTHCARE__GridPulse_patient-stratified__M3_healthcare_confirmatory/eata_score_adapter/test/seed_42.parquet,26990,90779e9473da5216080deeda7e2d303feca8cb8a9bc25e4e06bf20b9679fd37d,ed5d4d8f76470bfac019b879a6803ead0650b444fa7ea1ce9f50b77c37cfe6cd,d6bc089a312ed8804f63422839d465440c5fd67c,True,True,2026-05-31T00:32:16Z
M3-HEALTHCARE_sar_score_adapter_test_seed42_6f4160a2,M3-HEALTHCARE,GridPulse patient-stratified,M3_healthcare_confirmatory,42,sar_score_adapter,test,elara_master_c/predictions/confirmation/M3-HEALTHCARE__GridPulse_patient-stratified__M3_healthcare_confirmatory/sar_score_adapter/test/seed_42.parquet,26990,6f4160a24e65d6265ddc0ce5fc3031612a489b35beaaef7caf690b926842a4fe,ed5d4d8f76470bfac019b879a6803ead0650b444fa7ea1ce9f50b77c37cfe6cd,d6bc089a312ed8804f63422839d465440c5fd67c,True,True,2026-05-31T00:32:16Z
M2-EXTERNAL-MULSEN_static_attention_test_seed42_b8246994,M2-EXTERNAL-MULSEN,MulSen-AD category-held-out,M2_external_v2_one_shot_audit,42,static_attention,test,elara_master_c/predictions/confirmation/M2-EXTERNAL-MULSEN__MulSen-AD_category-held-out__M2_external_v2_one_shot_audit/static_attention/test/seed_42.parquet,279,b82469945878d2cf68d76e0447c6de435b1e5fd5fac48a185504021a8c072422,f45ab9727e023b1651dd91d5bc473d2d10d56c352ce97efbde7ffef982c93236,d6bc089a312ed8804f63422839d465440c5fd67c,True,True,2026-05-31T00:32:28Z
M2-EXTERNAL-MULSEN_craf_attention_test_seed42_0764909d,M2-EXTERNAL-MULSEN,MulSen-AD category-held-out,M2_external_v2_one_shot_audit,42,craf_attention,test,elara_master_c/predictions/confirmation/M2-EXTERNAL-MULSEN__MulSen-AD_category-held-out__M2_external_v2_one_shot_audit/craf_attention/test/seed_42.parquet,279,0764909d5095c5d918df30798453c7a661c58ff2209876231b4d8e80b2a5c47d,f45ab9727e023b1651dd91d5bc473d2d10d56c352ce97efbde7ffef982c93236,d6bc089a312ed8804f63422839d465440c5fd67c,True,True,2026-05-31T00:32:28Z
M2-EXTERNAL-MULSEN_rga_boosted_fusion_test_seed42_984124ff,M2-EXTERNAL-MULSEN,MulSen-AD category-held-out,M2_external_v2_one_shot_audit,42,rga_boosted_fusion,test,elara_master_c/predictions/confirmation/M2-EXTERNAL-MULSEN__MulSen-AD_category-held-out__M2_external_v2_one_shot_audit/rga_boosted_fusion/test/seed_42.parquet,279,984124ffce6c25e02d348edf70202566b52d0890bcbcd8532e1f2cbd4facb428,f45ab9727e023b1651dd91d5bc473d2d10d56c352ce97efbde7ffef982c93236,d6bc089a312ed8804f63422839d465440c5fd67c,True,True,2026-05-31T00:32:28Z
M2-EXTERNAL-MULSEN_rga_meta_router_test_seed42_43b66167,M2-EXTERNAL-MULSEN,MulSen-AD category-held-out,M2_external_v2_one_shot_audit,42,rga_meta_router,test,elara_master_c/predictions/confirmation/M2-EXTERNAL-MULSEN__MulSen-AD_category-held-out__M2_external_v2_one_shot_audit/rga_meta_router/test/seed_42.parquet,279,43b661674173b41e4fc8ab8773efabc7590987b91928d940392361452e3a4324,f45ab9727e023b1651dd91d5bc473d2d10d56c352ce97efbde7ffef982c93236,d6bc089a312ed8804f63422839d465440c5fd67c,True,True,2026-05-31T00:32:28Z
M2-EXTERNAL-MULSEN_early_fusion_mlp_test_seed42_7d22477a,M2-EXTERNAL-MULSEN,MulSen-AD category-held-out,M2_external_v2_one_shot_audit,42,early_fusion_mlp,test,elara_master_c/predictions/confirmation/M2-EXTERNAL-MULSEN__MulSen-AD_category-held-out__M2_external_v2_one_shot_audit/early_fusion_mlp/test/seed_42.parquet,279,7d22477adf3b70b21142eb852ae01b5b8bb3c65b951a7efb635e200cf45616fb,f45ab9727e023b1651dd91d5bc473d2d10d56c352ce97efbde7ffef982c93236,d6bc089a312ed8804f63422839d465440c5fd67c,True,True,2026-05-31T00:32:28Z
M2-EXTERNAL-MULSEN_late_fusion_ensemble_test_seed42_14997f51,M2-EXTERNAL-MULSEN,MulSen-AD category-held-out,M2_external_v2_one_shot_audit,42,late_fusion_ensemble,test,elara_master_c/predictions/confirmation/M2-EXTERNAL-MULSEN__MulSen-AD_category-held-out__M2_external_v2_one_shot_audit/late_fusion_ensemble/test/seed_42.parquet,279,14997f51db2e4c30971d289eefd2cf8570d55f89e4c1ff9b3569c0d2b060d173,f45ab9727e023b1651dd91d5bc473d2d10d56c352ce97efbde7ffef982c93236,d6bc089a312ed8804f63422839d465440c5fd67c,True,True,2026-05-31T00:32:28Z
M2-EXTERNAL-MULSEN_random_forest_test_seed42_e27b8460,M2-EXTERNAL-MULSEN,MulSen-AD category-held-out,M2_external_v2_one_shot_audit,42,random_forest,test,elara_master_c/predictions/confirmation/M2-EXTERNAL-MULSEN__MulSen-AD_category-held-out__M2_external_v2_one_shot_audit/random_forest/test/seed_42.parquet,279,e27b8460c96c7108c35e6c3118d7c447ccee480e835edc441589e41e80c3b182,f45ab9727e023b1651dd91d5bc473d2d10d56c352ce97efbde7ffef982c93236,d6bc089a312ed8804f63422839d465440c5fd67c,True,True,2026-05-31T00:32:28Z
M2-EXTERNAL-MULSEN_confidence_weighted_mean_test_seed42_497bfc71,M2-EXTERNAL-MULSEN,MulSen-AD category-held-out,M2_external_v2_one_shot_audit,42,confidence_weighted_mean,test,elara_master_c/predictions/confirmation/M2-EXTERNAL-MULSEN__MulSen-AD_category-held-out__M2_external_v2_one_shot_audit/confidence_weighted_mean/test/seed_42.parquet,279,497bfc714ef8902561a8a4278ae950653e1dfec63714a9f5135be3ba6433aedc,f45ab9727e023b1651dd91d5bc473d2d10d56c352ce97efbde7ffef982c93236,d6bc089a312ed8804f63422839d465440c5fd67c,True,True,2026-05-31T00:32:28Z
M2-EXTERNAL-MULSEN_tent_score_adapter_test_seed42_0e906d66,M2-EXTERNAL-MULSEN,MulSen-AD category-held-out,M2_external_v2_one_shot_audit,42,tent_score_adapter,test,elara_master_c/predictions/confirmation/M2-EXTERNAL-MULSEN__MulSen-AD_category-held-out__M2_external_v2_one_shot_audit/tent_score_adapter/test/seed_42.parquet,279,0e906d66fc3a248e1c0e86dab1f82cd5302a52012dd4eb91ec8a464ab2ef7748,f45ab9727e023b1651dd91d5bc473d2d10d56c352ce97efbde7ffef982c93236,d6bc089a312ed8804f63422839d465440c5fd67c,True,True,2026-05-31T00:32:28Z
M2-EXTERNAL-MULSEN_ttt_pseudo_label_adapter_test_seed42_9ce156b3,M2-EXTERNAL-MULSEN,MulSen-AD category-held-out,M2_external_v2_one_shot_audit,42,ttt_pseudo_label_adapter,test,elara_master_c/predictions/confirmation/M2-EXTERNAL-MULSEN__MulSen-AD_category-held-out__M2_external_v2_one_shot_audit/ttt_pseudo_label_adapter/test/seed_42.parquet,279,9ce156b318bed7514382358395e1b171e7a9c060e34e511ebecb286bdadc9048,f45ab9727e023b1651dd91d5bc473d2d10d56c352ce97efbde7ffef982c93236,d6bc089a312ed8804f63422839d465440c5fd67c,True,True,2026-05-31T00:32:28Z
M2-EXTERNAL-MULSEN_eata_score_adapter_test_seed42_a71c2dbd,M2-EXTERNAL-MULSEN,MulSen-AD category-held-out,M2_external_v2_one_shot_audit,42,eata_score_adapter,test,elara_master_c/predictions/confirmation/M2-EXTERNAL-MULSEN__MulSen-AD_category-held-out__M2_external_v2_one_shot_audit/eata_score_adapter/test/seed_42.parquet,279,a71c2dbd3c0365a5b65c6ef45dfe32899563327d5ec441ad9dc85c1ab8bd4d41,f45ab9727e023b1651dd91d5bc473d2d10d56c352ce97efbde7ffef982c93236,d6bc089a312ed8804f63422839d465440c5fd67c,True,True,2026-05-31T00:32:28Z
M2-EXTERNAL-MULSEN_sar_score_adapter_test_seed42_d47caf59,M2-EXTERNAL-MULSEN,MulSen-AD category-held-out,M2_external_v2_one_shot_audit,42,sar_score_adapter,test,elara_master_c/predictions/confirmation/M2-EXTERNAL-MULSEN__MulSen-AD_category-held-out__M2_external_v2_one_shot_audit/sar_score_adapter/test/seed_42.parquet,279,d47caf592aafa61aa8d15a7d76e623f3e053fa5f6789a765513e17712f0d8884,f45ab9727e023b1651dd91d5bc473d2d10d56c352ce97efbde7ffef982c93236,d6bc089a312ed8804f63422839d465440c5fd67c,True,True,2026-05-31T00:32:28Z
M2-EXTERNAL-MULSEN_static_attention_test_seed43_f72e23e4,M2-EXTERNAL-MULSEN,MulSen-AD category-held-out,M2_external_v2_one_shot_audit,43,static_attention,test,elara_master_c/predictions/confirmation/M2-EXTERNAL-MULSEN__MulSen-AD_category-held-out__M2_external_v2_one_shot_audit/static_attention/test/seed_43.parquet,279,f72e23e46cfcc583666046c1789ae5eb78cee2e307d17fce35910d698497cf81,f45ab9727e023b1651dd91d5bc473d2d10d56c352ce97efbde7ffef982c93236,d6bc089a312ed8804f63422839d465440c5fd67c,True,True,2026-05-31T00:32:45Z
M2-EXTERNAL-MULSEN_craf_attention_test_seed43_84218d8c,M2-EXTERNAL-MULSEN,MulSen-AD category-held-out,M2_external_v2_one_shot_audit,43,craf_attention,test,elara_master_c/predictions/confirmation/M2-EXTERNAL-MULSEN__MulSen-AD_category-held-out__M2_external_v2_one_shot_audit/craf_attention/test/seed_43.parquet,279,84218d8c5e82f6049c28a8b7ad0815b32d99c9b8030491589996272bbf6988d1,f45ab9727e023b1651dd91d5bc473d2d10d56c352ce97efbde7ffef982c93236,d6bc089a312ed8804f63422839d465440c5fd67c,True,True,2026-05-31T00:32:45Z
M2-EXTERNAL-MULSEN_rga_boosted_fusion_test_seed43_ce781306,M2-EXTERNAL-MULSEN,MulSen-AD category-held-out,M2_external_v2_one_shot_audit,43,rga_boosted_fusion,test,elara_master_c/predictions/confirmation/M2-EXTERNAL-MULSEN__MulSen-AD_category-held-out__M2_external_v2_one_shot_audit/rga_boosted_fusion/test/seed_43.parquet,279,ce781306edffee534a925cdc564af67fc2356801a8ef68318e0f6ab2d38d7eee,f45ab9727e023b1651dd91d5bc473d2d10d56c352ce97efbde7ffef982c93236,d6bc089a312ed8804f63422839d465440c5fd67c,True,True,2026-05-31T00:32:45Z
M2-EXTERNAL-MULSEN_rga_meta_router_test_seed43_337a78e3,M2-EXTERNAL-MULSEN,MulSen-AD category-held-out,M2_external_v2_one_shot_audit,43,rga_meta_router,test,elara_master_c/predictions/confirmation/M2-EXTERNAL-MULSEN__MulSen-AD_category-held-out__M2_external_v2_one_shot_audit/rga_meta_router/test/seed_43.parquet,279,337a78e37a1f369b3315f27c2cd430fef1e1597bd203ad3d7ad42e466d7691c6,f45ab9727e023b1651dd91d5bc473d2d10d56c352ce97efbde7ffef982c93236,d6bc089a312ed8804f63422839d465440c5fd67c,True,True,2026-05-31T00:32:45Z
M2-EXTERNAL-MULSEN_early_fusion_mlp_test_seed43_080ec432,M2-EXTERNAL-MULSEN,MulSen-AD category-held-out,M2_external_v2_one_shot_audit,43,early_fusion_mlp,test,elara_master_c/predictions/confirmation/M2-EXTERNAL-MULSEN__MulSen-AD_category-held-out__M2_external_v2_one_shot_audit/early_fusion_mlp/test/seed_43.parquet,279,080ec432a90b5dda2c73dd463a9df6c2c4d11ef36845c6dee891e27d5e8be06a,f45ab9727e023b1651dd91d5bc473d2d10d56c352ce97efbde7ffef982c93236,d6bc089a312ed8804f63422839d465440c5fd67c,True,True,2026-05-31T00:32:45Z
M2-EXTERNAL-MULSEN_late_fusion_ensemble_test_seed43_88e9cda0,M2-EXTERNAL-MULSEN,MulSen-AD category-held-out,M2_external_v2_one_shot_audit,43,late_fusion_ensemble,test,elara_master_c/predictions/confirmation/M2-EXTERNAL-MULSEN__MulSen-AD_category-held-out__M2_external_v2_one_shot_audit/late_fusion_ensemble/test/seed_43.parquet,279,88e9cda0ed263da250a1eb3783f35a4d9a2fa44c628a10099136a40f025c05f1,f45ab9727e023b1651dd91d5bc473d2d10d56c352ce97efbde7ffef982c93236,d6bc089a312ed8804f63422839d465440c5fd67c,True,True,2026-05-31T00:32:45Z
M2-EXTERNAL-MULSEN_random_forest_test_seed43_e13c75c0,M2-EXTERNAL-MULSEN,MulSen-AD category-held-out,M2_external_v2_one_shot_audit,43,random_forest,test,elara_master_c/predictions/confirmation/M2-EXTERNAL-MULSEN__MulSen-AD_category-held-out__M2_external_v2_one_shot_audit/random_forest/test/seed_43.parquet,279,e13c75c0359657efc2e170ab61aaba2eb0e92bdddf5b6634c4380dd5cb053c4c,f45ab9727e023b1651dd91d5bc473d2d10d56c352ce97efbde7ffef982c93236,d6bc089a312ed8804f63422839d465440c5fd67c,True,True,2026-05-31T00:32:46Z
M2-EXTERNAL-MULSEN_confidence_weighted_mean_test_seed43_f0847c48,M2-EXTERNAL-MULSEN,MulSen-AD category-held-out,M2_external_v2_one_shot_audit,43,confidence_weighted_mean,test,elara_master_c/predictions/confirmation/M2-EXTERNAL-MULSEN__MulSen-AD_category-held-out__M2_external_v2_one_shot_audit/confidence_weighted_mean/test/seed_43.parquet,279,f0847c48602f0993088433c1191a24835c0a17fb52cd813b85bec5f0db987b0a,f45ab9727e023b1651dd91d5bc473d2d10d56c352ce97efbde7ffef982c93236,d6bc089a312ed8804f63422839d465440c5fd67c,True,True,2026-05-31T00:32:46Z
M2-EXTERNAL-MULSEN_tent_score_adapter_test_seed43_e10fa78f,M2-EXTERNAL-MULSEN,MulSen-AD category-held-out,M2_external_v2_one_shot_audit,43,tent_score_adapter,test,elara_master_c/predictions/confirmation/M2-EXTERNAL-MULSEN__MulSen-AD_category-held-out__M2_external_v2_one_shot_audit/tent_score_adapter/test/seed_43.parquet,279,e10fa78ff4d88be80ccb302fe36823845bf80847c21fec8eaa4fb3c0ebc24c7a,f45ab9727e023b1651dd91d5bc473d2d10d56c352ce97efbde7ffef982c93236,d6bc089a312ed8804f63422839d465440c5fd67c,True,True,2026-05-31T00:32:46Z
M2-EXTERNAL-MULSEN_ttt_pseudo_label_adapter_test_seed43_86a93ecd,M2-EXTERNAL-MULSEN,MulSen-AD category-held-out,M2_external_v2_one_shot_audit,43,ttt_pseudo_label_adapter,test,elara_master_c/predictions/confirmation/M2-EXTERNAL-MULSEN__MulSen-AD_category-held-out__M2_external_v2_one_shot_audit/ttt_pseudo_label_adapter/test/seed_43.parquet,279,86a93ecd58ab3685456f9eb6fffaaa89bdc7a121540f7f6d5d8e58b12764d24a,f45ab9727e023b1651dd91d5bc473d2d10d56c352ce97efbde7ffef982c93236,d6bc089a312ed8804f63422839d465440c5fd67c,True,True,2026-05-31T00:32:46Z
M2-EXTERNAL-MULSEN_eata_score_adapter_test_seed43_7949b020,M2-EXTERNAL-MULSEN,MulSen-AD category-held-out,M2_external_v2_one_shot_audit,43,eata_score_adapter,test,elara_master_c/predictions/confirmation/M2-EXTERNAL-MULSEN__MulSen-AD_category-held-out__M2_external_v2_one_shot_audit/eata_score_adapter/test/seed_43.parquet,279,7949b020dc052ea421dbde8cc3dbd56bc5656f85eca57543979a205742674a00,f45ab9727e023b1651dd91d5bc473d2d10d56c352ce97efbde7ffef982c93236,d6bc089a312ed8804f63422839d465440c5fd67c,True,True,2026-05-31T00:32:46Z
M2-EXTERNAL-MULSEN_sar_score_adapter_test_seed43_bbeb02d4,M2-EXTERNAL-MULSEN,MulSen-AD category-held-out,M2_external_v2_one_shot_audit,43,sar_score_adapter,test,elara_master_c/predictions/confirmation/M2-EXTERNAL-MULSEN__MulSen-AD_category-held-out__M2_external_v2_one_shot_audit/sar_score_adapter/test/seed_43.parquet,279,bbeb02d4e47e38a38a3a64a58eaa558219d9e79ef49cf3253cd586380bc93e00,f45ab9727e023b1651dd91d5bc473d2d10d56c352ce97efbde7ffef982c93236,d6bc089a312ed8804f63422839d465440c5fd67c,True,True,2026-05-31T00:32:46Z
M2-EXTERNAL-MULSEN_static_attention_test_seed44_e4c8a69c,M2-EXTERNAL-MULSEN,MulSen-AD category-held-out,M2_external_v2_one_shot_audit,44,static_attention,test,elara_master_c/predictions/confirmation/M2-EXTERNAL-MULSEN__MulSen-AD_category-held-out__M2_external_v2_one_shot_audit/static_attention/test/seed_44.parquet,279,e4c8a69c513d05d60f75e439d0be56cbcb00b5e9c0d4084021dcb95f827d8fe9,f45ab9727e023b1651dd91d5bc473d2d10d56c352ce97efbde7ffef982c93236,d6bc089a312ed8804f63422839d465440c5fd67c,True,True,2026-05-31T00:33:02Z
M2-EXTERNAL-MULSEN_craf_attention_test_seed44_0ede6e17,M2-EXTERNAL-MULSEN,MulSen-AD category-held-out,M2_external_v2_one_shot_audit,44,craf_attention,test,elara_master_c/predictions/confirmation/M2-EXTERNAL-MULSEN__MulSen-AD_category-held-out__M2_external_v2_one_shot_audit/craf_attention/test/seed_44.parquet,279,0ede6e1781e61a30e727474bf34cfc338e0eff6bbc1208b6b28a4ae44b518c98,f45ab9727e023b1651dd91d5bc473d2d10d56c352ce97efbde7ffef982c93236,d6bc089a312ed8804f63422839d465440c5fd67c,True,True,2026-05-31T00:33:02Z
M2-EXTERNAL-MULSEN_rga_boosted_fusion_test_seed44_e5d0a2b6,M2-EXTERNAL-MULSEN,MulSen-AD category-held-out,M2_external_v2_one_shot_audit,44,rga_boosted_fusion,test,elara_master_c/predictions/confirmation/M2-EXTERNAL-MULSEN__MulSen-AD_category-held-out__M2_external_v2_one_shot_audit/rga_boosted_fusion/test/seed_44.parquet,279,e5d0a2b6524b48043b12bb3b29800cd4c7231ea4b676af5db7dffbb85339917c,f45ab9727e023b1651dd91d5bc473d2d10d56c352ce97efbde7ffef982c93236,d6bc089a312ed8804f63422839d465440c5fd67c,True,True,2026-05-31T00:33:02Z
M2-EXTERNAL-MULSEN_rga_meta_router_test_seed44_c11ece88,M2-EXTERNAL-MULSEN,MulSen-AD category-held-out,M2_external_v2_one_shot_audit,44,rga_meta_router,test,elara_master_c/predictions/confirmation/M2-EXTERNAL-MULSEN__MulSen-AD_category-held-out__M2_external_v2_one_shot_audit/rga_meta_router/test/seed_44.parquet,279,c11ece885fc224b3c34ff4eda77385557b38cfa559172108769bc82dc6d6894e,f45ab9727e023b1651dd91d5bc473d2d10d56c352ce97efbde7ffef982c93236,d6bc089a312ed8804f63422839d465440c5fd67c,True,True,2026-05-31T00:33:02Z
M2-EXTERNAL-MULSEN_early_fusion_mlp_test_seed44_4082548c,M2-EXTERNAL-MULSEN,MulSen-AD category-held-out,M2_external_v2_one_shot_audit,44,early_fusion_mlp,test,elara_master_c/predictions/confirmation/M2-EXTERNAL-MULSEN__MulSen-AD_category-held-out__M2_external_v2_one_shot_audit/early_fusion_mlp/test/seed_44.parquet,279,4082548cfd917723a574d0b18a71416343f8f400d556812afc67122f5a67f329,f45ab9727e023b1651dd91d5bc473d2d10d56c352ce97efbde7ffef982c93236,d6bc089a312ed8804f63422839d465440c5fd67c,True,True,2026-05-31T00:33:02Z
M2-EXTERNAL-MULSEN_late_fusion_ensemble_test_seed44_1a8ee864,M2-EXTERNAL-MULSEN,MulSen-AD category-held-out,M2_external_v2_one_shot_audit,44,late_fusion_ensemble,test,elara_master_c/predictions/confirmation/M2-EXTERNAL-MULSEN__MulSen-AD_category-held-out__M2_external_v2_one_shot_audit/late_fusion_ensemble/test/seed_44.parquet,279,1a8ee864a622e6f88c9a776aa0b8b84bae83a0a28afc9a8dfa34f1065e09e08e,f45ab9727e023b1651dd91d5bc473d2d10d56c352ce97efbde7ffef982c93236,d6bc089a312ed8804f63422839d465440c5fd67c,True,True,2026-05-31T00:33:02Z
M2-EXTERNAL-MULSEN_random_forest_test_seed44_0973d35c,M2-EXTERNAL-MULSEN,MulSen-AD category-held-out,M2_external_v2_one_shot_audit,44,random_forest,test,elara_master_c/predictions/confirmation/M2-EXTERNAL-MULSEN__MulSen-AD_category-held-out__M2_external_v2_one_shot_audit/random_forest/test/seed_44.parquet,279,0973d35cb2906f5962e221157a59b6aa9a1d129689cdd310f81a64f653b3b7e9,f45ab9727e023b1651dd91d5bc473d2d10d56c352ce97efbde7ffef982c93236,d6bc089a312ed8804f63422839d465440c5fd67c,True,True,2026-05-31T00:33:02Z
M2-EXTERNAL-MULSEN_confidence_weighted_mean_test_seed44_029f8b30,M2-EXTERNAL-MULSEN,MulSen-AD category-held-out,M2_external_v2_one_shot_audit,44,confidence_weighted_mean,test,elara_master_c/predictions/confirmation/M2-EXTERNAL-MULSEN__MulSen-AD_category-held-out__M2_external_v2_one_shot_audit/confidence_weighted_mean/test/seed_44.parquet,279,029f8b302f1ac6650aed83f59468031944e575a9f68a9090904450a4fc9e0ec2,f45ab9727e023b1651dd91d5bc473d2d10d56c352ce97efbde7ffef982c93236,d6bc089a312ed8804f63422839d465440c5fd67c,True,True,2026-05-31T00:33:02Z
M2-EXTERNAL-MULSEN_tent_score_adapter_test_seed44_6eb08d04,M2-EXTERNAL-MULSEN,MulSen-AD category-held-out,M2_external_v2_one_shot_audit,44,tent_score_adapter,test,elara_master_c/predictions/confirmation/M2-EXTERNAL-MULSEN__MulSen-AD_category-held-out__M2_external_v2_one_shot_audit/tent_score_adapter/test/seed_44.parquet,279,6eb08d047d0ad28d6841e1c2e948f5d04ba16d17aa74ff8defe918a574f98cd7,f45ab9727e023b1651dd91d5bc473d2d10d56c352ce97efbde7ffef982c93236,d6bc089a312ed8804f63422839d465440c5fd67c,True,True,2026-05-31T00:33:02Z
M2-EXTERNAL-MULSEN_ttt_pseudo_label_adapter_test_seed44_f907f804,M2-EXTERNAL-MULSEN,MulSen-AD category-held-out,M2_external_v2_one_shot_audit,44,ttt_pseudo_label_adapter,test,elara_master_c/predictions/confirmation/M2-EXTERNAL-MULSEN__MulSen-AD_category-held-out__M2_external_v2_one_shot_audit/ttt_pseudo_label_adapter/test/seed_44.parquet,279,f907f804a36aca862cb28cb23f47c461c11a74f3fa40d65eb4eecefd0ed2a064,f45ab9727e023b1651dd91d5bc473d2d10d56c352ce97efbde7ffef982c93236,d6bc089a312ed8804f63422839d465440c5fd67c,True,True,2026-05-31T00:33:02Z
M2-EXTERNAL-MULSEN_eata_score_adapter_test_seed44_731182f8,M2-EXTERNAL-MULSEN,MulSen-AD category-held-out,M2_external_v2_one_shot_audit,44,eata_score_adapter,test,elara_master_c/predictions/confirmation/M2-EXTERNAL-MULSEN__MulSen-AD_category-held-out__M2_external_v2_one_shot_audit/eata_score_adapter/test/seed_44.parquet,279,731182f8bad5fa9ccf8dc2cc0790493f8a89d6a04bfb0828c623fd609327f80b,f45ab9727e023b1651dd91d5bc473d2d10d56c352ce97efbde7ffef982c93236,d6bc089a312ed8804f63422839d465440c5fd67c,True,True,2026-05-31T00:33:02Z
M2-EXTERNAL-MULSEN_sar_score_adapter_test_seed44_d3a859a0,M2-EXTERNAL-MULSEN,MulSen-AD category-held-out,M2_external_v2_one_shot_audit,44,sar_score_adapter,test,elara_master_c/predictions/confirmation/M2-EXTERNAL-MULSEN__MulSen-AD_category-held-out__M2_external_v2_one_shot_audit/sar_score_adapter/test/seed_44.parquet,279,d3a859a0b9e10062f4107e5f75b5484e4c882925c107991a4aeb180771484c37,f45ab9727e023b1651dd91d5bc473d2d10d56c352ce97efbde7ffef982c93236,d6bc089a312ed8804f63422839d465440c5fd67c,True,True,2026-05-31T00:33:02Z
M2-EXTERNAL-MULSEN_static_attention_test_seed45_2645a12f,M2-EXTERNAL-MULSEN,MulSen-AD category-held-out,M2_external_v2_one_shot_audit,45,static_attention,test,elara_master_c/predictions/confirmation/M2-EXTERNAL-MULSEN__MulSen-AD_category-held-out__M2_external_v2_one_shot_audit/static_attention/test/seed_45.parquet,279,2645a12f411836aa6897b04a254c62c3eae842a724938b9a8b07dd0e93528c5b,f45ab9727e023b1651dd91d5bc473d2d10d56c352ce97efbde7ffef982c93236,d6bc089a312ed8804f63422839d465440c5fd67c,True,True,2026-05-31T00:33:13Z
M2-EXTERNAL-MULSEN_craf_attention_test_seed45_aa29eddf,M2-EXTERNAL-MULSEN,MulSen-AD category-held-out,M2_external_v2_one_shot_audit,45,craf_attention,test,elara_master_c/predictions/confirmation/M2-EXTERNAL-MULSEN__MulSen-AD_category-held-out__M2_external_v2_one_shot_audit/craf_attention/test/seed_45.parquet,279,aa29eddfbdd6ce6e1a8cfb8dcc97fa9bd29a6d66c11330aac4fa6542eda2c333,f45ab9727e023b1651dd91d5bc473d2d10d56c352ce97efbde7ffef982c93236,d6bc089a312ed8804f63422839d465440c5fd67c,True,True,2026-05-31T00:33:13Z
M2-EXTERNAL-MULSEN_rga_boosted_fusion_test_seed45_fca14199,M2-EXTERNAL-MULSEN,MulSen-AD category-held-out,M2_external_v2_one_shot_audit,45,rga_boosted_fusion,test,elara_master_c/predictions/confirmation/M2-EXTERNAL-MULSEN__MulSen-AD_category-held-out__M2_external_v2_one_shot_audit/rga_boosted_fusion/test/seed_45.parquet,279,fca14199782e679cbf455529a0e7b4f6ffb54b872bf8fb807917d55f8c34837e,f45ab9727e023b1651dd91d5bc473d2d10d56c352ce97efbde7ffef982c93236,d6bc089a312ed8804f63422839d465440c5fd67c,True,True,2026-05-31T00:33:13Z
M2-EXTERNAL-MULSEN_rga_meta_router_test_seed45_0e352c37,M2-EXTERNAL-MULSEN,MulSen-AD category-held-out,M2_external_v2_one_shot_audit,45,rga_meta_router,test,elara_master_c/predictions/confirmation/M2-EXTERNAL-MULSEN__MulSen-AD_category-held-out__M2_external_v2_one_shot_audit/rga_meta_router/test/seed_45.parquet,279,0e352c37ef34494ab8f7ba4b91eec022683a9b11d9f6aa0422921bd3f54a844e,f45ab9727e023b1651dd91d5bc473d2d10d56c352ce97efbde7ffef982c93236,d6bc089a312ed8804f63422839d465440c5fd67c,True,True,2026-05-31T00:33:13Z
M2-EXTERNAL-MULSEN_early_fusion_mlp_test_seed45_8053285e,M2-EXTERNAL-MULSEN,MulSen-AD category-held-out,M2_external_v2_one_shot_audit,45,early_fusion_mlp,test,elara_master_c/predictions/confirmation/M2-EXTERNAL-MULSEN__MulSen-AD_category-held-out__M2_external_v2_one_shot_audit/early_fusion_mlp/test/seed_45.parquet,279,8053285e7b642844e9eee2e5c65080398da9f66aa4e2e6a124f4cd9667c10cad,f45ab9727e023b1651dd91d5bc473d2d10d56c352ce97efbde7ffef982c93236,d6bc089a312ed8804f63422839d465440c5fd67c,True,True,2026-05-31T00:33:13Z
M2-EXTERNAL-MULSEN_late_fusion_ensemble_test_seed45_079edbaf,M2-EXTERNAL-MULSEN,MulSen-AD category-held-out,M2_external_v2_one_shot_audit,45,late_fusion_ensemble,test,elara_master_c/predictions/confirmation/M2-EXTERNAL-MULSEN__MulSen-AD_category-held-out__M2_external_v2_one_shot_audit/late_fusion_ensemble/test/seed_45.parquet,279,079edbaf09f47f02a562b2ef1a1edc520e3f15b1205e889b17b1665cea27fa80,f45ab9727e023b1651dd91d5bc473d2d10d56c352ce97efbde7ffef982c93236,d6bc089a312ed8804f63422839d465440c5fd67c,True,True,2026-05-31T00:33:13Z
M2-EXTERNAL-MULSEN_random_forest_test_seed45_68bc5b96,M2-EXTERNAL-MULSEN,MulSen-AD category-held-out,M2_external_v2_one_shot_audit,45,random_forest,test,elara_master_c/predictions/confirmation/M2-EXTERNAL-MULSEN__MulSen-AD_category-held-out__M2_external_v2_one_shot_audit/random_forest/test/seed_45.parquet,279,68bc5b96e323758e73f0f3dbef529b1c035fcf92a86c5cfdd8b8462c3931b018,f45ab9727e023b1651dd91d5bc473d2d10d56c352ce97efbde7ffef982c93236,d6bc089a312ed8804f63422839d465440c5fd67c,True,True,2026-05-31T00:33:13Z
M2-EXTERNAL-MULSEN_confidence_weighted_mean_test_seed45_5cb97579,M2-EXTERNAL-MULSEN,MulSen-AD category-held-out,M2_external_v2_one_shot_audit,45,confidence_weighted_mean,test,elara_master_c/predictions/confirmation/M2-EXTERNAL-MULSEN__MulSen-AD_category-held-out__M2_external_v2_one_shot_audit/confidence_weighted_mean/test/seed_45.parquet,279,5cb975793a531a1bee716144d113f1ca9e42950ed6c4939782f61b70d2ad10e5,f45ab9727e023b1651dd91d5bc473d2d10d56c352ce97efbde7ffef982c93236,d6bc089a312ed8804f63422839d465440c5fd67c,True,True,2026-05-31T00:33:13Z
M2-EXTERNAL-MULSEN_tent_score_adapter_test_seed45_81db7735,M2-EXTERNAL-MULSEN,MulSen-AD category-held-out,M2_external_v2_one_shot_audit,45,tent_score_adapter,test,elara_master_c/predictions/confirmation/M2-EXTERNAL-MULSEN__MulSen-AD_category-held-out__M2_external_v2_one_shot_audit/tent_score_adapter/test/seed_45.parquet,279,81db773588cc955ebc6f7e8b0c81e6448d5d2948b03a7e3691cf0f74bf993f0b,f45ab9727e023b1651dd91d5bc473d2d10d56c352ce97efbde7ffef982c93236,d6bc089a312ed8804f63422839d465440c5fd67c,True,True,2026-05-31T00:33:13Z
M2-EXTERNAL-MULSEN_ttt_pseudo_label_adapter_test_seed45_cc5be302,M2-EXTERNAL-MULSEN,MulSen-AD category-held-out,M2_external_v2_one_shot_audit,45,ttt_pseudo_label_adapter,test,elara_master_c/predictions/confirmation/M2-EXTERNAL-MULSEN__MulSen-AD_category-held-out__M2_external_v2_one_shot_audit/ttt_pseudo_label_adapter/test/seed_45.parquet,279,cc5be302401d8c22a91847615e35a39d44720f456b6f3fbcd19cc44642b80b2f,f45ab9727e023b1651dd91d5bc473d2d10d56c352ce97efbde7ffef982c93236,d6bc089a312ed8804f63422839d465440c5fd67c,True,True,2026-05-31T00:33:13Z
M2-EXTERNAL-MULSEN_eata_score_adapter_test_seed45_918b35b7,M2-EXTERNAL-MULSEN,MulSen-AD category-held-out,M2_external_v2_one_shot_audit,45,eata_score_adapter,test,elara_master_c/predictions/confirmation/M2-EXTERNAL-MULSEN__MulSen-AD_category-held-out__M2_external_v2_one_shot_audit/eata_score_adapter/test/seed_45.parquet,279,918b35b7953d4894b99022221ebbf1758f1df3cc0c68ce3185791c809520cfec,f45ab9727e023b1651dd91d5bc473d2d10d56c352ce97efbde7ffef982c93236,d6bc089a312ed8804f63422839d465440c5fd67c,True,True,2026-05-31T00:33:13Z
M2-EXTERNAL-MULSEN_sar_score_adapter_test_seed45_2920bc47,M2-EXTERNAL-MULSEN,MulSen-AD category-held-out,M2_external_v2_one_shot_audit,45,sar_score_adapter,test,elara_master_c/predictions/confirmation/M2-EXTERNAL-MULSEN__MulSen-AD_category-held-out__M2_external_v2_one_shot_audit/sar_score_adapter/test/seed_45.parquet,279,2920bc47f9ed71c1b15929661d9a7318d68a90c565435296b275de13d7f80d67,f45ab9727e023b1651dd91d5bc473d2d10d56c352ce97efbde7ffef982c93236,d6bc089a312ed8804f63422839d465440c5fd67c,True,True,2026-05-31T00:33:13Z
M2-EXTERNAL-MULSEN_static_attention_test_seed46_3476fc17,M2-EXTERNAL-MULSEN,MulSen-AD category-held-out,M2_external_v2_one_shot_audit,46,static_attention,test,elara_master_c/predictions/confirmation/M2-EXTERNAL-MULSEN__MulSen-AD_category-held-out__M2_external_v2_one_shot_audit/static_attention/test/seed_46.parquet,279,3476fc17944139c257e6c4d8a99db4fcfe1c36d86d37df2d4fae5c27989530f0,f45ab9727e023b1651dd91d5bc473d2d10d56c352ce97efbde7ffef982c93236,d6bc089a312ed8804f63422839d465440c5fd67c,True,True,2026-05-31T00:33:22Z
M2-EXTERNAL-MULSEN_craf_attention_test_seed46_e365bf76,M2-EXTERNAL-MULSEN,MulSen-AD category-held-out,M2_external_v2_one_shot_audit,46,craf_attention,test,elara_master_c/predictions/confirmation/M2-EXTERNAL-MULSEN__MulSen-AD_category-held-out__M2_external_v2_one_shot_audit/craf_attention/test/seed_46.parquet,279,e365bf763bee39314e31403b5e368def6785ca21259b2cfa79ffa6b83a51ddb8,f45ab9727e023b1651dd91d5bc473d2d10d56c352ce97efbde7ffef982c93236,d6bc089a312ed8804f63422839d465440c5fd67c,True,True,2026-05-31T00:33:22Z
M2-EXTERNAL-MULSEN_rga_boosted_fusion_test_seed46_6217b66f,M2-EXTERNAL-MULSEN,MulSen-AD category-held-out,M2_external_v2_one_shot_audit,46,rga_boosted_fusion,test,elara_master_c/predictions/confirmation/M2-EXTERNAL-MULSEN__MulSen-AD_category-held-out__M2_external_v2_one_shot_audit/rga_boosted_fusion/test/seed_46.parquet,279,6217b66f54cc268b04a33f21eb704331059507f9ac88d535cfc39c042892c4ab,f45ab9727e023b1651dd91d5bc473d2d10d56c352ce97efbde7ffef982c93236,d6bc089a312ed8804f63422839d465440c5fd67c,True,True,2026-05-31T00:33:22Z
M2-EXTERNAL-MULSEN_rga_meta_router_test_seed46_f6ad1368,M2-EXTERNAL-MULSEN,MulSen-AD category-held-out,M2_external_v2_one_shot_audit,46,rga_meta_router,test,elara_master_c/predictions/confirmation/M2-EXTERNAL-MULSEN__MulSen-AD_category-held-out__M2_external_v2_one_shot_audit/rga_meta_router/test/seed_46.parquet,279,f6ad1368169e7bcf3475fb12f8ddaf166e60e6b71a0fa8a6550f006bc337cb25,f45ab9727e023b1651dd91d5bc473d2d10d56c352ce97efbde7ffef982c93236,d6bc089a312ed8804f63422839d465440c5fd67c,True,True,2026-05-31T00:33:23Z
M2-EXTERNAL-MULSEN_early_fusion_mlp_test_seed46_fdeaebec,M2-EXTERNAL-MULSEN,MulSen-AD category-held-out,M2_external_v2_one_shot_audit,46,early_fusion_mlp,test,elara_master_c/predictions/confirmation/M2-EXTERNAL-MULSEN__MulSen-AD_category-held-out__M2_external_v2_one_shot_audit/early_fusion_mlp/test/seed_46.parquet,279,fdeaebec3838e84e16d05eec301c48d02ac6826db07fc6540931d173f11e7981,f45ab9727e023b1651dd91d5bc473d2d10d56c352ce97efbde7ffef982c93236,d6bc089a312ed8804f63422839d465440c5fd67c,True,True,2026-05-31T00:33:23Z
M2-EXTERNAL-MULSEN_late_fusion_ensemble_test_seed46_dbcd88c7,M2-EXTERNAL-MULSEN,MulSen-AD category-held-out,M2_external_v2_one_shot_audit,46,late_fusion_ensemble,test,elara_master_c/predictions/confirmation/M2-EXTERNAL-MULSEN__MulSen-AD_category-held-out__M2_external_v2_one_shot_audit/late_fusion_ensemble/test/seed_46.parquet,279,dbcd88c7d20cb13a9fedec1bf00fa7c2708566aa03be539154ea7142ddf02e61,f45ab9727e023b1651dd91d5bc473d2d10d56c352ce97efbde7ffef982c93236,d6bc089a312ed8804f63422839d465440c5fd67c,True,True,2026-05-31T00:33:23Z
M2-EXTERNAL-MULSEN_random_forest_test_seed46_5d97fa79,M2-EXTERNAL-MULSEN,MulSen-AD category-held-out,M2_external_v2_one_shot_audit,46,random_forest,test,elara_master_c/predictions/confirmation/M2-EXTERNAL-MULSEN__MulSen-AD_category-held-out__M2_external_v2_one_shot_audit/random_forest/test/seed_46.parquet,279,5d97fa79ca0e134a5ab47d6ad9eff5f08f74d2bd1a5a2caed0d3b64b6510e7df,f45ab9727e023b1651dd91d5bc473d2d10d56c352ce97efbde7ffef982c93236,d6bc089a312ed8804f63422839d465440c5fd67c,True,True,2026-05-31T00:33:23Z
M2-EXTERNAL-MULSEN_confidence_weighted_mean_test_seed46_0f85c366,M2-EXTERNAL-MULSEN,MulSen-AD category-held-out,M2_external_v2_one_shot_audit,46,confidence_weighted_mean,test,elara_master_c/predictions/confirmation/M2-EXTERNAL-MULSEN__MulSen-AD_category-held-out__M2_external_v2_one_shot_audit/confidence_weighted_mean/test/seed_46.parquet,279,0f85c3666d9dd67a60399d362654dbc7064f871d3bdec62ffbee03dbfb0c5939,f45ab9727e023b1651dd91d5bc473d2d10d56c352ce97efbde7ffef982c93236,d6bc089a312ed8804f63422839d465440c5fd67c,True,True,2026-05-31T00:33:23Z
M2-EXTERNAL-MULSEN_tent_score_adapter_test_seed46_11c2748f,M2-EXTERNAL-MULSEN,MulSen-AD category-held-out,M2_external_v2_one_shot_audit,46,tent_score_adapter,test,elara_master_c/predictions/confirmation/M2-EXTERNAL-MULSEN__MulSen-AD_category-held-out__M2_external_v2_one_shot_audit/tent_score_adapter/test/seed_46.parquet,279,11c2748f463c00fb9836fddb49deabdc271193ba3733ac04b26e491b0100ba16,f45ab9727e023b1651dd91d5bc473d2d10d56c352ce97efbde7ffef982c93236,d6bc089a312ed8804f63422839d465440c5fd67c,True,True,2026-05-31T00:33:23Z
M2-EXTERNAL-MULSEN_ttt_pseudo_label_adapter_test_seed46_827dad96,M2-EXTERNAL-MULSEN,MulSen-AD category-held-out,M2_external_v2_one_shot_audit,46,ttt_pseudo_label_adapter,test,elara_master_c/predictions/confirmation/M2-EXTERNAL-MULSEN__MulSen-AD_category-held-out__M2_external_v2_one_shot_audit/ttt_pseudo_label_adapter/test/seed_46.parquet,279,827dad963647e88b1bbe7d3657195ceca76c905ca1897e22f4fc372eada660a6,f45ab9727e023b1651dd91d5bc473d2d10d56c352ce97efbde7ffef982c93236,d6bc089a312ed8804f63422839d465440c5fd67c,True,True,2026-05-31T00:33:23Z
M2-EXTERNAL-MULSEN_eata_score_adapter_test_seed46_f36e7ac8,M2-EXTERNAL-MULSEN,MulSen-AD category-held-out,M2_external_v2_one_shot_audit,46,eata_score_adapter,test,elara_master_c/predictions/confirmation/M2-EXTERNAL-MULSEN__MulSen-AD_category-held-out__M2_external_v2_one_shot_audit/eata_score_adapter/test/seed_46.parquet,279,f36e7ac8fbcf3dff4161708b38be61187b5689927a94b7e4d928e3fee58c5fa3,f45ab9727e023b1651dd91d5bc473d2d10d56c352ce97efbde7ffef982c93236,d6bc089a312ed8804f63422839d465440c5fd67c,True,True,2026-05-31T00:33:23Z
M2-EXTERNAL-MULSEN_sar_score_adapter_test_seed46_71c331aa,M2-EXTERNAL-MULSEN,MulSen-AD category-held-out,M2_external_v2_one_shot_audit,46,sar_score_adapter,test,elara_master_c/predictions/confirmation/M2-EXTERNAL-MULSEN__MulSen-AD_category-held-out__M2_external_v2_one_shot_audit/sar_score_adapter/test/seed_46.parquet,279,71c331aa2facda57f8c18fe26f9c6dacacd155ef5c3646da17e77b51915ea168,f45ab9727e023b1651dd91d5bc473d2d10d56c352ce97efbde7ffef982c93236,d6bc089a312ed8804f63422839d465440c5fd67c,True,True,2026-05-31T00:33:23Z
M2-EXTERNAL-3D-ADAM-TRANSFER-V1_static_attention_test_seed42_46b8d61f,M2-EXTERNAL-3D-ADAM-TRANSFER-V1,3D-ADAM category-held-out,M2_external_transfer_v1_one_shot,42,static_attention,test,elara_master_c/predictions/confirmation/M2-EXTERNAL-3D-ADAM-TRANSFER-V1__3D-ADAM_category-held-out__M2_external_transfer_v1_one_shot/static_attention/test/seed_42__rerun_2.parquet,1378,46b8d61f06b01e3874c99b7a603571f0309a05c1064674f3e58a0a3c5a32ac87,d1c2215b8ec3adb40dce2b8f4a13ad19cd9fc5e68dc5591ca0c36962f9f93d4d,d6bc089a312ed8804f63422839d465440c5fd67c,True,True,2026-05-31T00:47:24Z
M2-EXTERNAL-3D-ADAM-TRANSFER-V1_craf_attention_test_seed42_81dc30f5,M2-EXTERNAL-3D-ADAM-TRANSFER-V1,3D-ADAM category-held-out,M2_external_transfer_v1_one_shot,42,craf_attention,test,elara_master_c/predictions/confirmation/M2-EXTERNAL-3D-ADAM-TRANSFER-V1__3D-ADAM_category-held-out__M2_external_transfer_v1_one_shot/craf_attention/test/seed_42__rerun_2.parquet,1378,81dc30f58bd4409da32982018273b1201854c274229da21770028b04c8f31ebb,d1c2215b8ec3adb40dce2b8f4a13ad19cd9fc5e68dc5591ca0c36962f9f93d4d,d6bc089a312ed8804f63422839d465440c5fd67c,True,True,2026-05-31T00:47:24Z
M2-EXTERNAL-3D-ADAM-TRANSFER-V1_rga_boosted_fusion_test_seed42_7dcb639b,M2-EXTERNAL-3D-ADAM-TRANSFER-V1,3D-ADAM category-held-out,M2_external_transfer_v1_one_shot,42,rga_boosted_fusion,test,elara_master_c/predictions/confirmation/M2-EXTERNAL-3D-ADAM-TRANSFER-V1__3D-ADAM_category-held-out__M2_external_transfer_v1_one_shot/rga_boosted_fusion/test/seed_42__rerun_2.parquet,1378,7dcb639b4ab6266d905d0759c8c8ba1484ea3da4893abed4ba170be5d9f0cf00,d1c2215b8ec3adb40dce2b8f4a13ad19cd9fc5e68dc5591ca0c36962f9f93d4d,d6bc089a312ed8804f63422839d465440c5fd67c,True,True,2026-05-31T00:47:24Z
M2-EXTERNAL-3D-ADAM-TRANSFER-V1_rga_meta_router_test_seed42_e7532e40,M2-EXTERNAL-3D-ADAM-TRANSFER-V1,3D-ADAM category-held-out,M2_external_transfer_v1_one_shot,42,rga_meta_router,test,elara_master_c/predictions/confirmation/M2-EXTERNAL-3D-ADAM-TRANSFER-V1__3D-ADAM_category-held-out__M2_external_transfer_v1_one_shot/rga_meta_router/test/seed_42__rerun_2.parquet,1378,e7532e404385cd2750469125d0805492db13c2d5c83294420119e940a32722d6,d1c2215b8ec3adb40dce2b8f4a13ad19cd9fc5e68dc5591ca0c36962f9f93d4d,d6bc089a312ed8804f63422839d465440c5fd67c,True,True,2026-05-31T00:47:24Z
M2-EXTERNAL-3D-ADAM-TRANSFER-V1_early_fusion_mlp_test_seed42_cd8d9f0d,M2-EXTERNAL-3D-ADAM-TRANSFER-V1,3D-ADAM category-held-out,M2_external_transfer_v1_one_shot,42,early_fusion_mlp,test,elara_master_c/predictions/confirmation/M2-EXTERNAL-3D-ADAM-TRANSFER-V1__3D-ADAM_category-held-out__M2_external_transfer_v1_one_shot/early_fusion_mlp/test/seed_42__rerun_2.parquet,1378,cd8d9f0df5b27824c482375a886d75449643a37cf5b5f96706766abd96a9e10e,d1c2215b8ec3adb40dce2b8f4a13ad19cd9fc5e68dc5591ca0c36962f9f93d4d,d6bc089a312ed8804f63422839d465440c5fd67c,True,True,2026-05-31T00:47:24Z
M2-EXTERNAL-3D-ADAM-TRANSFER-V1_late_fusion_ensemble_test_seed42_1117a26f,M2-EXTERNAL-3D-ADAM-TRANSFER-V1,3D-ADAM category-held-out,M2_external_transfer_v1_one_shot,42,late_fusion_ensemble,test,elara_master_c/predictions/confirmation/M2-EXTERNAL-3D-ADAM-TRANSFER-V1__3D-ADAM_category-held-out__M2_external_transfer_v1_one_shot/late_fusion_ensemble/test/seed_42__rerun_2.parquet,1378,1117a26f05e39cc993499fe67ff26bd719aa3a993c6e76150b473aaa584ee55e,d1c2215b8ec3adb40dce2b8f4a13ad19cd9fc5e68dc5591ca0c36962f9f93d4d,d6bc089a312ed8804f63422839d465440c5fd67c,True,True,2026-05-31T00:47:24Z
M2-EXTERNAL-3D-ADAM-TRANSFER-V1_random_forest_test_seed42_98d65662,M2-EXTERNAL-3D-ADAM-TRANSFER-V1,3D-ADAM category-held-out,M2_external_transfer_v1_one_shot,42,random_forest,test,elara_master_c/predictions/confirmation/M2-EXTERNAL-3D-ADAM-TRANSFER-V1__3D-ADAM_category-held-out__M2_external_transfer_v1_one_shot/random_forest/test/seed_42__rerun_2.parquet,1378,98d656620890d9cac1bdab76be37d2e993246dc6c75395d3a8c2f3cf64be5d2d,d1c2215b8ec3adb40dce2b8f4a13ad19cd9fc5e68dc5591ca0c36962f9f93d4d,d6bc089a312ed8804f63422839d465440c5fd67c,True,True,2026-05-31T00:47:24Z
M2-EXTERNAL-3D-ADAM-TRANSFER-V1_confidence_weighted_mean_test_seed42_637ed813,M2-EXTERNAL-3D-ADAM-TRANSFER-V1,3D-ADAM category-held-out,M2_external_transfer_v1_one_shot,42,confidence_weighted_mean,test,elara_master_c/predictions/confirmation/M2-EXTERNAL-3D-ADAM-TRANSFER-V1__3D-ADAM_category-held-out__M2_external_transfer_v1_one_shot/confidence_weighted_mean/test/seed_42__rerun_2.parquet,1378,637ed813e21a9d70773ed71e34401faedaa964ece5bf16246add3b8ca0880378,d1c2215b8ec3adb40dce2b8f4a13ad19cd9fc5e68dc5591ca0c36962f9f93d4d,d6bc089a312ed8804f63422839d465440c5fd67c,True,True,2026-05-31T00:47:24Z
M2-EXTERNAL-3D-ADAM-TRANSFER-V1_tent_score_adapter_test_seed42_4578b95b,M2-EXTERNAL-3D-ADAM-TRANSFER-V1,3D-ADAM category-held-out,M2_external_transfer_v1_one_shot,42,tent_score_adapter,test,elara_master_c/predictions/confirmation/M2-EXTERNAL-3D-ADAM-TRANSFER-V1__3D-ADAM_category-held-out__M2_external_transfer_v1_one_shot/tent_score_adapter/test/seed_42__rerun_2.parquet,1378,4578b95b6bfc4f958322a9051821b1b3d7b6a9f2cf58d92b75c8b057fc851ccb,d1c2215b8ec3adb40dce2b8f4a13ad19cd9fc5e68dc5591ca0c36962f9f93d4d,d6bc089a312ed8804f63422839d465440c5fd67c,True,True,2026-05-31T00:47:24Z
M2-EXTERNAL-3D-ADAM-TRANSFER-V1_ttt_pseudo_label_adapter_test_seed42_9b45ff74,M2-EXTERNAL-3D-ADAM-TRANSFER-V1,3D-ADAM category-held-out,M2_external_transfer_v1_one_shot,42,ttt_pseudo_label_adapter,test,elara_master_c/predictions/confirmation/M2-EXTERNAL-3D-ADAM-TRANSFER-V1__3D-ADAM_category-held-out__M2_external_transfer_v1_one_shot/ttt_pseudo_label_adapter/test/seed_42__rerun_2.parquet,1378,9b45ff74eca8d91e696f16cb744f91bbbdf2f0fe995c211b4bc4c1a6986b6297,d1c2215b8ec3adb40dce2b8f4a13ad19cd9fc5e68dc5591ca0c36962f9f93d4d,d6bc089a312ed8804f63422839d465440c5fd67c,True,True,2026-05-31T00:47:24Z
M2-EXTERNAL-3D-ADAM-TRANSFER-V1_eata_score_adapter_test_seed42_03b9980c,M2-EXTERNAL-3D-ADAM-TRANSFER-V1,3D-ADAM category-held-out,M2_external_transfer_v1_one_shot,42,eata_score_adapter,test,elara_master_c/predictions/confirmation/M2-EXTERNAL-3D-ADAM-TRANSFER-V1__3D-ADAM_category-held-out__M2_external_transfer_v1_one_shot/eata_score_adapter/test/seed_42__rerun_2.parquet,1378,03b9980cd85531b8987ae3a19c139af4c72e3c0606f078329821e2bc19034a2c,d1c2215b8ec3adb40dce2b8f4a13ad19cd9fc5e68dc5591ca0c36962f9f93d4d,d6bc089a312ed8804f63422839d465440c5fd67c,True,True,2026-05-31T00:47:24Z
M2-EXTERNAL-3D-ADAM-TRANSFER-V1_sar_score_adapter_test_seed42_1e650d46,M2-EXTERNAL-3D-ADAM-TRANSFER-V1,3D-ADAM category-held-out,M2_external_transfer_v1_one_shot,42,sar_score_adapter,test,elara_master_c/predictions/confirmation/M2-EXTERNAL-3D-ADAM-TRANSFER-V1__3D-ADAM_category-held-out__M2_external_transfer_v1_one_shot/sar_score_adapter/test/seed_42__rerun_2.parquet,1378,1e650d46912120a72efcb44a6992a2ca7930d1d4a1adea0d63e7639596661fa1,d1c2215b8ec3adb40dce2b8f4a13ad19cd9fc5e68dc5591ca0c36962f9f93d4d,d6bc089a312ed8804f63422839d465440c5fd67c,True,True,2026-05-31T00:47:24Z
M2-EXTERNAL-3D-ADAM-TRANSFER-V1_static_attention_test_seed43_c5489fe5,M2-EXTERNAL-3D-ADAM-TRANSFER-V1,3D-ADAM category-held-out,M2_external_transfer_v1_one_shot,43,static_attention,test,elara_master_c/predictions/confirmation/M2-EXTERNAL-3D-ADAM-TRANSFER-V1__3D-ADAM_category-held-out__M2_external_transfer_v1_one_shot/static_attention/test/seed_43__rerun_2.parquet,1378,c5489fe53efd4ae67012f4e74262ea417c847e929be576614e4d2f4daac9610e,d1c2215b8ec3adb40dce2b8f4a13ad19cd9fc5e68dc5591ca0c36962f9f93d4d,d6bc089a312ed8804f63422839d465440c5fd67c,True,True,2026-05-31T00:47:56Z
M2-EXTERNAL-3D-ADAM-TRANSFER-V1_craf_attention_test_seed43_2be9ff8a,M2-EXTERNAL-3D-ADAM-TRANSFER-V1,3D-ADAM category-held-out,M2_external_transfer_v1_one_shot,43,craf_attention,test,elara_master_c/predictions/confirmation/M2-EXTERNAL-3D-ADAM-TRANSFER-V1__3D-ADAM_category-held-out__M2_external_transfer_v1_one_shot/craf_attention/test/seed_43__rerun_2.parquet,1378,2be9ff8a1d58b8ff6e7ca6c9a831ce5610fe813bc861ad3b9f4cdf8bf5d372ce,d1c2215b8ec3adb40dce2b8f4a13ad19cd9fc5e68dc5591ca0c36962f9f93d4d,d6bc089a312ed8804f63422839d465440c5fd67c,True,True,2026-05-31T00:47:56Z
M2-EXTERNAL-3D-ADAM-TRANSFER-V1_rga_boosted_fusion_test_seed43_b9641abe,M2-EXTERNAL-3D-ADAM-TRANSFER-V1,3D-ADAM category-held-out,M2_external_transfer_v1_one_shot,43,rga_boosted_fusion,test,elara_master_c/predictions/confirmation/M2-EXTERNAL-3D-ADAM-TRANSFER-V1__3D-ADAM_category-held-out__M2_external_transfer_v1_one_shot/rga_boosted_fusion/test/seed_43__rerun_2.parquet,1378,b9641abee0fc118fd61235e36d0a4b1c7206ed8d19d5baada1ef89918e52b379,d1c2215b8ec3adb40dce2b8f4a13ad19cd9fc5e68dc5591ca0c36962f9f93d4d,d6bc089a312ed8804f63422839d465440c5fd67c,True,True,2026-05-31T00:47:56Z
M2-EXTERNAL-3D-ADAM-TRANSFER-V1_rga_meta_router_test_seed43_9c266f87,M2-EXTERNAL-3D-ADAM-TRANSFER-V1,3D-ADAM category-held-out,M2_external_transfer_v1_one_shot,43,rga_meta_router,test,elara_master_c/predictions/confirmation/M2-EXTERNAL-3D-ADAM-TRANSFER-V1__3D-ADAM_category-held-out__M2_external_transfer_v1_one_shot/rga_meta_router/test/seed_43__rerun_2.parquet,1378,9c266f87806a172b70fd7572114a7034702385fa111f35801e647e325375da34,d1c2215b8ec3adb40dce2b8f4a13ad19cd9fc5e68dc5591ca0c36962f9f93d4d,d6bc089a312ed8804f63422839d465440c5fd67c,True,True,2026-05-31T00:47:56Z
M2-EXTERNAL-3D-ADAM-TRANSFER-V1_early_fusion_mlp_test_seed43_95ef052b,M2-EXTERNAL-3D-ADAM-TRANSFER-V1,3D-ADAM category-held-out,M2_external_transfer_v1_one_shot,43,early_fusion_mlp,test,elara_master_c/predictions/confirmation/M2-EXTERNAL-3D-ADAM-TRANSFER-V1__3D-ADAM_category-held-out__M2_external_transfer_v1_one_shot/early_fusion_mlp/test/seed_43__rerun_2.parquet,1378,95ef052bc8e6ce0c93897541973d342cabcec95b3dddc745ea5a9dc47a2ae7b3,d1c2215b8ec3adb40dce2b8f4a13ad19cd9fc5e68dc5591ca0c36962f9f93d4d,d6bc089a312ed8804f63422839d465440c5fd67c,True,True,2026-05-31T00:47:56Z
M2-EXTERNAL-3D-ADAM-TRANSFER-V1_late_fusion_ensemble_test_seed43_73942560,M2-EXTERNAL-3D-ADAM-TRANSFER-V1,3D-ADAM category-held-out,M2_external_transfer_v1_one_shot,43,late_fusion_ensemble,test,elara_master_c/predictions/confirmation/M2-EXTERNAL-3D-ADAM-TRANSFER-V1__3D-ADAM_category-held-out__M2_external_transfer_v1_one_shot/late_fusion_ensemble/test/seed_43__rerun_2.parquet,1378,739425604f889c0cf99aeaab1344a47340bc8afe200bc206a42ab822688a9f3a,d1c2215b8ec3adb40dce2b8f4a13ad19cd9fc5e68dc5591ca0c36962f9f93d4d,d6bc089a312ed8804f63422839d465440c5fd67c,True,True,2026-05-31T00:47:56Z
M2-EXTERNAL-3D-ADAM-TRANSFER-V1_random_forest_test_seed43_acebc0d3,M2-EXTERNAL-3D-ADAM-TRANSFER-V1,3D-ADAM category-held-out,M2_external_transfer_v1_one_shot,43,random_forest,test,elara_master_c/predictions/confirmation/M2-EXTERNAL-3D-ADAM-TRANSFER-V1__3D-ADAM_category-held-out__M2_external_transfer_v1_one_shot/random_forest/test/seed_43__rerun_2.parquet,1378,acebc0d35d77b82ca1f6aa44d0e23f9c902804766880782c6ac21e950c80cfe7,d1c2215b8ec3adb40dce2b8f4a13ad19cd9fc5e68dc5591ca0c36962f9f93d4d,d6bc089a312ed8804f63422839d465440c5fd67c,True,True,2026-05-31T00:47:56Z
M2-EXTERNAL-3D-ADAM-TRANSFER-V1_confidence_weighted_mean_test_seed43_f6e0345b,M2-EXTERNAL-3D-ADAM-TRANSFER-V1,3D-ADAM category-held-out,M2_external_transfer_v1_one_shot,43,confidence_weighted_mean,test,elara_master_c/predictions/confirmation/M2-EXTERNAL-3D-ADAM-TRANSFER-V1__3D-ADAM_category-held-out__M2_external_transfer_v1_one_shot/confidence_weighted_mean/test/seed_43__rerun_2.parquet,1378,f6e0345b6eebfa50e063eae6eee5d65f1d52aa93fdffa018a78be56bf8633826,d1c2215b8ec3adb40dce2b8f4a13ad19cd9fc5e68dc5591ca0c36962f9f93d4d,d6bc089a312ed8804f63422839d465440c5fd67c,True,True,2026-05-31T00:47:56Z
M2-EXTERNAL-3D-ADAM-TRANSFER-V1_tent_score_adapter_test_seed43_43c60dfb,M2-EXTERNAL-3D-ADAM-TRANSFER-V1,3D-ADAM category-held-out,M2_external_transfer_v1_one_shot,43,tent_score_adapter,test,elara_master_c/predictions/confirmation/M2-EXTERNAL-3D-ADAM-TRANSFER-V1__3D-ADAM_category-held-out__M2_external_transfer_v1_one_shot/tent_score_adapter/test/seed_43__rerun_2.parquet,1378,43c60dfbfcaddb8a5fa918c2e2c7c64755765c54facbaccd707d493d6ab57f67,d1c2215b8ec3adb40dce2b8f4a13ad19cd9fc5e68dc5591ca0c36962f9f93d4d,d6bc089a312ed8804f63422839d465440c5fd67c,True,True,2026-05-31T00:47:56Z
M2-EXTERNAL-3D-ADAM-TRANSFER-V1_ttt_pseudo_label_adapter_test_seed43_54879d59,M2-EXTERNAL-3D-ADAM-TRANSFER-V1,3D-ADAM category-held-out,M2_external_transfer_v1_one_shot,43,ttt_pseudo_label_adapter,test,elara_master_c/predictions/confirmation/M2-EXTERNAL-3D-ADAM-TRANSFER-V1__3D-ADAM_category-held-out__M2_external_transfer_v1_one_shot/ttt_pseudo_label_adapter/test/seed_43__rerun_2.parquet,1378,54879d59390deeb1efb532a2b582205fd9d09c718842fcc7e62851dd3db0c076,d1c2215b8ec3adb40dce2b8f4a13ad19cd9fc5e68dc5591ca0c36962f9f93d4d,d6bc089a312ed8804f63422839d465440c5fd67c,True,True,2026-05-31T00:47:56Z
M2-EXTERNAL-3D-ADAM-TRANSFER-V1_eata_score_adapter_test_seed43_ded72928,M2-EXTERNAL-3D-ADAM-TRANSFER-V1,3D-ADAM category-held-out,M2_external_transfer_v1_one_shot,43,eata_score_adapter,test,elara_master_c/predictions/confirmation/M2-EXTERNAL-3D-ADAM-TRANSFER-V1__3D-ADAM_category-held-out__M2_external_transfer_v1_one_shot/eata_score_adapter/test/seed_43__rerun_2.parquet,1378,ded729285cfd499abd301a6190411e66e8a076b009777725ce1da7166a6a12d2,d1c2215b8ec3adb40dce2b8f4a13ad19cd9fc5e68dc5591ca0c36962f9f93d4d,d6bc089a312ed8804f63422839d465440c5fd67c,True,True,2026-05-31T00:47:56Z
M2-EXTERNAL-3D-ADAM-TRANSFER-V1_sar_score_adapter_test_seed43_a92346e0,M2-EXTERNAL-3D-ADAM-TRANSFER-V1,3D-ADAM category-held-out,M2_external_transfer_v1_one_shot,43,sar_score_adapter,test,elara_master_c/predictions/confirmation/M2-EXTERNAL-3D-ADAM-TRANSFER-V1__3D-ADAM_category-held-out__M2_external_transfer_v1_one_shot/sar_score_adapter/test/seed_43__rerun_2.parquet,1378,a92346e07e30871e06439df4df9f00dcd1e7d94706755ffbf97f4ef4dbd34342,d1c2215b8ec3adb40dce2b8f4a13ad19cd9fc5e68dc5591ca0c36962f9f93d4d,d6bc089a312ed8804f63422839d465440c5fd67c,True,True,2026-05-31T00:47:56Z
M2-EXTERNAL-3D-ADAM-TRANSFER-V1_static_attention_test_seed44_983e54c3,M2-EXTERNAL-3D-ADAM-TRANSFER-V1,3D-ADAM category-held-out,M2_external_transfer_v1_one_shot,44,static_attention,test,elara_master_c/predictions/confirmation/M2-EXTERNAL-3D-ADAM-TRANSFER-V1__3D-ADAM_category-held-out__M2_external_transfer_v1_one_shot/static_attention/test/seed_44__rerun_2.parquet,1378,983e54c3fc9bc03fbceb4e0177e3ab4feaeb0d29ac2255098de6d5ab9c2b7e9c,d1c2215b8ec3adb40dce2b8f4a13ad19cd9fc5e68dc5591ca0c36962f9f93d4d,d6bc089a312ed8804f63422839d465440c5fd67c,True,True,2026-05-31T00:48:19Z
M2-EXTERNAL-3D-ADAM-TRANSFER-V1_craf_attention_test_seed44_b8dc8843,M2-EXTERNAL-3D-ADAM-TRANSFER-V1,3D-ADAM category-held-out,M2_external_transfer_v1_one_shot,44,craf_attention,test,elara_master_c/predictions/confirmation/M2-EXTERNAL-3D-ADAM-TRANSFER-V1__3D-ADAM_category-held-out__M2_external_transfer_v1_one_shot/craf_attention/test/seed_44__rerun_2.parquet,1378,b8dc88437a5e3deb4cd45c9e393df347d674df06309aec33989ad89d8ea77773,d1c2215b8ec3adb40dce2b8f4a13ad19cd9fc5e68dc5591ca0c36962f9f93d4d,d6bc089a312ed8804f63422839d465440c5fd67c,True,True,2026-05-31T00:48:19Z
M2-EXTERNAL-3D-ADAM-TRANSFER-V1_rga_boosted_fusion_test_seed44_bf1d899a,M2-EXTERNAL-3D-ADAM-TRANSFER-V1,3D-ADAM category-held-out,M2_external_transfer_v1_one_shot,44,rga_boosted_fusion,test,elara_master_c/predictions/confirmation/M2-EXTERNAL-3D-ADAM-TRANSFER-V1__3D-ADAM_category-held-out__M2_external_transfer_v1_one_shot/rga_boosted_fusion/test/seed_44__rerun_2.parquet,1378,bf1d899aeb934dfa2b92f697c10a77b265a3b96cc0eb118ab5f59eb7fea9286d,d1c2215b8ec3adb40dce2b8f4a13ad19cd9fc5e68dc5591ca0c36962f9f93d4d,d6bc089a312ed8804f63422839d465440c5fd67c,True,True,2026-05-31T00:48:19Z
M2-EXTERNAL-3D-ADAM-TRANSFER-V1_rga_meta_router_test_seed44_7307dde4,M2-EXTERNAL-3D-ADAM-TRANSFER-V1,3D-ADAM category-held-out,M2_external_transfer_v1_one_shot,44,rga_meta_router,test,elara_master_c/predictions/confirmation/M2-EXTERNAL-3D-ADAM-TRANSFER-V1__3D-ADAM_category-held-out__M2_external_transfer_v1_one_shot/rga_meta_router/test/seed_44__rerun_2.parquet,1378,7307dde47b0ecf577c5023b7801a450040610c66da1116735482ddb56d2fb8d0,d1c2215b8ec3adb40dce2b8f4a13ad19cd9fc5e68dc5591ca0c36962f9f93d4d,d6bc089a312ed8804f63422839d465440c5fd67c,True,True,2026-05-31T00:48:19Z
M2-EXTERNAL-3D-ADAM-TRANSFER-V1_early_fusion_mlp_test_seed44_d812b94e,M2-EXTERNAL-3D-ADAM-TRANSFER-V1,3D-ADAM category-held-out,M2_external_transfer_v1_one_shot,44,early_fusion_mlp,test,elara_master_c/predictions/confirmation/M2-EXTERNAL-3D-ADAM-TRANSFER-V1__3D-ADAM_category-held-out__M2_external_transfer_v1_one_shot/early_fusion_mlp/test/seed_44__rerun_2.parquet,1378,d812b94edbf381f1b89302442b657e12aed98d3f9d6b378963d470083a0b59df,d1c2215b8ec3adb40dce2b8f4a13ad19cd9fc5e68dc5591ca0c36962f9f93d4d,d6bc089a312ed8804f63422839d465440c5fd67c,True,True,2026-05-31T00:48:19Z
M2-EXTERNAL-3D-ADAM-TRANSFER-V1_late_fusion_ensemble_test_seed44_77802112,M2-EXTERNAL-3D-ADAM-TRANSFER-V1,3D-ADAM category-held-out,M2_external_transfer_v1_one_shot,44,late_fusion_ensemble,test,elara_master_c/predictions/confirmation/M2-EXTERNAL-3D-ADAM-TRANSFER-V1__3D-ADAM_category-held-out__M2_external_transfer_v1_one_shot/late_fusion_ensemble/test/seed_44__rerun_2.parquet,1378,7780211201486ef3c597036e7945a535fff876fa7a9a752f794cd31f12c8f91b,d1c2215b8ec3adb40dce2b8f4a13ad19cd9fc5e68dc5591ca0c36962f9f93d4d,d6bc089a312ed8804f63422839d465440c5fd67c,True,True,2026-05-31T00:48:19Z
M2-EXTERNAL-3D-ADAM-TRANSFER-V1_random_forest_test_seed44_40aa04fd,M2-EXTERNAL-3D-ADAM-TRANSFER-V1,3D-ADAM category-held-out,M2_external_transfer_v1_one_shot,44,random_forest,test,elara_master_c/predictions/confirmation/M2-EXTERNAL-3D-ADAM-TRANSFER-V1__3D-ADAM_category-held-out__M2_external_transfer_v1_one_shot/random_forest/test/seed_44__rerun_2.parquet,1378,40aa04fd7fdba3bad8880e387b95ac2b57e3b441b417caafc39896ce0b47fa4d,d1c2215b8ec3adb40dce2b8f4a13ad19cd9fc5e68dc5591ca0c36962f9f93d4d,d6bc089a312ed8804f63422839d465440c5fd67c,True,True,2026-05-31T00:48:19Z
M2-EXTERNAL-3D-ADAM-TRANSFER-V1_confidence_weighted_mean_test_seed44_53a45246,M2-EXTERNAL-3D-ADAM-TRANSFER-V1,3D-ADAM category-held-out,M2_external_transfer_v1_one_shot,44,confidence_weighted_mean,test,elara_master_c/predictions/confirmation/M2-EXTERNAL-3D-ADAM-TRANSFER-V1__3D-ADAM_category-held-out__M2_external_transfer_v1_one_shot/confidence_weighted_mean/test/seed_44__rerun_2.parquet,1378,53a452462c9bc398e518e0bc731e60d5bb25771153e5c9124e71695fa6578882,d1c2215b8ec3adb40dce2b8f4a13ad19cd9fc5e68dc5591ca0c36962f9f93d4d,d6bc089a312ed8804f63422839d465440c5fd67c,True,True,2026-05-31T00:48:20Z
M2-EXTERNAL-3D-ADAM-TRANSFER-V1_tent_score_adapter_test_seed44_6f8dcee1,M2-EXTERNAL-3D-ADAM-TRANSFER-V1,3D-ADAM category-held-out,M2_external_transfer_v1_one_shot,44,tent_score_adapter,test,elara_master_c/predictions/confirmation/M2-EXTERNAL-3D-ADAM-TRANSFER-V1__3D-ADAM_category-held-out__M2_external_transfer_v1_one_shot/tent_score_adapter/test/seed_44__rerun_2.parquet,1378,6f8dcee13f66931a54994e71315a024dfbaa5c76a838278a89f9dd52eec3cb30,d1c2215b8ec3adb40dce2b8f4a13ad19cd9fc5e68dc5591ca0c36962f9f93d4d,d6bc089a312ed8804f63422839d465440c5fd67c,True,True,2026-05-31T00:48:20Z
M2-EXTERNAL-3D-ADAM-TRANSFER-V1_ttt_pseudo_label_adapter_test_seed44_f90647db,M2-EXTERNAL-3D-ADAM-TRANSFER-V1,3D-ADAM category-held-out,M2_external_transfer_v1_one_shot,44,ttt_pseudo_label_adapter,test,elara_master_c/predictions/confirmation/M2-EXTERNAL-3D-ADAM-TRANSFER-V1__3D-ADAM_category-held-out__M2_external_transfer_v1_one_shot/ttt_pseudo_label_adapter/test/seed_44__rerun_2.parquet,1378,f90647db8eb99b8b3f72b8ccfb8b0494b6b28fb67490e4f8e088105075feac02,d1c2215b8ec3adb40dce2b8f4a13ad19cd9fc5e68dc5591ca0c36962f9f93d4d,d6bc089a312ed8804f63422839d465440c5fd67c,True,True,2026-05-31T00:48:20Z
M2-EXTERNAL-3D-ADAM-TRANSFER-V1_eata_score_adapter_test_seed44_e8e12b7f,M2-EXTERNAL-3D-ADAM-TRANSFER-V1,3D-ADAM category-held-out,M2_external_transfer_v1_one_shot,44,eata_score_adapter,test,elara_master_c/predictions/confirmation/M2-EXTERNAL-3D-ADAM-TRANSFER-V1__3D-ADAM_category-held-out__M2_external_transfer_v1_one_shot/eata_score_adapter/test/seed_44__rerun_2.parquet,1378,e8e12b7f069119126846d3949e79e6ee2773433d10904487d55d47b476dd57e9,d1c2215b8ec3adb40dce2b8f4a13ad19cd9fc5e68dc5591ca0c36962f9f93d4d,d6bc089a312ed8804f63422839d465440c5fd67c,True,True,2026-05-31T00:48:20Z
M2-EXTERNAL-3D-ADAM-TRANSFER-V1_sar_score_adapter_test_seed44_7fd753e1,M2-EXTERNAL-3D-ADAM-TRANSFER-V1,3D-ADAM category-held-out,M2_external_transfer_v1_one_shot,44,sar_score_adapter,test,elara_master_c/predictions/confirmation/M2-EXTERNAL-3D-ADAM-TRANSFER-V1__3D-ADAM_category-held-out__M2_external_transfer_v1_one_shot/sar_score_adapter/test/seed_44__rerun_2.parquet,1378,7fd753e1c999163a4a377cda3ea44e9b6992d3bd2ce9764cce69320764387e3d,d1c2215b8ec3adb40dce2b8f4a13ad19cd9fc5e68dc5591ca0c36962f9f93d4d,d6bc089a312ed8804f63422839d465440c5fd67c,True,True,2026-05-31T00:48:20Z
M2-EXTERNAL-3D-ADAM-TRANSFER-V1_static_attention_test_seed45_84f54738,M2-EXTERNAL-3D-ADAM-TRANSFER-V1,3D-ADAM category-held-out,M2_external_transfer_v1_one_shot,45,static_attention,test,elara_master_c/predictions/confirmation/M2-EXTERNAL-3D-ADAM-TRANSFER-V1__3D-ADAM_category-held-out__M2_external_transfer_v1_one_shot/static_attention/test/seed_45__rerun_2.parquet,1378,84f5473881a7ec2774b8e4d8f4d5a1cf7df66509b76d8a75f08203ce21f6bb92,d1c2215b8ec3adb40dce2b8f4a13ad19cd9fc5e68dc5591ca0c36962f9f93d4d,d6bc089a312ed8804f63422839d465440c5fd67c,True,True,2026-05-31T00:48:52Z
M2-EXTERNAL-3D-ADAM-TRANSFER-V1_craf_attention_test_seed45_ebae9012,M2-EXTERNAL-3D-ADAM-TRANSFER-V1,3D-ADAM category-held-out,M2_external_transfer_v1_one_shot,45,craf_attention,test,elara_master_c/predictions/confirmation/M2-EXTERNAL-3D-ADAM-TRANSFER-V1__3D-ADAM_category-held-out__M2_external_transfer_v1_one_shot/craf_attention/test/seed_45__rerun_2.parquet,1378,ebae90125755454db344467444031f33db5da9353b9adc2b43c6711ccf40f602,d1c2215b8ec3adb40dce2b8f4a13ad19cd9fc5e68dc5591ca0c36962f9f93d4d,d6bc089a312ed8804f63422839d465440c5fd67c,True,True,2026-05-31T00:48:52Z
M2-EXTERNAL-3D-ADAM-TRANSFER-V1_rga_boosted_fusion_test_seed45_9ffa3d55,M2-EXTERNAL-3D-ADAM-TRANSFER-V1,3D-ADAM category-held-out,M2_external_transfer_v1_one_shot,45,rga_boosted_fusion,test,elara_master_c/predictions/confirmation/M2-EXTERNAL-3D-ADAM-TRANSFER-V1__3D-ADAM_category-held-out__M2_external_transfer_v1_one_shot/rga_boosted_fusion/test/seed_45__rerun_2.parquet,1378,9ffa3d551e08d20d99f20af97d672011e85b46242d058369d74a697057b99b19,d1c2215b8ec3adb40dce2b8f4a13ad19cd9fc5e68dc5591ca0c36962f9f93d4d,d6bc089a312ed8804f63422839d465440c5fd67c,True,True,2026-05-31T00:48:52Z
M2-EXTERNAL-3D-ADAM-TRANSFER-V1_rga_meta_router_test_seed45_bf5a63d8,M2-EXTERNAL-3D-ADAM-TRANSFER-V1,3D-ADAM category-held-out,M2_external_transfer_v1_one_shot,45,rga_meta_router,test,elara_master_c/predictions/confirmation/M2-EXTERNAL-3D-ADAM-TRANSFER-V1__3D-ADAM_category-held-out__M2_external_transfer_v1_one_shot/rga_meta_router/test/seed_45__rerun_2.parquet,1378,bf5a63d89632a7ab09bf0e44e25dfb5128d3eec2ac48e2113c08d8f581a638e0,d1c2215b8ec3adb40dce2b8f4a13ad19cd9fc5e68dc5591ca0c36962f9f93d4d,d6bc089a312ed8804f63422839d465440c5fd67c,True,True,2026-05-31T00:48:52Z
M2-EXTERNAL-3D-ADAM-TRANSFER-V1_early_fusion_mlp_test_seed45_93d8f3b2,M2-EXTERNAL-3D-ADAM-TRANSFER-V1,3D-ADAM category-held-out,M2_external_transfer_v1_one_shot,45,early_fusion_mlp,test,elara_master_c/predictions/confirmation/M2-EXTERNAL-3D-ADAM-TRANSFER-V1__3D-ADAM_category-held-out__M2_external_transfer_v1_one_shot/early_fusion_mlp/test/seed_45__rerun_2.parquet,1378,93d8f3b271f40d6bdb6df7d31d35c0cf9508a6644da3f14ce05016b2156d0212,d1c2215b8ec3adb40dce2b8f4a13ad19cd9fc5e68dc5591ca0c36962f9f93d4d,d6bc089a312ed8804f63422839d465440c5fd67c,True,True,2026-05-31T00:48:52Z
M2-EXTERNAL-3D-ADAM-TRANSFER-V1_late_fusion_ensemble_test_seed45_d130a18d,M2-EXTERNAL-3D-ADAM-TRANSFER-V1,3D-ADAM category-held-out,M2_external_transfer_v1_one_shot,45,late_fusion_ensemble,test,elara_master_c/predictions/confirmation/M2-EXTERNAL-3D-ADAM-TRANSFER-V1__3D-ADAM_category-held-out__M2_external_transfer_v1_one_shot/late_fusion_ensemble/test/seed_45__rerun_2.parquet,1378,d130a18d6a63a3aa3f5abec4e9b119d424357260a6afdab352f92910c7a40486,d1c2215b8ec3adb40dce2b8f4a13ad19cd9fc5e68dc5591ca0c36962f9f93d4d,d6bc089a312ed8804f63422839d465440c5fd67c,True,True,2026-05-31T00:48:52Z
M2-EXTERNAL-3D-ADAM-TRANSFER-V1_random_forest_test_seed45_4c20525a,M2-EXTERNAL-3D-ADAM-TRANSFER-V1,3D-ADAM category-held-out,M2_external_transfer_v1_one_shot,45,random_forest,test,elara_master_c/predictions/confirmation/M2-EXTERNAL-3D-ADAM-TRANSFER-V1__3D-ADAM_category-held-out__M2_external_transfer_v1_one_shot/random_forest/test/seed_45__rerun_2.parquet,1378,4c20525abf94676349552fda410115c01680b968543bfde1649eb94f35c60736,d1c2215b8ec3adb40dce2b8f4a13ad19cd9fc5e68dc5591ca0c36962f9f93d4d,d6bc089a312ed8804f63422839d465440c5fd67c,True,True,2026-05-31T00:48:52Z
M2-EXTERNAL-3D-ADAM-TRANSFER-V1_confidence_weighted_mean_test_seed45_f8bd0339,M2-EXTERNAL-3D-ADAM-TRANSFER-V1,3D-ADAM category-held-out,M2_external_transfer_v1_one_shot,45,confidence_weighted_mean,test,elara_master_c/predictions/confirmation/M2-EXTERNAL-3D-ADAM-TRANSFER-V1__3D-ADAM_category-held-out__M2_external_transfer_v1_one_shot/confidence_weighted_mean/test/seed_45__rerun_2.parquet,1378,f8bd033905f700d241abb660f5da4ca408acaf65994ed8193114336fabf18ae5,d1c2215b8ec3adb40dce2b8f4a13ad19cd9fc5e68dc5591ca0c36962f9f93d4d,d6bc089a312ed8804f63422839d465440c5fd67c,True,True,2026-05-31T00:48:52Z
M2-EXTERNAL-3D-ADAM-TRANSFER-V1_tent_score_adapter_test_seed45_dfb47378,M2-EXTERNAL-3D-ADAM-TRANSFER-V1,3D-ADAM category-held-out,M2_external_transfer_v1_one_shot,45,tent_score_adapter,test,elara_master_c/predictions/confirmation/M2-EXTERNAL-3D-ADAM-TRANSFER-V1__3D-ADAM_category-held-out__M2_external_transfer_v1_one_shot/tent_score_adapter/test/seed_45__rerun_2.parquet,1378,dfb47378796f76b5cae9881371be06f92cc97136e4e2402c33f6c64d3a7b4126,d1c2215b8ec3adb40dce2b8f4a13ad19cd9fc5e68dc5591ca0c36962f9f93d4d,d6bc089a312ed8804f63422839d465440c5fd67c,True,True,2026-05-31T00:48:52Z
M2-EXTERNAL-3D-ADAM-TRANSFER-V1_ttt_pseudo_label_adapter_test_seed45_ce304dbb,M2-EXTERNAL-3D-ADAM-TRANSFER-V1,3D-ADAM category-held-out,M2_external_transfer_v1_one_shot,45,ttt_pseudo_label_adapter,test,elara_master_c/predictions/confirmation/M2-EXTERNAL-3D-ADAM-TRANSFER-V1__3D-ADAM_category-held-out__M2_external_transfer_v1_one_shot/ttt_pseudo_label_adapter/test/seed_45__rerun_2.parquet,1378,ce304dbb987256387e8e23081324b7103e1eaa47cb6d9bb08eb31ed9ca4546ce,d1c2215b8ec3adb40dce2b8f4a13ad19cd9fc5e68dc5591ca0c36962f9f93d4d,d6bc089a312ed8804f63422839d465440c5fd67c,True,True,2026-05-31T00:48:52Z
M2-EXTERNAL-3D-ADAM-TRANSFER-V1_eata_score_adapter_test_seed45_9b7c215d,M2-EXTERNAL-3D-ADAM-TRANSFER-V1,3D-ADAM category-held-out,M2_external_transfer_v1_one_shot,45,eata_score_adapter,test,elara_master_c/predictions/confirmation/M2-EXTERNAL-3D-ADAM-TRANSFER-V1__3D-ADAM_category-held-out__M2_external_transfer_v1_one_shot/eata_score_adapter/test/seed_45__rerun_2.parquet,1378,9b7c215d5ad5f8cee5b804c2faec32ec39f00d9e8adaee9d371f77887012f935,d1c2215b8ec3adb40dce2b8f4a13ad19cd9fc5e68dc5591ca0c36962f9f93d4d,d6bc089a312ed8804f63422839d465440c5fd67c,True,True,2026-05-31T00:48:52Z
M2-EXTERNAL-3D-ADAM-TRANSFER-V1_sar_score_adapter_test_seed45_4fd714c4,M2-EXTERNAL-3D-ADAM-TRANSFER-V1,3D-ADAM category-held-out,M2_external_transfer_v1_one_shot,45,sar_score_adapter,test,elara_master_c/predictions/confirmation/M2-EXTERNAL-3D-ADAM-TRANSFER-V1__3D-ADAM_category-held-out__M2_external_transfer_v1_one_shot/sar_score_adapter/test/seed_45__rerun_2.parquet,1378,4fd714c471b873b5b10211bc1fa883e218c3e3ed5ac46edb446f7633bd778524,d1c2215b8ec3adb40dce2b8f4a13ad19cd9fc5e68dc5591ca0c36962f9f93d4d,d6bc089a312ed8804f63422839d465440c5fd67c,True,True,2026-05-31T00:48:52Z
M3-HEALTHCARE_static_attention_test_seed42_2174b36b,M3-HEALTHCARE,GridPulse patient-stratified,M3_healthcare_confirmatory,42,static_attention,test,elara_master_c/predictions/confirmation/M3-HEALTHCARE__GridPulse_patient-stratified__M3_healthcare_confirmatory/static_attention/test/seed_42__rerun_1.parquet,26990,2174b36bc09a48fd89440f898404a78bda79442e3695ea6898dbf05d9219dda0,ed5d4d8f76470bfac019b879a6803ead0650b444fa7ea1ce9f50b77c37cfe6cd,d6bc089a312ed8804f63422839d465440c5fd67c,True,True,2026-05-31T00:48:57Z
M3-HEALTHCARE_craf_attention_test_seed42_fe01c10a,M3-HEALTHCARE,GridPulse patient-stratified,M3_healthcare_confirmatory,42,craf_attention,test,elara_master_c/predictions/confirmation/M3-HEALTHCARE__GridPulse_patient-stratified__M3_healthcare_confirmatory/craf_attention/test/seed_42__rerun_1.parquet,26990,fe01c10af730d710a0c594e29de3364e6ebeefc2ad7670c033f36856149805a5,ed5d4d8f76470bfac019b879a6803ead0650b444fa7ea1ce9f50b77c37cfe6cd,d6bc089a312ed8804f63422839d465440c5fd67c,True,True,2026-05-31T00:48:57Z
M3-HEALTHCARE_rga_boosted_fusion_test_seed42_26b53cf9,M3-HEALTHCARE,GridPulse patient-stratified,M3_healthcare_confirmatory,42,rga_boosted_fusion,test,elara_master_c/predictions/confirmation/M3-HEALTHCARE__GridPulse_patient-stratified__M3_healthcare_confirmatory/rga_boosted_fusion/test/seed_42__rerun_1.parquet,26990,26b53cf9a1f4d6f546be1cdb29573fff05984c89a36be97a94ac6f7b0c4e8708,ed5d4d8f76470bfac019b879a6803ead0650b444fa7ea1ce9f50b77c37cfe6cd,d6bc089a312ed8804f63422839d465440c5fd67c,True,True,2026-05-31T00:48:57Z
M3-HEALTHCARE_rga_meta_router_test_seed42_133d9341,M3-HEALTHCARE,GridPulse patient-stratified,M3_healthcare_confirmatory,42,rga_meta_router,test,elara_master_c/predictions/confirmation/M3-HEALTHCARE__GridPulse_patient-stratified__M3_healthcare_confirmatory/rga_meta_router/test/seed_42__rerun_1.parquet,26990,133d9341b2e76e4599c1122eda4da1a052c892d06055b791733c35be0a61d245,ed5d4d8f76470bfac019b879a6803ead0650b444fa7ea1ce9f50b77c37cfe6cd,d6bc089a312ed8804f63422839d465440c5fd67c,True,True,2026-05-31T00:48:57Z
M3-HEALTHCARE_early_fusion_mlp_test_seed42_caec531f,M3-HEALTHCARE,GridPulse patient-stratified,M3_healthcare_confirmatory,42,early_fusion_mlp,test,elara_master_c/predictions/confirmation/M3-HEALTHCARE__GridPulse_patient-stratified__M3_healthcare_confirmatory/early_fusion_mlp/test/seed_42__rerun_1.parquet,26990,caec531f2449c47f6703fe5e01d4a399dc38e8aff8e12cb2a527038fbbe6b75e,ed5d4d8f76470bfac019b879a6803ead0650b444fa7ea1ce9f50b77c37cfe6cd,d6bc089a312ed8804f63422839d465440c5fd67c,True,True,2026-05-31T00:48:57Z
M3-HEALTHCARE_late_fusion_ensemble_test_seed42_584ed807,M3-HEALTHCARE,GridPulse patient-stratified,M3_healthcare_confirmatory,42,late_fusion_ensemble,test,elara_master_c/predictions/confirmation/M3-HEALTHCARE__GridPulse_patient-stratified__M3_healthcare_confirmatory/late_fusion_ensemble/test/seed_42__rerun_1.parquet,26990,584ed8071133c984f5616ea64c41448792ac84e00ccff57d9a4818b2d18df69b,ed5d4d8f76470bfac019b879a6803ead0650b444fa7ea1ce9f50b77c37cfe6cd,d6bc089a312ed8804f63422839d465440c5fd67c,True,True,2026-05-31T00:48:57Z
M3-HEALTHCARE_random_forest_test_seed42_1332917f,M3-HEALTHCARE,GridPulse patient-stratified,M3_healthcare_confirmatory,42,random_forest,test,elara_master_c/predictions/confirmation/M3-HEALTHCARE__GridPulse_patient-stratified__M3_healthcare_confirmatory/random_forest/test/seed_42__rerun_1.parquet,26990,1332917fc628b33ffe161c3aca63eacb445079f7f8cef39d67f9abea59f3219f,ed5d4d8f76470bfac019b879a6803ead0650b444fa7ea1ce9f50b77c37cfe6cd,d6bc089a312ed8804f63422839d465440c5fd67c,True,True,2026-05-31T00:48:57Z
M3-HEALTHCARE_confidence_weighted_mean_test_seed42_6d845e5c,M3-HEALTHCARE,GridPulse patient-stratified,M3_healthcare_confirmatory,42,confidence_weighted_mean,test,elara_master_c/predictions/confirmation/M3-HEALTHCARE__GridPulse_patient-stratified__M3_healthcare_confirmatory/confidence_weighted_mean/test/seed_42__rerun_1.parquet,26990,6d845e5cd0005c02f851b21f30d90e0fcc35188866efff13b3d58c6ce2c890bb,ed5d4d8f76470bfac019b879a6803ead0650b444fa7ea1ce9f50b77c37cfe6cd,d6bc089a312ed8804f63422839d465440c5fd67c,True,True,2026-05-31T00:48:57Z
M3-HEALTHCARE_tent_score_adapter_test_seed42_cb5803ec,M3-HEALTHCARE,GridPulse patient-stratified,M3_healthcare_confirmatory,42,tent_score_adapter,test,elara_master_c/predictions/confirmation/M3-HEALTHCARE__GridPulse_patient-stratified__M3_healthcare_confirmatory/tent_score_adapter/test/seed_42__rerun_1.parquet,26990,cb5803ec60258452024811a391d0dbdecf232ae1b4c647f4fdc7b24319434853,ed5d4d8f76470bfac019b879a6803ead0650b444fa7ea1ce9f50b77c37cfe6cd,d6bc089a312ed8804f63422839d465440c5fd67c,True,True,2026-05-31T00:48:58Z
M3-HEALTHCARE_ttt_pseudo_label_adapter_test_seed42_53721bab,M3-HEALTHCARE,GridPulse patient-stratified,M3_healthcare_confirmatory,42,ttt_pseudo_label_adapter,test,elara_master_c/predictions/confirmation/M3-HEALTHCARE__GridPulse_patient-stratified__M3_healthcare_confirmatory/ttt_pseudo_label_adapter/test/seed_42__rerun_1.parquet,26990,53721babc26b4638ae3d727cbc6ebd61accd15f60406af0a599cc9451b921a9a,ed5d4d8f76470bfac019b879a6803ead0650b444fa7ea1ce9f50b77c37cfe6cd,d6bc089a312ed8804f63422839d465440c5fd67c,True,True,2026-05-31T00:48:58Z
M3-HEALTHCARE_eata_score_adapter_test_seed42_90779e94,M3-HEALTHCARE,GridPulse patient-stratified,M3_healthcare_confirmatory,42,eata_score_adapter,test,elara_master_c/predictions/confirmation/M3-HEALTHCARE__GridPulse_patient-stratified__M3_healthcare_confirmatory/eata_score_adapter/test/seed_42__rerun_1.parquet,26990,90779e9473da5216080deeda7e2d303feca8cb8a9bc25e4e06bf20b9679fd37d,ed5d4d8f76470bfac019b879a6803ead0650b444fa7ea1ce9f50b77c37cfe6cd,d6bc089a312ed8804f63422839d465440c5fd67c,True,True,2026-05-31T00:48:58Z
M3-HEALTHCARE_sar_score_adapter_test_seed42_6f4160a2,M3-HEALTHCARE,GridPulse patient-stratified,M3_healthcare_confirmatory,42,sar_score_adapter,test,elara_master_c/predictions/confirmation/M3-HEALTHCARE__GridPulse_patient-stratified__M3_healthcare_confirmatory/sar_score_adapter/test/seed_42__rerun_1.parquet,26990,6f4160a24e65d6265ddc0ce5fc3031612a489b35beaaef7caf690b926842a4fe,ed5d4d8f76470bfac019b879a6803ead0650b444fa7ea1ce9f50b77c37cfe6cd,d6bc089a312ed8804f63422839d465440c5fd67c,True,True,2026-05-31T00:48:58Z
M2-EXTERNAL-3D-ADAM-TRANSFER-V1_static_attention_test_seed46_9d94f124,M2-EXTERNAL-3D-ADAM-TRANSFER-V1,3D-ADAM category-held-out,M2_external_transfer_v1_one_shot,46,static_attention,test,elara_master_c/predictions/confirmation/M2-EXTERNAL-3D-ADAM-TRANSFER-V1__3D-ADAM_category-held-out__M2_external_transfer_v1_one_shot/static_attention/test/seed_46__rerun_2.parquet,1378,9d94f124c66bd1e9bf83c2de1d54bd3fbba71c7a0df4c124e71c9cc460b1f9c4,d1c2215b8ec3adb40dce2b8f4a13ad19cd9fc5e68dc5591ca0c36962f9f93d4d,d6bc089a312ed8804f63422839d465440c5fd67c,True,True,2026-05-31T00:49:19Z
M2-EXTERNAL-3D-ADAM-TRANSFER-V1_craf_attention_test_seed46_3912661d,M2-EXTERNAL-3D-ADAM-TRANSFER-V1,3D-ADAM category-held-out,M2_external_transfer_v1_one_shot,46,craf_attention,test,elara_master_c/predictions/confirmation/M2-EXTERNAL-3D-ADAM-TRANSFER-V1__3D-ADAM_category-held-out__M2_external_transfer_v1_one_shot/craf_attention/test/seed_46__rerun_2.parquet,1378,3912661d2d6b9dcbd4475e92ff6560631a7ecbc62b973161018ef0bb33c5d52b,d1c2215b8ec3adb40dce2b8f4a13ad19cd9fc5e68dc5591ca0c36962f9f93d4d,d6bc089a312ed8804f63422839d465440c5fd67c,True,True,2026-05-31T00:49:19Z
M2-EXTERNAL-3D-ADAM-TRANSFER-V1_rga_boosted_fusion_test_seed46_f36fb986,M2-EXTERNAL-3D-ADAM-TRANSFER-V1,3D-ADAM category-held-out,M2_external_transfer_v1_one_shot,46,rga_boosted_fusion,test,elara_master_c/predictions/confirmation/M2-EXTERNAL-3D-ADAM-TRANSFER-V1__3D-ADAM_category-held-out__M2_external_transfer_v1_one_shot/rga_boosted_fusion/test/seed_46__rerun_2.parquet,1378,f36fb986be21c586913202fe6faaf36cdfb3a6dc16ac9cfa6109e99639fe0579,d1c2215b8ec3adb40dce2b8f4a13ad19cd9fc5e68dc5591ca0c36962f9f93d4d,d6bc089a312ed8804f63422839d465440c5fd67c,True,True,2026-05-31T00:49:19Z
M2-EXTERNAL-3D-ADAM-TRANSFER-V1_rga_meta_router_test_seed46_50ed87b4,M2-EXTERNAL-3D-ADAM-TRANSFER-V1,3D-ADAM category-held-out,M2_external_transfer_v1_one_shot,46,rga_meta_router,test,elara_master_c/predictions/confirmation/M2-EXTERNAL-3D-ADAM-TRANSFER-V1__3D-ADAM_category-held-out__M2_external_transfer_v1_one_shot/rga_meta_router/test/seed_46__rerun_2.parquet,1378,50ed87b406cf68b243af1e2aa873dc79fe3cbdcccd7de2dc91dfc69d53483378,d1c2215b8ec3adb40dce2b8f4a13ad19cd9fc5e68dc5591ca0c36962f9f93d4d,d6bc089a312ed8804f63422839d465440c5fd67c,True,True,2026-05-31T00:49:19Z
M2-EXTERNAL-3D-ADAM-TRANSFER-V1_early_fusion_mlp_test_seed46_6e14205f,M2-EXTERNAL-3D-ADAM-TRANSFER-V1,3D-ADAM category-held-out,M2_external_transfer_v1_one_shot,46,early_fusion_mlp,test,elara_master_c/predictions/confirmation/M2-EXTERNAL-3D-ADAM-TRANSFER-V1__3D-ADAM_category-held-out__M2_external_transfer_v1_one_shot/early_fusion_mlp/test/seed_46__rerun_2.parquet,1378,6e14205f073d836a84af0e762698c7eb15f799d1b07f5db53861dc4c260a94a7,d1c2215b8ec3adb40dce2b8f4a13ad19cd9fc5e68dc5591ca0c36962f9f93d4d,d6bc089a312ed8804f63422839d465440c5fd67c,True,True,2026-05-31T00:49:19Z
M2-EXTERNAL-3D-ADAM-TRANSFER-V1_late_fusion_ensemble_test_seed46_863cdfa9,M2-EXTERNAL-3D-ADAM-TRANSFER-V1,3D-ADAM category-held-out,M2_external_transfer_v1_one_shot,46,late_fusion_ensemble,test,elara_master_c/predictions/confirmation/M2-EXTERNAL-3D-ADAM-TRANSFER-V1__3D-ADAM_category-held-out__M2_external_transfer_v1_one_shot/late_fusion_ensemble/test/seed_46__rerun_2.parquet,1378,863cdfa911e8fb64649638f88ffc395f7c6bbfb4a4c934bcfc3af3b9ab7a0893,d1c2215b8ec3adb40dce2b8f4a13ad19cd9fc5e68dc5591ca0c36962f9f93d4d,d6bc089a312ed8804f63422839d465440c5fd67c,True,True,2026-05-31T00:49:19Z
M2-EXTERNAL-3D-ADAM-TRANSFER-V1_random_forest_test_seed46_26eb3fae,M2-EXTERNAL-3D-ADAM-TRANSFER-V1,3D-ADAM category-held-out,M2_external_transfer_v1_one_shot,46,random_forest,test,elara_master_c/predictions/confirmation/M2-EXTERNAL-3D-ADAM-TRANSFER-V1__3D-ADAM_category-held-out__M2_external_transfer_v1_one_shot/random_forest/test/seed_46__rerun_2.parquet,1378,26eb3fae58c6776f690331f8e63cdae74110677502a817ce9e5b934ce09c91ec,d1c2215b8ec3adb40dce2b8f4a13ad19cd9fc5e68dc5591ca0c36962f9f93d4d,d6bc089a312ed8804f63422839d465440c5fd67c,True,True,2026-05-31T00:49:19Z
M2-EXTERNAL-3D-ADAM-TRANSFER-V1_confidence_weighted_mean_test_seed46_5e3c4ff0,M2-EXTERNAL-3D-ADAM-TRANSFER-V1,3D-ADAM category-held-out,M2_external_transfer_v1_one_shot,46,confidence_weighted_mean,test,elara_master_c/predictions/confirmation/M2-EXTERNAL-3D-ADAM-TRANSFER-V1__3D-ADAM_category-held-out__M2_external_transfer_v1_one_shot/confidence_weighted_mean/test/seed_46__rerun_2.parquet,1378,5e3c4ff0b1b53ca672e8378a3ae7b32aa2209a154ccf41e61ef1b3e9995efb39,d1c2215b8ec3adb40dce2b8f4a13ad19cd9fc5e68dc5591ca0c36962f9f93d4d,d6bc089a312ed8804f63422839d465440c5fd67c,True,True,2026-05-31T00:49:19Z
M2-EXTERNAL-3D-ADAM-TRANSFER-V1_tent_score_adapter_test_seed46_a19a16e8,M2-EXTERNAL-3D-ADAM-TRANSFER-V1,3D-ADAM category-held-out,M2_external_transfer_v1_one_shot,46,tent_score_adapter,test,elara_master_c/predictions/confirmation/M2-EXTERNAL-3D-ADAM-TRANSFER-V1__3D-ADAM_category-held-out__M2_external_transfer_v1_one_shot/tent_score_adapter/test/seed_46__rerun_2.parquet,1378,a19a16e86e162436ab7f8fb4f06db78aaf54aee74148e74c1287fe9486026ee7,d1c2215b8ec3adb40dce2b8f4a13ad19cd9fc5e68dc5591ca0c36962f9f93d4d,d6bc089a312ed8804f63422839d465440c5fd67c,True,True,2026-05-31T00:49:19Z
M2-EXTERNAL-3D-ADAM-TRANSFER-V1_ttt_pseudo_label_adapter_test_seed46_7ffd0a07,M2-EXTERNAL-3D-ADAM-TRANSFER-V1,3D-ADAM category-held-out,M2_external_transfer_v1_one_shot,46,ttt_pseudo_label_adapter,test,elara_master_c/predictions/confirmation/M2-EXTERNAL-3D-ADAM-TRANSFER-V1__3D-ADAM_category-held-out__M2_external_transfer_v1_one_shot/ttt_pseudo_label_adapter/test/seed_46__rerun_2.parquet,1378,7ffd0a07fa3838ee8614a3f9eedc2667425f07118f84495be141935bd475b864,d1c2215b8ec3adb40dce2b8f4a13ad19cd9fc5e68dc5591ca0c36962f9f93d4d,d6bc089a312ed8804f63422839d465440c5fd67c,True,True,2026-05-31T00:49:20Z
M2-EXTERNAL-3D-ADAM-TRANSFER-V1_eata_score_adapter_test_seed46_09baecdd,M2-EXTERNAL-3D-ADAM-TRANSFER-V1,3D-ADAM category-held-out,M2_external_transfer_v1_one_shot,46,eata_score_adapter,test,elara_master_c/predictions/confirmation/M2-EXTERNAL-3D-ADAM-TRANSFER-V1__3D-ADAM_category-held-out__M2_external_transfer_v1_one_shot/eata_score_adapter/test/seed_46__rerun_2.parquet,1378,09baecdd2006b83dbe96213507654d2de9ba77ea2516d4aec80718b2607a5cef,d1c2215b8ec3adb40dce2b8f4a13ad19cd9fc5e68dc5591ca0c36962f9f93d4d,d6bc089a312ed8804f63422839d465440c5fd67c,True,True,2026-05-31T00:49:20Z
M2-EXTERNAL-3D-ADAM-TRANSFER-V1_sar_score_adapter_test_seed46_fedac89a,M2-EXTERNAL-3D-ADAM-TRANSFER-V1,3D-ADAM category-held-out,M2_external_transfer_v1_one_shot,46,sar_score_adapter,test,elara_master_c/predictions/confirmation/M2-EXTERNAL-3D-ADAM-TRANSFER-V1__3D-ADAM_category-held-out__M2_external_transfer_v1_one_shot/sar_score_adapter/test/seed_46__rerun_2.parquet,1378,fedac89a89f8bdb6eeb591dd57af9bd876337d6bc0caf4129d059a173503e15f,d1c2215b8ec3adb40dce2b8f4a13ad19cd9fc5e68dc5591ca0c36962f9f93d4d,d6bc089a312ed8804f63422839d465440c5fd67c,True,True,2026-05-31T00:49:20Z
M3-HEALTHCARE_static_attention_test_seed43_c74d764e,M3-HEALTHCARE,GridPulse patient-stratified,M3_healthcare_confirmatory,43,static_attention,test,elara_master_c/predictions/confirmation/M3-HEALTHCARE__GridPulse_patient-stratified__M3_healthcare_confirmatory/static_attention/test/seed_43.parquet,26990,c74d764e5a77d8d19817bfdb990f9b11cfc483ac1bf13b538cf72a737ab86408,ed5d4d8f76470bfac019b879a6803ead0650b444fa7ea1ce9f50b77c37cfe6cd,d6bc089a312ed8804f63422839d465440c5fd67c,True,True,2026-05-31T00:49:56Z
M3-HEALTHCARE_craf_attention_test_seed43_ff34eeca,M3-HEALTHCARE,GridPulse patient-stratified,M3_healthcare_confirmatory,43,craf_attention,test,elara_master_c/predictions/confirmation/M3-HEALTHCARE__GridPulse_patient-stratified__M3_healthcare_confirmatory/craf_attention/test/seed_43.parquet,26990,ff34eecae8364ae3db3843be24ccf18a522629e58840ae8af1ef2e4ce9c6070c,ed5d4d8f76470bfac019b879a6803ead0650b444fa7ea1ce9f50b77c37cfe6cd,d6bc089a312ed8804f63422839d465440c5fd67c,True,True,2026-05-31T00:49:56Z
M3-HEALTHCARE_rga_boosted_fusion_test_seed43_611263aa,M3-HEALTHCARE,GridPulse patient-stratified,M3_healthcare_confirmatory,43,rga_boosted_fusion,test,elara_master_c/predictions/confirmation/M3-HEALTHCARE__GridPulse_patient-stratified__M3_healthcare_confirmatory/rga_boosted_fusion/test/seed_43.parquet,26990,611263aa2a0018094b4f25305c3a45cf804f070f403429075b0d01cace2dcd7c,ed5d4d8f76470bfac019b879a6803ead0650b444fa7ea1ce9f50b77c37cfe6cd,d6bc089a312ed8804f63422839d465440c5fd67c,True,True,2026-05-31T00:49:56Z
M3-HEALTHCARE_rga_meta_router_test_seed43_19527e9b,M3-HEALTHCARE,GridPulse patient-stratified,M3_healthcare_confirmatory,43,rga_meta_router,test,elara_master_c/predictions/confirmation/M3-HEALTHCARE__GridPulse_patient-stratified__M3_healthcare_confirmatory/rga_meta_router/test/seed_43.parquet,26990,19527e9b4fe0ee9d03c098070699a378d2b8387c181b3513c418b7a7fc10eca1,ed5d4d8f76470bfac019b879a6803ead0650b444fa7ea1ce9f50b77c37cfe6cd,d6bc089a312ed8804f63422839d465440c5fd67c,True,True,2026-05-31T00:49:56Z
M3-HEALTHCARE_early_fusion_mlp_test_seed43_76ba192d,M3-HEALTHCARE,GridPulse patient-stratified,M3_healthcare_confirmatory,43,early_fusion_mlp,test,elara_master_c/predictions/confirmation/M3-HEALTHCARE__GridPulse_patient-stratified__M3_healthcare_confirmatory/early_fusion_mlp/test/seed_43.parquet,26990,76ba192df45c63ec16222ceb64a9b0145220ab2a20d9b47948aca305db7f38ae,ed5d4d8f76470bfac019b879a6803ead0650b444fa7ea1ce9f50b77c37cfe6cd,d6bc089a312ed8804f63422839d465440c5fd67c,True,True,2026-05-31T00:49:56Z
M3-HEALTHCARE_late_fusion_ensemble_test_seed43_f343989b,M3-HEALTHCARE,GridPulse patient-stratified,M3_healthcare_confirmatory,43,late_fusion_ensemble,test,elara_master_c/predictions/confirmation/M3-HEALTHCARE__GridPulse_patient-stratified__M3_healthcare_confirmatory/late_fusion_ensemble/test/seed_43.parquet,26990,f343989be60a9efc6ae8a05d0247fe68a9d3bb03cfd824de6e8fed93b72a5557,ed5d4d8f76470bfac019b879a6803ead0650b444fa7ea1ce9f50b77c37cfe6cd,d6bc089a312ed8804f63422839d465440c5fd67c,True,True,2026-05-31T00:49:56Z
M3-HEALTHCARE_random_forest_test_seed43_03ed91e5,M3-HEALTHCARE,GridPulse patient-stratified,M3_healthcare_confirmatory,43,random_forest,test,elara_master_c/predictions/confirmation/M3-HEALTHCARE__GridPulse_patient-stratified__M3_healthcare_confirmatory/random_forest/test/seed_43.parquet,26990,03ed91e5238cb7b22f2bc924a1a7bd251918adfae9a5c3e6b288377da2cd374e,ed5d4d8f76470bfac019b879a6803ead0650b444fa7ea1ce9f50b77c37cfe6cd,d6bc089a312ed8804f63422839d465440c5fd67c,True,True,2026-05-31T00:49:56Z
M3-HEALTHCARE_confidence_weighted_mean_test_seed43_f2b2893b,M3-HEALTHCARE,GridPulse patient-stratified,M3_healthcare_confirmatory,43,confidence_weighted_mean,test,elara_master_c/predictions/confirmation/M3-HEALTHCARE__GridPulse_patient-stratified__M3_healthcare_confirmatory/confidence_weighted_mean/test/seed_43.parquet,26990,f2b2893bc0759cd0e2dbd7d6c8bf1867c65e9f6feba1587cd684f79c0b0418ff,ed5d4d8f76470bfac019b879a6803ead0650b444fa7ea1ce9f50b77c37cfe6cd,d6bc089a312ed8804f63422839d465440c5fd67c,True,True,2026-05-31T00:49:56Z
M3-HEALTHCARE_tent_score_adapter_test_seed43_cf23c816,M3-HEALTHCARE,GridPulse patient-stratified,M3_healthcare_confirmatory,43,tent_score_adapter,test,elara_master_c/predictions/confirmation/M3-HEALTHCARE__GridPulse_patient-stratified__M3_healthcare_confirmatory/tent_score_adapter/test/seed_43.parquet,26990,cf23c816683ed0bebf96dd59165539fbbc2d1c1c5f2b3535a9f2ba3e7df8b2c9,ed5d4d8f76470bfac019b879a6803ead0650b444fa7ea1ce9f50b77c37cfe6cd,d6bc089a312ed8804f63422839d465440c5fd67c,True,True,2026-05-31T00:49:56Z
M3-HEALTHCARE_ttt_pseudo_label_adapter_test_seed43_86bc21e8,M3-HEALTHCARE,GridPulse patient-stratified,M3_healthcare_confirmatory,43,ttt_pseudo_label_adapter,test,elara_master_c/predictions/confirmation/M3-HEALTHCARE__GridPulse_patient-stratified__M3_healthcare_confirmatory/ttt_pseudo_label_adapter/test/seed_43.parquet,26990,86bc21e85aea3ccb2f5a32efbba4a806c0363754564d3b3ef87ebeb5b02c7def,ed5d4d8f76470bfac019b879a6803ead0650b444fa7ea1ce9f50b77c37cfe6cd,d6bc089a312ed8804f63422839d465440c5fd67c,True,True,2026-05-31T00:49:56Z
M3-HEALTHCARE_eata_score_adapter_test_seed43_25bae38d,M3-HEALTHCARE,GridPulse patient-stratified,M3_healthcare_confirmatory,43,eata_score_adapter,test,elara_master_c/predictions/confirmation/M3-HEALTHCARE__GridPulse_patient-stratified__M3_healthcare_confirmatory/eata_score_adapter/test/seed_43.parquet,26990,25bae38d782d22a9f98a2c7c32634672a477f6402aedff3ae2897dae5f527ad7,ed5d4d8f76470bfac019b879a6803ead0650b444fa7ea1ce9f50b77c37cfe6cd,d6bc089a312ed8804f63422839d465440c5fd67c,True,True,2026-05-31T00:49:57Z
M3-HEALTHCARE_sar_score_adapter_test_seed43_23ff4c85,M3-HEALTHCARE,GridPulse patient-stratified,M3_healthcare_confirmatory,43,sar_score_adapter,test,elara_master_c/predictions/confirmation/M3-HEALTHCARE__GridPulse_patient-stratified__M3_healthcare_confirmatory/sar_score_adapter/test/seed_43.parquet,26990,23ff4c85689eb5503e5d35702f7c21364f9e6972cce57c692613870ef61a13b9,ed5d4d8f76470bfac019b879a6803ead0650b444fa7ea1ce9f50b77c37cfe6cd,d6bc089a312ed8804f63422839d465440c5fd67c,True,True,2026-05-31T00:49:57Z
M3-BIDMC_static_attention_test_seed45_1ec6e3de,M3-BIDMC,BIDMC patient-stratified,M3_bidmc_confirmatory,45,static_attention,test,elara_master_c/predictions/confirmation/M3-BIDMC__BIDMC_patient-stratified__M3_bidmc_confirmatory/static_attention/test/seed_45.parquet,5291,1ec6e3de089d234cb2b8f4a40fce30bd84e0048ef3cd10234260a246671abd20,2d2cb475d13284038a9fc76b54da8a215d73ab5fcf03d8803becdabc0cf4a0e7,d6bc089a312ed8804f63422839d465440c5fd67c,True,True,2026-05-31T00:50:37Z
M3-BIDMC_craf_attention_test_seed45_ed9e3796,M3-BIDMC,BIDMC patient-stratified,M3_bidmc_confirmatory,45,craf_attention,test,elara_master_c/predictions/confirmation/M3-BIDMC__BIDMC_patient-stratified__M3_bidmc_confirmatory/craf_attention/test/seed_45.parquet,5291,ed9e3796e9e7148e9416d902fc5219f9bcbf3defce67ba18bb9cc301ec535a2e,2d2cb475d13284038a9fc76b54da8a215d73ab5fcf03d8803becdabc0cf4a0e7,d6bc089a312ed8804f63422839d465440c5fd67c,True,True,2026-05-31T00:50:37Z
M3-BIDMC_rga_boosted_fusion_test_seed45_8cb8ff81,M3-BIDMC,BIDMC patient-stratified,M3_bidmc_confirmatory,45,rga_boosted_fusion,test,elara_master_c/predictions/confirmation/M3-BIDMC__BIDMC_patient-stratified__M3_bidmc_confirmatory/rga_boosted_fusion/test/seed_45.parquet,5291,8cb8ff81535c7b2e6a95d93d8c5c77b497b01411d9d191f5b03b018f864db9e1,2d2cb475d13284038a9fc76b54da8a215d73ab5fcf03d8803becdabc0cf4a0e7,d6bc089a312ed8804f63422839d465440c5fd67c,True,True,2026-05-31T00:50:37Z
M3-BIDMC_rga_meta_router_test_seed45_63cb7e32,M3-BIDMC,BIDMC patient-stratified,M3_bidmc_confirmatory,45,rga_meta_router,test,elara_master_c/predictions/confirmation/M3-BIDMC__BIDMC_patient-stratified__M3_bidmc_confirmatory/rga_meta_router/test/seed_45.parquet,5291,63cb7e32a69aa5aeed03e8dc75f7340e8ce50e548c5c28026053e77d2c492beb,2d2cb475d13284038a9fc76b54da8a215d73ab5fcf03d8803becdabc0cf4a0e7,d6bc089a312ed8804f63422839d465440c5fd67c,True,True,2026-05-31T00:50:37Z
M3-BIDMC_early_fusion_mlp_test_seed45_f3fd6a2d,M3-BIDMC,BIDMC patient-stratified,M3_bidmc_confirmatory,45,early_fusion_mlp,test,elara_master_c/predictions/confirmation/M3-BIDMC__BIDMC_patient-stratified__M3_bidmc_confirmatory/early_fusion_mlp/test/seed_45.parquet,5291,f3fd6a2d159602589af4b7746f71a79b838e9d426d479e4d77c0c4e011bd604f,2d2cb475d13284038a9fc76b54da8a215d73ab5fcf03d8803becdabc0cf4a0e7,d6bc089a312ed8804f63422839d465440c5fd67c,True,True,2026-05-31T00:50:37Z
M3-BIDMC_late_fusion_ensemble_test_seed45_43d62c66,M3-BIDMC,BIDMC patient-stratified,M3_bidmc_confirmatory,45,late_fusion_ensemble,test,elara_master_c/predictions/confirmation/M3-BIDMC__BIDMC_patient-stratified__M3_bidmc_confirmatory/late_fusion_ensemble/test/seed_45.parquet,5291,43d62c66557991612370459cda8f51ac810854b7462091a147961447bda135b2,2d2cb475d13284038a9fc76b54da8a215d73ab5fcf03d8803becdabc0cf4a0e7,d6bc089a312ed8804f63422839d465440c5fd67c,True,True,2026-05-31T00:50:37Z
M3-BIDMC_random_forest_test_seed45_14e8714d,M3-BIDMC,BIDMC patient-stratified,M3_bidmc_confirmatory,45,random_forest,test,elara_master_c/predictions/confirmation/M3-BIDMC__BIDMC_patient-stratified__M3_bidmc_confirmatory/random_forest/test/seed_45.parquet,5291,14e8714d5ed75b3fd80a34eb62e84d288814aa6e099f0f15f5347d4c6569f416,2d2cb475d13284038a9fc76b54da8a215d73ab5fcf03d8803becdabc0cf4a0e7,d6bc089a312ed8804f63422839d465440c5fd67c,True,True,2026-05-31T00:50:37Z
M3-BIDMC_confidence_weighted_mean_test_seed45_81ed0c8d,M3-BIDMC,BIDMC patient-stratified,M3_bidmc_confirmatory,45,confidence_weighted_mean,test,elara_master_c/predictions/confirmation/M3-BIDMC__BIDMC_patient-stratified__M3_bidmc_confirmatory/confidence_weighted_mean/test/seed_45.parquet,5291,81ed0c8d90f1806175ede2c8ca39cb548801c3648baec8cdefc58afd994b03cd,2d2cb475d13284038a9fc76b54da8a215d73ab5fcf03d8803becdabc0cf4a0e7,d6bc089a312ed8804f63422839d465440c5fd67c,True,True,2026-05-31T00:50:37Z
M3-BIDMC_tent_score_adapter_test_seed45_f11d8b62,M3-BIDMC,BIDMC patient-stratified,M3_bidmc_confirmatory,45,tent_score_adapter,test,elara_master_c/predictions/confirmation/M3-BIDMC__BIDMC_patient-stratified__M3_bidmc_confirmatory/tent_score_adapter/test/seed_45.parquet,5291,f11d8b628a121d132b072bc52bb5705161d10f5f4be33ccb642265e0fce7ad51,2d2cb475d13284038a9fc76b54da8a215d73ab5fcf03d8803becdabc0cf4a0e7,d6bc089a312ed8804f63422839d465440c5fd67c,True,True,2026-05-31T00:50:37Z
M3-BIDMC_ttt_pseudo_label_adapter_test_seed45_4b58206e,M3-BIDMC,BIDMC patient-stratified,M3_bidmc_confirmatory,45,ttt_pseudo_label_adapter,test,elara_master_c/predictions/confirmation/M3-BIDMC__BIDMC_patient-stratified__M3_bidmc_confirmatory/ttt_pseudo_label_adapter/test/seed_45.parquet,5291,4b58206ee237693c40667df0bce4c22c18bf5fb0c22d214435a083d8921a95dc,2d2cb475d13284038a9fc76b54da8a215d73ab5fcf03d8803becdabc0cf4a0e7,d6bc089a312ed8804f63422839d465440c5fd67c,True,True,2026-05-31T00:50:37Z
M3-BIDMC_eata_score_adapter_test_seed45_c2bba3ca,M3-BIDMC,BIDMC patient-stratified,M3_bidmc_confirmatory,45,eata_score_adapter,test,elara_master_c/predictions/confirmation/M3-BIDMC__BIDMC_patient-stratified__M3_bidmc_confirmatory/eata_score_adapter/test/seed_45.parquet,5291,c2bba3ca5f95edeecb2dc33acfd455396f617e5e2589696a2015cea4060dad7a,2d2cb475d13284038a9fc76b54da8a215d73ab5fcf03d8803becdabc0cf4a0e7,d6bc089a312ed8804f63422839d465440c5fd67c,True,True,2026-05-31T00:50:38Z
M3-BIDMC_sar_score_adapter_test_seed45_a0201d9a,M3-BIDMC,BIDMC patient-stratified,M3_bidmc_confirmatory,45,sar_score_adapter,test,elara_master_c/predictions/confirmation/M3-BIDMC__BIDMC_patient-stratified__M3_bidmc_confirmatory/sar_score_adapter/test/seed_45.parquet,5291,a0201d9a435e13d46cab619dd6f19b007e05abe3b9b347a2b9ab2e31a725ecf9,2d2cb475d13284038a9fc76b54da8a215d73ab5fcf03d8803becdabc0cf4a0e7,d6bc089a312ed8804f63422839d465440c5fd67c,True,True,2026-05-31T00:50:38Z
M3-BIDMC_static_attention_test_seed46_a394160d,M3-BIDMC,BIDMC patient-stratified,M3_bidmc_confirmatory,46,static_attention,test,elara_master_c/predictions/confirmation/M3-BIDMC__BIDMC_patient-stratified__M3_bidmc_confirmatory/static_attention/test/seed_46.parquet,5291,a394160d63c2221e607a7fe4fe5a9bed71f6a16d0933fc9a847347a7b972da2f,2d2cb475d13284038a9fc76b54da8a215d73ab5fcf03d8803becdabc0cf4a0e7,d6bc089a312ed8804f63422839d465440c5fd67c,True,True,2026-05-31T00:51:20Z
M3-BIDMC_craf_attention_test_seed46_79247d6d,M3-BIDMC,BIDMC patient-stratified,M3_bidmc_confirmatory,46,craf_attention,test,elara_master_c/predictions/confirmation/M3-BIDMC__BIDMC_patient-stratified__M3_bidmc_confirmatory/craf_attention/test/seed_46.parquet,5291,79247d6dd5c5e92e2f5e345494f40c193e0a51ff50b4be12021996da9bfa38d7,2d2cb475d13284038a9fc76b54da8a215d73ab5fcf03d8803becdabc0cf4a0e7,d6bc089a312ed8804f63422839d465440c5fd67c,True,True,2026-05-31T00:51:20Z
M3-BIDMC_rga_boosted_fusion_test_seed46_456c96bc,M3-BIDMC,BIDMC patient-stratified,M3_bidmc_confirmatory,46,rga_boosted_fusion,test,elara_master_c/predictions/confirmation/M3-BIDMC__BIDMC_patient-stratified__M3_bidmc_confirmatory/rga_boosted_fusion/test/seed_46.parquet,5291,456c96bcf53d03639c3ec7c11a5b1e7c55e505f8ca21eea4a95dd3f0e35678cd,2d2cb475d13284038a9fc76b54da8a215d73ab5fcf03d8803becdabc0cf4a0e7,d6bc089a312ed8804f63422839d465440c5fd67c,True,True,2026-05-31T00:51:20Z
M3-BIDMC_rga_meta_router_test_seed46_7c8d2b44,M3-BIDMC,BIDMC patient-stratified,M3_bidmc_confirmatory,46,rga_meta_router,test,elara_master_c/predictions/confirmation/M3-BIDMC__BIDMC_patient-stratified__M3_bidmc_confirmatory/rga_meta_router/test/seed_46.parquet,5291,7c8d2b44aebbccd4d5f5b7a4ac5d6ac1303b6c056452571eb39d0963ac0572d7,2d2cb475d13284038a9fc76b54da8a215d73ab5fcf03d8803becdabc0cf4a0e7,d6bc089a312ed8804f63422839d465440c5fd67c,True,True,2026-05-31T00:51:20Z
M3-BIDMC_early_fusion_mlp_test_seed46_a5c7db92,M3-BIDMC,BIDMC patient-stratified,M3_bidmc_confirmatory,46,early_fusion_mlp,test,elara_master_c/predictions/confirmation/M3-BIDMC__BIDMC_patient-stratified__M3_bidmc_confirmatory/early_fusion_mlp/test/seed_46.parquet,5291,a5c7db92b405f4b8168a2e053538fe94e14b6c55e3286bd2d789abcc0649fd99,2d2cb475d13284038a9fc76b54da8a215d73ab5fcf03d8803becdabc0cf4a0e7,d6bc089a312ed8804f63422839d465440c5fd67c,True,True,2026-05-31T00:51:20Z
M3-BIDMC_late_fusion_ensemble_test_seed46_772e5d40,M3-BIDMC,BIDMC patient-stratified,M3_bidmc_confirmatory,46,late_fusion_ensemble,test,elara_master_c/predictions/confirmation/M3-BIDMC__BIDMC_patient-stratified__M3_bidmc_confirmatory/late_fusion_ensemble/test/seed_46.parquet,5291,772e5d40e734f6bb4a1f2744d65e64c1ee803f33bc39cfe241c164e58338a18e,2d2cb475d13284038a9fc76b54da8a215d73ab5fcf03d8803becdabc0cf4a0e7,d6bc089a312ed8804f63422839d465440c5fd67c,True,True,2026-05-31T00:51:20Z
M3-BIDMC_random_forest_test_seed46_b18db4cf,M3-BIDMC,BIDMC patient-stratified,M3_bidmc_confirmatory,46,random_forest,test,elara_master_c/predictions/confirmation/M3-BIDMC__BIDMC_patient-stratified__M3_bidmc_confirmatory/random_forest/test/seed_46.parquet,5291,b18db4cfb3285c25d68b09e71c8897f571031a519d91c1040067e4c73f7086eb,2d2cb475d13284038a9fc76b54da8a215d73ab5fcf03d8803becdabc0cf4a0e7,d6bc089a312ed8804f63422839d465440c5fd67c,True,True,2026-05-31T00:51:20Z
M3-BIDMC_confidence_weighted_mean_test_seed46_eb5bf902,M3-BIDMC,BIDMC patient-stratified,M3_bidmc_confirmatory,46,confidence_weighted_mean,test,elara_master_c/predictions/confirmation/M3-BIDMC__BIDMC_patient-stratified__M3_bidmc_confirmatory/confidence_weighted_mean/test/seed_46.parquet,5291,eb5bf902fb9be2618d3dd89b38a2f1c58c394e3ba069c85c8c672cc9c5ee64c7,2d2cb475d13284038a9fc76b54da8a215d73ab5fcf03d8803becdabc0cf4a0e7,d6bc089a312ed8804f63422839d465440c5fd67c,True,True,2026-05-31T00:51:20Z
M3-BIDMC_tent_score_adapter_test_seed46_c19d970e,M3-BIDMC,BIDMC patient-stratified,M3_bidmc_confirmatory,46,tent_score_adapter,test,elara_master_c/predictions/confirmation/M3-BIDMC__BIDMC_patient-stratified__M3_bidmc_confirmatory/tent_score_adapter/test/seed_46.parquet,5291,c19d970ec91825e2b32508941a294e44336ea800091c8cf70a581217fd96ec02,2d2cb475d13284038a9fc76b54da8a215d73ab5fcf03d8803becdabc0cf4a0e7,d6bc089a312ed8804f63422839d465440c5fd67c,True,True,2026-05-31T00:51:20Z
M3-BIDMC_ttt_pseudo_label_adapter_test_seed46_b4cd688d,M3-BIDMC,BIDMC patient-stratified,M3_bidmc_confirmatory,46,ttt_pseudo_label_adapter,test,elara_master_c/predictions/confirmation/M3-BIDMC__BIDMC_patient-stratified__M3_bidmc_confirmatory/ttt_pseudo_label_adapter/test/seed_46.parquet,5291,b4cd688d15eae06521ec128f0d6c6544a93389df9a0a5202a6245077f4489f8b,2d2cb475d13284038a9fc76b54da8a215d73ab5fcf03d8803becdabc0cf4a0e7,d6bc089a312ed8804f63422839d465440c5fd67c,True,True,2026-05-31T00:51:20Z
M3-BIDMC_eata_score_adapter_test_seed46_c7932fc1,M3-BIDMC,BIDMC patient-stratified,M3_bidmc_confirmatory,46,eata_score_adapter,test,elara_master_c/predictions/confirmation/M3-BIDMC__BIDMC_patient-stratified__M3_bidmc_confirmatory/eata_score_adapter/test/seed_46.parquet,5291,c7932fc1e3be6dfa22951dfe397d77c6fc2a99631e82189c6251e24fbec23adc,2d2cb475d13284038a9fc76b54da8a215d73ab5fcf03d8803becdabc0cf4a0e7,d6bc089a312ed8804f63422839d465440c5fd67c,True,True,2026-05-31T00:51:20Z
M3-BIDMC_sar_score_adapter_test_seed46_0f38e855,M3-BIDMC,BIDMC patient-stratified,M3_bidmc_confirmatory,46,sar_score_adapter,test,elara_master_c/predictions/confirmation/M3-BIDMC__BIDMC_patient-stratified__M3_bidmc_confirmatory/sar_score_adapter/test/seed_46.parquet,5291,0f38e855199a3b64d35c15c6e95237e1dcb3ef476ba18fee12ed49c90eafc6da,2d2cb475d13284038a9fc76b54da8a215d73ab5fcf03d8803becdabc0cf4a0e7,d6bc089a312ed8804f63422839d465440c5fd67c,True,True,2026-05-31T00:51:20Z
M3-HEALTHCARE_static_attention_test_seed43_c74d764e,M3-HEALTHCARE,GridPulse patient-stratified,M3_healthcare_confirmatory,43,static_attention,test,elara_master_c/predictions/confirmation/M3-HEALTHCARE__GridPulse_patient-stratified__M3_healthcare_confirmatory/static_attention/test/seed_43__rerun_1.parquet,26990,c74d764e5a77d8d19817bfdb990f9b11cfc483ac1bf13b538cf72a737ab86408,ed5d4d8f76470bfac019b879a6803ead0650b444fa7ea1ce9f50b77c37cfe6cd,d6bc089a312ed8804f63422839d465440c5fd67c,True,True,2026-05-31T01:32:11Z
M3-HEALTHCARE_craf_attention_test_seed43_ff34eeca,M3-HEALTHCARE,GridPulse patient-stratified,M3_healthcare_confirmatory,43,craf_attention,test,elara_master_c/predictions/confirmation/M3-HEALTHCARE__GridPulse_patient-stratified__M3_healthcare_confirmatory/craf_attention/test/seed_43__rerun_1.parquet,26990,ff34eecae8364ae3db3843be24ccf18a522629e58840ae8af1ef2e4ce9c6070c,ed5d4d8f76470bfac019b879a6803ead0650b444fa7ea1ce9f50b77c37cfe6cd,d6bc089a312ed8804f63422839d465440c5fd67c,True,True,2026-05-31T01:32:12Z
M3-HEALTHCARE_rga_boosted_fusion_test_seed43_611263aa,M3-HEALTHCARE,GridPulse patient-stratified,M3_healthcare_confirmatory,43,rga_boosted_fusion,test,elara_master_c/predictions/confirmation/M3-HEALTHCARE__GridPulse_patient-stratified__M3_healthcare_confirmatory/rga_boosted_fusion/test/seed_43__rerun_1.parquet,26990,611263aa2a0018094b4f25305c3a45cf804f070f403429075b0d01cace2dcd7c,ed5d4d8f76470bfac019b879a6803ead0650b444fa7ea1ce9f50b77c37cfe6cd,d6bc089a312ed8804f63422839d465440c5fd67c,True,True,2026-05-31T01:32:12Z
M3-HEALTHCARE_rga_meta_router_test_seed43_19527e9b,M3-HEALTHCARE,GridPulse patient-stratified,M3_healthcare_confirmatory,43,rga_meta_router,test,elara_master_c/predictions/confirmation/M3-HEALTHCARE__GridPulse_patient-stratified__M3_healthcare_confirmatory/rga_meta_router/test/seed_43__rerun_1.parquet,26990,19527e9b4fe0ee9d03c098070699a378d2b8387c181b3513c418b7a7fc10eca1,ed5d4d8f76470bfac019b879a6803ead0650b444fa7ea1ce9f50b77c37cfe6cd,d6bc089a312ed8804f63422839d465440c5fd67c,True,True,2026-05-31T01:32:12Z
M3-HEALTHCARE_early_fusion_mlp_test_seed43_76ba192d,M3-HEALTHCARE,GridPulse patient-stratified,M3_healthcare_confirmatory,43,early_fusion_mlp,test,elara_master_c/predictions/confirmation/M3-HEALTHCARE__GridPulse_patient-stratified__M3_healthcare_confirmatory/early_fusion_mlp/test/seed_43__rerun_1.parquet,26990,76ba192df45c63ec16222ceb64a9b0145220ab2a20d9b47948aca305db7f38ae,ed5d4d8f76470bfac019b879a6803ead0650b444fa7ea1ce9f50b77c37cfe6cd,d6bc089a312ed8804f63422839d465440c5fd67c,True,True,2026-05-31T01:32:12Z
M3-HEALTHCARE_late_fusion_ensemble_test_seed43_f343989b,M3-HEALTHCARE,GridPulse patient-stratified,M3_healthcare_confirmatory,43,late_fusion_ensemble,test,elara_master_c/predictions/confirmation/M3-HEALTHCARE__GridPulse_patient-stratified__M3_healthcare_confirmatory/late_fusion_ensemble/test/seed_43__rerun_1.parquet,26990,f343989be60a9efc6ae8a05d0247fe68a9d3bb03cfd824de6e8fed93b72a5557,ed5d4d8f76470bfac019b879a6803ead0650b444fa7ea1ce9f50b77c37cfe6cd,d6bc089a312ed8804f63422839d465440c5fd67c,True,True,2026-05-31T01:32:12Z
M3-HEALTHCARE_random_forest_test_seed43_03ed91e5,M3-HEALTHCARE,GridPulse patient-stratified,M3_healthcare_confirmatory,43,random_forest,test,elara_master_c/predictions/confirmation/M3-HEALTHCARE__GridPulse_patient-stratified__M3_healthcare_confirmatory/random_forest/test/seed_43__rerun_1.parquet,26990,03ed91e5238cb7b22f2bc924a1a7bd251918adfae9a5c3e6b288377da2cd374e,ed5d4d8f76470bfac019b879a6803ead0650b444fa7ea1ce9f50b77c37cfe6cd,d6bc089a312ed8804f63422839d465440c5fd67c,True,True,2026-05-31T01:32:12Z
M3-HEALTHCARE_confidence_weighted_mean_test_seed43_f2b2893b,M3-HEALTHCARE,GridPulse patient-stratified,M3_healthcare_confirmatory,43,confidence_weighted_mean,test,elara_master_c/predictions/confirmation/M3-HEALTHCARE__GridPulse_patient-stratified__M3_healthcare_confirmatory/confidence_weighted_mean/test/seed_43__rerun_1.parquet,26990,f2b2893bc0759cd0e2dbd7d6c8bf1867c65e9f6feba1587cd684f79c0b0418ff,ed5d4d8f76470bfac019b879a6803ead0650b444fa7ea1ce9f50b77c37cfe6cd,d6bc089a312ed8804f63422839d465440c5fd67c,True,True,2026-05-31T01:32:12Z
M3-HEALTHCARE_tent_score_adapter_test_seed43_cf23c816,M3-HEALTHCARE,GridPulse patient-stratified,M3_healthcare_confirmatory,43,tent_score_adapter,test,elara_master_c/predictions/confirmation/M3-HEALTHCARE__GridPulse_patient-stratified__M3_healthcare_confirmatory/tent_score_adapter/test/seed_43__rerun_1.parquet,26990,cf23c816683ed0bebf96dd59165539fbbc2d1c1c5f2b3535a9f2ba3e7df8b2c9,ed5d4d8f76470bfac019b879a6803ead0650b444fa7ea1ce9f50b77c37cfe6cd,d6bc089a312ed8804f63422839d465440c5fd67c,True,True,2026-05-31T01:32:12Z
M3-HEALTHCARE_ttt_pseudo_label_adapter_test_seed43_86bc21e8,M3-HEALTHCARE,GridPulse patient-stratified,M3_healthcare_confirmatory,43,ttt_pseudo_label_adapter,test,elara_master_c/predictions/confirmation/M3-HEALTHCARE__GridPulse_patient-stratified__M3_healthcare_confirmatory/ttt_pseudo_label_adapter/test/seed_43__rerun_1.parquet,26990,86bc21e85aea3ccb2f5a32efbba4a806c0363754564d3b3ef87ebeb5b02c7def,ed5d4d8f76470bfac019b879a6803ead0650b444fa7ea1ce9f50b77c37cfe6cd,d6bc089a312ed8804f63422839d465440c5fd67c,True,True,2026-05-31T01:32:12Z
M3-HEALTHCARE_eata_score_adapter_test_seed43_25bae38d,M3-HEALTHCARE,GridPulse patient-stratified,M3_healthcare_confirmatory,43,eata_score_adapter,test,elara_master_c/predictions/confirmation/M3-HEALTHCARE__GridPulse_patient-stratified__M3_healthcare_confirmatory/eata_score_adapter/test/seed_43__rerun_1.parquet,26990,25bae38d782d22a9f98a2c7c32634672a477f6402aedff3ae2897dae5f527ad7,ed5d4d8f76470bfac019b879a6803ead0650b444fa7ea1ce9f50b77c37cfe6cd,d6bc089a312ed8804f63422839d465440c5fd67c,True,True,2026-05-31T01:32:12Z
M3-HEALTHCARE_sar_score_adapter_test_seed43_23ff4c85,M3-HEALTHCARE,GridPulse patient-stratified,M3_healthcare_confirmatory,43,sar_score_adapter,test,elara_master_c/predictions/confirmation/M3-HEALTHCARE__GridPulse_patient-stratified__M3_healthcare_confirmatory/sar_score_adapter/test/seed_43__rerun_1.parquet,26990,23ff4c85689eb5503e5d35702f7c21364f9e6972cce57c692613870ef61a13b9,ed5d4d8f76470bfac019b879a6803ead0650b444fa7ea1ce9f50b77c37cfe6cd,d6bc089a312ed8804f63422839d465440c5fd67c,True,True,2026-05-31T01:32:12Z
M3-HEALTHCARE_static_attention_test_seed44_380a970b,M3-HEALTHCARE,GridPulse patient-stratified,M3_healthcare_confirmatory,44,static_attention,test,elara_master_c/predictions/confirmation/M3-HEALTHCARE__GridPulse_patient-stratified__M3_healthcare_confirmatory/static_attention/test/seed_44.parquet,26990,380a970b840d49008c65659375cd4b0a5e86e04e40f5789fbbd20803739a0e62,ed5d4d8f76470bfac019b879a6803ead0650b444fa7ea1ce9f50b77c37cfe6cd,d6bc089a312ed8804f63422839d465440c5fd67c,True,True,2026-05-31T01:33:02Z
M3-HEALTHCARE_craf_attention_test_seed44_52c65dcf,M3-HEALTHCARE,GridPulse patient-stratified,M3_healthcare_confirmatory,44,craf_attention,test,elara_master_c/predictions/confirmation/M3-HEALTHCARE__GridPulse_patient-stratified__M3_healthcare_confirmatory/craf_attention/test/seed_44.parquet,26990,52c65dcf8df9a9019cc72844edce24b85b908d4b6c6f598bc809676079dcdd50,ed5d4d8f76470bfac019b879a6803ead0650b444fa7ea1ce9f50b77c37cfe6cd,d6bc089a312ed8804f63422839d465440c5fd67c,True,True,2026-05-31T01:33:02Z
M3-HEALTHCARE_rga_boosted_fusion_test_seed44_75b9a28e,M3-HEALTHCARE,GridPulse patient-stratified,M3_healthcare_confirmatory,44,rga_boosted_fusion,test,elara_master_c/predictions/confirmation/M3-HEALTHCARE__GridPulse_patient-stratified__M3_healthcare_confirmatory/rga_boosted_fusion/test/seed_44.parquet,26990,75b9a28e0c4c2cb7066744df3bdfa5a0a99a4646b5d384206e108eeea35d743b,ed5d4d8f76470bfac019b879a6803ead0650b444fa7ea1ce9f50b77c37cfe6cd,d6bc089a312ed8804f63422839d465440c5fd67c,True,True,2026-05-31T01:33:02Z
M3-HEALTHCARE_rga_meta_router_test_seed44_2295d523,M3-HEALTHCARE,GridPulse patient-stratified,M3_healthcare_confirmatory,44,rga_meta_router,test,elara_master_c/predictions/confirmation/M3-HEALTHCARE__GridPulse_patient-stratified__M3_healthcare_confirmatory/rga_meta_router/test/seed_44.parquet,26990,2295d52348f44f5459decd9da6b34c021af65ff8367f49088e8fecdb485f6964,ed5d4d8f76470bfac019b879a6803ead0650b444fa7ea1ce9f50b77c37cfe6cd,d6bc089a312ed8804f63422839d465440c5fd67c,True,True,2026-05-31T01:33:02Z
M3-HEALTHCARE_early_fusion_mlp_test_seed44_df3a8456,M3-HEALTHCARE,GridPulse patient-stratified,M3_healthcare_confirmatory,44,early_fusion_mlp,test,elara_master_c/predictions/confirmation/M3-HEALTHCARE__GridPulse_patient-stratified__M3_healthcare_confirmatory/early_fusion_mlp/test/seed_44.parquet,26990,df3a845661b0e78e893d37b83ddcd6a8f03c5ce16ecb54d1dcbea576ce1579ad,ed5d4d8f76470bfac019b879a6803ead0650b444fa7ea1ce9f50b77c37cfe6cd,d6bc089a312ed8804f63422839d465440c5fd67c,True,True,2026-05-31T01:33:02Z
M3-HEALTHCARE_late_fusion_ensemble_test_seed44_fa1b05b8,M3-HEALTHCARE,GridPulse patient-stratified,M3_healthcare_confirmatory,44,late_fusion_ensemble,test,elara_master_c/predictions/confirmation/M3-HEALTHCARE__GridPulse_patient-stratified__M3_healthcare_confirmatory/late_fusion_ensemble/test/seed_44.parquet,26990,fa1b05b819fda89ae48e6435b8e81eb03d8c408a130e7ad80c5671d7e3fdcc92,ed5d4d8f76470bfac019b879a6803ead0650b444fa7ea1ce9f50b77c37cfe6cd,d6bc089a312ed8804f63422839d465440c5fd67c,True,True,2026-05-31T01:33:02Z
M3-HEALTHCARE_random_forest_test_seed44_d2e8fb49,M3-HEALTHCARE,GridPulse patient-stratified,M3_healthcare_confirmatory,44,random_forest,test,elara_master_c/predictions/confirmation/M3-HEALTHCARE__GridPulse_patient-stratified__M3_healthcare_confirmatory/random_forest/test/seed_44.parquet,26990,d2e8fb4941d1d1abbe90f4e06346affb074aead3809771b8a8275a27ff87fd12,ed5d4d8f76470bfac019b879a6803ead0650b444fa7ea1ce9f50b77c37cfe6cd,d6bc089a312ed8804f63422839d465440c5fd67c,True,True,2026-05-31T01:33:02Z
M3-HEALTHCARE_confidence_weighted_mean_test_seed44_d4a543a2,M3-HEALTHCARE,GridPulse patient-stratified,M3_healthcare_confirmatory,44,confidence_weighted_mean,test,elara_master_c/predictions/confirmation/M3-HEALTHCARE__GridPulse_patient-stratified__M3_healthcare_confirmatory/confidence_weighted_mean/test/seed_44.parquet,26990,d4a543a2673102a4d1c5ad9ec14b11eeb634b60d7c84118ce1d7064383a1bccb,ed5d4d8f76470bfac019b879a6803ead0650b444fa7ea1ce9f50b77c37cfe6cd,d6bc089a312ed8804f63422839d465440c5fd67c,True,True,2026-05-31T01:33:02Z
M3-HEALTHCARE_tent_score_adapter_test_seed44_c635f48d,M3-HEALTHCARE,GridPulse patient-stratified,M3_healthcare_confirmatory,44,tent_score_adapter,test,elara_master_c/predictions/confirmation/M3-HEALTHCARE__GridPulse_patient-stratified__M3_healthcare_confirmatory/tent_score_adapter/test/seed_44.parquet,26990,c635f48deaff3188d29472ca5b57faea005062c186ecff2b18501f645e3806c6,ed5d4d8f76470bfac019b879a6803ead0650b444fa7ea1ce9f50b77c37cfe6cd,d6bc089a312ed8804f63422839d465440c5fd67c,True,True,2026-05-31T01:33:02Z
M3-HEALTHCARE_ttt_pseudo_label_adapter_test_seed44_3ddd1f9d,M3-HEALTHCARE,GridPulse patient-stratified,M3_healthcare_confirmatory,44,ttt_pseudo_label_adapter,test,elara_master_c/predictions/confirmation/M3-HEALTHCARE__GridPulse_patient-stratified__M3_healthcare_confirmatory/ttt_pseudo_label_adapter/test/seed_44.parquet,26990,3ddd1f9d75a6f5768dca8cb29dc0dd79d4ff90d17e2de2f3a75d61b442d6b450,ed5d4d8f76470bfac019b879a6803ead0650b444fa7ea1ce9f50b77c37cfe6cd,d6bc089a312ed8804f63422839d465440c5fd67c,True,True,2026-05-31T01:33:02Z
M3-HEALTHCARE_eata_score_adapter_test_seed44_f38f0005,M3-HEALTHCARE,GridPulse patient-stratified,M3_healthcare_confirmatory,44,eata_score_adapter,test,elara_master_c/predictions/confirmation/M3-HEALTHCARE__GridPulse_patient-stratified__M3_healthcare_confirmatory/eata_score_adapter/test/seed_44.parquet,26990,f38f0005dd7a6a4469e89e852d027d88352b65564322a6374b6bdc24853bb922,ed5d4d8f76470bfac019b879a6803ead0650b444fa7ea1ce9f50b77c37cfe6cd,d6bc089a312ed8804f63422839d465440c5fd67c,True,True,2026-05-31T01:33:02Z
M3-HEALTHCARE_sar_score_adapter_test_seed44_09b15c45,M3-HEALTHCARE,GridPulse patient-stratified,M3_healthcare_confirmatory,44,sar_score_adapter,test,elara_master_c/predictions/confirmation/M3-HEALTHCARE__GridPulse_patient-stratified__M3_healthcare_confirmatory/sar_score_adapter/test/seed_44.parquet,26990,09b15c455aaf32f8aef3465ee3c648ef462aad845b8b2a280408e91093da06d8,ed5d4d8f76470bfac019b879a6803ead0650b444fa7ea1ce9f50b77c37cfe6cd,d6bc089a312ed8804f63422839d465440c5fd67c,True,True,2026-05-31T01:33:02Z
M3-HEALTHCARE_static_attention_test_seed44_380a970b,M3-HEALTHCARE,GridPulse patient-stratified,M3_healthcare_confirmatory,44,static_attention,test,elara_master_c/predictions/confirmation/M3-HEALTHCARE__GridPulse_patient-stratified__M3_healthcare_confirmatory/static_attention/test/seed_44__rerun_1.parquet,26990,380a970b840d49008c65659375cd4b0a5e86e04e40f5789fbbd20803739a0e62,ed5d4d8f76470bfac019b879a6803ead0650b444fa7ea1ce9f50b77c37cfe6cd,d6bc089a312ed8804f63422839d465440c5fd67c,True,True,2026-05-31T06:41:15Z
M3-HEALTHCARE_craf_attention_test_seed44_52c65dcf,M3-HEALTHCARE,GridPulse patient-stratified,M3_healthcare_confirmatory,44,craf_attention,test,elara_master_c/predictions/confirmation/M3-HEALTHCARE__GridPulse_patient-stratified__M3_healthcare_confirmatory/craf_attention/test/seed_44__rerun_1.parquet,26990,52c65dcf8df9a9019cc72844edce24b85b908d4b6c6f598bc809676079dcdd50,ed5d4d8f76470bfac019b879a6803ead0650b444fa7ea1ce9f50b77c37cfe6cd,d6bc089a312ed8804f63422839d465440c5fd67c,True,True,2026-05-31T06:41:15Z
M3-HEALTHCARE_rga_boosted_fusion_test_seed44_75b9a28e,M3-HEALTHCARE,GridPulse patient-stratified,M3_healthcare_confirmatory,44,rga_boosted_fusion,test,elara_master_c/predictions/confirmation/M3-HEALTHCARE__GridPulse_patient-stratified__M3_healthcare_confirmatory/rga_boosted_fusion/test/seed_44__rerun_1.parquet,26990,75b9a28e0c4c2cb7066744df3bdfa5a0a99a4646b5d384206e108eeea35d743b,ed5d4d8f76470bfac019b879a6803ead0650b444fa7ea1ce9f50b77c37cfe6cd,d6bc089a312ed8804f63422839d465440c5fd67c,True,True,2026-05-31T06:41:15Z
M3-HEALTHCARE_rga_meta_router_test_seed44_2295d523,M3-HEALTHCARE,GridPulse patient-stratified,M3_healthcare_confirmatory,44,rga_meta_router,test,elara_master_c/predictions/confirmation/M3-HEALTHCARE__GridPulse_patient-stratified__M3_healthcare_confirmatory/rga_meta_router/test/seed_44__rerun_1.parquet,26990,2295d52348f44f5459decd9da6b34c021af65ff8367f49088e8fecdb485f6964,ed5d4d8f76470bfac019b879a6803ead0650b444fa7ea1ce9f50b77c37cfe6cd,d6bc089a312ed8804f63422839d465440c5fd67c,True,True,2026-05-31T06:41:15Z
M3-HEALTHCARE_early_fusion_mlp_test_seed44_df3a8456,M3-HEALTHCARE,GridPulse patient-stratified,M3_healthcare_confirmatory,44,early_fusion_mlp,test,elara_master_c/predictions/confirmation/M3-HEALTHCARE__GridPulse_patient-stratified__M3_healthcare_confirmatory/early_fusion_mlp/test/seed_44__rerun_1.parquet,26990,df3a845661b0e78e893d37b83ddcd6a8f03c5ce16ecb54d1dcbea576ce1579ad,ed5d4d8f76470bfac019b879a6803ead0650b444fa7ea1ce9f50b77c37cfe6cd,d6bc089a312ed8804f63422839d465440c5fd67c,True,True,2026-05-31T06:41:15Z
M3-HEALTHCARE_late_fusion_ensemble_test_seed44_fa1b05b8,M3-HEALTHCARE,GridPulse patient-stratified,M3_healthcare_confirmatory,44,late_fusion_ensemble,test,elara_master_c/predictions/confirmation/M3-HEALTHCARE__GridPulse_patient-stratified__M3_healthcare_confirmatory/late_fusion_ensemble/test/seed_44__rerun_1.parquet,26990,fa1b05b819fda89ae48e6435b8e81eb03d8c408a130e7ad80c5671d7e3fdcc92,ed5d4d8f76470bfac019b879a6803ead0650b444fa7ea1ce9f50b77c37cfe6cd,d6bc089a312ed8804f63422839d465440c5fd67c,True,True,2026-05-31T06:41:15Z
M3-HEALTHCARE_random_forest_test_seed44_d2e8fb49,M3-HEALTHCARE,GridPulse patient-stratified,M3_healthcare_confirmatory,44,random_forest,test,elara_master_c/predictions/confirmation/M3-HEALTHCARE__GridPulse_patient-stratified__M3_healthcare_confirmatory/random_forest/test/seed_44__rerun_1.parquet,26990,d2e8fb4941d1d1abbe90f4e06346affb074aead3809771b8a8275a27ff87fd12,ed5d4d8f76470bfac019b879a6803ead0650b444fa7ea1ce9f50b77c37cfe6cd,d6bc089a312ed8804f63422839d465440c5fd67c,True,True,2026-05-31T06:41:15Z
M3-HEALTHCARE_confidence_weighted_mean_test_seed44_d4a543a2,M3-HEALTHCARE,GridPulse patient-stratified,M3_healthcare_confirmatory,44,confidence_weighted_mean,test,elara_master_c/predictions/confirmation/M3-HEALTHCARE__GridPulse_patient-stratified__M3_healthcare_confirmatory/confidence_weighted_mean/test/seed_44__rerun_1.parquet,26990,d4a543a2673102a4d1c5ad9ec14b11eeb634b60d7c84118ce1d7064383a1bccb,ed5d4d8f76470bfac019b879a6803ead0650b444fa7ea1ce9f50b77c37cfe6cd,d6bc089a312ed8804f63422839d465440c5fd67c,True,True,2026-05-31T06:41:15Z
M3-HEALTHCARE_tent_score_adapter_test_seed44_c635f48d,M3-HEALTHCARE,GridPulse patient-stratified,M3_healthcare_confirmatory,44,tent_score_adapter,test,elara_master_c/predictions/confirmation/M3-HEALTHCARE__GridPulse_patient-stratified__M3_healthcare_confirmatory/tent_score_adapter/test/seed_44__rerun_1.parquet,26990,c635f48deaff3188d29472ca5b57faea005062c186ecff2b18501f645e3806c6,ed5d4d8f76470bfac019b879a6803ead0650b444fa7ea1ce9f50b77c37cfe6cd,d6bc089a312ed8804f63422839d465440c5fd67c,True,True,2026-05-31T06:41:15Z
M3-HEALTHCARE_ttt_pseudo_label_adapter_test_seed44_3ddd1f9d,M3-HEALTHCARE,GridPulse patient-stratified,M3_healthcare_confirmatory,44,ttt_pseudo_label_adapter,test,elara_master_c/predictions/confirmation/M3-HEALTHCARE__GridPulse_patient-stratified__M3_healthcare_confirmatory/ttt_pseudo_label_adapter/test/seed_44__rerun_1.parquet,26990,3ddd1f9d75a6f5768dca8cb29dc0dd79d4ff90d17e2de2f3a75d61b442d6b450,ed5d4d8f76470bfac019b879a6803ead0650b444fa7ea1ce9f50b77c37cfe6cd,d6bc089a312ed8804f63422839d465440c5fd67c,True,True,2026-05-31T06:41:16Z
M3-HEALTHCARE_eata_score_adapter_test_seed44_f38f0005,M3-HEALTHCARE,GridPulse patient-stratified,M3_healthcare_confirmatory,44,eata_score_adapter,test,elara_master_c/predictions/confirmation/M3-HEALTHCARE__GridPulse_patient-stratified__M3_healthcare_confirmatory/eata_score_adapter/test/seed_44__rerun_1.parquet,26990,f38f0005dd7a6a4469e89e852d027d88352b65564322a6374b6bdc24853bb922,ed5d4d8f76470bfac019b879a6803ead0650b444fa7ea1ce9f50b77c37cfe6cd,d6bc089a312ed8804f63422839d465440c5fd67c,True,True,2026-05-31T06:41:16Z
M3-HEALTHCARE_sar_score_adapter_test_seed44_09b15c45,M3-HEALTHCARE,GridPulse patient-stratified,M3_healthcare_confirmatory,44,sar_score_adapter,test,elara_master_c/predictions/confirmation/M3-HEALTHCARE__GridPulse_patient-stratified__M3_healthcare_confirmatory/sar_score_adapter/test/seed_44__rerun_1.parquet,26990,09b15c455aaf32f8aef3465ee3c648ef462aad845b8b2a280408e91093da06d8,ed5d4d8f76470bfac019b879a6803ead0650b444fa7ea1ce9f50b77c37cfe6cd,d6bc089a312ed8804f63422839d465440c5fd67c,True,True,2026-05-31T06:41:16Z
M3-HEALTHCARE_static_attention_test_seed45_681b999c,M3-HEALTHCARE,GridPulse patient-stratified,M3_healthcare_confirmatory,45,static_attention,test,elara_master_c/predictions/confirmation/M3-HEALTHCARE__GridPulse_patient-stratified__M3_healthcare_confirmatory/static_attention/test/seed_45.parquet,26990,681b999cbc049bd2af5d19d08dc28975e3f482666f104792ecccf1767d433fa3,ed5d4d8f76470bfac019b879a6803ead0650b444fa7ea1ce9f50b77c37cfe6cd,d6bc089a312ed8804f63422839d465440c5fd67c,True,True,2026-05-31T07:12:52Z
M3-HEALTHCARE_craf_attention_test_seed45_224bedb6,M3-HEALTHCARE,GridPulse patient-stratified,M3_healthcare_confirmatory,45,craf_attention,test,elara_master_c/predictions/confirmation/M3-HEALTHCARE__GridPulse_patient-stratified__M3_healthcare_confirmatory/craf_attention/test/seed_45.parquet,26990,224bedb6f205e2cfe0b2f308f076d6271b7b2cc6addc13f674af2dd5c77ff4e6,ed5d4d8f76470bfac019b879a6803ead0650b444fa7ea1ce9f50b77c37cfe6cd,d6bc089a312ed8804f63422839d465440c5fd67c,True,True,2026-05-31T07:12:52Z
M3-HEALTHCARE_rga_boosted_fusion_test_seed45_a7eaaa4a,M3-HEALTHCARE,GridPulse patient-stratified,M3_healthcare_confirmatory,45,rga_boosted_fusion,test,elara_master_c/predictions/confirmation/M3-HEALTHCARE__GridPulse_patient-stratified__M3_healthcare_confirmatory/rga_boosted_fusion/test/seed_45.parquet,26990,a7eaaa4a9e7283936084888ff1b33520fd3889fa550d50cb25304801fccf02c6,ed5d4d8f76470bfac019b879a6803ead0650b444fa7ea1ce9f50b77c37cfe6cd,d6bc089a312ed8804f63422839d465440c5fd67c,True,True,2026-05-31T07:12:52Z
M3-HEALTHCARE_rga_meta_router_test_seed45_303dbe38,M3-HEALTHCARE,GridPulse patient-stratified,M3_healthcare_confirmatory,45,rga_meta_router,test,elara_master_c/predictions/confirmation/M3-HEALTHCARE__GridPulse_patient-stratified__M3_healthcare_confirmatory/rga_meta_router/test/seed_45.parquet,26990,303dbe384c6579df8b4577157bf9842108509bb951da0040d5bbf7484852711b,ed5d4d8f76470bfac019b879a6803ead0650b444fa7ea1ce9f50b77c37cfe6cd,d6bc089a312ed8804f63422839d465440c5fd67c,True,True,2026-05-31T07:12:52Z
M3-HEALTHCARE_early_fusion_mlp_test_seed45_1980c538,M3-HEALTHCARE,GridPulse patient-stratified,M3_healthcare_confirmatory,45,early_fusion_mlp,test,elara_master_c/predictions/confirmation/M3-HEALTHCARE__GridPulse_patient-stratified__M3_healthcare_confirmatory/early_fusion_mlp/test/seed_45.parquet,26990,1980c538cc4c190abdb31cd8aa9dbf674f3f09d1ddbde3e1a796d01f6417fb29,ed5d4d8f76470bfac019b879a6803ead0650b444fa7ea1ce9f50b77c37cfe6cd,d6bc089a312ed8804f63422839d465440c5fd67c,True,True,2026-05-31T07:12:52Z
M3-HEALTHCARE_late_fusion_ensemble_test_seed45_d6c84d5d,M3-HEALTHCARE,GridPulse patient-stratified,M3_healthcare_confirmatory,45,late_fusion_ensemble,test,elara_master_c/predictions/confirmation/M3-HEALTHCARE__GridPulse_patient-stratified__M3_healthcare_confirmatory/late_fusion_ensemble/test/seed_45.parquet,26990,d6c84d5d2d50661550449946fcd2942b9b1275c70d0ba1620a646df625e48d55,ed5d4d8f76470bfac019b879a6803ead0650b444fa7ea1ce9f50b77c37cfe6cd,d6bc089a312ed8804f63422839d465440c5fd67c,True,True,2026-05-31T07:12:52Z
M3-HEALTHCARE_random_forest_test_seed45_e239f8e5,M3-HEALTHCARE,GridPulse patient-stratified,M3_healthcare_confirmatory,45,random_forest,test,elara_master_c/predictions/confirmation/M3-HEALTHCARE__GridPulse_patient-stratified__M3_healthcare_confirmatory/random_forest/test/seed_45.parquet,26990,e239f8e5fd9bdbfe9600303bcfc79931513e984916b36a109535d2a731ba36a1,ed5d4d8f76470bfac019b879a6803ead0650b444fa7ea1ce9f50b77c37cfe6cd,d6bc089a312ed8804f63422839d465440c5fd67c,True,True,2026-05-31T07:12:53Z
M3-HEALTHCARE_confidence_weighted_mean_test_seed45_f1760c5e,M3-HEALTHCARE,GridPulse patient-stratified,M3_healthcare_confirmatory,45,confidence_weighted_mean,test,elara_master_c/predictions/confirmation/M3-HEALTHCARE__GridPulse_patient-stratified__M3_healthcare_confirmatory/confidence_weighted_mean/test/seed_45.parquet,26990,f1760c5e71c1e6ee892daeddb8178644208ac86d467cb16181e0f7bb3f1499ed,ed5d4d8f76470bfac019b879a6803ead0650b444fa7ea1ce9f50b77c37cfe6cd,d6bc089a312ed8804f63422839d465440c5fd67c,True,True,2026-05-31T07:12:53Z
M3-HEALTHCARE_tent_score_adapter_test_seed45_3e17f1f8,M3-HEALTHCARE,GridPulse patient-stratified,M3_healthcare_confirmatory,45,tent_score_adapter,test,elara_master_c/predictions/confirmation/M3-HEALTHCARE__GridPulse_patient-stratified__M3_healthcare_confirmatory/tent_score_adapter/test/seed_45.parquet,26990,3e17f1f8a36ebfb5f3914f87b3b219e0522ba4fef0a56b53af55464ec57a2995,ed5d4d8f76470bfac019b879a6803ead0650b444fa7ea1ce9f50b77c37cfe6cd,d6bc089a312ed8804f63422839d465440c5fd67c,True,True,2026-05-31T07:12:53Z
M3-HEALTHCARE_ttt_pseudo_label_adapter_test_seed45_5efabf23,M3-HEALTHCARE,GridPulse patient-stratified,M3_healthcare_confirmatory,45,ttt_pseudo_label_adapter,test,elara_master_c/predictions/confirmation/M3-HEALTHCARE__GridPulse_patient-stratified__M3_healthcare_confirmatory/ttt_pseudo_label_adapter/test/seed_45.parquet,26990,5efabf23ad6da0ea147f7085e88926a25b4f3b65645e9ab452e656fcf0c3cd6b,ed5d4d8f76470bfac019b879a6803ead0650b444fa7ea1ce9f50b77c37cfe6cd,d6bc089a312ed8804f63422839d465440c5fd67c,True,True,2026-05-31T07:12:53Z
M3-HEALTHCARE_eata_score_adapter_test_seed45_6c69f517,M3-HEALTHCARE,GridPulse patient-stratified,M3_healthcare_confirmatory,45,eata_score_adapter,test,elara_master_c/predictions/confirmation/M3-HEALTHCARE__GridPulse_patient-stratified__M3_healthcare_confirmatory/eata_score_adapter/test/seed_45.parquet,26990,6c69f51784c2881afc6b5df4906a89612e6476a192f1e1ac941fa0b6d5bd8432,ed5d4d8f76470bfac019b879a6803ead0650b444fa7ea1ce9f50b77c37cfe6cd,d6bc089a312ed8804f63422839d465440c5fd67c,True,True,2026-05-31T07:12:53Z
M3-HEALTHCARE_sar_score_adapter_test_seed45_e0284619,M3-HEALTHCARE,GridPulse patient-stratified,M3_healthcare_confirmatory,45,sar_score_adapter,test,elara_master_c/predictions/confirmation/M3-HEALTHCARE__GridPulse_patient-stratified__M3_healthcare_confirmatory/sar_score_adapter/test/seed_45.parquet,26990,e028461946f245e09c3e0e58ce655faf4c772f09c3173639df9b04094402478d,ed5d4d8f76470bfac019b879a6803ead0650b444fa7ea1ce9f50b77c37cfe6cd,d6bc089a312ed8804f63422839d465440c5fd67c,True,True,2026-05-31T07:12:53Z
M3-HEALTHCARE_static_attention_test_seed45_681b999c,M3-HEALTHCARE,GridPulse patient-stratified,M3_healthcare_confirmatory,45,static_attention,test,elara_master_c/predictions/confirmation/M3-HEALTHCARE__GridPulse_patient-stratified__M3_healthcare_confirmatory/static_attention/test/seed_45__rerun_1.parquet,26990,681b999cbc049bd2af5d19d08dc28975e3f482666f104792ecccf1767d433fa3,ed5d4d8f76470bfac019b879a6803ead0650b444fa7ea1ce9f50b77c37cfe6cd,d6bc089a312ed8804f63422839d465440c5fd67c,True,True,2026-05-31T15:32:00Z
M3-HEALTHCARE_craf_attention_test_seed45_224bedb6,M3-HEALTHCARE,GridPulse patient-stratified,M3_healthcare_confirmatory,45,craf_attention,test,elara_master_c/predictions/confirmation/M3-HEALTHCARE__GridPulse_patient-stratified__M3_healthcare_confirmatory/craf_attention/test/seed_45__rerun_1.parquet,26990,224bedb6f205e2cfe0b2f308f076d6271b7b2cc6addc13f674af2dd5c77ff4e6,ed5d4d8f76470bfac019b879a6803ead0650b444fa7ea1ce9f50b77c37cfe6cd,d6bc089a312ed8804f63422839d465440c5fd67c,True,True,2026-05-31T15:32:00Z
M3-HEALTHCARE_rga_boosted_fusion_test_seed45_a7eaaa4a,M3-HEALTHCARE,GridPulse patient-stratified,M3_healthcare_confirmatory,45,rga_boosted_fusion,test,elara_master_c/predictions/confirmation/M3-HEALTHCARE__GridPulse_patient-stratified__M3_healthcare_confirmatory/rga_boosted_fusion/test/seed_45__rerun_1.parquet,26990,a7eaaa4a9e7283936084888ff1b33520fd3889fa550d50cb25304801fccf02c6,ed5d4d8f76470bfac019b879a6803ead0650b444fa7ea1ce9f50b77c37cfe6cd,d6bc089a312ed8804f63422839d465440c5fd67c,True,True,2026-05-31T15:32:00Z
M3-HEALTHCARE_rga_meta_router_test_seed45_303dbe38,M3-HEALTHCARE,GridPulse patient-stratified,M3_healthcare_confirmatory,45,rga_meta_router,test,elara_master_c/predictions/confirmation/M3-HEALTHCARE__GridPulse_patient-stratified__M3_healthcare_confirmatory/rga_meta_router/test/seed_45__rerun_1.parquet,26990,303dbe384c6579df8b4577157bf9842108509bb951da0040d5bbf7484852711b,ed5d4d8f76470bfac019b879a6803ead0650b444fa7ea1ce9f50b77c37cfe6cd,d6bc089a312ed8804f63422839d465440c5fd67c,True,True,2026-05-31T15:32:00Z
M3-HEALTHCARE_early_fusion_mlp_test_seed45_1980c538,M3-HEALTHCARE,GridPulse patient-stratified,M3_healthcare_confirmatory,45,early_fusion_mlp,test,elara_master_c/predictions/confirmation/M3-HEALTHCARE__GridPulse_patient-stratified__M3_healthcare_confirmatory/early_fusion_mlp/test/seed_45__rerun_1.parquet,26990,1980c538cc4c190abdb31cd8aa9dbf674f3f09d1ddbde3e1a796d01f6417fb29,ed5d4d8f76470bfac019b879a6803ead0650b444fa7ea1ce9f50b77c37cfe6cd,d6bc089a312ed8804f63422839d465440c5fd67c,True,True,2026-05-31T15:32:00Z
M3-HEALTHCARE_late_fusion_ensemble_test_seed45_d6c84d5d,M3-HEALTHCARE,GridPulse patient-stratified,M3_healthcare_confirmatory,45,late_fusion_ensemble,test,elara_master_c/predictions/confirmation/M3-HEALTHCARE__GridPulse_patient-stratified__M3_healthcare_confirmatory/late_fusion_ensemble/test/seed_45__rerun_1.parquet,26990,d6c84d5d2d50661550449946fcd2942b9b1275c70d0ba1620a646df625e48d55,ed5d4d8f76470bfac019b879a6803ead0650b444fa7ea1ce9f50b77c37cfe6cd,d6bc089a312ed8804f63422839d465440c5fd67c,True,True,2026-05-31T15:37:54Z
M3-HEALTHCARE_random_forest_test_seed45_e239f8e5,M3-HEALTHCARE,GridPulse patient-stratified,M3_healthcare_confirmatory,45,random_forest,test,elara_master_c/predictions/confirmation/M3-HEALTHCARE__GridPulse_patient-stratified__M3_healthcare_confirmatory/random_forest/test/seed_45__rerun_1.parquet,26990,e239f8e5fd9bdbfe9600303bcfc79931513e984916b36a109535d2a731ba36a1,ed5d4d8f76470bfac019b879a6803ead0650b444fa7ea1ce9f50b77c37cfe6cd,d6bc089a312ed8804f63422839d465440c5fd67c,True,True,2026-05-31T15:37:54Z
M3-HEALTHCARE_confidence_weighted_mean_test_seed45_f1760c5e,M3-HEALTHCARE,GridPulse patient-stratified,M3_healthcare_confirmatory,45,confidence_weighted_mean,test,elara_master_c/predictions/confirmation/M3-HEALTHCARE__GridPulse_patient-stratified__M3_healthcare_confirmatory/confidence_weighted_mean/test/seed_45__rerun_1.parquet,26990,f1760c5e71c1e6ee892daeddb8178644208ac86d467cb16181e0f7bb3f1499ed,ed5d4d8f76470bfac019b879a6803ead0650b444fa7ea1ce9f50b77c37cfe6cd,d6bc089a312ed8804f63422839d465440c5fd67c,True,True,2026-05-31T15:37:54Z
M3-HEALTHCARE_tent_score_adapter_test_seed45_3e17f1f8,M3-HEALTHCARE,GridPulse patient-stratified,M3_healthcare_confirmatory,45,tent_score_adapter,test,elara_master_c/predictions/confirmation/M3-HEALTHCARE__GridPulse_patient-stratified__M3_healthcare_confirmatory/tent_score_adapter/test/seed_45__rerun_1.parquet,26990,3e17f1f8a36ebfb5f3914f87b3b219e0522ba4fef0a56b53af55464ec57a2995,ed5d4d8f76470bfac019b879a6803ead0650b444fa7ea1ce9f50b77c37cfe6cd,d6bc089a312ed8804f63422839d465440c5fd67c,True,True,2026-05-31T15:37:55Z
M3-HEALTHCARE_ttt_pseudo_label_adapter_test_seed45_5efabf23,M3-HEALTHCARE,GridPulse patient-stratified,M3_healthcare_confirmatory,45,ttt_pseudo_label_adapter,test,elara_master_c/predictions/confirmation/M3-HEALTHCARE__GridPulse_patient-stratified__M3_healthcare_confirmatory/ttt_pseudo_label_adapter/test/seed_45__rerun_1.parquet,26990,5efabf23ad6da0ea147f7085e88926a25b4f3b65645e9ab452e656fcf0c3cd6b,ed5d4d8f76470bfac019b879a6803ead0650b444fa7ea1ce9f50b77c37cfe6cd,d6bc089a312ed8804f63422839d465440c5fd67c,True,True,2026-05-31T15:37:55Z
M3-HEALTHCARE_eata_score_adapter_test_seed45_6c69f517,M3-HEALTHCARE,GridPulse patient-stratified,M3_healthcare_confirmatory,45,eata_score_adapter,test,elara_master_c/predictions/confirmation/M3-HEALTHCARE__GridPulse_patient-stratified__M3_healthcare_confirmatory/eata_score_adapter/test/seed_45__rerun_1.parquet,26990,6c69f51784c2881afc6b5df4906a89612e6476a192f1e1ac941fa0b6d5bd8432,ed5d4d8f76470bfac019b879a6803ead0650b444fa7ea1ce9f50b77c37cfe6cd,d6bc089a312ed8804f63422839d465440c5fd67c,True,True,2026-05-31T15:37:55Z
M3-HEALTHCARE_sar_score_adapter_test_seed45_e0284619,M3-HEALTHCARE,GridPulse patient-stratified,M3_healthcare_confirmatory,45,sar_score_adapter,test,elara_master_c/predictions/confirmation/M3-HEALTHCARE__GridPulse_patient-stratified__M3_healthcare_confirmatory/sar_score_adapter/test/seed_45__rerun_1.parquet,26990,e028461946f245e09c3e0e58ce655faf4c772f09c3173639df9b04094402478d,ed5d4d8f76470bfac019b879a6803ead0650b444fa7ea1ce9f50b77c37cfe6cd,d6bc089a312ed8804f63422839d465440c5fd67c,True,True,2026-05-31T15:37:55Z
M3-HEALTHCARE_static_attention_test_seed46_d5221974,M3-HEALTHCARE,GridPulse patient-stratified,M3_healthcare_confirmatory,46,static_attention,test,elara_master_c/predictions/confirmation/M3-HEALTHCARE__GridPulse_patient-stratified__M3_healthcare_confirmatory/static_attention/test/seed_46.parquet,26990,d522197494b4f298ce12c9cf0659d24aeafdb595bddbd73a671fd84f4a473e10,ed5d4d8f76470bfac019b879a6803ead0650b444fa7ea1ce9f50b77c37cfe6cd,d6bc089a312ed8804f63422839d465440c5fd67c,True,True,2026-05-31T15:55:54Z
M3-HEALTHCARE_craf_attention_test_seed46_6b553807,M3-HEALTHCARE,GridPulse patient-stratified,M3_healthcare_confirmatory,46,craf_attention,test,elara_master_c/predictions/confirmation/M3-HEALTHCARE__GridPulse_patient-stratified__M3_healthcare_confirmatory/craf_attention/test/seed_46.parquet,26990,6b55380741ba793e93f595e27c1542f7399710b48f2ae1e7c9b6e6833d5f0fdd,ed5d4d8f76470bfac019b879a6803ead0650b444fa7ea1ce9f50b77c37cfe6cd,d6bc089a312ed8804f63422839d465440c5fd67c,True,True,2026-05-31T15:55:54Z
M3-HEALTHCARE_rga_boosted_fusion_test_seed46_30efbd4e,M3-HEALTHCARE,GridPulse patient-stratified,M3_healthcare_confirmatory,46,rga_boosted_fusion,test,elara_master_c/predictions/confirmation/M3-HEALTHCARE__GridPulse_patient-stratified__M3_healthcare_confirmatory/rga_boosted_fusion/test/seed_46.parquet,26990,30efbd4e0715e3b7d3090c4b4442deb91c2c1e608df8de958f8f960f0514f83d,ed5d4d8f76470bfac019b879a6803ead0650b444fa7ea1ce9f50b77c37cfe6cd,d6bc089a312ed8804f63422839d465440c5fd67c,True,True,2026-05-31T15:55:54Z
M3-HEALTHCARE_rga_meta_router_test_seed46_121889e6,M3-HEALTHCARE,GridPulse patient-stratified,M3_healthcare_confirmatory,46,rga_meta_router,test,elara_master_c/predictions/confirmation/M3-HEALTHCARE__GridPulse_patient-stratified__M3_healthcare_confirmatory/rga_meta_router/test/seed_46.parquet,26990,121889e69944676596ec62b9565a0d5cfb7b873111a492fbea96031af8c2f122,ed5d4d8f76470bfac019b879a6803ead0650b444fa7ea1ce9f50b77c37cfe6cd,d6bc089a312ed8804f63422839d465440c5fd67c,True,True,2026-05-31T15:55:54Z
M3-HEALTHCARE_early_fusion_mlp_test_seed46_5d8069fd,M3-HEALTHCARE,GridPulse patient-stratified,M3_healthcare_confirmatory,46,early_fusion_mlp,test,elara_master_c/predictions/confirmation/M3-HEALTHCARE__GridPulse_patient-stratified__M3_healthcare_confirmatory/early_fusion_mlp/test/seed_46.parquet,26990,5d8069fde954913b5aae1478d7332be0ef93b27916185ec2f342277e865b81e5,ed5d4d8f76470bfac019b879a6803ead0650b444fa7ea1ce9f50b77c37cfe6cd,d6bc089a312ed8804f63422839d465440c5fd67c,True,True,2026-05-31T15:55:54Z
M3-HEALTHCARE_late_fusion_ensemble_test_seed46_1dbfe5e1,M3-HEALTHCARE,GridPulse patient-stratified,M3_healthcare_confirmatory,46,late_fusion_ensemble,test,elara_master_c/predictions/confirmation/M3-HEALTHCARE__GridPulse_patient-stratified__M3_healthcare_confirmatory/late_fusion_ensemble/test/seed_46.parquet,26990,1dbfe5e17668320033770a6ee0bdc3d5dfab0a12e5ea67db2e3406d9a6b69f3b,ed5d4d8f76470bfac019b879a6803ead0650b444fa7ea1ce9f50b77c37cfe6cd,d6bc089a312ed8804f63422839d465440c5fd67c,True,True,2026-05-31T15:55:54Z
M3-HEALTHCARE_random_forest_test_seed46_d31d0242,M3-HEALTHCARE,GridPulse patient-stratified,M3_healthcare_confirmatory,46,random_forest,test,elara_master_c/predictions/confirmation/M3-HEALTHCARE__GridPulse_patient-stratified__M3_healthcare_confirmatory/random_forest/test/seed_46.parquet,26990,d31d0242d022595c0914b9e43fea188807f14f694207167bd06ba484c23838fd,ed5d4d8f76470bfac019b879a6803ead0650b444fa7ea1ce9f50b77c37cfe6cd,d6bc089a312ed8804f63422839d465440c5fd67c,True,True,2026-05-31T15:55:54Z
M3-HEALTHCARE_confidence_weighted_mean_test_seed46_5adf6d21,M3-HEALTHCARE,GridPulse patient-stratified,M3_healthcare_confirmatory,46,confidence_weighted_mean,test,elara_master_c/predictions/confirmation/M3-HEALTHCARE__GridPulse_patient-stratified__M3_healthcare_confirmatory/confidence_weighted_mean/test/seed_46.parquet,26990,5adf6d214823d1928f8a3c1cb34d9857369a455f0f2d4264df9af32410023516,ed5d4d8f76470bfac019b879a6803ead0650b444fa7ea1ce9f50b77c37cfe6cd,d6bc089a312ed8804f63422839d465440c5fd67c,True,True,2026-05-31T15:55:54Z
M3-HEALTHCARE_tent_score_adapter_test_seed46_b1897b27,M3-HEALTHCARE,GridPulse patient-stratified,M3_healthcare_confirmatory,46,tent_score_adapter,test,elara_master_c/predictions/confirmation/M3-HEALTHCARE__GridPulse_patient-stratified__M3_healthcare_confirmatory/tent_score_adapter/test/seed_46.parquet,26990,b1897b27cf8ec55f3d0097b0f16d2674ff7acc3473a5b86d58c7698b6900314a,ed5d4d8f76470bfac019b879a6803ead0650b444fa7ea1ce9f50b77c37cfe6cd,d6bc089a312ed8804f63422839d465440c5fd67c,True,True,2026-05-31T15:55:54Z
M3-HEALTHCARE_ttt_pseudo_label_adapter_test_seed46_23b8ee92,M3-HEALTHCARE,GridPulse patient-stratified,M3_healthcare_confirmatory,46,ttt_pseudo_label_adapter,test,elara_master_c/predictions/confirmation/M3-HEALTHCARE__GridPulse_patient-stratified__M3_healthcare_confirmatory/ttt_pseudo_label_adapter/test/seed_46.parquet,26990,23b8ee9211b9109d2b79e5833af398eede089a8e8225d614be1a8a22f3738b81,ed5d4d8f76470bfac019b879a6803ead0650b444fa7ea1ce9f50b77c37cfe6cd,d6bc089a312ed8804f63422839d465440c5fd67c,True,True,2026-05-31T15:55:54Z
M3-HEALTHCARE_eata_score_adapter_test_seed46_ac2ca1e1,M3-HEALTHCARE,GridPulse patient-stratified,M3_healthcare_confirmatory,46,eata_score_adapter,test,elara_master_c/predictions/confirmation/M3-HEALTHCARE__GridPulse_patient-stratified__M3_healthcare_confirmatory/eata_score_adapter/test/seed_46.parquet,26990,ac2ca1e126754700e263cd31d138e2eb813c757cf3c8cd76913deb968c6f19fa,ed5d4d8f76470bfac019b879a6803ead0650b444fa7ea1ce9f50b77c37cfe6cd,d6bc089a312ed8804f63422839d465440c5fd67c,True,True,2026-05-31T15:55:54Z
M3-HEALTHCARE_sar_score_adapter_test_seed46_a2b4d049,M3-HEALTHCARE,GridPulse patient-stratified,M3_healthcare_confirmatory,46,sar_score_adapter,test,elara_master_c/predictions/confirmation/M3-HEALTHCARE__GridPulse_patient-stratified__M3_healthcare_confirmatory/sar_score_adapter/test/seed_46.parquet,26990,a2b4d049f21603d17f658f65fbe1d684b08a459fc0e9f3a236c1ff673fed4428,ed5d4d8f76470bfac019b879a6803ead0650b444fa7ea1ce9f50b77c37cfe6cd,d6bc089a312ed8804f63422839d465440c5fd67c,True,True,2026-05-31T16:10:55Z
M3-HEALTHCARE_static_attention_test_seed46_d5221974,M3-HEALTHCARE,GridPulse patient-stratified,M3_healthcare_confirmatory,46,static_attention,test,elara_master_c/predictions/confirmation/M3-HEALTHCARE__GridPulse_patient-stratified__M3_healthcare_confirmatory/static_attention/test/seed_46__rerun_1.parquet,26990,d522197494b4f298ce12c9cf0659d24aeafdb595bddbd73a671fd84f4a473e10,ed5d4d8f76470bfac019b879a6803ead0650b444fa7ea1ce9f50b77c37cfe6cd,d6bc089a312ed8804f63422839d465440c5fd67c,True,True,2026-05-31T21:59:17Z
M3-HEALTHCARE_craf_attention_test_seed46_6b553807,M3-HEALTHCARE,GridPulse patient-stratified,M3_healthcare_confirmatory,46,craf_attention,test,elara_master_c/predictions/confirmation/M3-HEALTHCARE__GridPulse_patient-stratified__M3_healthcare_confirmatory/craf_attention/test/seed_46__rerun_1.parquet,26990,6b55380741ba793e93f595e27c1542f7399710b48f2ae1e7c9b6e6833d5f0fdd,ed5d4d8f76470bfac019b879a6803ead0650b444fa7ea1ce9f50b77c37cfe6cd,d6bc089a312ed8804f63422839d465440c5fd67c,True,True,2026-05-31T21:59:17Z
M3-HEALTHCARE_rga_boosted_fusion_test_seed46_30efbd4e,M3-HEALTHCARE,GridPulse patient-stratified,M3_healthcare_confirmatory,46,rga_boosted_fusion,test,elara_master_c/predictions/confirmation/M3-HEALTHCARE__GridPulse_patient-stratified__M3_healthcare_confirmatory/rga_boosted_fusion/test/seed_46__rerun_1.parquet,26990,30efbd4e0715e3b7d3090c4b4442deb91c2c1e608df8de958f8f960f0514f83d,ed5d4d8f76470bfac019b879a6803ead0650b444fa7ea1ce9f50b77c37cfe6cd,d6bc089a312ed8804f63422839d465440c5fd67c,True,True,2026-05-31T21:59:18Z
M3-HEALTHCARE_rga_meta_router_test_seed46_121889e6,M3-HEALTHCARE,GridPulse patient-stratified,M3_healthcare_confirmatory,46,rga_meta_router,test,elara_master_c/predictions/confirmation/M3-HEALTHCARE__GridPulse_patient-stratified__M3_healthcare_confirmatory/rga_meta_router/test/seed_46__rerun_1.parquet,26990,121889e69944676596ec62b9565a0d5cfb7b873111a492fbea96031af8c2f122,ed5d4d8f76470bfac019b879a6803ead0650b444fa7ea1ce9f50b77c37cfe6cd,d6bc089a312ed8804f63422839d465440c5fd67c,True,True,2026-05-31T21:59:18Z
M3-HEALTHCARE_early_fusion_mlp_test_seed46_5d8069fd,M3-HEALTHCARE,GridPulse patient-stratified,M3_healthcare_confirmatory,46,early_fusion_mlp,test,elara_master_c/predictions/confirmation/M3-HEALTHCARE__GridPulse_patient-stratified__M3_healthcare_confirmatory/early_fusion_mlp/test/seed_46__rerun_1.parquet,26990,5d8069fde954913b5aae1478d7332be0ef93b27916185ec2f342277e865b81e5,ed5d4d8f76470bfac019b879a6803ead0650b444fa7ea1ce9f50b77c37cfe6cd,d6bc089a312ed8804f63422839d465440c5fd67c,True,True,2026-05-31T21:59:18Z
M3-HEALTHCARE_late_fusion_ensemble_test_seed46_1dbfe5e1,M3-HEALTHCARE,GridPulse patient-stratified,M3_healthcare_confirmatory,46,late_fusion_ensemble,test,elara_master_c/predictions/confirmation/M3-HEALTHCARE__GridPulse_patient-stratified__M3_healthcare_confirmatory/late_fusion_ensemble/test/seed_46__rerun_1.parquet,26990,1dbfe5e17668320033770a6ee0bdc3d5dfab0a12e5ea67db2e3406d9a6b69f3b,ed5d4d8f76470bfac019b879a6803ead0650b444fa7ea1ce9f50b77c37cfe6cd,d6bc089a312ed8804f63422839d465440c5fd67c,True,True,2026-05-31T21:59:18Z
M3-HEALTHCARE_random_forest_test_seed46_d31d0242,M3-HEALTHCARE,GridPulse patient-stratified,M3_healthcare_confirmatory,46,random_forest,test,elara_master_c/predictions/confirmation/M3-HEALTHCARE__GridPulse_patient-stratified__M3_healthcare_confirmatory/random_forest/test/seed_46__rerun_1.parquet,26990,d31d0242d022595c0914b9e43fea188807f14f694207167bd06ba484c23838fd,ed5d4d8f76470bfac019b879a6803ead0650b444fa7ea1ce9f50b77c37cfe6cd,d6bc089a312ed8804f63422839d465440c5fd67c,True,True,2026-05-31T21:59:18Z
M3-HEALTHCARE_confidence_weighted_mean_test_seed46_5adf6d21,M3-HEALTHCARE,GridPulse patient-stratified,M3_healthcare_confirmatory,46,confidence_weighted_mean,test,elara_master_c/predictions/confirmation/M3-HEALTHCARE__GridPulse_patient-stratified__M3_healthcare_confirmatory/confidence_weighted_mean/test/seed_46__rerun_1.parquet,26990,5adf6d214823d1928f8a3c1cb34d9857369a455f0f2d4264df9af32410023516,ed5d4d8f76470bfac019b879a6803ead0650b444fa7ea1ce9f50b77c37cfe6cd,d6bc089a312ed8804f63422839d465440c5fd67c,True,True,2026-05-31T21:59:18Z
M3-HEALTHCARE_tent_score_adapter_test_seed46_b1897b27,M3-HEALTHCARE,GridPulse patient-stratified,M3_healthcare_confirmatory,46,tent_score_adapter,test,elara_master_c/predictions/confirmation/M3-HEALTHCARE__GridPulse_patient-stratified__M3_healthcare_confirmatory/tent_score_adapter/test/seed_46__rerun_1.parquet,26990,b1897b27cf8ec55f3d0097b0f16d2674ff7acc3473a5b86d58c7698b6900314a,ed5d4d8f76470bfac019b879a6803ead0650b444fa7ea1ce9f50b77c37cfe6cd,d6bc089a312ed8804f63422839d465440c5fd67c,True,True,2026-05-31T21:59:18Z
M3-HEALTHCARE_ttt_pseudo_label_adapter_test_seed46_23b8ee92,M3-HEALTHCARE,GridPulse patient-stratified,M3_healthcare_confirmatory,46,ttt_pseudo_label_adapter,test,elara_master_c/predictions/confirmation/M3-HEALTHCARE__GridPulse_patient-stratified__M3_healthcare_confirmatory/ttt_pseudo_label_adapter/test/seed_46__rerun_1.parquet,26990,23b8ee9211b9109d2b79e5833af398eede089a8e8225d614be1a8a22f3738b81,ed5d4d8f76470bfac019b879a6803ead0650b444fa7ea1ce9f50b77c37cfe6cd,d6bc089a312ed8804f63422839d465440c5fd67c,True,True,2026-05-31T21:59:18Z
M3-HEALTHCARE_eata_score_adapter_test_seed46_ac2ca1e1,M3-HEALTHCARE,GridPulse patient-stratified,M3_healthcare_confirmatory,46,eata_score_adapter,test,elara_master_c/predictions/confirmation/M3-HEALTHCARE__GridPulse_patient-stratified__M3_healthcare_confirmatory/eata_score_adapter/test/seed_46__rerun_1.parquet,26990,ac2ca1e126754700e263cd31d138e2eb813c757cf3c8cd76913deb968c6f19fa,ed5d4d8f76470bfac019b879a6803ead0650b444fa7ea1ce9f50b77c37cfe6cd,d6bc089a312ed8804f63422839d465440c5fd67c,True,True,2026-05-31T21:59:18Z
M3-HEALTHCARE_sar_score_adapter_test_seed46_a2b4d049,M3-HEALTHCARE,GridPulse patient-stratified,M3_healthcare_confirmatory,46,sar_score_adapter,test,elara_master_c/predictions/confirmation/M3-HEALTHCARE__GridPulse_patient-stratified__M3_healthcare_confirmatory/sar_score_adapter/test/seed_46__rerun_1.parquet,26990,a2b4d049f21603d17f658f65fbe1d684b08a459fc0e9f3a236c1ff673fed4428,ed5d4d8f76470bfac019b879a6803ead0650b444fa7ea1ce9f50b77c37cfe6cd,d6bc089a312ed8804f63422839d465440c5fd67c,True,True,2026-05-31T21:59:18Z
