warning: The top-level linter settings are deprecated in favour of their counterparts in the `lint` section. Please update the following options in `pyproject.toml`:
  - 'ignore' -> 'lint.ignore'
  - 'select' -> 'lint.select'
  - 'per-file-ignores' -> 'lint.per-file-ignores'
I001 [*] Import block is un-sorted or un-formatted
 --> dashboard/app_streamlit.py:2:1
  |
1 |   """Interactive Streamlit dashboard for UAIS-V results."""
2 | / from pathlib import Path
3 | | import json
4 | | import subprocess
5 | |
6 | | import pandas as pd
  | |___________________^
7 |
8 |   # Optional dependencies: Streamlit + Plotly.
  |
help: Organize imports

I001 [*] Import block is un-sorted or un-formatted
 --> dashboard/components/anomaly_insights_tab.py:2:1
  |
1 |   """Anomaly insights tab."""
2 | / import json
3 | | from pathlib import Path
4 | | import pandas as pd
5 | | import streamlit as st
6 | |
7 | | from uais.utils.paths import EXPERIMENTS_DIR
  | |____________________________________________^
  |
help: Organize imports

F401 [*] `pathlib.Path` imported but unused
 --> dashboard/components/anomaly_insights_tab.py:3:21
  |
1 | """Anomaly insights tab."""
2 | import json
3 | from pathlib import Path
  |                     ^^^^
4 | import pandas as pd
5 | import streamlit as st
  |
help: Remove unused import: `pathlib.Path`

UP015 [*] Unnecessary mode argument
  --> dashboard/components/anomaly_insights_tab.py:17:27
   |
15 |     if json_files:
16 |         latest = json_files[-1]
17 |         with open(latest, "r", encoding="utf-8") as f:
   |                           ^^^
18 |             data = json.load(f)
19 |         return data if isinstance(data, dict) else {}
   |
help: Remove mode argument

I001 [*] Import block is un-sorted or un-formatted
 --> dashboard/components/model_comparison_tab.py:2:1
  |
1 |   """Model comparison tab."""
2 | / import json
3 | | from pathlib import Path
4 | | import pandas as pd
5 | | import streamlit as st
6 | |
7 | | from uais.utils.paths import EXPERIMENTS_DIR
  | |____________________________________________^
  |
help: Organize imports

UP015 [*] Unnecessary mode argument
  --> dashboard/components/model_comparison_tab.py:13:29
   |
11 |     if file.suffix == ".json":
12 |         try:
13 |             with open(file, "r", encoding="utf-8") as f:
   |                             ^^^
14 |                 data = json.load(f)
15 |             return data if isinstance(data, dict) else {}
   |
help: Remove mode argument

I001 [*] Import block is un-sorted or un-formatted
 --> dashboard/components/overview_tab.py:2:1
  |
1 |   """Overview tab components."""
2 | / import json
3 | | from pathlib import Path
4 | | import pandas as pd
5 | | import streamlit as st
6 | |
7 | | from uais.utils.paths import EXPERIMENTS_DIR
  | |____________________________________________^
  |
help: Organize imports

F401 [*] `pathlib.Path` imported but unused
 --> dashboard/components/overview_tab.py:3:21
  |
1 | """Overview tab components."""
2 | import json
3 | from pathlib import Path
  |                     ^^^^
4 | import pandas as pd
5 | import streamlit as st
  |
help: Remove unused import: `pathlib.Path`

UP015 [*] Unnecessary mode argument
  --> dashboard/components/overview_tab.py:13:33
   |
11 |     summary_path = EXPERIMENTS_DIR / "report_summary.json"
12 |     if summary_path.exists():
13 |         with open(summary_path, "r", encoding="utf-8") as f:
   |                                 ^^^
14 |             return json.load(f)
15 |     return {}
   |
help: Remove mode argument

B904 Within an `except` clause, raise exceptions with `raise ... from err` or `raise ... from None` to distinguish them from errors in exception handling
  --> deploy/api/auth.py:84:9
   |
82 |         return TokenData(username=username, scopes=token_scopes)
83 |     except JWTError:
84 |         raise credentials_exception
   |         ^^^^^^^^^^^^^^^^^^^^^^^^^^^
   |

UP035 `typing.Dict` is deprecated, use `dict` instead
  --> deploy/api/main.py:15:1
   |
13 | from io import BytesIO
14 | from pathlib import Path
15 | from typing import Dict, List, Optional
   | ^^^^^^^^^^^^^^^^^^^^^^^^^^^^^^^^^^^^^^^
16 |
17 | import joblib
   |

UP035 `typing.List` is deprecated, use `list` instead
  --> deploy/api/main.py:15:1
   |
13 | from io import BytesIO
14 | from pathlib import Path
15 | from typing import Dict, List, Optional
   | ^^^^^^^^^^^^^^^^^^^^^^^^^^^^^^^^^^^^^^^
16 |
17 | import joblib
   |

F401 [*] `fastapi.Response` imported but unused
  --> deploy/api/main.py:19:54
   |
17 | import joblib
18 | import numpy as np
19 | from fastapi import Depends, FastAPI, HTTPException, Response, status
   |                                                      ^^^^^^^^
20 | from fastapi.middleware.cors import CORSMiddleware
21 | from fastapi.responses import PlainTextResponse
   |
help: Remove unused import: `fastapi.Response`

I001 [*] Import block is un-sorted or un-formatted
  --> deploy/api/main.py:26:5
   |
24 |   # Import monitoring and auth (optional - graceful fallback)
25 |   try:
26 | /     from .auth import authenticate
27 | |     from .monitoring import (
28 | |         InferenceMetrics,
29 | |         MetricsMiddleware,
30 | |         export_prometheus_metrics,
31 | |         get_system_metrics,
32 | |         health_checker,
33 | |         MODEL_LOADED,
34 | |     )
   | |_____^
35 |       MONITORING_AVAILABLE = True
36 |   except ImportError:
   |
help: Organize imports

I001 [*] Import block is un-sorted or un-formatted
   --> deploy/api/main.py:124:9
    |
122 |           return _vision_model
123 |       try:
124 | /         import torch
125 | |         from uais_v.models.vision_resnet import VisionConfig, build_resnet_classifier
    | |_____________________________________________________________________________________^
126 |       except Exception:
127 |           _vision_model = False
    |
help: Organize imports

I001 [*] Import block is un-sorted or un-formatted
   --> deploy/api/main.py:152:9
    |
150 |           return None, {}
151 |       try:
152 | /         import torch
153 | |         from uais.fusion.attention.cross_modal_attention import AttentionFusionModel
    | |____________________________________________________________________________________^
154 |       except Exception:
155 |           return None, {}
    |
help: Organize imports

UP006 Use `list` instead of `List` for type annotation
   --> deploy/api/main.py:205:15
    |
203 | # Request/Response models
204 | class FraudRequest(BaseModel):
205 |     features: List[float] = Field(..., min_items=1, description="Feature vector for fraud detection")
    |               ^^^^
206 |
207 |     @validator('features')
    |
help: Replace with `list`

UP006 Use `list` instead of `List` for type annotation
   --> deploy/api/main.py:221:15
    |
220 | class CyberRequest(BaseModel):
221 |     features: List[float] = Field(..., min_items=1, description="Feature vector for cyber attack detection")
    |               ^^^^
    |
help: Replace with `list`

UP006 Use `dict` instead of `Dict` for type annotation
   --> deploy/api/main.py:230:13
    |
229 | class FusionRequest(BaseModel):
230 |     scores: Dict[str, float] = Field(..., description="Domain-specific anomaly scores")
    |             ^^^^
231 |
232 |     @validator('scores')
    |
help: Replace with `dict`

UP006 Use `list` instead of `List` for type annotation
   --> deploy/api/main.py:242:14
    |
240 | class FusionResponse(BaseModel):
241 |     fusion_risk: float
242 |     domains: List[str]
    |              ^^^^
243 |     overall_risk_level: str
    |
help: Replace with `list`

UP006 Use `list` instead of `List` for type annotation
   --> deploy/api/main.py:250:26
    |
248 |     score: float = Field(..., ge=0.0, le=1.0)
249 |     confidence: Optional[float] = Field(None, ge=0.0, le=1.0)
250 |     embeddings: Optional[List[float]] = None
    |                          ^^^^
    |
help: Replace with `list`

UP006 Use `list` instead of `List` for type annotation
   --> deploy/api/main.py:254:14
    |
253 | class AttentionFusionRequest(BaseModel):
254 |     domains: List[AttentionDomainInput]
    |              ^^^^
    |
help: Replace with `list`

UP006 Use `list` instead of `List` for type annotation
   --> deploy/api/main.py:259:19
    |
257 | class AttentionFusionResponse(BaseModel):
258 |     fusion_risk: float
259 |     domain_order: List[str]
    |                   ^^^^
260 |     attention_mean: Optional[List[float]]
261 |     domain_confidence: Optional[List[float]]
    |
help: Replace with `list`

UP006 Use `list` instead of `List` for type annotation
   --> deploy/api/main.py:260:30
    |
258 |     fusion_risk: float
259 |     domain_order: List[str]
260 |     attention_mean: Optional[List[float]]
    |                              ^^^^
261 |     domain_confidence: Optional[List[float]]
    |
help: Replace with `list`

UP006 Use `list` instead of `List` for type annotation
   --> deploy/api/main.py:261:33
    |
259 |     domain_order: List[str]
260 |     attention_mean: Optional[List[float]]
261 |     domain_confidence: Optional[List[float]]
    |                                 ^^^^
    |
help: Replace with `list`

UP006 Use `dict` instead of `Dict` for type annotation
   --> deploy/api/main.py:285:66
    |
285 | def _build_attention_features(req: AttentionFusionRequest, meta: Dict[str, object]) -> tuple[np.ndarray, np.ndarray]:
    |                                                                  ^^^^
286 |     domain_order = meta.get("domain_order", [])
287 |     feature_columns = meta.get("feature_columns", [])
    |
help: Replace with `dict`

B904 Within an `except` clause, raise exceptions with `raise ... from err` or `raise ... from None` to distinguish them from errors in exception handling
   --> deploy/api/main.py:410:9
    |
408 |           )
409 |       except Exception as e:
410 | /         raise HTTPException(
411 | |             status_code=status.HTTP_500_INTERNAL_SERVER_ERROR,
412 | |             detail=f"Prediction failed: {str(e)}"
413 | |         )
    | |_________^
    |

B904 Within an `except` clause, raise exceptions with `raise ... from err` or `raise ... from None` to distinguish them from errors in exception handling
   --> deploy/api/main.py:443:9
    |
441 |           )
442 |       except Exception as e:
443 | /         raise HTTPException(
444 | |             status_code=status.HTTP_500_INTERNAL_SERVER_ERROR,
445 | |             detail=f"Prediction failed: {str(e)}"
446 | |         )
    | |_________^
    |

B904 Within an `except` clause, raise exceptions with `raise ... from err` or `raise ... from None` to distinguish them from errors in exception handling
   --> deploy/api/main.py:478:9
    |
476 |           )
477 |       except Exception as e:
478 | /         raise HTTPException(
479 | |             status_code=status.HTTP_500_INTERNAL_SERVER_ERROR,
480 | |             detail=f"Prediction failed: {str(e)}"
481 | |         )
    | |_________^
    |

B904 Within an `except` clause, raise exceptions with `raise ... from err` or `raise ... from None` to distinguish them from errors in exception handling
   --> deploy/api/main.py:530:9
    |
528 |           )
529 |       except Exception as e:
530 | /         raise HTTPException(
531 | |             status_code=status.HTTP_500_INTERNAL_SERVER_ERROR,
532 | |             detail=f"Attention fusion prediction failed: {str(e)}",
533 | |         )
    | |_________^
    |

B904 Within an `except` clause, raise exceptions with `raise ... from err` or `raise ... from None` to distinguish them from errors in exception handling
   --> deploy/api/main.py:572:9
    |
570 |           }
571 |       except Exception as e:
572 | /         raise HTTPException(
573 | |             status_code=status.HTTP_500_INTERNAL_SERVER_ERROR,
574 | |             detail=f"NLP inference failed: {str(e)}"
575 | |         )
    | |_________^
    |

B904 Within an `except` clause, raise exceptions with `raise ... from err` or `raise ... from None` to distinguish them from errors in exception handling
   --> deploy/api/main.py:623:9
    |
621 |           }
622 |       except Exception as e:
623 | /         raise HTTPException(
624 | |             status_code=status.HTTP_500_INTERNAL_SERVER_ERROR,
625 | |             detail=f"Vision inference failed: {str(e)}"
626 | |         )
    | |_________^
    |

F401 [*] `os` imported but unused
 --> deploy/api/monitoring.py:2:8
  |
1 | """Monitoring, metrics, and observability for UAIS-V API."""
2 | import os
  |        ^^
3 | import time
4 | from collections import defaultdict
  |
help: Remove unused import: `os`

UP035 `typing.Dict` is deprecated, use `dict` instead
 --> deploy/api/monitoring.py:6:1
  |
4 | from collections import defaultdict
5 | from datetime import datetime
6 | from typing import Callable, Dict, List, Optional
  | ^^^^^^^^^^^^^^^^^^^^^^^^^^^^^^^^^^^^^^^^^^^^^^^^^
7 |
8 | import psutil
  |

UP035 `typing.List` is deprecated, use `list` instead
 --> deploy/api/monitoring.py:6:1
  |
4 | from collections import defaultdict
5 | from datetime import datetime
6 | from typing import Callable, Dict, List, Optional
  | ^^^^^^^^^^^^^^^^^^^^^^^^^^^^^^^^^^^^^^^^^^^^^^^^^
7 |
8 | import psutil
  |

UP006 Use `dict` instead of `Dict` for type annotation
   --> deploy/api/monitoring.py:125:22
    |
124 |     def __init__(self):
125 |         self.checks: Dict[str, Callable] = {}
    |                      ^^^^
126 |         self.history: Dict[str, List[Dict]] = defaultdict(list)
127 |         self.max_history = 100
    |
help: Replace with `dict`

UP006 Use `dict` instead of `Dict` for type annotation
   --> deploy/api/monitoring.py:126:23
    |
124 |     def __init__(self):
125 |         self.checks: Dict[str, Callable] = {}
126 |         self.history: Dict[str, List[Dict]] = defaultdict(list)
    |                       ^^^^
127 |         self.max_history = 100
    |
help: Replace with `dict`

UP006 Use `list` instead of `List` for type annotation
   --> deploy/api/monitoring.py:126:33
    |
124 |     def __init__(self):
125 |         self.checks: Dict[str, Callable] = {}
126 |         self.history: Dict[str, List[Dict]] = defaultdict(list)
    |                                 ^^^^
127 |         self.max_history = 100
    |
help: Replace with `list`

UP006 Use `dict` instead of `Dict` for type annotation
   --> deploy/api/monitoring.py:126:38
    |
124 |     def __init__(self):
125 |         self.checks: Dict[str, Callable] = {}
126 |         self.history: Dict[str, List[Dict]] = defaultdict(list)
    |                                      ^^^^
127 |         self.max_history = 100
    |
help: Replace with `dict`

UP006 Use `dict` instead of `Dict` for type annotation
   --> deploy/api/monitoring.py:133:35
    |
131 |         self.checks[name] = check_fn
132 |
133 |     async def run_checks(self) -> Dict[str, any]:
    |                                   ^^^^
134 |         """Run all health checks."""
135 |         results = {
    |
help: Replace with `dict`

UP006 Use `dict` instead of `Dict` for type annotation
   --> deploy/api/monitoring.py:173:64
    |
171 |         return results
172 |
173 |     def get_history(self, check_name: Optional[str] = None) -> Dict:
    |                                                                ^^^^
174 |         """Get health check history."""
175 |         if check_name:
    |
help: Replace with `dict`

UP006 Use `dict` instead of `Dict` for type annotation
   --> deploy/api/monitoring.py:184:29
    |
184 | def get_system_metrics() -> Dict:
    |                             ^^^^
185 |     """Get current system metrics."""
186 |     process = psutil.Process()
    |
help: Replace with `dict`

F401 [*] `typing.Any` imported but unused
  --> infer_rga/inference.py:32:20
   |
30 | from dataclasses import dataclass
31 | from pathlib import Path
32 | from typing import Any
   |                    ^^^
33 |
34 | import numpy as np
   |
help: Remove unused import: `typing.Any`

UP037 [*] Remove quotes from type annotation
  --> infer_rga/inference.py:94:10
   |
92 |         device: torch.device | str = "cpu",
93 |         tau: float = 0.66,
94 |     ) -> "InferRGA":
   |          ^^^^^^^^^^
95 |         """Load a fusion model + fitted reliability estimator from disk."""
96 |         model_path = Path(model_path)
   |
help: Remove quotes

I001 [*] Import block is un-sorted or un-formatted
 --> notebooks/00_data_overview.ipynb:cell 1:1:1
  |
1 | / from pathlib import Path
2 | | import sys
3 | |
4 | | import numpy as np
5 | | import pandas as pd
  | |___________________^
6 |
7 |   # Assume this notebook is in universal-anomaly-intelligence/notebooks
  |
help: Organize imports

F401 [*] `numpy` imported but unused
 --> notebooks/00_data_overview.ipynb:cell 1:4:17
  |
2 | import sys
3 |
4 | import numpy as np
  |                 ^^
5 | import pandas as pd
  |
help: Remove unused import: `numpy`

F401 [*] `pandas` imported but unused
 --> notebooks/00_data_overview.ipynb:cell 1:5:18
  |
4 | import numpy as np
5 | import pandas as pd
  |                  ^^
6 |
7 | # Assume this notebook is in universal-anomaly-intelligence/notebooks
  |
help: Remove unused import: `pandas`

E402 Module level import not at top of cell
  --> notebooks/00_data_overview.ipynb:cell 1:15:1
   |
13 |     sys.path.append(str(src_path))
14 |
15 | from uais.data.load_fraud_data import load_fraud_data
   | ^^^^^^^^^^^^^^^^^^^^^^^^^^^^^^^^^^^^^^^^^^^^^^^^^^^^^
16 |
   |

I001 [*] Import block is un-sorted or un-formatted
 --> notebooks/01_eda_fraud.ipynb:cell 1:1:1
  |
1 | / from pathlib import Path
2 | | import sys
3 | |
4 | | import numpy as np
5 | | import pandas as pd
6 | | import matplotlib.pyplot as plt
  | |_______________________________^
7 |
8 |   project_root = Path('..').resolve()
  |
help: Organize imports

F401 [*] `numpy` imported but unused
 --> notebooks/01_eda_fraud.ipynb:cell 1:4:17
  |
2 | import sys
3 |
4 | import numpy as np
  |                 ^^
5 | import pandas as pd
6 | import matplotlib.pyplot as plt
  |
help: Remove unused import: `numpy`

F401 [*] `pandas` imported but unused
 --> notebooks/01_eda_fraud.ipynb:cell 1:5:18
  |
4 | import numpy as np
5 | import pandas as pd
  |                  ^^
6 | import matplotlib.pyplot as plt
  |
help: Remove unused import: `pandas`

E402 Module level import not at top of cell
  --> notebooks/01_eda_fraud.ipynb:cell 1:15:1
   |
13 |     sys.path.append(str(src_path))
14 |
15 | from uais.data.load_fraud_data import load_fraud_data
   | ^^^^^^^^^^^^^^^^^^^^^^^^^^^^^^^^^^^^^^^^^^^^^^^^^^^^^
16 | from uais.features.fraud_features import build_fraud_feature_table
   |

E402 Module level import not at top of cell
  --> notebooks/01_eda_fraud.ipynb:cell 1:16:1
   |
15 | from uais.data.load_fraud_data import load_fraud_data
16 | from uais.features.fraud_features import build_fraud_feature_table
   | ^^^^^^^^^^^^^^^^^^^^^^^^^^^^^^^^^^^^^^^^^^^^^^^^^^^^^^^^^^^^^^^^^^
17 |
   |

I001 [*] Import block is un-sorted or un-formatted
 --> notebooks/01_eda_fraud.ipynb:cell 12:1:1
  |
1 | / from sklearn.model_selection import train_test_split
2 | | from sklearn.metrics import roc_auc_score, f1_score
3 | | from sklearn.ensemble import HistGradientBoostingClassifier
  | |___________________________________________________________^
4 |
5 |   # Split
  |
help: Organize imports

I001 [*] Import block is un-sorted or un-formatted
 --> notebooks/02_eda_cyber.ipynb:cell 1:1:1
  |
1 | / from pathlib import Path
2 | | import sys
3 | |
4 | | import numpy as np
5 | | import pandas as pd
6 | | import matplotlib.pyplot as plt
  | |_______________________________^
7 |
8 |   project_root = Path('..').resolve()
  |
help: Organize imports

F401 [*] `pandas` imported but unused
 --> notebooks/02_eda_cyber.ipynb:cell 1:5:18
  |
4 | import numpy as np
5 | import pandas as pd
  |                  ^^
6 | import matplotlib.pyplot as plt
  |
help: Remove unused import: `pandas`

F401 [*] `matplotlib.pyplot` imported but unused
 --> notebooks/02_eda_cyber.ipynb:cell 1:6:29
  |
4 | import numpy as np
5 | import pandas as pd
6 | import matplotlib.pyplot as plt
  |                             ^^^
7 |
8 | project_root = Path('..').resolve()
  |
help: Remove unused import: `matplotlib.pyplot`

E402 Module level import not at top of cell
  --> notebooks/02_eda_cyber.ipynb:cell 1:15:1
   |
13 |     sys.path.append(str(src_path))
14 |
15 | from uais.data.load_cyber_data import load_cyber_data
   | ^^^^^^^^^^^^^^^^^^^^^^^^^^^^^^^^^^^^^^^^^^^^^^^^^^^^^
16 | from uais.features.cyber_features import build_cyber_feature_table
   |

E402 Module level import not at top of cell
  --> notebooks/02_eda_cyber.ipynb:cell 1:16:1
   |
15 | from uais.data.load_cyber_data import load_cyber_data
16 | from uais.features.cyber_features import build_cyber_feature_table
   | ^^^^^^^^^^^^^^^^^^^^^^^^^^^^^^^^^^^^^^^^^^^^^^^^^^^^^^^^^^^^^^^^^^
17 |
   |

I001 [*] Import block is un-sorted or un-formatted
 --> notebooks/03_eda_behavior.ipynb:cell 1:1:1
  |
1 | / from pathlib import Path
2 | | import sys, tarfile
3 | | import pandas as pd
4 | | from sklearn.preprocessing import StandardScaler
5 | | from sklearn.ensemble import IsolationForest
6 | | from sklearn.svm import OneClassSVM
  | |___________________________________^
7 |
8 |   project_root = Path('..').resolve()
  |
help: Organize imports

E401 [*] Multiple imports on one line
 --> notebooks/03_eda_behavior.ipynb:cell 1:2:1
  |
1 | from pathlib import Path
2 | import sys, tarfile
  | ^^^^^^^^^^^^^^^^^^^
3 | import pandas as pd
4 | from sklearn.preprocessing import StandardScaler
  |
help: Split imports

I001 [*] Import block is un-sorted or un-formatted
 --> notebooks/03_eda_behavior.ipynb:cell 5:1:1
  |
1 | / import numpy as np
2 | | from sklearn.preprocessing import StandardScaler
3 | | from sklearn.ensemble import IsolationForest
4 | | from sklearn.svm import OneClassSVM
  | |___________________________________^
5 |
6 |   X = features.drop(columns=['user'])
  |
help: Organize imports

F811 [*] Redefinition of unused `StandardScaler` from cell 1, line 4
 --> notebooks/03_eda_behavior.ipynb:cell 5:2:35
  |
1 | import numpy as np
2 | from sklearn.preprocessing import StandardScaler
  |                                   ^^^^^^^^^^^^^^ `StandardScaler` redefined here
3 | from sklearn.ensemble import IsolationForest
4 | from sklearn.svm import OneClassSVM
  |
 ::: notebooks/03_eda_behavior.ipynb:cell 1:4:35
  |
2 | import sys, tarfile
3 | import pandas as pd
4 | from sklearn.preprocessing import StandardScaler
  |                                   -------------- previous definition of `StandardScaler` here
5 | from sklearn.ensemble import IsolationForest
6 | from sklearn.svm import OneClassSVM
  |
help: Remove definition: `StandardScaler`

F811 [*] Redefinition of unused `IsolationForest` from cell 1, line 5
 --> notebooks/03_eda_behavior.ipynb:cell 5:3:30
  |
1 | import numpy as np
2 | from sklearn.preprocessing import StandardScaler
3 | from sklearn.ensemble import IsolationForest
  |                              ^^^^^^^^^^^^^^^ `IsolationForest` redefined here
4 | from sklearn.svm import OneClassSVM
  |
 ::: notebooks/03_eda_behavior.ipynb:cell 1:5:30
  |
3 | import pandas as pd
4 | from sklearn.preprocessing import StandardScaler
5 | from sklearn.ensemble import IsolationForest
  |                              --------------- previous definition of `IsolationForest` here
6 | from sklearn.svm import OneClassSVM
  |
help: Remove definition: `IsolationForest`

F811 [*] Redefinition of unused `OneClassSVM` from cell 1, line 6
 --> notebooks/03_eda_behavior.ipynb:cell 5:4:25
  |
2 | from sklearn.preprocessing import StandardScaler
3 | from sklearn.ensemble import IsolationForest
4 | from sklearn.svm import OneClassSVM
  |                         ^^^^^^^^^^^ `OneClassSVM` redefined here
5 |
6 | X = features.drop(columns=['user'])
  |
 ::: notebooks/03_eda_behavior.ipynb:cell 1:6:25
  |
4 | from sklearn.preprocessing import StandardScaler
5 | from sklearn.ensemble import IsolationForest
6 | from sklearn.svm import OneClassSVM
  |                         ----------- previous definition of `OneClassSVM` here
7 |
8 | project_root = Path('..').resolve()
  |
help: Remove definition: `OneClassSVM`

I001 [*] Import block is un-sorted or un-formatted
 --> notebooks/100_fusion_and_dashboard.ipynb:cell 2:2:1
  |
1 | # Helper: clean DataFrame to avoid missing-column/NaN errors
2 | import pandas as pd
  | ^^^^^^^^^^^^^^^^^^^
3 |
4 | def clean_frame(df, target=None, numeric_expected=None, categorical_expected=None):
  |
help: Organize imports

I001 [*] Import block is un-sorted or un-formatted
 --> notebooks/100_fusion_and_dashboard.ipynb:cell 3:1:1
  |
1 | / from pathlib import Path
2 | | import sys
  | |__________^
3 |
4 |   project_root = Path('..').resolve()
  |
help: Organize imports

E402 Module level import not at top of cell
  --> notebooks/100_fusion_and_dashboard.ipynb:cell 3:11:1
   |
 9 |     sys.path.append(str(project_root))
10 |
11 | from uais.fusion.train_fusion_meta import build_fusion_dataset, train_fusion_model
   | ^^^^^^^^^^^^^^^^^^^^^^^^^^^^^^^^^^^^^^^^^^^^^^^^^^^^^^^^^^^^^^^^^^^^^^^^^^^^^^^^^^
12 | from dashboard.app_streamlit import launch_preview
   |

I001 [*] Import block is un-sorted or un-formatted
  --> notebooks/100_fusion_and_dashboard.ipynb:cell 3:11:1
   |
 9 |       sys.path.append(str(project_root))
10 |
11 | / from uais.fusion.train_fusion_meta import build_fusion_dataset, train_fusion_model
12 | | from dashboard.app_streamlit import launch_preview
   | |__________________________________________________^
13 |
14 |   print('Project root:', project_root)
   |
help: Organize imports

E402 Module level import not at top of cell
  --> notebooks/100_fusion_and_dashboard.ipynb:cell 3:12:1
   |
11 | from uais.fusion.train_fusion_meta import build_fusion_dataset, train_fusion_model
12 | from dashboard.app_streamlit import launch_preview
   | ^^^^^^^^^^^^^^^^^^^^^^^^^^^^^^^^^^^^^^^^^^^^^^^^^^
13 |
14 | print('Project root:', project_root)
   |

I001 [*] Import block is un-sorted or un-formatted
 --> notebooks/100_fusion_and_dashboard.ipynb:cell 7:1:1
  |
1 | / import json
2 | | import pandas as pd
  | |___________________^
3 |   summary_path = project_root / 'experiments' / 'report_summary.json'
4 |   if summary_path.exists():
  |
help: Organize imports

F811 [*] Redefinition of unused `pd` from cell 2, line 2
 --> notebooks/100_fusion_and_dashboard.ipynb:cell 7:2:18
  |
1 | import json
2 | import pandas as pd
  |                  ^^ `pd` redefined here
3 | summary_path = project_root / 'experiments' / 'report_summary.json'
4 | if summary_path.exists():
  |
 ::: notebooks/100_fusion_and_dashboard.ipynb:cell 2:2:18
  |
1 | # Helper: clean DataFrame to avoid missing-column/NaN errors
2 | import pandas as pd
  |                  -- previous definition of `pd` here
3 |
4 | def clean_frame(df, target=None, numeric_expected=None, categorical_expected=None):
  |
help: Remove definition: `pd`

I001 [*] Import block is un-sorted or un-formatted
 --> notebooks/10_supervised_fraud.ipynb:cell 1:1:1
  |
1 | / from pathlib import Path
2 | | import sys
3 | |
4 | | import numpy as np
5 | | import pandas as pd
6 | | from sklearn.model_selection import train_test_split
  | |____________________________________________________^
7 |
8 |   project_root = Path('..').resolve()
  |
help: Organize imports

E402 Module level import not at top of cell
  --> notebooks/10_supervised_fraud.ipynb:cell 1:15:1
   |
13 |     sys.path.append(str(src_path))
14 |
15 | from uais.supervised.train_fraud_supervised import FraudModelConfig, train_fraud_model
   | ^^^^^^^^^^^^^^^^^^^^^^^^^^^^^^^^^^^^^^^^^^^^^^^^^^^^^^^^^^^^^^^^^^^^^^^^^^^^^^^^^^^^^^
16 | from uais.utils.metrics import compute_classification_metrics, compute_confusion_matrix
17 | from uais.utils.plotting import plot_roc_curve, plot_pr_curve
   |

I001 [*] Import block is un-sorted or un-formatted
  --> notebooks/10_supervised_fraud.ipynb:cell 1:15:1
   |
13 |       sys.path.append(str(src_path))
14 |
15 | / from uais.supervised.train_fraud_supervised import FraudModelConfig, train_fraud_model
16 | | from uais.utils.metrics import compute_classification_metrics, compute_confusion_matrix
17 | | from uais.utils.plotting import plot_roc_curve, plot_pr_curve
   | |_____________________________________________________________^
18 |
   |
help: Organize imports

E402 Module level import not at top of cell
  --> notebooks/10_supervised_fraud.ipynb:cell 1:16:1
   |
15 | from uais.supervised.train_fraud_supervised import FraudModelConfig, train_fraud_model
16 | from uais.utils.metrics import compute_classification_metrics, compute_confusion_matrix
   | ^^^^^^^^^^^^^^^^^^^^^^^^^^^^^^^^^^^^^^^^^^^^^^^^^^^^^^^^^^^^^^^^^^^^^^^^^^^^^^^^^^^^^^^
17 | from uais.utils.plotting import plot_roc_curve, plot_pr_curve
   |

E402 Module level import not at top of cell
  --> notebooks/10_supervised_fraud.ipynb:cell 1:17:1
   |
15 | from uais.supervised.train_fraud_supervised import FraudModelConfig, train_fraud_model
16 | from uais.utils.metrics import compute_classification_metrics, compute_confusion_matrix
17 | from uais.utils.plotting import plot_roc_curve, plot_pr_curve
   | ^^^^^^^^^^^^^^^^^^^^^^^^^^^^^^^^^^^^^^^^^^^^^^^^^^^^^^^^^^^^^
18 |
   |

I001 [*] Import block is un-sorted or un-formatted
 --> notebooks/10_supervised_fraud.ipynb:cell 2:2:1
  |
1 | # Helper: clean DataFrame to avoid missing-column/NaN errors
2 | import pandas as pd
  | ^^^^^^^^^^^^^^^^^^^
3 |
4 | def clean_frame(df, target=None, numeric_expected=None, categorical_expected=None):
  |
help: Organize imports

F811 [*] Redefinition of unused `pd` from cell 1, line 5
 --> notebooks/10_supervised_fraud.ipynb:cell 2:2:18
  |
1 | # Helper: clean DataFrame to avoid missing-column/NaN errors
2 | import pandas as pd
  |                  ^^ `pd` redefined here
3 |
4 | def clean_frame(df, target=None, numeric_expected=None, categorical_expected=None):
  |
 ::: notebooks/10_supervised_fraud.ipynb:cell 1:5:18
  |
4 | import numpy as np
5 | import pandas as pd
  |                  -- previous definition of `pd` here
6 | from sklearn.model_selection import train_test_split
  |
help: Remove definition: `pd`

I001 [*] Import block is un-sorted or un-formatted
 --> notebooks/11_supervised_cyber.ipynb:cell 1:1:1
  |
1 | / from pathlib import Path
2 | | import sys
3 | |
4 | | import numpy as np
5 | | import pandas as pd
6 | | from sklearn.model_selection import train_test_split
  | |____________________________________________________^
7 |
8 |   project_root = Path('..').resolve()
  |
help: Organize imports

E402 Module level import not at top of cell
  --> notebooks/11_supervised_cyber.ipynb:cell 1:15:1
   |
13 |     sys.path.append(str(src_path))
14 |
15 | from uais.supervised.train_cyber_supervised import CyberModelConfig, train_cyber_model
   | ^^^^^^^^^^^^^^^^^^^^^^^^^^^^^^^^^^^^^^^^^^^^^^^^^^^^^^^^^^^^^^^^^^^^^^^^^^^^^^^^^^^^^^
16 | from uais.utils.metrics import compute_classification_metrics, compute_confusion_matrix
17 | from uais.utils.plotting import plot_roc_curve, plot_pr_curve
   |

I001 [*] Import block is un-sorted or un-formatted
  --> notebooks/11_supervised_cyber.ipynb:cell 1:15:1
   |
13 |       sys.path.append(str(src_path))
14 |
15 | / from uais.supervised.train_cyber_supervised import CyberModelConfig, train_cyber_model
16 | | from uais.utils.metrics import compute_classification_metrics, compute_confusion_matrix
17 | | from uais.utils.plotting import plot_roc_curve, plot_pr_curve
   | |_____________________________________________________________^
18 |
   |
help: Organize imports

E402 Module level import not at top of cell
  --> notebooks/11_supervised_cyber.ipynb:cell 1:16:1
   |
15 | from uais.supervised.train_cyber_supervised import CyberModelConfig, train_cyber_model
16 | from uais.utils.metrics import compute_classification_metrics, compute_confusion_matrix
   | ^^^^^^^^^^^^^^^^^^^^^^^^^^^^^^^^^^^^^^^^^^^^^^^^^^^^^^^^^^^^^^^^^^^^^^^^^^^^^^^^^^^^^^^
17 | from uais.utils.plotting import plot_roc_curve, plot_pr_curve
   |

E402 Module level import not at top of cell
  --> notebooks/11_supervised_cyber.ipynb:cell 1:17:1
   |
15 | from uais.supervised.train_cyber_supervised import CyberModelConfig, train_cyber_model
16 | from uais.utils.metrics import compute_classification_metrics, compute_confusion_matrix
17 | from uais.utils.plotting import plot_roc_curve, plot_pr_curve
   | ^^^^^^^^^^^^^^^^^^^^^^^^^^^^^^^^^^^^^^^^^^^^^^^^^^^^^^^^^^^^^
18 |
   |

I001 [*] Import block is un-sorted or un-formatted
 --> notebooks/20_unsupervised_fraud.ipynb:cell 1:1:1
  |
1 | / from pathlib import Path
2 | | import sys
3 | |
4 | | import numpy as np
5 | | import pandas as pd
6 | | from sklearn.model_selection import train_test_split
  | |____________________________________________________^
7 |
8 |   project_root = Path('..').resolve()
  |
help: Organize imports

F401 [*] `numpy` imported but unused
 --> notebooks/20_unsupervised_fraud.ipynb:cell 1:4:17
  |
2 | import sys
3 |
4 | import numpy as np
  |                 ^^
5 | import pandas as pd
6 | from sklearn.model_selection import train_test_split
  |
help: Remove unused import: `numpy`

E402 Module level import not at top of cell
  --> notebooks/20_unsupervised_fraud.ipynb:cell 1:15:1
   |
13 |     sys.path.append(str(src_path))
14 |
15 | from uais.anomaly.train_isolation_forest import train_isolation_forest, compute_anomaly_score
   | ^^^^^^^^^^^^^^^^^^^^^^^^^^^^^^^^^^^^^^^^^^^^^^^^^^^^^^^^^^^^^^^^^^^^^^^^^^^^^^^^^^^^^^^^^^^^^
16 | from uais.utils.metrics import compute_classification_metrics
17 | from uais.utils.plotting import plot_roc_curve, plot_pr_curve
   |

I001 [*] Import block is un-sorted or un-formatted
  --> notebooks/20_unsupervised_fraud.ipynb:cell 1:15:1
   |
13 |       sys.path.append(str(src_path))
14 |
15 | / from uais.anomaly.train_isolation_forest import train_isolation_forest, compute_anomaly_score
16 | | from uais.utils.metrics import compute_classification_metrics
17 | | from uais.utils.plotting import plot_roc_curve, plot_pr_curve
   | |_____________________________________________________________^
18 |
   |
help: Organize imports

E402 Module level import not at top of cell
  --> notebooks/20_unsupervised_fraud.ipynb:cell 1:16:1
   |
15 | from uais.anomaly.train_isolation_forest import train_isolation_forest, compute_anomaly_score
16 | from uais.utils.metrics import compute_classification_metrics
   | ^^^^^^^^^^^^^^^^^^^^^^^^^^^^^^^^^^^^^^^^^^^^^^^^^^^^^^^^^^^^^
17 | from uais.utils.plotting import plot_roc_curve, plot_pr_curve
   |

E402 Module level import not at top of cell
  --> notebooks/20_unsupervised_fraud.ipynb:cell 1:17:1
   |
15 | from uais.anomaly.train_isolation_forest import train_isolation_forest, compute_anomaly_score
16 | from uais.utils.metrics import compute_classification_metrics
17 | from uais.utils.plotting import plot_roc_curve, plot_pr_curve
   | ^^^^^^^^^^^^^^^^^^^^^^^^^^^^^^^^^^^^^^^^^^^^^^^^^^^^^^^^^^^^^
18 |
   |

I001 [*] Import block is un-sorted or un-formatted
 --> notebooks/20_unsupervised_fraud.ipynb:cell 2:2:1
  |
1 | # Helper: clean DataFrame to avoid missing-column/NaN errors
2 | import pandas as pd
  | ^^^^^^^^^^^^^^^^^^^
3 |
4 | def clean_frame(df, target=None, numeric_expected=None, categorical_expected=None):
  |
help: Organize imports

F811 [*] Redefinition of unused `pd` from cell 1, line 5
 --> notebooks/20_unsupervised_fraud.ipynb:cell 2:2:18
  |
1 | # Helper: clean DataFrame to avoid missing-column/NaN errors
2 | import pandas as pd
  |                  ^^ `pd` redefined here
3 |
4 | def clean_frame(df, target=None, numeric_expected=None, categorical_expected=None):
  |
 ::: notebooks/20_unsupervised_fraud.ipynb:cell 1:5:18
  |
4 | import numpy as np
5 | import pandas as pd
  |                  -- previous definition of `pd` here
6 | from sklearn.model_selection import train_test_split
  |
help: Remove definition: `pd`

I001 [*] Import block is un-sorted or un-formatted
 --> notebooks/21_unsupervised_cyber.ipynb:cell 1:1:1
  |
1 | / from pathlib import Path
2 | | import sys
3 | |
4 | | import numpy as np
5 | | import pandas as pd
6 | | from sklearn.model_selection import train_test_split
  | |____________________________________________________^
7 |
8 |   project_root = Path('..').resolve()
  |
help: Organize imports

F401 [*] `numpy` imported but unused
 --> notebooks/21_unsupervised_cyber.ipynb:cell 1:4:17
  |
2 | import sys
3 |
4 | import numpy as np
  |                 ^^
5 | import pandas as pd
6 | from sklearn.model_selection import train_test_split
  |
help: Remove unused import: `numpy`

E402 Module level import not at top of cell
  --> notebooks/21_unsupervised_cyber.ipynb:cell 1:15:1
   |
13 |     sys.path.append(str(src_path))
14 |
15 | from uais.anomaly.train_isolation_forest import train_isolation_forest, compute_anomaly_score
   | ^^^^^^^^^^^^^^^^^^^^^^^^^^^^^^^^^^^^^^^^^^^^^^^^^^^^^^^^^^^^^^^^^^^^^^^^^^^^^^^^^^^^^^^^^^^^^
16 | from uais.utils.metrics import compute_classification_metrics
17 | from uais.utils.plotting import plot_roc_curve, plot_pr_curve
   |

I001 [*] Import block is un-sorted or un-formatted
  --> notebooks/21_unsupervised_cyber.ipynb:cell 1:15:1
   |
13 |       sys.path.append(str(src_path))
14 |
15 | / from uais.anomaly.train_isolation_forest import train_isolation_forest, compute_anomaly_score
16 | | from uais.utils.metrics import compute_classification_metrics
17 | | from uais.utils.plotting import plot_roc_curve, plot_pr_curve
   | |_____________________________________________________________^
18 |
   |
help: Organize imports

E402 Module level import not at top of cell
  --> notebooks/21_unsupervised_cyber.ipynb:cell 1:16:1
   |
15 | from uais.anomaly.train_isolation_forest import train_isolation_forest, compute_anomaly_score
16 | from uais.utils.metrics import compute_classification_metrics
   | ^^^^^^^^^^^^^^^^^^^^^^^^^^^^^^^^^^^^^^^^^^^^^^^^^^^^^^^^^^^^^
17 | from uais.utils.plotting import plot_roc_curve, plot_pr_curve
   |

E402 Module level import not at top of cell
  --> notebooks/21_unsupervised_cyber.ipynb:cell 1:17:1
   |
15 | from uais.anomaly.train_isolation_forest import train_isolation_forest, compute_anomaly_score
16 | from uais.utils.metrics import compute_classification_metrics
17 | from uais.utils.plotting import plot_roc_curve, plot_pr_curve
   | ^^^^^^^^^^^^^^^^^^^^^^^^^^^^^^^^^^^^^^^^^^^^^^^^^^^^^^^^^^^^^
18 |
   |

I001 [*] Import block is un-sorted or un-formatted
 --> notebooks/22_unsupervised_behavior.ipynb:cell 1:1:1
  |
1 | / from pathlib import Path
2 | | import sys, tarfile
3 | | import pandas as pd
4 | | import numpy as np
5 | | from sklearn.preprocessing import StandardScaler
6 | | from sklearn.ensemble import IsolationForest
7 | | from sklearn.svm import OneClassSVM
  | |___________________________________^
8 |
9 |   project_root = Path('..').resolve()
  |
help: Organize imports

E401 [*] Multiple imports on one line
 --> notebooks/22_unsupervised_behavior.ipynb:cell 1:2:1
  |
1 | from pathlib import Path
2 | import sys, tarfile
  | ^^^^^^^^^^^^^^^^^^^
3 | import pandas as pd
4 | import numpy as np
  |
help: Split imports

F401 [*] `sys` imported but unused
 --> notebooks/22_unsupervised_behavior.ipynb:cell 1:2:8
  |
1 | from pathlib import Path
2 | import sys, tarfile
  |        ^^^
3 | import pandas as pd
4 | import numpy as np
  |
help: Remove unused import: `sys`

I001 [*] Import block is un-sorted or un-formatted
 --> notebooks/30_sequence_models.ipynb:cell 2:2:1
  |
1 | # Helper: clean DataFrame to avoid missing-column/NaN errors
2 | import pandas as pd
  | ^^^^^^^^^^^^^^^^^^^
3 |
4 | def clean_frame(df, target=None, numeric_expected=None, categorical_expected=None):
  |
help: Organize imports

I001 [*] Import block is un-sorted or un-formatted
 --> notebooks/30_sequence_models.ipynb:cell 3:1:1
  |
1 | / from pathlib import Path
2 | | import sys
3 | |
4 | | import numpy as np
5 | | import pandas as pd
6 | | from sklearn.model_selection import train_test_split
  | |____________________________________________________^
7 |
8 |   project_root = Path('..').resolve()
  |
help: Organize imports

F811 [*] Redefinition of unused `pd` from cell 2, line 2
 --> notebooks/30_sequence_models.ipynb:cell 3:5:18
  |
4 | import numpy as np
5 | import pandas as pd
  |                  ^^ `pd` redefined here
6 | from sklearn.model_selection import train_test_split
  |
 ::: notebooks/30_sequence_models.ipynb:cell 2:2:18
  |
1 | # Helper: clean DataFrame to avoid missing-column/NaN errors
2 | import pandas as pd
  |                  -- previous definition of `pd` here
3 |
4 | def clean_frame(df, target=None, numeric_expected=None, categorical_expected=None):
  |
help: Remove definition: `pd`

E402 Module level import not at top of cell
  --> notebooks/30_sequence_models.ipynb:cell 3:13:1
   |
11 |     sys.path.append(str(src_path))
12 |
13 | from uais.sequence.build_sequences import build_sequences, pad_sequences
   | ^^^^^^^^^^^^^^^^^^^^^^^^^^^^^^^^^^^^^^^^^^^^^^^^^^^^^^^^^^^^^^^^^^^^^^^^
14 | from uais.sequence.train_lstm import train_lstm_classifier, predict_lstm
15 | from uais.sequence.train_gru import train_gru_classifier, predict_gru
   |

I001 [*] Import block is un-sorted or un-formatted
  --> notebooks/30_sequence_models.ipynb:cell 3:13:1
   |
11 |       sys.path.append(str(src_path))
12 |
13 | / from uais.sequence.build_sequences import build_sequences, pad_sequences
14 | | from uais.sequence.train_lstm import train_lstm_classifier, predict_lstm
15 | | from uais.sequence.train_gru import train_gru_classifier, predict_gru
16 | | from uais.sequence.evaluate_sequence import evaluate_sequence_predictions
17 | | from uais.explainability.sequence_explainer import sequence_saliency
   | |____________________________________________________________________^
18 |
19 |   np.random.seed(42)
   |
help: Organize imports

E402 Module level import not at top of cell
  --> notebooks/30_sequence_models.ipynb:cell 3:14:1
   |
13 | from uais.sequence.build_sequences import build_sequences, pad_sequences
14 | from uais.sequence.train_lstm import train_lstm_classifier, predict_lstm
   | ^^^^^^^^^^^^^^^^^^^^^^^^^^^^^^^^^^^^^^^^^^^^^^^^^^^^^^^^^^^^^^^^^^^^^^^^
15 | from uais.sequence.train_gru import train_gru_classifier, predict_gru
16 | from uais.sequence.evaluate_sequence import evaluate_sequence_predictions
   |

E402 Module level import not at top of cell
  --> notebooks/30_sequence_models.ipynb:cell 3:15:1
   |
13 | from uais.sequence.build_sequences import build_sequences, pad_sequences
14 | from uais.sequence.train_lstm import train_lstm_classifier, predict_lstm
15 | from uais.sequence.train_gru import train_gru_classifier, predict_gru
   | ^^^^^^^^^^^^^^^^^^^^^^^^^^^^^^^^^^^^^^^^^^^^^^^^^^^^^^^^^^^^^^^^^^^^^
16 | from uais.sequence.evaluate_sequence import evaluate_sequence_predictions
17 | from uais.explainability.sequence_explainer import sequence_saliency
   |

E402 Module level import not at top of cell
  --> notebooks/30_sequence_models.ipynb:cell 3:16:1
   |
14 | from uais.sequence.train_lstm import train_lstm_classifier, predict_lstm
15 | from uais.sequence.train_gru import train_gru_classifier, predict_gru
16 | from uais.sequence.evaluate_sequence import evaluate_sequence_predictions
   | ^^^^^^^^^^^^^^^^^^^^^^^^^^^^^^^^^^^^^^^^^^^^^^^^^^^^^^^^^^^^^^^^^^^^^^^^^
17 | from uais.explainability.sequence_explainer import sequence_saliency
   |

E402 Module level import not at top of cell
  --> notebooks/30_sequence_models.ipynb:cell 3:17:1
   |
15 | from uais.sequence.train_gru import train_gru_classifier, predict_gru
16 | from uais.sequence.evaluate_sequence import evaluate_sequence_predictions
17 | from uais.explainability.sequence_explainer import sequence_saliency
   | ^^^^^^^^^^^^^^^^^^^^^^^^^^^^^^^^^^^^^^^^^^^^^^^^^^^^^^^^^^^^^^^^^^^^
18 |
19 | np.random.seed(42)
   |

E402 Module level import not at top of cell
  --> notebooks/30_sequence_models.ipynb:cell 3:20:1
   |
19 | np.random.seed(42)
20 | import torch
   | ^^^^^^^^^^^^
21 | _ = torch.manual_seed(42)
   |

I001 [*] Import block is un-sorted or un-formatted
  --> notebooks/30_sequence_models.ipynb:cell 3:20:1
   |
19 | np.random.seed(42)
20 | import torch
   | ^^^^^^^^^^^^
21 | _ = torch.manual_seed(42)
   |
help: Organize imports

I001 [*] Import block is un-sorted or un-formatted
 --> notebooks/40_fusion_model.ipynb:cell 1:1:1
  |
1 | / from pathlib import Path
2 | | import sys
3 | |
4 | | import numpy as np
5 | | import pandas as pd
6 | | from sklearn.model_selection import train_test_split
7 | | from sklearn.linear_model import LogisticRegression
  | |___________________________________________________^
8 |
9 |   project_root = Path('..').resolve()
  |
help: Organize imports

E402 Module level import not at top of cell
  --> notebooks/40_fusion_model.ipynb:cell 1:16:1
   |
14 |     sys.path.append(str(src_path))
15 |
16 | from uais.supervised.train_fraud_supervised import FraudModelConfig, train_fraud_model
   | ^^^^^^^^^^^^^^^^^^^^^^^^^^^^^^^^^^^^^^^^^^^^^^^^^^^^^^^^^^^^^^^^^^^^^^^^^^^^^^^^^^^^^^
17 | from uais.utils.metrics import compute_classification_metrics
18 | from uais.utils.plotting import plot_roc_curve, plot_pr_curve
   |

I001 [*] Import block is un-sorted or un-formatted
  --> notebooks/40_fusion_model.ipynb:cell 1:16:1
   |
14 |       sys.path.append(str(src_path))
15 |
16 | / from uais.supervised.train_fraud_supervised import FraudModelConfig, train_fraud_model
17 | | from uais.utils.metrics import compute_classification_metrics
18 | | from uais.utils.plotting import plot_roc_curve, plot_pr_curve
   | |_____________________________________________________________^
19 |
   |
help: Organize imports

F401 [*] `uais.supervised.train_fraud_supervised.FraudModelConfig` imported but unused
  --> notebooks/40_fusion_model.ipynb:cell 1:16:52
   |
14 |     sys.path.append(str(src_path))
15 |
16 | from uais.supervised.train_fraud_supervised import FraudModelConfig, train_fraud_model
   |                                                    ^^^^^^^^^^^^^^^^
17 | from uais.utils.metrics import compute_classification_metrics
18 | from uais.utils.plotting import plot_roc_curve, plot_pr_curve
   |
help: Remove unused import

F401 [*] `uais.supervised.train_fraud_supervised.train_fraud_model` imported but unused
  --> notebooks/40_fusion_model.ipynb:cell 1:16:70
   |
14 |     sys.path.append(str(src_path))
15 |
16 | from uais.supervised.train_fraud_supervised import FraudModelConfig, train_fraud_model
   |                                                                      ^^^^^^^^^^^^^^^^^
17 | from uais.utils.metrics import compute_classification_metrics
18 | from uais.utils.plotting import plot_roc_curve, plot_pr_curve
   |
help: Remove unused import

E402 Module level import not at top of cell
  --> notebooks/40_fusion_model.ipynb:cell 1:17:1
   |
16 | from uais.supervised.train_fraud_supervised import FraudModelConfig, train_fraud_model
17 | from uais.utils.metrics import compute_classification_metrics
   | ^^^^^^^^^^^^^^^^^^^^^^^^^^^^^^^^^^^^^^^^^^^^^^^^^^^^^^^^^^^^^
18 | from uais.utils.plotting import plot_roc_curve, plot_pr_curve
   |

E402 Module level import not at top of cell
  --> notebooks/40_fusion_model.ipynb:cell 1:18:1
   |
16 | from uais.supervised.train_fraud_supervised import FraudModelConfig, train_fraud_model
17 | from uais.utils.metrics import compute_classification_metrics
18 | from uais.utils.plotting import plot_roc_curve, plot_pr_curve
   | ^^^^^^^^^^^^^^^^^^^^^^^^^^^^^^^^^^^^^^^^^^^^^^^^^^^^^^^^^^^^^
19 |
   |

I001 [*] Import block is un-sorted or un-formatted
 --> notebooks/40_fusion_model.ipynb:cell 2:1:1
  |
1 | / from uais.data.load_fraud_data import load_fraud_data
2 | | from uais.features.fraud_features import build_fraud_feature_table
3 | | from sklearn.ensemble import HistGradientBoostingClassifier
  | |___________________________________________________________^
4 |
5 |   # Use creditcard dataset explicitly to avoid mixing schemas
  |
help: Organize imports

I001 [*] Import block is un-sorted or un-formatted
 --> notebooks/40_hybrid_fraud_score.ipynb:cell 1:1:1
  |
1 | / from pathlib import Path
2 | | import sys
3 | |
4 | | import numpy as np
5 | | import pandas as pd
6 | | from sklearn.model_selection import train_test_split
  | |____________________________________________________^
7 |
8 |   project_root = Path('..').resolve()
  |
help: Organize imports

F401 [*] `pandas` imported but unused
 --> notebooks/40_hybrid_fraud_score.ipynb:cell 1:5:18
  |
4 | import numpy as np
5 | import pandas as pd
  |                  ^^
6 | from sklearn.model_selection import train_test_split
  |
help: Remove unused import: `pandas`

E402 Module level import not at top of cell
  --> notebooks/40_hybrid_fraud_score.ipynb:cell 1:15:1
   |
13 |     sys.path.append(str(src_path))
14 |
15 | from uais.data.load_fraud_data import load_fraud_data
   | ^^^^^^^^^^^^^^^^^^^^^^^^^^^^^^^^^^^^^^^^^^^^^^^^^^^^^
16 | from uais.features.fraud_features import build_fraud_feature_table
17 | from uais.supervised.train_fraud_supervised import FraudModelConfig, train_fraud_model
   |

I001 [*] Import block is un-sorted or un-formatted
  --> notebooks/40_hybrid_fraud_score.ipynb:cell 1:15:1
   |
13 |       sys.path.append(str(src_path))
14 |
15 | / from uais.data.load_fraud_data import load_fraud_data
16 | | from uais.features.fraud_features import build_fraud_feature_table
17 | | from uais.supervised.train_fraud_supervised import FraudModelConfig, train_fraud_model
18 | | from uais.anomaly.train_isolation_forest import train_isolation_forest, compute_anomaly_score
19 | | from uais.ensembles.blending import blend_supervised_and_anomaly
20 | | from uais.utils.metrics import compute_classification_metrics
21 | | from uais.utils.plotting import plot_roc_curve, plot_pr_curve
   | |_____________________________________________________________^
22 |
   |
help: Organize imports

E402 Module level import not at top of cell
  --> notebooks/40_hybrid_fraud_score.ipynb:cell 1:16:1
   |
15 | from uais.data.load_fraud_data import load_fraud_data
16 | from uais.features.fraud_features import build_fraud_feature_table
   | ^^^^^^^^^^^^^^^^^^^^^^^^^^^^^^^^^^^^^^^^^^^^^^^^^^^^^^^^^^^^^^^^^^
17 | from uais.supervised.train_fraud_supervised import FraudModelConfig, train_fraud_model
18 | from uais.anomaly.train_isolation_forest import train_isolation_forest, compute_anomaly_score
   |

E402 Module level import not at top of cell
  --> notebooks/40_hybrid_fraud_score.ipynb:cell 1:17:1
   |
15 | from uais.data.load_fraud_data import load_fraud_data
16 | from uais.features.fraud_features import build_fraud_feature_table
17 | from uais.supervised.train_fraud_supervised import FraudModelConfig, train_fraud_model
   | ^^^^^^^^^^^^^^^^^^^^^^^^^^^^^^^^^^^^^^^^^^^^^^^^^^^^^^^^^^^^^^^^^^^^^^^^^^^^^^^^^^^^^^
18 | from uais.anomaly.train_isolation_forest import train_isolation_forest, compute_anomaly_score
19 | from uais.ensembles.blending import blend_supervised_and_anomaly
   |

E402 Module level import not at top of cell
  --> notebooks/40_hybrid_fraud_score.ipynb:cell 1:18:1
   |
16 | from uais.features.fraud_features import build_fraud_feature_table
17 | from uais.supervised.train_fraud_supervised import FraudModelConfig, train_fraud_model
18 | from uais.anomaly.train_isolation_forest import train_isolation_forest, compute_anomaly_score
   | ^^^^^^^^^^^^^^^^^^^^^^^^^^^^^^^^^^^^^^^^^^^^^^^^^^^^^^^^^^^^^^^^^^^^^^^^^^^^^^^^^^^^^^^^^^^^^
19 | from uais.ensembles.blending import blend_supervised_and_anomaly
20 | from uais.utils.metrics import compute_classification_metrics
   |

E402 Module level import not at top of cell
  --> notebooks/40_hybrid_fraud_score.ipynb:cell 1:19:1
   |
17 | from uais.supervised.train_fraud_supervised import FraudModelConfig, train_fraud_model
18 | from uais.anomaly.train_isolation_forest import train_isolation_forest, compute_anomaly_score
19 | from uais.ensembles.blending import blend_supervised_and_anomaly
   | ^^^^^^^^^^^^^^^^^^^^^^^^^^^^^^^^^^^^^^^^^^^^^^^^^^^^^^^^^^^^^^^^
20 | from uais.utils.metrics import compute_classification_metrics
21 | from uais.utils.plotting import plot_roc_curve, plot_pr_curve
   |

E402 Module level import not at top of cell
  --> notebooks/40_hybrid_fraud_score.ipynb:cell 1:20:1
   |
18 | from uais.anomaly.train_isolation_forest import train_isolation_forest, compute_anomaly_score
19 | from uais.ensembles.blending import blend_supervised_and_anomaly
20 | from uais.utils.metrics import compute_classification_metrics
   | ^^^^^^^^^^^^^^^^^^^^^^^^^^^^^^^^^^^^^^^^^^^^^^^^^^^^^^^^^^^^^
21 | from uais.utils.plotting import plot_roc_curve, plot_pr_curve
   |

E402 Module level import not at top of cell
  --> notebooks/40_hybrid_fraud_score.ipynb:cell 1:21:1
   |
19 | from uais.ensembles.blending import blend_supervised_and_anomaly
20 | from uais.utils.metrics import compute_classification_metrics
21 | from uais.utils.plotting import plot_roc_curve, plot_pr_curve
   | ^^^^^^^^^^^^^^^^^^^^^^^^^^^^^^^^^^^^^^^^^^^^^^^^^^^^^^^^^^^^^
22 |
   |

I001 [*] Import block is un-sorted or un-formatted
 --> notebooks/50_explainability.ipynb:cell 1:1:1
  |
1 | / from pathlib import Path
2 | | import sys
3 | |
4 | | import numpy as np
5 | | import pandas as pd
  | |___________________^
6 |
7 |   project_root = Path('..').resolve()
  |
help: Organize imports

F401 [*] `numpy` imported but unused
 --> notebooks/50_explainability.ipynb:cell 1:4:17
  |
2 | import sys
3 |
4 | import numpy as np
  |                 ^^
5 | import pandas as pd
  |
help: Remove unused import: `numpy`

F401 [*] `pandas` imported but unused
 --> notebooks/50_explainability.ipynb:cell 1:5:18
  |
4 | import numpy as np
5 | import pandas as pd
  |                  ^^
6 |
7 | project_root = Path('..').resolve()
  |
help: Remove unused import: `pandas`

E402 Module level import not at top of cell
  --> notebooks/50_explainability.ipynb:cell 1:14:1
   |
12 |     sys.path.append(str(src_path))
13 |
14 | from uais.data.load_fraud_data import load_fraud_data
   | ^^^^^^^^^^^^^^^^^^^^^^^^^^^^^^^^^^^^^^^^^^^^^^^^^^^^^
15 | from uais.features.fraud_features import build_fraud_feature_table
16 | from uais.supervised.train_fraud_supervised import FraudModelConfig, train_fraud_model
   |

I001 [*] Import block is un-sorted or un-formatted
  --> notebooks/50_explainability.ipynb:cell 1:14:1
   |
12 |       sys.path.append(str(src_path))
13 |
14 | / from uais.data.load_fraud_data import load_fraud_data
15 | | from uais.features.fraud_features import build_fraud_feature_table
16 | | from uais.supervised.train_fraud_supervised import FraudModelConfig, train_fraud_model
17 | | from uais.explainability.shap_explainer import compute_shap_values, plot_shap_summary
18 | |
19 | | from sklearn.model_selection import train_test_split
   | |____________________________________________________^
20 |
   |
help: Organize imports

E402 Module level import not at top of cell
  --> notebooks/50_explainability.ipynb:cell 1:15:1
   |
14 | from uais.data.load_fraud_data import load_fraud_data
15 | from uais.features.fraud_features import build_fraud_feature_table
   | ^^^^^^^^^^^^^^^^^^^^^^^^^^^^^^^^^^^^^^^^^^^^^^^^^^^^^^^^^^^^^^^^^^
16 | from uais.supervised.train_fraud_supervised import FraudModelConfig, train_fraud_model
17 | from uais.explainability.shap_explainer import compute_shap_values, plot_shap_summary
   |

E402 Module level import not at top of cell
  --> notebooks/50_explainability.ipynb:cell 1:16:1
   |
14 | from uais.data.load_fraud_data import load_fraud_data
15 | from uais.features.fraud_features import build_fraud_feature_table
16 | from uais.supervised.train_fraud_supervised import FraudModelConfig, train_fraud_model
   | ^^^^^^^^^^^^^^^^^^^^^^^^^^^^^^^^^^^^^^^^^^^^^^^^^^^^^^^^^^^^^^^^^^^^^^^^^^^^^^^^^^^^^^
17 | from uais.explainability.shap_explainer import compute_shap_values, plot_shap_summary
   |

E402 Module level import not at top of cell
  --> notebooks/50_explainability.ipynb:cell 1:17:1
   |
15 | from uais.features.fraud_features import build_fraud_feature_table
16 | from uais.supervised.train_fraud_supervised import FraudModelConfig, train_fraud_model
17 | from uais.explainability.shap_explainer import compute_shap_values, plot_shap_summary
   | ^^^^^^^^^^^^^^^^^^^^^^^^^^^^^^^^^^^^^^^^^^^^^^^^^^^^^^^^^^^^^^^^^^^^^^^^^^^^^^^^^^^^^
18 |
19 | from sklearn.model_selection import train_test_split
   |

E402 Module level import not at top of cell
  --> notebooks/50_explainability.ipynb:cell 1:19:1
   |
17 | from uais.explainability.shap_explainer import compute_shap_values, plot_shap_summary
18 |
19 | from sklearn.model_selection import train_test_split
   | ^^^^^^^^^^^^^^^^^^^^^^^^^^^^^^^^^^^^^^^^^^^^^^^^^^^^
20 |
   |

I001 [*] Import block is un-sorted or un-formatted
 --> notebooks/60_evaluation_drift.ipynb:cell 1:1:1
  |
1 | / from pathlib import Path
2 | | import sys
3 | |
4 | | import numpy as np
5 | | import pandas as pd
6 | | import matplotlib.pyplot as plt
7 | | from scipy.stats import ks_2samp
  | |________________________________^
8 |
9 |   project_root = Path('..').resolve()
  |
help: Organize imports

E402 Module level import not at top of cell
  --> notebooks/60_evaluation_drift.ipynb:cell 1:16:1
   |
14 |     sys.path.append(str(src_path))
15 |
16 | from uais.data.load_fraud_data import load_fraud_data
   | ^^^^^^^^^^^^^^^^^^^^^^^^^^^^^^^^^^^^^^^^^^^^^^^^^^^^^
17 | from uais.features.fraud_features import build_fraud_feature_table
18 | from sklearn.model_selection import train_test_split
   |

I001 [*] Import block is un-sorted or un-formatted
  --> notebooks/60_evaluation_drift.ipynb:cell 1:16:1
   |
14 |       sys.path.append(str(src_path))
15 |
16 | / from uais.data.load_fraud_data import load_fraud_data
17 | | from uais.features.fraud_features import build_fraud_feature_table
18 | | from sklearn.model_selection import train_test_split
   | |____________________________________________________^
19 |
   |
help: Organize imports

E402 Module level import not at top of cell
  --> notebooks/60_evaluation_drift.ipynb:cell 1:17:1
   |
16 | from uais.data.load_fraud_data import load_fraud_data
17 | from uais.features.fraud_features import build_fraud_feature_table
   | ^^^^^^^^^^^^^^^^^^^^^^^^^^^^^^^^^^^^^^^^^^^^^^^^^^^^^^^^^^^^^^^^^^
18 | from sklearn.model_selection import train_test_split
   |

E402 Module level import not at top of cell
  --> notebooks/60_evaluation_drift.ipynb:cell 1:18:1
   |
16 | from uais.data.load_fraud_data import load_fraud_data
17 | from uais.features.fraud_features import build_fraud_feature_table
18 | from sklearn.model_selection import train_test_split
   | ^^^^^^^^^^^^^^^^^^^^^^^^^^^^^^^^^^^^^^^^^^^^^^^^^^^^
19 |
   |

I001 [*] Import block is un-sorted or un-formatted
 --> notebooks/70_nlp_email_anomalies.ipynb:cell 2:1:1
  |
1 | / from pathlib import Path
2 | | import sys
3 | | import pandas as pd
4 | | import matplotlib.pyplot as plt
  | |_______________________________^
5 |
6 |   project_root = Path('..').resolve()
  |
help: Organize imports

E402 Module level import not at top of cell
  --> notebooks/70_nlp_email_anomalies.ipynb:cell 2:11:1
   |
 9 |     sys.path.append(str(src_path))
10 |
11 | from uais.nlp.train_text_classifier import NLPConfig, run_text_experiment
   | ^^^^^^^^^^^^^^^^^^^^^^^^^^^^^^^^^^^^^^^^^^^^^^^^^^^^^^^^^^^^^^^^^^^^^^^^^
12 | print('Project root:', project_root)
   |

I001 [*] Import block is un-sorted or un-formatted
  --> notebooks/70_nlp_email_anomalies.ipynb:cell 2:11:1
   |
 9 |     sys.path.append(str(src_path))
10 |
11 | from uais.nlp.train_text_classifier import NLPConfig, run_text_experiment
   | ^^^^^^^^^^^^^^^^^^^^^^^^^^^^^^^^^^^^^^^^^^^^^^^^^^^^^^^^^^^^^^^^^^^^^^^^^
12 | print('Project root:', project_root)
   |
help: Organize imports

I001 [*] Import block is un-sorted or un-formatted
 --> notebooks/70_nlp_email_anomalies.ipynb:cell 3:2:1
  |
1 | # Load all NLP CSVs under data/raw/nlp if present, else fall back to Fake/True build
2 | from uais.data.load_datasets import load_nlp_data
  | ^^^^^^^^^^^^^^^^^^^^^^^^^^^^^^^^^^^^^^^^^^^^^^^^^
3 | try:
4 |     df = load_nlp_data()
  |
help: Organize imports

I001 [*] Import block is un-sorted or un-formatted
 --> notebooks/80_vision_forgery_detection.ipynb:cell 2:2:1
  |
1 | # Helper: clean DataFrame to avoid missing-column/NaN errors
2 | import pandas as pd
  | ^^^^^^^^^^^^^^^^^^^
3 |
4 | def clean_frame(df, target=None, numeric_expected=None, categorical_expected=None):
  |
help: Organize imports

I001 [*] Import block is un-sorted or un-formatted
 --> notebooks/80_vision_forgery_detection.ipynb:cell 3:1:1
  |
1 | / from pathlib import Path
2 | | import sys, random
3 | | import matplotlib.pyplot as plt
4 | | from PIL import Image
  | |_____________________^
5 |
6 |   project_root = Path('..').resolve()
  |
help: Organize imports

E401 [*] Multiple imports on one line
 --> notebooks/80_vision_forgery_detection.ipynb:cell 3:2:1
  |
1 | from pathlib import Path
2 | import sys, random
  | ^^^^^^^^^^^^^^^^^^
3 | import matplotlib.pyplot as plt
4 | from PIL import Image
  |
help: Split imports

E402 Module level import not at top of cell
  --> notebooks/80_vision_forgery_detection.ipynb:cell 3:11:1
   |
 9 |     sys.path.append(str(src_path))
10 |
11 | from uais.vision.train_vision_model import VisionConfig, run_vision_experiment
   | ^^^^^^^^^^^^^^^^^^^^^^^^^^^^^^^^^^^^^^^^^^^^^^^^^^^^^^^^^^^^^^^^^^^^^^^^^^^^^^
12 |
13 | # Default to Intel image classification dataset pulled via KaggleHub
   |

I001 [*] Import block is un-sorted or un-formatted
 --> notebooks/80_vision_forgery_detection.ipynb:cell 4:2:1
  |
1 | # Optional: load tabular vision metadata (CSV/Parquet) if available under data/raw/vision
2 | from uais.data.load_datasets import load_vision_data
  | ^^^^^^^^^^^^^^^^^^^^^^^^^^^^^^^^^^^^^^^^^^^^^^^^^^^^
3 | try:
4 |     vision_tabular = load_vision_data()
  |
help: Organize imports

E702 Multiple statements on one line (semicolon)
  --> notebooks/80_vision_forgery_detection.ipynb:cell 6:20:19
   |
18 |     ax.set_title(d.name)
19 |     ax.axis('off')
20 | plt.tight_layout(); plt.show()
   |                   ^
21 |
   |

E702 Multiple statements on one line (semicolon)
  --> notebooks/80_vision_forgery_detection.ipynb:cell 9:17:28
   |
15 |     ax[0].plot(hist.get('loss', []), label='train')
16 |     ax[0].plot(hist.get('val_loss', []), label='val')
17 |     ax[0].set_title('Loss'); ax[0].legend()
   |                            ^
18 |     ax[1].plot(hist.get('accuracy', []), label='train')
19 |     ax[1].plot(hist.get('val_accuracy', []), label='val')
   |

E702 Multiple statements on one line (semicolon)
  --> notebooks/80_vision_forgery_detection.ipynb:cell 9:20:32
   |
18 |     ax[1].plot(hist.get('accuracy', []), label='train')
19 |     ax[1].plot(hist.get('val_accuracy', []), label='val')
20 |     ax[1].set_title('Accuracy'); ax[1].legend()
   |                                ^
21 |     plt.tight_layout(); plt.show()
   |

E702 Multiple statements on one line (semicolon)
  --> notebooks/80_vision_forgery_detection.ipynb:cell 9:21:23
   |
19 |     ax[1].plot(hist.get('val_accuracy', []), label='val')
20 |     ax[1].set_title('Accuracy'); ax[1].legend()
21 |     plt.tight_layout(); plt.show()
   |                       ^
   |

I001 [*] Import block is un-sorted or un-formatted
 --> notebooks/90_generative_synthesis.ipynb:cell 2:2:1
  |
1 | # Helper: clean DataFrame to avoid missing-column/NaN errors
2 | import pandas as pd
  | ^^^^^^^^^^^^^^^^^^^
3 |
4 | def clean_frame(df, target=None, numeric_expected=None, categorical_expected=None):
  |
help: Organize imports

I001 [*] Import block is un-sorted or un-formatted
 --> notebooks/90_generative_synthesis.ipynb:cell 4:1:1
  |
1 | / from pathlib import Path
2 | | import sys
3 | | import pandas as pd
4 | | import matplotlib.pyplot as plt
  | |_______________________________^
5 |
6 |   project_root = Path('..').resolve()
  |
help: Organize imports

F811 [*] Redefinition of unused `pd` from cell 2, line 2
 --> notebooks/90_generative_synthesis.ipynb:cell 4:3:18
  |
1 | from pathlib import Path
2 | import sys
3 | import pandas as pd
  |                  ^^ `pd` redefined here
4 | import matplotlib.pyplot as plt
  |
 ::: notebooks/90_generative_synthesis.ipynb:cell 2:2:18
  |
1 | # Helper: clean DataFrame to avoid missing-column/NaN errors
2 | import pandas as pd
  |                  -- previous definition of `pd` here
3 |
4 | def clean_frame(df, target=None, numeric_expected=None, categorical_expected=None):
  |
help: Remove definition: `pd`

E402 Module level import not at top of cell
  --> notebooks/90_generative_synthesis.ipynb:cell 4:11:1
   |
 9 |     sys.path.append(str(src_path))
10 |
11 | from uais.generative.train_vae import VAEConfig, run_vae_pipeline
   | ^^^^^^^^^^^^^^^^^^^^^^^^^^^^^^^^^^^^^^^^^^^^^^^^^^^^^^^^^^^^^^^^^
12 |
   |

E702 Multiple statements on one line (semicolon)
  --> notebooks/90_generative_synthesis.ipynb:cell 7:13:17
   |
11 |     plt.plot(hist.get('loss', []), label='train')
12 |     plt.plot(hist.get('val_loss', []), label='val')
13 |     plt.legend(); plt.title('VAE loss'); plt.xlabel('epoch'); plt.ylabel('loss'); plt.tight_layout()
   |                 ^
14 |     plt.savefig(plot_path, dpi=150)
15 |     plt.show()
   |

E702 Multiple statements on one line (semicolon)
  --> notebooks/90_generative_synthesis.ipynb:cell 7:13:40
   |
11 |     plt.plot(hist.get('loss', []), label='train')
12 |     plt.plot(hist.get('val_loss', []), label='val')
13 |     plt.legend(); plt.title('VAE loss'); plt.xlabel('epoch'); plt.ylabel('loss'); plt.tight_layout()
   |                                        ^
14 |     plt.savefig(plot_path, dpi=150)
15 |     plt.show()
   |

E702 Multiple statements on one line (semicolon)
  --> notebooks/90_generative_synthesis.ipynb:cell 7:13:61
   |
11 |     plt.plot(hist.get('loss', []), label='train')
12 |     plt.plot(hist.get('val_loss', []), label='val')
13 |     plt.legend(); plt.title('VAE loss'); plt.xlabel('epoch'); plt.ylabel('loss'); plt.tight_layout()
   |                                                             ^
14 |     plt.savefig(plot_path, dpi=150)
15 |     plt.show()
   |

E702 Multiple statements on one line (semicolon)
  --> notebooks/90_generative_synthesis.ipynb:cell 7:13:81
   |
11 |     plt.plot(hist.get('loss', []), label='train')
12 |     plt.plot(hist.get('val_loss', []), label='val')
13 |     plt.legend(); plt.title('VAE loss'); plt.xlabel('epoch'); plt.ylabel('loss'); plt.tight_layout()
   |                                                                                 ^
14 |     plt.savefig(plot_path, dpi=150)
15 |     plt.show()
   |

I001 [*] Import block is un-sorted or un-formatted
 --> notebooks/95_data_quickstart.ipynb:cell 2:2:1
  |
1 |   # Path setup
2 | / import sys
3 | | from pathlib import Path
  | |________________________^
4 |   project_root = Path('..').resolve()
5 |   sys.path.append(str(project_root / 'src'))
  |
help: Organize imports

I001 [*] Import block is un-sorted or un-formatted
 --> notebooks/95_data_quickstart.ipynb:cell 4:1:1
  |
1 | from pprint import pprint
  | ^^^^^^^^^^^^^^^^^^^^^^^^^
2 | paths = {
3 |     'fraud': project_root / 'data/raw/fraud/creditcard.csv',
  |
help: Organize imports

I001 [*] Import block is un-sorted or un-formatted
 --> notebooks/95_data_quickstart.ipynb:cell 6:1:1
  |
1 | import pandas as pd
  | ^^^^^^^^^^^^^^^^^^^
2 | def safe_head(path, n=5):
3 |     if not path.exists():
  |
help: Organize imports

I001 [*] Import block is un-sorted or un-formatted
 --> notebooks/95_data_quickstart.ipynb:cell 8:1:1
  |
1 | from uais.data.load_datasets import load_enron_emails
  | ^^^^^^^^^^^^^^^^^^^^^^^^^^^^^^^^^^^^^^^^^^^^^^^^^^^^^
2 | try:
3 |     df_enron = load_enron_emails(subset=3)
  |
help: Organize imports

I001 [*] Import block is un-sorted or un-formatted
 --> notebooks/95_data_quickstart.ipynb:cell 14:1:1
  |
1 | / import pandas as pd
2 | | from itertools import islice
  | |____________________________^
3 |   domains_dirs = {
4 |       'fraud': project_root / 'data/raw/fraud',
  |
help: Organize imports

I001 [*] Import block is un-sorted or un-formatted
 --> notebooks/96_reports_preview.ipynb:cell 2:2:1
  |
1 |   # Path setup
2 | / import sys
3 | | from pathlib import Path
  | |________________________^
4 |   project_root = Path('..').resolve()
5 |   sys.path.append(str(project_root / 'src'))
  |
help: Organize imports

I001 [*] Import block is un-sorted or un-formatted
 --> notebooks/96_reports_preview.ipynb:cell 4:1:1
  |
1 | import pandas as pd
  | ^^^^^^^^^^^^^^^^^^^
2 | for d in domains:
3 |     path = reports_dir / f'metrics_{d}.csv'
  |
help: Organize imports

I001 [*] Import block is un-sorted or un-formatted
 --> notebooks/96_reports_preview.ipynb:cell 6:1:1
  |
1 | from IPython.display import Image, display
  | ^^^^^^^^^^^^^^^^^^^^^^^^^^^^^^^^^^^^^^^^^^
2 | for d in domains:
3 |     fig = fig_dir / f'{d}_roc_auc.png'
  |
help: Organize imports

I001 [*] Import block is un-sorted or un-formatted
 --> notebooks/97_feature_ablation.ipynb:cell 5:1:1
  |
1 | from uais.experiments.feature_ablation import run_ablation
  | ^^^^^^^^^^^^^^^^^^^^^^^^^^^^^^^^^^^^^^^^^^^^^^^^^^^^^^^^^^
2 | run_ablation("cyber")
  |
help: Organize imports

I001 [*] Import block is un-sorted or un-formatted
 --> notebooks/97_feature_ablation.ipynb:cell 7:1:1
  |
1 | import pandas as pd
  | ^^^^^^^^^^^^^^^^^^^
2 | domains = ['fraud', 'cyber']
3 | for d in domains:
  |
help: Organize imports

I001 [*] Import block is un-sorted or un-formatted
 --> notebooks/97_feature_ablation.ipynb:cell 9:1:1
  |
1 | from IPython.display import Image, display
  | ^^^^^^^^^^^^^^^^^^^^^^^^^^^^^^^^^^^^^^^^^^
2 | for d in domains:
3 |     figs = sorted((project_root / 'experiments' / d / 'ablations').glob('*.png'))
  |
help: Organize imports

I001 [*] Import block is un-sorted or un-formatted
 --> notebooks/98_task_checklist.ipynb:cell 2:2:1
  |
1 |   # Path setup for imports
2 | / import sys
3 | | from pathlib import Path
  | |________________________^
4 |   project_root = Path('..').resolve()
5 |   sys.path.append(str(project_root / 'src'))
  |
help: Organize imports

I001 [*] Import block is un-sorted or un-formatted
 --> notebooks/98_task_checklist.ipynb:cell 4:1:1
  |
1 | from pprint import pprint
  | ^^^^^^^^^^^^^^^^^^^^^^^^^
2 | data_checks = [
3 |     project_root / 'data/raw/fraud/creditcard.csv',
  |
help: Organize imports

I001 [*] Import block is un-sorted or un-formatted
 --> notebooks/98_task_checklist.ipynb:cell 9:1:1
  |
1 | import pandas as pd
  | ^^^^^^^^^^^^^^^^^^^
2 | domains = ['fraud','cyber','behavior','nlp','vision','fusion']
3 | for d in domains:
  |
help: Organize imports

I001 [*] Import block is un-sorted or un-formatted
 --> notebooks/99_integration_overview.ipynb:cell 2:1:1
  |
1 | / from pathlib import Path
2 | | import sys
3 | | import pandas as pd
4 | | import matplotlib.pyplot as plt
5 | | from IPython.display import Image, display
  | |__________________________________________^
6 |
7 |   project_root = Path('..').resolve()
  |
help: Organize imports

F401 [*] `matplotlib.pyplot` imported but unused
 --> notebooks/99_integration_overview.ipynb:cell 2:4:29
  |
2 | import sys
3 | import pandas as pd
4 | import matplotlib.pyplot as plt
  |                             ^^^
5 | from IPython.display import Image, display
  |
help: Remove unused import: `matplotlib.pyplot`

I001 [*] Import block is un-sorted or un-formatted
 --> notebooks/99_integration_overview.ipynb:cell 7:1:1
  |
1 | / import json
2 | | import pandas as pd
  | |___________________^
3 |
4 |   summary_path = project_root / 'experiments' / 'report_summary.json'
  |
help: Organize imports

I001 [*] Import block is un-sorted or un-formatted
 --> notebooks/99_integration_overview.ipynb:cell 8:1:1
  |
1 | / import numpy as np
2 | | from sklearn.metrics import roc_auc_score
3 | | from uais.utils.stats import bootstrap_ci
  | |_________________________________________^
4 |
5 |   # Demo: CI on small sample probabilities
  |
help: Organize imports

B018 Found useless expression. Either assign it to a variable or remove it.
  --> notebooks/Untitled-1.py:1:1
   |
 1 | / {
 2 | |   "cells": [
 3 | |     {
 4 | |       "cell_type": "markdown",
 5 | |       "metadata": { "language": "markdown" },
 6 | |       "source": [
 7 | |         "# CERT Sequence Anomaly Detection (LSTM Autoencoder)",
 8 | |         "Optimized, GPU-optional, fast CPU version."
 9 | |       ]
10 | |     },
11 | |     {
12 | |       "cell_type": "code",
13 | |       "metadata": { "language": "python" },
14 | |       "source": [
15 | |         "from pathlib import Path",
16 | |         "import pandas as pd, numpy as np, sys",
17 | |         "from sklearn.model_selection import train_test_split",
18 | |         "import tensorflow as tf",
19 | |         "from tensorflow.keras import layers, models",
20 | |         "",
21 | |         "project_root = Path(\"..\" ).resolve()",
22 | |         "csv_path = project_root / \"data\" / \"raw\" / \"behavior\" / \"r4.2\" / \"logon.csv\"  # change to device.csv if needed",
23 | |         "df = pd.read_csv(csv_path, nrows=2000, low_memory=False)  # small slice",
24 | |         "print(\"Cols:\", df.columns.tolist())",
25 | |         "",
26 | |         "time_col = next(c for c in df.columns if \"time\" in c.lower() or \"date\" in c.lower())",
27 | |         "user_col = next(c for c in df.columns if \"user\" in c.lower())",
28 | |         "",
29 | |         "df[time_col] = pd.to_datetime(df[time_col], errors=\"coerce\")",
30 | |         "df = df.dropna(subset=[time_col]).sort_values([user_col, time_col])",
31 | |         "df[\"hour\"] = df[time_col].dt.hour",
32 | |         "df[\"dayofweek\"] = df[time_col].dt.dayofweek",
33 | |         "feature_cols = [\"hour\", \"dayofweek\"]",
34 | |         "",
35 | |         "sequence_length = 10",
36 | |         "max_users = 50",
37 | |         "max_seq_per_user = 1",
38 | |         "",
39 | |         "seqs = []",
40 | |         "for idx, (u, g) in enumerate(df.groupby(user_col)):",
41 | |         "    if idx >= max_users:",
42 | |         "        break",
43 | |         "    X = g[feature_cols].values",
44 | |         "    if len(X) <= sequence_length:",
45 | |         "        continue",
46 | |         "    n_take = min(max_seq_per_user, len(X) - sequence_length + 1)",
47 | |         "    for i in range(n_take):",
48 | |         "        seqs.append(X[i:i+sequence_length])",
49 | |         "X_seq = np.array(seqs, dtype=np.float32)",
50 | |         "print(\"Sequences:\", X_seq.shape)",
51 | |         "if len(X_seq) == 0:",
52 | |         "    raise ValueError(\"No sequences built; lower caps or check file/columns.\")",
53 | |         "",
54 | |         "X_train, X_test = train_test_split(X_seq, test_size=0.2, random_state=42)",
55 | |         "",
56 | |         "input_shape = (sequence_length, len(feature_cols))",
57 | |         "model = models.Sequential([",
58 | |         "    layers.Input(shape=input_shape),",
59 | |         "    layers.LSTM(8, return_sequences=False),",
60 | |         "    layers.RepeatVector(sequence_length),",
61 | |         "    layers.LSTM(8, return_sequences=True),",
62 | |         "    layers.TimeDistributed(layers.Dense(len(feature_cols)))",
63 | |         "])",
64 | |         "model.compile(optimizer=\"adam\", loss=\"mse\")",
65 | |         "history = model.fit(X_train, X_train, epochs=1, batch_size=128, verbose=1, validation_split=0.1)",
66 | |         "",
67 | |         "recon = model.predict(X_test, batch_size=256, verbose=0)",
68 | |         "mse = np.mean((X_test - recon) ** 2, axis=(1,2))",
69 | |         "print(\"Score stats:\", pd.Series(mse).describe())",
70 | |         "",
71 | |         "out = project_root / \"experiments\" / \"behavior\" / \"scores_cert_sequence_min.csv\"",
72 | |         "out.parent.mkdir(parents=True, exist_ok=True)",
73 | |         "pd.DataFrame({\"sequence_id\": np.arange(len(mse)), \"anomaly_score\": mse}).to_csv(out, index=False)",
74 | |         "print(\"Saved:\", out)"
75 | |       ]
76 | |     }
77 | |   ]
78 | | }
   | |_^
   |

W292 [*] No newline at end of file
  --> notebooks/Untitled-1.py:78:2
   |
76 |     }
77 |   ]
78 | }
   |  ^
   |
help: Add trailing newline

I001 [*] Import block is un-sorted or un-formatted
 --> notebooks/hkadh.py:1:1
  |
1 | / from pathlib import Path
2 | | import pandas as pd, numpy as np, sys
3 | | from sklearn.model_selection import train_test_split
4 | | import tensorflow as tf
5 | | from tensorflow.keras import layers, models
  | |___________________________________________^
6 |
7 |   project_root = Path("..").resolve()
  |
help: Organize imports

E401 [*] Multiple imports on one line
 --> notebooks/hkadh.py:2:1
  |
1 | from pathlib import Path
2 | import pandas as pd, numpy as np, sys
  | ^^^^^^^^^^^^^^^^^^^^^^^^^^^^^^^^^^^^^
3 | from sklearn.model_selection import train_test_split
4 | import tensorflow as tf
  |
help: Split imports

F401 [*] `sys` imported but unused
 --> notebooks/hkadh.py:2:35
  |
1 | from pathlib import Path
2 | import pandas as pd, numpy as np, sys
  |                                   ^^^
3 | from sklearn.model_selection import train_test_split
4 | import tensorflow as tf
  |
help: Remove unused import: `sys`

F401 [*] `tensorflow` imported but unused
 --> notebooks/hkadh.py:4:22
  |
2 | import pandas as pd, numpy as np, sys
3 | from sklearn.model_selection import train_test_split
4 | import tensorflow as tf
  |                      ^^
5 | from tensorflow.keras import layers, models
  |
help: Remove unused import: `tensorflow`

B007 Loop control variable `u` not used within loop body
  --> notebooks/hkadh.py:26:11
   |
25 | seqs = []
26 | for idx, (u, g) in enumerate(df.groupby(user_col)):
   |           ^
27 |     if idx >= max_users:
28 |         break
   |
help: Rename unused `u` to `_u`

I001 [*] Import block is un-sorted or un-formatted
 --> scripts/api_latency_check.py:3:1
  |
1 |   #!/usr/bin/env python
2 |   """Simple API latency checker for UAIS-V FastAPI endpoints."""
3 | / import json
4 | | import time
5 | | import argparse
6 | | import requests
  | |_______________^
  |
help: Organize imports

F401 [*] `json` imported but unused
 --> scripts/api_latency_check.py:3:8
  |
1 | #!/usr/bin/env python
2 | """Simple API latency checker for UAIS-V FastAPI endpoints."""
3 | import json
  |        ^^^^
4 | import time
5 | import argparse
  |
help: Remove unused import: `json`

I001 [*] Import block is un-sorted or un-formatted
  --> src/elara/certification/__init__.py:13:1
   |
11 |   """
12 |
13 | / from .risk_dominance import RiskDominanceTerms, estimate_risk_dominance
14 | | from .switching_certificate import (
15 | |     SwitchingCertificate,
16 | |     paired_bootstrap_lcb,
17 | |     fired_subset_certificate,
18 | | )
   | |_^
19 |
20 |   __all__ = [
   |
help: Organize imports

F401 [*] `typing.Any` imported but unused
  --> src/elara/certification/risk_dominance.py:28:20
   |
27 | from dataclasses import dataclass
28 | from typing import Any
   |                    ^^^
29 |
30 | import numpy as np
   |
help: Remove unused import: `typing.Any`

UP035 [*] Import from `collections.abc` instead: `Sequence`
  --> src/elara/certification/switching_certificate.py:20:1
   |
19 | from dataclasses import dataclass
20 | from typing import Sequence
   | ^^^^^^^^^^^^^^^^^^^^^^^^^^^
21 |
22 | import numpy as np
   |
help: Import from `collections.abc`

I001 [*] Import block is un-sorted or un-formatted
  --> src/elara/evaluation/__init__.py:2:1
   |
 1 |   """Phase 2 evaluation utilities."""
 2 | / from .prediction_archive import (
 3 | |     ArchiveEntry,
 4 | |     PredictionArchive,
 5 | |     PREDICTION_ARCHIVE_SCHEMA,
 6 | | )
 7 | | from .ensemble_inference import (
 8 | |     SeedEnsembleAuditedAnalysis,
 9 | |     paired_sample_bootstrap_ci,
10 | |     seed_averaged_delong,
11 | | )
   | |_^
12 |
13 |   __all__ = [
   |
help: Organize imports

I001 [*] Import block is un-sorted or un-formatted
  --> src/elara/evaluation/ensemble_inference.py:18:1
   |
16 |   """
17 |
18 | / from __future__ import annotations
19 | |
20 | | import math
21 | | from dataclasses import dataclass, asdict
22 | | from pathlib import Path
23 | | from typing import Any
24 | |
25 | | import numpy as np
26 | | import pandas as pd
27 | | from sklearn.metrics import roc_auc_score
   | |_________________________________________^
   |
help: Organize imports

F401 [*] `pathlib.Path` imported but unused
  --> src/elara/evaluation/ensemble_inference.py:22:21
   |
20 | import math
21 | from dataclasses import dataclass, asdict
22 | from pathlib import Path
   |                     ^^^^
23 | from typing import Any
   |
help: Remove unused import: `pathlib.Path`

F401 [*] `pandas` imported but unused
  --> src/elara/evaluation/ensemble_inference.py:26:18
   |
25 | import numpy as np
26 | import pandas as pd
   |                  ^^
27 | from sklearn.metrics import roc_auc_score
   |
help: Remove unused import: `pandas`

I001 [*] Import block is un-sorted or un-formatted
  --> src/elara/evaluation/prediction_archive.py:22:1
   |
20 |   """
21 |
22 | / from __future__ import annotations
23 | |
24 | | import csv
25 | | import hashlib
26 | | import json
27 | | import os
28 | | import subprocess
29 | | from dataclasses import dataclass, asdict
30 | | from datetime import datetime, timezone
31 | | from pathlib import Path
32 | | from typing import Any, Iterable
33 | |
34 | | import numpy as np
35 | | import pandas as pd
   | |___________________^
   |
help: Organize imports

F401 [*] `os` imported but unused
  --> src/elara/evaluation/prediction_archive.py:27:8
   |
25 | import hashlib
26 | import json
27 | import os
   |        ^^
28 | import subprocess
29 | from dataclasses import dataclass, asdict
   |
help: Remove unused import: `os`

UP035 [*] Import from `collections.abc` instead: `Iterable`
  --> src/elara/evaluation/prediction_archive.py:32:1
   |
30 | from datetime import datetime, timezone
31 | from pathlib import Path
32 | from typing import Any, Iterable
   | ^^^^^^^^^^^^^^^^^^^^^^^^^^^^^^^^
33 |
34 | import numpy as np
   |
help: Import from `collections.abc`

F841 [*] Local variable `e` is assigned to but never used
   --> src/elara/evaluation/prediction_archive.py:301:29
    |
299 |         try:
300 |             frame.to_parquet(path, index=False)
301 |         except Exception as e:  # parquet engine missing → fallback CSV
    |                             ^
302 |             path = path.with_suffix(".csv")
303 |             frame.to_csv(path, index=False)
    |
help: Remove assignment to unused variable `e`

I001 [*] Import block is un-sorted or un-formatted
  --> src/elara/family_b/__init__.py:16:1
   |
14 |   """
15 |
16 | / from elara.family_b.corruption import (  # noqa: F401
17 | |     KOfDCorruptionResult,
18 | |     inject_corruption,
19 | |     validation_fold_corruption_grid,
20 | | )
21 | | from elara.family_b.mixture_shift import (  # noqa: F401
22 | |     MixtureShiftResample,
23 | |     pure_mixture_shift_resample,
24 | | )
25 | | from elara.family_b.ks_window import KS_WINDOW_GRID  # noqa: F401
   | |___________________________________________________^
   |
help: Organize imports

UP035 [*] Import from `collections.abc` instead: `Iterable`
  --> src/elara/family_b/corruption.py:15:1
   |
13 | from dataclasses import dataclass
14 | from itertools import combinations
15 | from typing import Iterable
   | ^^^^^^^^^^^^^^^^^^^^^^^^^^^
16 |
17 | import numpy as np
   |
help: Import from `collections.abc`

C401 Unnecessary generator (rewrite as a set comprehension)
  --> src/elara/family_b/corruption.py:80:21
   |
78 |     engine = AdversarialPerturbationEngine(domain_order, score_index, random_seed=int(seed))
79 |     out: list[KOfDCorruptionResult] = []
80 |     for k in sorted(set(int(v) for v in k_values)):
   |                     ^^^^^^^^^^^^^^^^^^^^^^^^^^^^^
81 |         if k < 0 or k > len(domain_order):
82 |             raise ValueError(f"k {k} outside [0, {len(domain_order)}]")
   |
help: Rewrite as a set comprehension

C408 Unnecessary `tuple()` call (rewrite as a literal)
  --> src/elara/family_b/corruption.py:87:32
   |
85 |                 condition="clean:k0",
86 |                 attack="none",
87 |                 failed_domains=tuple(),
   |                                ^^^^^^^
88 |                 failed_domain_count=0,
89 |                 features=features,
   |
help: Rewrite as a literal

UP035 [*] Import from `collections.abc` instead: `Sequence`
  --> src/elara/family_b/mixture_shift.py:16:1
   |
15 | from dataclasses import dataclass
16 | from typing import Sequence
   | ^^^^^^^^^^^^^^^^^^^^^^^^^^^
17 |
18 | import numpy as np
   |
help: Import from `collections.abc`

F401 [*] `typing.Sequence` imported but unused
  --> src/elara/family_b/mixture_shift.py:16:20
   |
15 | from dataclasses import dataclass
16 | from typing import Sequence
   |                    ^^^^^^^^
17 |
18 | import numpy as np
   |
help: Remove unused import: `typing.Sequence`

I001 [*] Import block is un-sorted or un-formatted
  --> src/orchestration/__init__.py:8:1
   |
 6 |   """
 7 |
 8 | / from .fraud_flow import fraud_pipeline
 9 | | from .cyber_flow import cyber_pipeline
10 | | from .behavior_flow import behavior_pipeline
11 | | from .fusion_flow import fusion_pipeline
12 | | from .nlp_flow import nlp_pipeline
13 | | from .vision_flow import vision_pipeline
   | |________________________________________^
14 |
15 |   __all__ = [
   |
help: Organize imports

I001 [*] Import block is un-sorted or un-formatted
 --> src/orchestration/vision_flow.py:2:1
  |
1 |   """Stub Vision pipeline wrapper."""
2 | / from __future__ import annotations
3 | |
4 | | from pathlib import Path
5 | |
6 | | from uais.vision.train_vision_model import VisionConfig, run_vision_experiment
7 | | from uais.utils.logging_utils import setup_logging
  | |__________________________________________________^
8 |
9 |   logger = setup_logging(__name__)
  |
help: Organize imports

I001 [*] Import block is un-sorted or un-formatted
  --> src/pipeline/build_features.py:2:1
   |
 1 |   """Build feature tables from lake parquet into processed feature store."""
 2 | / from pathlib import Path
 3 | | import json
 4 | | from typing import Any, Dict
 5 | |
 6 | | import pandas as pd
 7 | | import yaml
 8 | |
 9 | | from uais.features.fraud_features import build_fraud_feature_table
10 | | from uais.features.cyber_features import build_cyber_feature_table
11 | | from uais.features.behavior_features import build_behavior_feature_table
   | |________________________________________________________________________^
   |
help: Organize imports

UP035 `typing.Dict` is deprecated, use `dict` instead
 --> src/pipeline/build_features.py:4:1
  |
2 | from pathlib import Path
3 | import json
4 | from typing import Any, Dict
  | ^^^^^^^^^^^^^^^^^^^^^^^^^^^^
5 |
6 | import pandas as pd
  |

UP006 Use `dict` instead of `Dict` for type annotation
  --> src/pipeline/build_features.py:14:37
   |
14 | def _load_config(cfg_path: Path) -> Dict[str, Any]:
   |                                     ^^^^
15 |     with cfg_path.open("r", encoding="utf-8") as f:
16 |         return yaml.safe_load(f)
   |
help: Replace with `dict`

I001 [*] Import block is un-sorted or un-formatted
 --> src/pipeline/ingest.py:2:1
  |
1 |   """Data ingestion utilities: raw -> lake parquet with basic validation."""
2 | / from pathlib import Path
3 | | from datetime import datetime
4 | | from typing import Optional
5 | |
6 | | import pandas as pd
  | |___________________^
  |
help: Organize imports

I001 [*] Import block is un-sorted or un-formatted
  --> src/pipeline/train_models.py:2:1
   |
 1 |   """Train supervised models using processed feature tables with optional MLflow logging."""
 2 | / from pathlib import Path
 3 | | import json
 4 | | from typing import Any, Dict
 5 | |
 6 | | import numpy as np
 7 | | import pandas as pd
 8 | | import yaml
 9 | | from sklearn.model_selection import train_test_split
10 | |
11 | | from uais.supervised.train_fraud_supervised import FraudModelConfig, train_fraud_model
12 | | from uais.supervised.train_cyber_supervised import CyberModelConfig, train_cyber_model
13 | | from uais.utils.metrics import compute_classification_metrics, compute_confusion_matrix
14 | | from uais.utils.plotting import plot_roc_curve, plot_pr_curve
   | |_____________________________________________________________^
   |
help: Organize imports

UP035 `typing.Dict` is deprecated, use `dict` instead
 --> src/pipeline/train_models.py:4:1
  |
2 | from pathlib import Path
3 | import json
4 | from typing import Any, Dict
  | ^^^^^^^^^^^^^^^^^^^^^^^^^^^^
5 |
6 | import numpy as np
  |

UP006 Use `dict` instead of `Dict` for type annotation
  --> src/pipeline/train_models.py:17:37
   |
17 | def _load_config(cfg_path: Path) -> Dict[str, Any]:
   |                                     ^^^^
18 |     with cfg_path.open("r", encoding="utf-8") as f:
19 |         return yaml.safe_load(f)
   |
help: Replace with `dict`

UP006 Use `dict` instead of `Dict` for type annotation
  --> src/pipeline/train_models.py:22:30
   |
22 | def _maybe_start_mlflow(cfg: Dict[str, Any]):
   |                              ^^^^
23 |     mlflow_cfg = cfg.get("mlflow", {})
24 |     enabled = mlflow_cfg.get("enabled", False)
   |
help: Replace with `dict`

UP006 Use `dict` instead of `Dict` for type annotation
  --> src/pipeline/train_models.py:40:37
   |
40 | def _log_mlflow_params_metrics(cfg: Dict[str, Any], model_params: Dict[str, Any], val_metrics: Dict[str, float], test_metrics: Dict[st…
   |                                     ^^^^
41 |     try:
42 |         import mlflow
   |
help: Replace with `dict`

UP006 Use `dict` instead of `Dict` for type annotation
  --> src/pipeline/train_models.py:40:67
   |
40 | def _log_mlflow_params_metrics(cfg: Dict[str, Any], model_params: Dict[str, Any], val_metrics: Dict[str, float], test_metrics: Dict[st…
   |                                                                   ^^^^
41 |     try:
42 |         import mlflow
   |
help: Replace with `dict`

UP006 Use `dict` instead of `Dict` for type annotation
  --> src/pipeline/train_models.py:40:96
   |
40 | def _log_mlflow_params_metrics(cfg: Dict[str, Any], model_params: Dict[str, Any], val_metrics: Dict[str, float], test_metrics: Dict[st…
   |                                                                                                ^^^^
41 |     try:
42 |         import mlflow
   |
help: Replace with `dict`

UP006 Use `dict` instead of `Dict` for type annotation
  --> src/pipeline/train_models.py:40:128
   |
40 | …s: Dict[str, Any], val_metrics: Dict[str, float], test_metrics: Dict[str, float]):
   |                                                                  ^^^^
41 | …
42 | …
   |
help: Replace with `dict`

I001 [*] Import block is un-sorted or un-formatted
  --> src/scripts/audit_canonical_label_semantics.py:28:1
   |
26 |   """
27 |
28 | / from __future__ import annotations
29 | |
30 | | import argparse
31 | | import csv
32 | | import json
33 | | import math
34 | | from pathlib import Path
35 | | from typing import Any
36 | |
37 | | import numpy as np
38 | | import pandas as pd
39 | | from sklearn.metrics import (
40 | |     average_precision_score,
41 | |     brier_score_loss,
42 | |     roc_auc_score,
43 | | )
44 | |
45 | | from uais.utils.metrics import expected_calibration_error
   | |_________________________________________________________^
   |
help: Organize imports

F401 [*] `math` imported but unused
  --> src/scripts/audit_canonical_label_semantics.py:33:8
   |
31 | import csv
32 | import json
33 | import math
   |        ^^^^
34 | from pathlib import Path
35 | from typing import Any
   |
help: Remove unused import: `math`

F841 Local variable `y_pred` is assigned to but never used
   --> src/scripts/audit_canonical_label_semantics.py:120:5
    |
118 |     if inverted:
119 |         scores = 1.0 - scores
120 |     y_pred = (scores >= 0.5).astype(int)
    |     ^^^^^^
121 |     return {
122 |         "seed": seed,
    |
help: Remove assignment to unused variable `y_pred`

F841 Local variable `static` is assigned to but never used
   --> src/scripts/audit_canonical_label_semantics.py:362:9
    |
360 |         # raw vs flipped — the JSON stores the AFTER-flip values for static/craf, so we
361 |         # report the values as-stored and note that the audit will recompute under no-flip.
362 |         static = r.get("static_attention", {}) or {}
    |         ^^^^^^
363 |         rows.append({
364 |             "benchmark": cell["benchmark"],
    |
help: Remove assignment to unused variable `static`

I001 [*] Import block is un-sorted or un-formatted
  --> src/scripts/build_metrics_manifest.py:22:1
   |
20 |   """
21 |
22 | / from __future__ import annotations
23 | |
24 | | import argparse
25 | | import csv
26 | | import json
27 | | from pathlib import Path
   | |________________________^
   |
help: Organize imports

B023 Function definition does not bind loop variable `cid`
   --> src/scripts/build_metrics_manifest.py:208:27
    |
206 |         cid = c["cell_id"]
207 |         def _macro(name: str, value):
208 |             key = f"elara{cid}{name}"  # e.g. elaraA2RgaPlusAuc
    |                           ^^^
209 |             if isinstance(value, float):
210 |                 macros[key] = f"{value:.4f}"
    |

I001 [*] Import block is un-sorted or un-formatted
  --> src/scripts/download_datasets.py:18:1
   |
16 |   """
17 |
18 | / from pathlib import Path
19 | | import shutil
20 | |
21 | | import kagglehub  # pip install kagglehub
   | |________________^
22 |
23 |   PROJECT_ROOT = Path(__file__).resolve().parents[2]
   |
help: Organize imports

I001 [*] Import block is un-sorted or un-formatted
  --> src/scripts/download_mvtec3d_kaggle_subset.py:14:1
   |
12 |   """
13 |
14 | / from __future__ import annotations
15 | |
16 | | import argparse
17 | | import json
18 | | import shutil
19 | | import tempfile
20 | | from collections import defaultdict
21 | | from pathlib import Path
22 | | from typing import Iterable
   | |___________________________^
   |
help: Organize imports

UP035 [*] Import from `collections.abc` instead: `Iterable`
  --> src/scripts/download_mvtec3d_kaggle_subset.py:22:1
   |
20 | from collections import defaultdict
21 | from pathlib import Path
22 | from typing import Iterable
   | ^^^^^^^^^^^^^^^^^^^^^^^^^^^
   |
help: Import from `collections.abc`

B007 Loop control variable `pairing` not used within loop body
   --> src/scripts/emit_locked_audited_statistics.py:196:55
    |
194 |     representative_seed_idx = 0
195 |
196 |     for cell_id, benchmark, protocol, family, status, pairing, holm in FAMILY_REGISTRY:
    |                                                       ^^^^^^^
197 |         if status not in {"audited primary reanalysis", "exploratory", "protocol-diagnostic"}:
198 |             continue
    |
help: Rename unused `pairing` to `_pairing`

B007 Loop control variable `status` not used within loop body
   --> src/scripts/emit_locked_audited_statistics.py:323:47
    |
321 |         "eata_score_adapter", "sar_score_adapter",
322 |     )
323 |     for cell_id, benchmark, protocol, family, status, pairing, holm in FAMILY_REGISTRY:
    |                                               ^^^^^^
324 |         rel_path = JSON_PATHS.get((benchmark, protocol))
325 |         if rel_path is None:
    |
help: Rename unused `status` to `_status`

B007 Loop control variable `pairing` not used within loop body
   --> src/scripts/emit_locked_audited_statistics.py:323:55
    |
321 |         "eata_score_adapter", "sar_score_adapter",
322 |     )
323 |     for cell_id, benchmark, protocol, family, status, pairing, holm in FAMILY_REGISTRY:
    |                                                       ^^^^^^^
324 |         rel_path = JSON_PATHS.get((benchmark, protocol))
325 |         if rel_path is None:
    |
help: Rename unused `pairing` to `_pairing`

B007 Loop control variable `holm` not used within loop body
   --> src/scripts/emit_locked_audited_statistics.py:323:64
    |
321 |         "eata_score_adapter", "sar_score_adapter",
322 |     )
323 |     for cell_id, benchmark, protocol, family, status, pairing, holm in FAMILY_REGISTRY:
    |                                                                ^^^^
324 |         rel_path = JSON_PATHS.get((benchmark, protocol))
325 |         if rel_path is None:
    |
help: Rename unused `holm` to `_holm`

I001 [*] Import block is un-sorted or un-formatted
  --> src/scripts/emit_mvtec3d_assets.py:12:1
   |
10 |   """
11 |
12 | / from __future__ import annotations
13 | |
14 | | import argparse
15 | | import json
16 | | import shutil
17 | | import tempfile
18 | | from pathlib import Path
19 | |
20 | | from scripts.generate_craf_paper_assets import (
21 | |     _set_style,
22 | |     plot_adversarial_delta,
23 | |     plot_calibration,
24 | |     plot_cda_impacts,
25 | |     plot_clean_benchmark,
26 | |     plot_drift_curves,
27 | |     plot_failure_cases,
28 | |     plot_missing_modality,
29 | |     write_adversarial_table,
30 | |     write_calibration_table,
31 | |     write_clean_ci_table,
32 | |     write_clean_table,
33 | |     write_category_aware_table,
34 | |     write_component_ablation_table,
35 | |     write_drift_table,
36 | |     write_failure_case_table,
37 | |     write_missing_table,
38 | |     write_paired_benchmark_metadata_table,
39 | |     write_tau_sweep_table,
40 | | )
   | |_^
   |
help: Organize imports

B023 Function definition does not bind loop variable `cs`
   --> src/scripts/emit_rga_plus_validation_frozen_selection.py:219:17
    |
217 |         cs = payload.get("clean_metric_summary", {})
218 |         def _m(name):
219 |             v = cs.get(name, {}).get("roc_auc")
    |                 ^^
220 |             if isinstance(v, dict):
221 |                 return v.get("mean")
    |

invalid-syntax: Cannot use an escape sequence (backslash) in f-strings on Python 3.9 (syntax was added in Python 3.12)
  --> src/scripts/emit_switching_certificate_t5_table.py:44:18
   |
42 |             rf"{_fmt(r.get('rga_auroc_mean'), 3)} & "
43 |             rf"{_fmt(r.get('lcb'), 4, sign=True)} & "
44 |             rf"{'\\textbf{certified}' if r.get('certified') else 'not cert.'} \\"
   |                  ^
45 |         )
46 |     out += [r"\bottomrule", r"\end{tabular}", ""]
   |

invalid-syntax: Cannot use an escape sequence (backslash) in f-strings on Python 3.9 (syntax was added in Python 3.12)
  --> src/scripts/emit_switching_certificate_t5_table.py:44:19
   |
42 |             rf"{_fmt(r.get('rga_auroc_mean'), 3)} & "
43 |             rf"{_fmt(r.get('lcb'), 4, sign=True)} & "
44 |             rf"{'\\textbf{certified}' if r.get('certified') else 'not cert.'} \\"
   |                   ^
45 |         )
46 |     out += [r"\bottomrule", r"\end{tabular}", ""]
   |

F401 [*] `scripts.run_breakthrough_experiment._make_reliability_estimator` imported but unused
  --> src/scripts/eval_gradient_adversarial.py:37:5
   |
35 |     _load_data,
36 |     _make_loaders,
37 |     _make_reliability_estimator,
   |     ^^^^^^^^^^^^^^^^^^^^^^^^^^^
38 |     _predict_static,
39 |     _split,
   |
help: Remove unused import: `scripts.run_breakthrough_experiment._make_reliability_estimator`

F401 [*] `uais.fusion.attention.m3dm_features.extract_resnet_features` imported but unused
  --> src/scripts/eval_patchcore3d_baseline.py:43:49
   |
42 | from scripts.prepare_mvtec3d_fusion_benchmark import discover_mvtec3d_pairs
43 | from uais.fusion.attention.m3dm_features import extract_resnet_features
   |                                                 ^^^^^^^^^^^^^^^^^^^^^^^
   |
help: Remove unused import: `uais.fusion.attention.m3dm_features.extract_resnet_features`

I001 [*] Import block is un-sorted or un-formatted
  --> src/scripts/eval_patchcore3d_baseline.py:56:5
   |
54 |     # For a patch-level memory bank we need pre-pool features, which is
55 |     # extracted here directly to avoid re-architecting m3dm_features.py.
56 |     from torchvision.models import resnet50, ResNet50_Weights
   |     ^^^^^^^^^^^^^^^^^^^^^^^^^^^^^^^^^^^^^^^^^^^^^^^^^^^^^^^^^
57 |
58 |     weights = ResNet50_Weights.IMAGENET1K_V2
   |
help: Organize imports

F401 [*] `os` imported but unused
  --> src/scripts/family_d_v2_download_eyecandies.py:24:8
   |
22 | import argparse
23 | import hashlib
24 | import os
   |        ^^
25 | import subprocess
26 | import sys
   |
help: Remove unused import: `os`

F401 [*] `io` imported but unused
  --> src/scripts/family_d_v2_execute.py:44:8
   |
42 | import argparse
43 | import csv
44 | import io
   |        ^^
45 | import os
46 | import sys
   |
help: Remove unused import: `io`

F401 [*] `os` imported but unused
  --> src/scripts/family_d_v2_execute.py:45:8
   |
43 | import csv
44 | import io
45 | import os
   |        ^^
46 | import sys
47 | import tarfile
   |
help: Remove unused import: `os`

F401 [*] `tarfile` imported but unused
  --> src/scripts/family_d_v2_execute.py:47:8
   |
45 | import os
46 | import sys
47 | import tarfile
   |        ^^^^^^^
48 | from pathlib import Path
   |
help: Remove unused import: `tarfile`

I001 [*] Import block is un-sorted or un-formatted
  --> src/scripts/family_d_v2_execute.py:57:1
   |
55 |   sys.path.insert(0, str(ROOT / "src"))
56 |
57 | / from uais.fusion.attention.reliability_estimator import ReliabilityEstimator  # noqa: E402
58 | | from elara.evaluation.prediction_archive import PredictionArchive  # noqa: E402
   | |_________________________________________________________________^
59 |
60 |   CSV_PATH = ROOT / "experiments" / "fusion" / "eyecandies_inputs.csv"
   |
help: Organize imports

B007 Loop control variable `sid` not used within loop body
  --> src/scripts/family_d_v2_execute.py:96:13
   |
94 |     if endpoint == "D-EYE-1":
95 |         # Depth-channel score collapse
96 |         for sid, mods in new.items():
   |             ^^^
97 |             if mods["depth"] is not None:
98 |                 mods["depth"]["score"] = 0.0
   |
help: Rename unused `sid` to `_sid`

B007 Loop control variable `sid` not used within loop body
   --> src/scripts/family_d_v2_execute.py:101:13
    |
 99 |     elif endpoint == "D-EYE-2":
100 |         # RGB-channel score collapse
101 |         for sid, mods in new.items():
    |             ^^^
102 |             if mods["rgb"] is not None:
103 |                 mods["rgb"]["score"] = 0.0
    |
help: Rename unused `sid` to `_sid`

B007 Loop control variable `sid` not used within loop body
   --> src/scripts/family_d_v2_execute.py:107:13
    |
105 |         # Single-modality missingness: alternate per sample
106 |         rng = np.random.default_rng(7)
107 |         for sid, mods in new.items():
    |             ^^^
108 |             target = "depth" if rng.random() < 0.5 else "rgb"
109 |             mods[target] = None
    |
help: Rename unused `sid` to `_sid`

F841 Local variable `rgb_feat` is assigned to but never used
   --> src/scripts/family_d_v2_execute.py:141:5
    |
139 |     rgb_scores = np.array(rgb_scores)
140 |     depth_scores = np.array(depth_scores)
141 |     rgb_feat = np.stack(rgb_features)
    |     ^^^^^^^^
142 |     depth_feat = np.stack(depth_features)
    |
help: Remove assignment to unused variable `rgb_feat`

F841 Local variable `depth_feat` is assigned to but never used
   --> src/scripts/family_d_v2_execute.py:142:5
    |
140 |     depth_scores = np.array(depth_scores)
141 |     rgb_feat = np.stack(rgb_features)
142 |     depth_feat = np.stack(depth_features)
    |     ^^^^^^^^^^
143 |
144 |     # Compute per-modality reliability via ReliabilityEstimator's KS-drift
    |
help: Remove assignment to unused variable `depth_feat`

I001 [*] Import block is un-sorted or un-formatted
  --> src/scripts/family_d_v2_extract_features.py:15:1
   |
13 |   """
14 |
15 | / from __future__ import annotations
16 | |
17 | | import argparse
18 | | import io
19 | | import sys
20 | | import tarfile
21 | | from pathlib import Path
22 | |
23 | | import numpy as np
24 | | import torch
25 | | import torch.nn.functional as F
26 | | from PIL import Image
27 | | from torchvision.models import resnet50, ResNet50_Weights
28 | | from torchvision.transforms import functional as TF
   | |___________________________________________________^
29 |
30 |   ROOT = Path(__file__).resolve().parents[2]
   |
help: Organize imports

F401 [*] `sys` imported but unused
  --> src/scripts/family_d_v2_extract_features.py:19:8
   |
17 | import argparse
18 | import io
19 | import sys
   |        ^^^
20 | import tarfile
21 | from pathlib import Path
   |
help: Remove unused import: `sys`

F401 [*] `torchvision.transforms.functional` imported but unused
  --> src/scripts/family_d_v2_extract_features.py:28:50
   |
26 | from PIL import Image
27 | from torchvision.models import resnet50, ResNet50_Weights
28 | from torchvision.transforms import functional as TF
   |                                                  ^^
29 |
30 | ROOT = Path(__file__).resolve().parents[2]
   |
help: Remove unused import: `torchvision.transforms.functional`

F401 [*] `io` imported but unused
  --> src/scripts/family_d_v2_inference.py:17:8
   |
16 | import csv
17 | import io
   |        ^^
18 | import sys
19 | import tarfile
   |
help: Remove unused import: `io`

I001 [*] Import block is un-sorted or un-formatted
  --> src/scripts/family_d_v2_inference.py:29:1
   |
27 |   sys.path.insert(0, str(ROOT / "src"))
28 |
29 | / from elara.evaluation.ensemble_inference import (  # noqa: E402
30 | |     audited_analysis, holm_bonferroni,
31 | | )
   | |_^
32 |
33 |   ARCHIVE = Path(ROOT, "data", "raw", "eyecandies", "_archives")
   |
help: Organize imports

F401 [*] `sys` imported but unused
  --> src/scripts/family_d_v2_schema_verify.py:30:8
   |
28 | import json
29 | import re
30 | import sys
   |        ^^^
31 | import tarfile
32 | from collections import defaultdict
   |
help: Remove unused import: `sys`

F401 [*] `sys` imported but unused
  --> src/scripts/family_d_v2_write_partition_manifest.py:23:8
   |
21 | import json
22 | import subprocess
23 | import sys
   |        ^^^
24 | from pathlib import Path
   |
help: Remove unused import: `sys`

F401 [*] `io` imported but unused
  --> src/scripts/family_d_v3_fill_test_labels.py:23:8
   |
21 | from __future__ import annotations
22 |
23 | import io
   |        ^^
24 | import tarfile
25 | from pathlib import Path
   |
help: Remove unused import: `io`

F541 [*] f-string without any placeholders
   --> src/scripts/generate_craf_paper_assets.py:441:9
    |
439 |         r"\begin{tabular}{lcc}",
440 |         r"\toprule",
441 |         rf"\textbf{{Drift signal}} & \textbf{{Adapt rate}} & \textbf{{Mean reliability}} \\",
    |         ^^^^^^^^^^^^^^^^^^^^^^^^^^^^^^^^^^^^^^^^^^^^^^^^^^^^^^^^^^^^^^^^^^^^^^^^^^^^^^^^^^^^
442 |         r"\midrule",
443 |         rf"Global KS reference & {_fmt(global_adapt, 3)} & {_fmt(global_rel, 3)} \\",
    |
help: Remove extraneous `f` prefix

F401 [*] `pathlib.Path` imported but unused
 --> src/scripts/generate_reports.py:3:21
  |
1 | """Generate lightweight reports (JSON aggregation)."""
2 | import json
3 | from pathlib import Path
  |                     ^^^^
4 | from typing import Dict
  |
help: Remove unused import: `pathlib.Path`

UP035 `typing.Dict` is deprecated, use `dict` instead
 --> src/scripts/generate_reports.py:4:1
  |
2 | import json
3 | from pathlib import Path
4 | from typing import Dict
  | ^^^^^^^^^^^^^^^^^^^^^^^
5 |
6 | import pandas as pd
  |

UP006 Use `dict` instead of `Dict` for type annotation
  --> src/scripts/generate_reports.py:17:41
   |
17 | def load_domain_metrics(domain: str) -> Dict:
   |                                         ^^^^
18 |     metrics_path = EXPERIMENTS_DIR / domain / "metrics"
19 |     if not metrics_path.exists():
   |
help: Replace with `dict`

UP015 [*] Unnecessary mode argument
  --> src/scripts/generate_reports.py:23:25
   |
21 |     all_metrics = {}
22 |     for file in metrics_path.glob("*.json"):
23 |         with open(file, "r", encoding="utf-8") as f:
   |                         ^^^
24 |             all_metrics[file.stem] = json.load(f)
25 |     for file in metrics_path.glob("*.csv"):
   |
help: Remove mode argument

I001 [*] Import block is un-sorted or un-formatted
  --> src/scripts/phase1_1_canonical_cleanup.py:34:1
   |
32 |   """
33 |
34 | / from __future__ import annotations
35 | |
36 | | import argparse
37 | | import json
38 | | import re
39 | | from pathlib import Path
40 | |
41 | | import matplotlib.pyplot as plt
42 | | import numpy as np
   | |__________________^
   |
help: Organize imports

F401 [*] `re` imported but unused
  --> src/scripts/phase1_1_canonical_cleanup.py:38:8
   |
36 | import argparse
37 | import json
38 | import re
   |        ^^
39 | from pathlib import Path
   |
help: Remove unused import: `re`

B007 Loop control variable `key` not used within loop body
   --> src/scripts/phase1_1_canonical_cleanup.py:131:9
    |
129 |         r"\midrule",
130 |     ]
131 |     for key, label, m in rows:
    |         ^^^
132 |         roc = m.get("roc_auc")
133 |         if isinstance(roc, dict):
    |
help: Rename unused `key` to `_key`

I001 [*] Import block is un-sorted or un-formatted
  --> src/scripts/prepare_healthcare_fusion_benchmark.py:23:1
   |
21 |   """
22 |
23 | / from __future__ import annotations
24 | |
25 | | import argparse
26 | | import hashlib
27 | | import json
28 | | from pathlib import Path
29 | |
30 | | import numpy as np
31 | | import pandas as pd
   | |___________________^
   |
help: Organize imports

C416 Unnecessary dict comprehension (rewrite using `dict()`)
   --> src/scripts/prepare_healthcare_fusion_benchmark.py:214:27
    |
212 |             "embedding_normalization_split": "train",
213 |         },
214 |         "score_features": {domain: base for domain, base in DOMAIN_TO_BASE_FEATURE.items()},
    |                           ^^^^^^^^^^^^^^^^^^^^^^^^^^^^^^^^^^^^^^^^^^^^^^^^^^^^^^^^^^^^^^^^^
215 |     }
216 |     return frame, metadata
    |
help: Rewrite using `dict()`

I001 [*] Import block is un-sorted or un-formatted
  --> src/scripts/prepare_mvtec3d_fusion_benchmark.py:15:1
   |
13 |   """
14 |
15 | / from __future__ import annotations
16 | |
17 | | import argparse
18 | | import json
19 | | from dataclasses import dataclass
20 | | from pathlib import Path
21 | | from typing import Iterable
22 | |
23 | | import numpy as np
24 | | import pandas as pd
25 | | from PIL import Image, UnidentifiedImageError
   | |_____________________________________________^
   |
help: Organize imports

UP035 [*] Import from `collections.abc` instead: `Iterable`
  --> src/scripts/prepare_mvtec3d_fusion_benchmark.py:21:1
   |
19 | from dataclasses import dataclass
20 | from pathlib import Path
21 | from typing import Iterable
   | ^^^^^^^^^^^^^^^^^^^^^^^^^^^
22 |
23 | import numpy as np
   |
help: Import from `collections.abc`

B007 Loop control variable `key` not used within loop body
   --> src/scripts/prepare_mvtec3d_fusion_benchmark.py:279:13
    |
277 |             key = (pair_categories[idx], bool(labels[idx]))
278 |             bucketed.setdefault(key, []).append(idx)
279 |         for key, indices in bucketed.items():
    |             ^^^
280 |             indices = list(indices)
281 |             rng.shuffle(indices)
    |
help: Rename unused `key` to `_key`

UP035 [*] Import from `collections.abc` instead: `Iterable`
  --> src/scripts/prepare_mvtec_loco_fusion_benchmark.py:29:1
   |
27 | from dataclasses import dataclass
28 | from pathlib import Path
29 | from typing import Iterable
   | ^^^^^^^^^^^^^^^^^^^^^^^^^^^
30 |
31 | import numpy as np
   |
help: Import from `collections.abc`

B007 Loop control variable `key` not used within loop body
   --> src/scripts/prepare_mvtec_loco_fusion_benchmark.py:120:9
    |
118 |         bucketed.setdefault(key, []).append(idx)
119 |     assignment: dict[int, str] = {}
120 |     for key, indices in bucketed.items():
    |         ^^^
121 |         indices = list(indices)
122 |         rng.shuffle(indices)
    |
help: Rename unused `key` to `_key`

F841 Local variable `labels` is assigned to but never used
   --> src/scripts/prepare_mvtec_loco_fusion_benchmark.py:157:5
    |
155 |         raise FileNotFoundError(f"No LOCO-AD observations found under {dataset_root}")
156 |
157 |     labels = np.asarray([p.label for p in pairs], dtype=int)
    |     ^^^^^^
158 |     splits = np.asarray([p.split for p in pairs], dtype=object)
159 |     defect_types = np.asarray([p.defect_type for p in pairs], dtype=object)
    |
help: Remove assignment to unused variable `labels`

F841 Local variable `pair_categories` is assigned to but never used
   --> src/scripts/prepare_mvtec_loco_fusion_benchmark.py:160:5
    |
158 |     splits = np.asarray([p.split for p in pairs], dtype=object)
159 |     defect_types = np.asarray([p.defect_type for p in pairs], dtype=object)
160 |     pair_categories = np.asarray([p.category for p in pairs], dtype=object)
    |     ^^^^^^^^^^^^^^^
161 |     train_mask = splits == "train"
162 |     normal_reference_mask = train_mask & (defect_types == "good")
    |
help: Remove assignment to unused variable `pair_categories`

I001 [*] Import block is un-sorted or un-formatted
   --> src/scripts/prepare_real3d_fusion_benchmark.py:403:5
    |
401 |       depth_features = np.zeros((len(pairs), 2048), dtype=np.float32)
402 |
403 | /     from uais.fusion.attention.m3dm_features import (
404 | |         extract_resnet_features,
405 | |         fit_pca_projection,
406 | |         patchcore_knn_score,
407 | |     )
408 | |
409 | |     # We feed depth-projection images into the existing ResNet feature extractor.
410 | |     # extract_resnet_features works on disk paths, so we'll save projections to a
411 | |     # temp directory and feed those paths.
412 | |     import tempfile
    | |___________________^
413 |
414 |       with tempfile.TemporaryDirectory() as tmpdir:
    |
help: Organize imports

B007 Loop control variable `j` not used within loop body
   --> src/scripts/prepare_real3d_fusion_benchmark.py:446:9
    |
444 |     rng.shuffle(train_indices)
445 |     n_val = max(1, int(round(len(train_indices) * float(val_fraction_of_train))))
446 |     for j, i in enumerate(train_indices[:n_val]):
    |         ^
447 |         effective_splits[i] = "validation"
    |
help: Rename unused `j` to `_j`

B007 Loop control variable `key` not used within loop body
   --> src/scripts/prepare_real3d_fusion_benchmark.py:458:13
    |
456 |             key = (pairs[idx].category, pairs[idx].label)
457 |             bucketed.setdefault(key, []).append(idx)
458 |         for key, indices in bucketed.items():
    |             ^^^
459 |             indices = list(indices)
460 |             rng_sp.shuffle(indices)
    |
help: Rename unused `key` to `_key`

I001 [*] Import block is un-sorted or un-formatted
  --> src/scripts/prepare_real_fusion_benchmark.py:12:1
   |
10 |   """
11 |
12 | / from __future__ import annotations
13 | |
14 | | import argparse
15 | | import json
16 | | import re
17 | | import string
18 | | from dataclasses import dataclass
19 | | from pathlib import Path
20 | | from typing import Sequence
21 | |
22 | | import numpy as np
23 | | import pandas as pd
24 | | from sklearn.base import clone
25 | | from sklearn.compose import ColumnTransformer
26 | | from sklearn.feature_extraction.text import HashingVectorizer
27 | | from sklearn.impute import SimpleImputer
28 | | from sklearn.linear_model import SGDClassifier
29 | | from sklearn.metrics import average_precision_score, roc_auc_score
30 | | from sklearn.model_selection import StratifiedKFold
31 | | from sklearn.pipeline import Pipeline
32 | | from sklearn.preprocessing import OneHotEncoder, StandardScaler
   | |_______________________________________________________________^
   |
help: Organize imports

UP035 [*] Import from `collections.abc` instead: `Sequence`
  --> src/scripts/prepare_real_fusion_benchmark.py:20:1
   |
18 | from dataclasses import dataclass
19 | from pathlib import Path
20 | from typing import Sequence
   | ^^^^^^^^^^^^^^^^^^^^^^^^^^^
21 |
22 | import numpy as np
   |
help: Import from `collections.abc`

UP035 `typing.Tuple` is deprecated, use `tuple` instead
  --> src/scripts/prepare_realfusion_la_benchmark.py:48:1
   |
46 | import warnings
47 | from pathlib import Path
48 | from typing import Optional, Tuple
   | ^^^^^^^^^^^^^^^^^^^^^^^^^^^^^^^^^^
49 |
50 | import numpy as np
   |

UP006 Use `tuple` instead of `Tuple` for type annotation
  --> src/scripts/prepare_realfusion_la_benchmark.py:60:37
   |
58 | # ---------------------------------------------------------------------------
59 |
60 | def _load_creditcard(path: Path) -> Tuple[np.ndarray, np.ndarray]:
   |                                     ^^^^^
61 |     """Return (X [N, 29], y [N]) from Kaggle creditcard.csv."""
62 |     df = pd.read_csv(path)
   |
help: Replace with `tuple`

UP006 Use `tuple` instead of `Tuple` for type annotation
  --> src/scripts/prepare_realfusion_la_benchmark.py:68:35
   |
68 | def _load_unswnb15(path: Path) -> Tuple[np.ndarray, np.ndarray]:
   |                                   ^^^^^
69 |     """Return (X, y) from UNSW-NB15 training or full CSV.
   |
help: Replace with `tuple`

UP006 Use `tuple` instead of `Tuple` for type annotation
  --> src/scripts/prepare_realfusion_la_benchmark.py:94:42
   |
94 | def _load_online_shoppers(path: Path) -> Tuple[np.ndarray, np.ndarray]:
   |                                          ^^^^^
95 |     """Return (X, y) from UCI Online Shoppers Intention dataset.
   |
help: Replace with `tuple`

UP045 Use `X | None` for type annotations
   --> src/scripts/prepare_realfusion_la_benchmark.py:110:27
    |
110 | def _load_news_text(path: Optional[Path]) -> Tuple[np.ndarray, np.ndarray]:
    |                           ^^^^^^^^^^^^^^
111 |     """Return TF-IDF features + binary labels from AG News or 20Newsgroups.
    |
help: Convert to `X | None`

UP006 Use `tuple` instead of `Tuple` for type annotation
   --> src/scripts/prepare_realfusion_la_benchmark.py:110:46
    |
110 | def _load_news_text(path: Optional[Path]) -> Tuple[np.ndarray, np.ndarray]:
    |                                              ^^^^^
111 |     """Return TF-IDF features + binary labels from AG News or 20Newsgroups.
    |
help: Replace with `tuple`

UP006 Use `tuple` instead of `Tuple` for type annotation
   --> src/scripts/prepare_realfusion_la_benchmark.py:165:6
    |
163 |     n_embedding_dims: int = 16,
164 |     random_seed: int = 42,
165 | ) -> Tuple[np.ndarray, np.ndarray, np.ndarray]:
    |      ^^^^^
166 |     """Return (scores, confidences, embeddings) for all samples.
    |
help: Replace with `tuple`

F841 Local variable `rng` is assigned to but never used
   --> src/scripts/prepare_realfusion_la_benchmark.py:172:5
    |
170 |     - embedding: PCA-reduced feature vector (n_embedding_dims dims)
171 |     """
172 |     rng = np.random.default_rng(random_seed)
    |     ^^^
173 |     scaler = StandardScaler()
174 |     X_s = scaler.fit_transform(X)
    |
help: Remove assignment to unused variable `rng`

UP045 Use `X | None` for type annotations
   --> src/scripts/prepare_realfusion_la_benchmark.py:293:22
    |
292 | def build_benchmark(
293 |     creditcard_path: Optional[Path] = None,
    |                      ^^^^^^^^^^^^^^
294 |     unswnb15_path: Optional[Path] = None,
295 |     shoppers_path: Optional[Path] = None,
    |
help: Convert to `X | None`

UP045 Use `X | None` for type annotations
   --> src/scripts/prepare_realfusion_la_benchmark.py:294:20
    |
292 | def build_benchmark(
293 |     creditcard_path: Optional[Path] = None,
294 |     unswnb15_path: Optional[Path] = None,
    |                    ^^^^^^^^^^^^^^
295 |     shoppers_path: Optional[Path] = None,
296 |     agnews_path: Optional[Path] = None,
    |
help: Convert to `X | None`

UP045 Use `X | None` for type annotations
   --> src/scripts/prepare_realfusion_la_benchmark.py:295:20
    |
293 |     creditcard_path: Optional[Path] = None,
294 |     unswnb15_path: Optional[Path] = None,
295 |     shoppers_path: Optional[Path] = None,
    |                    ^^^^^^^^^^^^^^
296 |     agnews_path: Optional[Path] = None,
297 |     output_path: Path = Path("data/real_fusion/realfusion_la.csv"),
    |
help: Convert to `X | None`

UP045 Use `X | None` for type annotations
   --> src/scripts/prepare_realfusion_la_benchmark.py:296:18
    |
294 |     unswnb15_path: Optional[Path] = None,
295 |     shoppers_path: Optional[Path] = None,
296 |     agnews_path: Optional[Path] = None,
    |                  ^^^^^^^^^^^^^^
297 |     output_path: Path = Path("data/real_fusion/realfusion_la.csv"),
298 |     n_composite: int = 8000,
    |
help: Convert to `X | None`

I001 [*] Import block is un-sorted or un-formatted
  --> src/scripts/prepare_unsw_paired_fusion_benchmark.py:33:1
   |
31 |   """
32 |
33 | / from __future__ import annotations
34 | |
35 | | import argparse
36 | | import hashlib
37 | | import json
38 | | from pathlib import Path
39 | |
40 | | import numpy as np
41 | | import pandas as pd
   | |___________________^
   |
help: Organize imports

C416 Unnecessary dict comprehension (rewrite using `dict()`)
   --> src/scripts/prepare_unsw_paired_fusion_benchmark.py:311:27
    |
309 |             "embedding_normalization_split": "train",
310 |         },
311 |         "score_features": {domain: cols for domain, cols in DOMAIN_TO_FEATURES.items()},
    |                           ^^^^^^^^^^^^^^^^^^^^^^^^^^^^^^^^^^^^^^^^^^^^^^^^^^^^^^^^^^^^^
312 |     }
313 |     return frame, metadata
    |
help: Rewrite using `dict()`

F841 Local variable `categories` is assigned to but never used
   --> src/scripts/prepare_visa_fusion_benchmark.py:102:5
    |
100 |     labels = np.array([o.label for o in observations], dtype=int)
101 |     splits = np.array([o.split for o in observations], dtype=object)
102 |     categories = np.array([o.category for o in observations], dtype=object)
    |     ^^^^^^^^^^
103 |     train_mask = (splits == "train")
104 |     normal_reference_mask = train_mask & (labels == 0)
    |
help: Remove assignment to unused variable `categories`

B007 Loop control variable `key` not used within loop body
   --> src/scripts/prepare_visa_fusion_benchmark.py:143:13
    |
141 |             key = (observations[idx].category, observations[idx].label)
142 |             bucketed.setdefault(key, []).append(idx)
143 |         for key, indices in bucketed.items():
    |             ^^^
144 |             indices = list(indices)
145 |             rng_sp.shuffle(indices)
    |
help: Rename unused `key` to `_key`

I001 [*] Import block is un-sorted or un-formatted
  --> src/scripts/run_breakthrough_experiment.py:21:1
   |
19 |   """
20 |
21 | / from __future__ import annotations
22 | |
23 | | import argparse
24 | | from itertools import combinations
25 | | import json
26 | | import logging
27 | | import math
28 | | import time
29 | | from pathlib import Path
30 | | from typing import Dict, List, Optional, Tuple
31 | |
32 | | import numpy as np
33 | | import pandas as pd
34 | | import torch
35 | | from sklearn import metrics as sk_metrics
36 | | from sklearn.metrics import roc_auc_score
37 | | from sklearn.model_selection import train_test_split
38 | | from torch.utils.data import DataLoader
39 | |
40 | | from uais.fusion.attention.adversarial_robustness import (
41 | |     AdversarialAttackType,
42 | |     AdversarialPerturbationEngine,
43 | | )
44 | | from uais.fusion.attention.baselines import run_baseline_suite
45 | | from uais.fusion.attention.attention_utils import (
46 | |     FusionDataset,
47 | |     apply_domain_dropout,
48 | |     build_fusion_tensors,
49 | |     infer_feature_columns,
50 | |     load_fusion_dataframe,
51 | | )
52 | | from uais.fusion.attention.counterfactual_explainer import CounterfactualDomainExplainer
53 | | from uais.fusion.attention.cross_modal_attention import AttentionFusionModel
54 | | from uais.fusion.attention.learned_gate import LearnedGateConfig, LearnedReliabilityGate
55 | | from uais.fusion.attention.meta_router import fit_rga_meta_router
56 | | from uais.fusion.attention.reliability_boosted_fusion import ReliabilityBoostedFusion
57 | | from uais.fusion.attention.causal_attribution import (
58 | |     estimate_all_domain_effects,
59 | |     estimate_all_interventional_ates,
60 | | )
61 | | from uais.fusion.attention.reliability_estimator import (
62 | |     CategoryAwareReliabilityEstimator,
63 | |     PerSampleReliabilityEstimator,
64 | |     ReliabilityEstimator,
65 | | )
66 | | from uais.fusion.attention.train_attention_fusion import attention_fusion_loss, set_seed
67 | | from uais.utils.config_loader import load_yaml
68 | | from uais.utils.metrics import (
69 | |     brier_score,
70 | |     classification_metrics,
71 | |     expected_calibration_error,
72 | |     reliability_degradation_auc,
73 | |     select_decision_threshold,
74 | | )
75 | | from uais.utils.paths import PROJECT_ROOT
76 | | from uais.utils.result_aggregation import aggregate_stress_rows, summarize_seed_metric_rows, summarize_values
77 | | from uais.utils.stats import bootstrap_ci, delong_roc_test, paired_ttest
   | |________________________________________________________________________^
78 |
79 |   logger = logging.getLogger(__name__)
   |
help: Organize imports

F401 [*] `time` imported but unused
  --> src/scripts/run_breakthrough_experiment.py:28:8
   |
26 | import logging
27 | import math
28 | import time
   |        ^^^^
29 | from pathlib import Path
30 | from typing import Dict, List, Optional, Tuple
   |
help: Remove unused import: `time`

UP035 `typing.Dict` is deprecated, use `dict` instead
  --> src/scripts/run_breakthrough_experiment.py:30:1
   |
28 | import time
29 | from pathlib import Path
30 | from typing import Dict, List, Optional, Tuple
   | ^^^^^^^^^^^^^^^^^^^^^^^^^^^^^^^^^^^^^^^^^^^^^^
31 |
32 | import numpy as np
   |

UP035 `typing.List` is deprecated, use `list` instead
  --> src/scripts/run_breakthrough_experiment.py:30:1
   |
28 | import time
29 | from pathlib import Path
30 | from typing import Dict, List, Optional, Tuple
   | ^^^^^^^^^^^^^^^^^^^^^^^^^^^^^^^^^^^^^^^^^^^^^^
31 |
32 | import numpy as np
   |

UP035 `typing.Tuple` is deprecated, use `tuple` instead
  --> src/scripts/run_breakthrough_experiment.py:30:1
   |
28 | import time
29 | from pathlib import Path
30 | from typing import Dict, List, Optional, Tuple
   | ^^^^^^^^^^^^^^^^^^^^^^^^^^^^^^^^^^^^^^^^^^^^^^
31 |
32 | import numpy as np
   |

F401 [*] `uais.fusion.attention.causal_attribution.estimate_all_domain_effects` imported but unused
  --> src/scripts/run_breakthrough_experiment.py:58:5
   |
56 | from uais.fusion.attention.reliability_boosted_fusion import ReliabilityBoostedFusion
57 | from uais.fusion.attention.causal_attribution import (
58 |     estimate_all_domain_effects,
   |     ^^^^^^^^^^^^^^^^^^^^^^^^^^^
59 |     estimate_all_interventional_ates,
60 | )
   |
help: Remove unused import: `uais.fusion.attention.causal_attribution.estimate_all_domain_effects`

UP006 Use `dict` instead of `Dict` for type annotation
   --> src/scripts/run_breakthrough_experiment.py:99:21
    |
 99 | def _load_data(cfg: Dict):
    |                     ^^^^
100 |     data_cfg = cfg.get("data", {})
101 |     train_cfg = cfg.get("training", {})
    |
help: Replace with `dict`

UP006 Use `dict` instead of `Dict` for type annotation
   --> src/scripts/run_breakthrough_experiment.py:201:41
    |
201 | def _configured_split_values(train_cfg: Dict, key: str, default: list[str]) -> set[str]:
    |                                         ^^^^
202 |     values = train_cfg.get(key, default)
203 |     if isinstance(values, str):
    |
help: Replace with `dict`

UP006 Use `dict` instead of `Dict` for type annotation
   --> src/scripts/run_breakthrough_experiment.py:208:43
    |
208 | def _split(labels: np.ndarray, train_cfg: Dict, split_values: np.ndarray | None = None):
    |                                           ^^^^
209 |     if split_values is not None:
210 |         split_values = np.asarray(split_values)
    |
help: Replace with `dict`

UP006 Use `dict` instead of `Dict` for type annotation
   --> src/scripts/run_breakthrough_experiment.py:267:23
    |
265 | # ---------------------------------------------------------------------------
266 |
267 | def _build_model(cfg: Dict, num_domains: int, input_dim: int, confidence_index: int | None, device: torch.device) -> AttentionFusionM…
    |                       ^^^^
268 |     m = cfg.get("model", {})
269 |     model = AttentionFusionModel(
    |
help: Replace with `dict`

UP006 Use `dict` instead of `Dict` for type annotation
   --> src/scripts/run_breakthrough_experiment.py:287:33
    |
287 | def _component_weights(rel_cfg: Dict, disabled: Tuple[str, ...] = ()) -> Dict[str, float]:
    |                                 ^^^^
288 |     """Return normalized reliability-component weights with selected terms removed."""
289 |     name_to_key = {
    |
help: Replace with `dict`

UP006 Use `tuple` instead of `Tuple` for type annotation
   --> src/scripts/run_breakthrough_experiment.py:287:49
    |
287 | def _component_weights(rel_cfg: Dict, disabled: Tuple[str, ...] = ()) -> Dict[str, float]:
    |                                                 ^^^^^
288 |     """Return normalized reliability-component weights with selected terms removed."""
289 |     name_to_key = {
    |
help: Replace with `tuple`

UP006 Use `dict` instead of `Dict` for type annotation
   --> src/scripts/run_breakthrough_experiment.py:287:74
    |
287 | def _component_weights(rel_cfg: Dict, disabled: Tuple[str, ...] = ()) -> Dict[str, float]:
    |                                                                          ^^^^
288 |     """Return normalized reliability-component weights with selected terms removed."""
289 |     name_to_key = {
    |
help: Replace with `dict`

UP006 Use `dict` instead of `Dict` for type annotation
   --> src/scripts/run_breakthrough_experiment.py:314:14
    |
313 | def _make_reliability_estimator(
314 |     rel_cfg: Dict,
    |              ^^^^
315 |     domain_order: List[str],
316 |     score_index: int,
    |
help: Replace with `dict`

UP006 Use `list` instead of `List` for type annotation
   --> src/scripts/run_breakthrough_experiment.py:315:19
    |
313 | def _make_reliability_estimator(
314 |     rel_cfg: Dict,
315 |     domain_order: List[str],
    |                   ^^^^
316 |     score_index: int,
317 |     disabled_components: Tuple[str, ...] = (),
    |
help: Replace with `list`

UP006 Use `tuple` instead of `Tuple` for type annotation
   --> src/scripts/run_breakthrough_experiment.py:317:26
    |
315 |     domain_order: List[str],
316 |     score_index: int,
317 |     disabled_components: Tuple[str, ...] = (),
    |                          ^^^^^
318 | ) -> ReliabilityEstimator:
319 |     weights = _component_weights(rel_cfg, disabled=disabled_components)
    |
help: Replace with `tuple`

UP006 Use `dict` instead of `Dict` for type annotation
   --> src/scripts/run_breakthrough_experiment.py:344:78
    |
344 | def _train_model(model: AttentionFusionModel, train_loader, val_loader, cfg: Dict, device: torch.device) -> None:
    |                                                                              ^^^^
345 |     t_cfg = cfg.get("training", {})
346 |     optimizer = torch.optim.AdamW(
    |
help: Replace with `dict`

B007 Loop control variable `epoch` not used within loop body
   --> src/scripts/run_breakthrough_experiment.py:356:9
    |
354 |     no_improve = 0
355 |
356 |     for epoch in range(int(t_cfg.get("epochs", 20))):
    |         ^^^^^
357 |         model.train()
358 |         for batch in train_loader:
    |
help: Rename unused `epoch` to `_epoch`

UP006 Use `dict` instead of `Dict` for type annotation
   --> src/scripts/run_breakthrough_experiment.py:619:6
    |
617 |     gate_mode: str = "mean",
618 |     min_gate_threshold: float | None = None,
619 | ) -> Dict[str, float | bool | int | str]:
    |      ^^^^
620 |     """Summarize whether the reliability gate adapts for one inference batch."""
621 |     if gate_mode not in {"mean", "minimum", "hybrid"}:
    |
help: Replace with `dict`

UP045 Use `X | None` for type annotations
   --> src/scripts/run_breakthrough_experiment.py:656:19
    |
654 |     clean_gate_threshold: float = 0.66,
655 |     per_sample_gating: bool = False,
656 |     learned_gate: Optional[LearnedReliabilityGate] = None,
    |                   ^^^^^^^^^^^^^^^^^^^^^^^^^^^^^^^^
657 | ) -> Tuple[np.ndarray, Dict[str, float | int]]:
658 |     """Predict with reliability-gated attention weights.
    |
help: Convert to `X | None`

UP006 Use `tuple` instead of `Tuple` for type annotation
   --> src/scripts/run_breakthrough_experiment.py:657:6
    |
655 |     per_sample_gating: bool = False,
656 |     learned_gate: Optional[LearnedReliabilityGate] = None,
657 | ) -> Tuple[np.ndarray, Dict[str, float | int]]:
    |      ^^^^^
658 |     """Predict with reliability-gated attention weights.
    |
help: Replace with `tuple`

UP006 Use `dict` instead of `Dict` for type annotation
   --> src/scripts/run_breakthrough_experiment.py:657:24
    |
655 |     per_sample_gating: bool = False,
656 |     learned_gate: Optional[LearnedReliabilityGate] = None,
657 | ) -> Tuple[np.ndarray, Dict[str, float | int]]:
    |                        ^^^^
658 |     """Predict with reliability-gated attention weights.
    |
help: Replace with `dict`

UP006 Use `list` instead of `List` for type annotation
   --> src/scripts/run_breakthrough_experiment.py:766:84
    |
764 | # ---------------------------------------------------------------------------
765 |
766 | def _calibration_bins(y_true: np.ndarray, y_prob: np.ndarray, n_bins: int = 10) -> List[Dict]:
    |                                                                                    ^^^^
767 |     bins = np.linspace(0.0, 1.0, n_bins + 1)
768 |     bin_ids = np.digitize(y_prob, bins) - 1
    |
help: Replace with `list`

UP006 Use `dict` instead of `Dict` for type annotation
   --> src/scripts/run_breakthrough_experiment.py:766:89
    |
764 | # ---------------------------------------------------------------------------
765 |
766 | def _calibration_bins(y_true: np.ndarray, y_prob: np.ndarray, n_bins: int = 10) -> List[Dict]:
    |                                                                                         ^^^^
767 |     bins = np.linspace(0.0, 1.0, n_bins + 1)
768 |     bin_ids = np.digitize(y_prob, bins) - 1
    |
help: Replace with `dict`

UP006 Use `tuple` instead of `Tuple` for type annotation
   --> src/scripts/run_breakthrough_experiment.py:787:103
    |
785 | # ---------------------------------------------------------------------------
786 |
787 | def _make_synthetic(n_samples: int = 800, n_domains: int = 3, n_features: int = 5, seed: int = 42) -> Tuple:
    |                                                                                                       ^^^^^
788 |     rng = np.random.default_rng(seed)
789 |     labels = (rng.random(n_samples) < 0.15).astype(np.float32)
    |
help: Replace with `tuple`

UP006 Use `dict` instead of `Dict` for type annotation
   --> src/scripts/run_breakthrough_experiment.py:808:6
    |
806 |     seed: int,
807 |     threshold: float = 0.5,
808 | ) -> Dict[str, Dict[str, float | None]]:
    |      ^^^^
809 |     """Bootstrap CIs for core probability metrics on one evaluated split."""
    |
help: Replace with `dict`

UP006 Use `dict` instead of `Dict` for type annotation
   --> src/scripts/run_breakthrough_experiment.py:808:16
    |
806 |     seed: int,
807 |     threshold: float = 0.5,
808 | ) -> Dict[str, Dict[str, float | None]]:
    |                ^^^^
809 |     """Bootstrap CIs for core probability metrics on one evaluated split."""
    |
help: Replace with `dict`

UP006 Use `dict` instead of `Dict` for type annotation
   --> src/scripts/run_breakthrough_experiment.py:826:10
    |
824 |         return float(sk_metrics.f1_score(y, (p >= threshold).astype(int), zero_division=0))
825 |
826 |     out: Dict[str, Dict[str, float | None]] = {}
    |          ^^^^
827 |     for offset, (name, fn) in enumerate({"roc_auc": _safe_roc, "pr_auc": _safe_pr, "f1": _safe_f1}.items()):
828 |         low, high = bootstrap_ci(
    |
help: Replace with `dict`

UP006 Use `dict` instead of `Dict` for type annotation
   --> src/scripts/run_breakthrough_experiment.py:826:20
    |
824 |         return float(sk_metrics.f1_score(y, (p >= threshold).astype(int), zero_division=0))
825 |
826 |     out: Dict[str, Dict[str, float | None]] = {}
    |                    ^^^^
827 |     for offset, (name, fn) in enumerate({"roc_auc": _safe_roc, "pr_auc": _safe_pr, "f1": _safe_f1}.items()):
828 |         low, high = bootstrap_ci(
    |
help: Replace with `dict`

UP006 Use `dict` instead of `Dict` for type annotation
   --> src/scripts/run_breakthrough_experiment.py:850:6
    |
848 |     val_probs: np.ndarray,
849 |     strategy: str | None,
850 | ) -> Dict[str, float | str]:
    |      ^^^^
851 |     threshold = select_decision_threshold(val_labels, val_probs, strategy=strategy)
852 |     metrics = classification_metrics(test_labels, test_probs, threshold=threshold)
    |
help: Replace with `dict`

UP006 Use `list` instead of `List` for type annotation
   --> src/scripts/run_breakthrough_experiment.py:916:19
    |
914 |     test_mask: np.ndarray,
915 |     test_labels: np.ndarray,
916 |     domain_order: List[str],
    |                   ^^^^
917 |     score_index: int,
918 |     device: torch.device,
    |
help: Replace with `list`

UP006 Use `list` instead of `List` for type annotation
   --> src/scripts/run_breakthrough_experiment.py:919:19
    |
917 |     score_index: int,
918 |     device: torch.device,
919 |     noise_levels: List[float],
    |                   ^^^^
920 |     clean_gate_threshold: float,
921 |     seed: int,
    |
help: Replace with `list`

UP006 Use `list` instead of `List` for type annotation
   --> src/scripts/run_breakthrough_experiment.py:986:19
    |
984 |     test_mask: np.ndarray,
985 |     test_labels: np.ndarray,
986 |     domain_order: List[str],
    |                   ^^^^
987 |     score_index: int,
988 |     device: torch.device,
    |
help: Replace with `list`

UP006 Use `list` instead of `List` for type annotation
   --> src/scripts/run_breakthrough_experiment.py:989:19
    |
987 |     score_index: int,
988 |     device: torch.device,
989 |     attack_names: List[str],
    |                   ^^^^
990 |     sigma: float,
991 |     clean_gate_threshold: float,
    |
help: Replace with `list`

UP006 Use `list` instead of `List` for type annotation
    --> src/scripts/run_breakthrough_experiment.py:1050:20
     |
1048 |     test_labels: np.ndarray,
1049 |     device: torch.device,
1050 |     dropout_probs: List[float],
     |                    ^^^^
1051 |     clean_gate_threshold: float,
1052 |     seed: int,
     |
help: Replace with `list`

UP006 Use `list` instead of `List` for type annotation
    --> src/scripts/run_breakthrough_experiment.py:1095:19
     |
1093 |     test_feat: np.ndarray,
1094 |     test_mask: np.ndarray,
1095 |     domain_order: List[str],
     |                   ^^^^
1096 |     score_index: int,
1097 |     attack_names: List[str],
     |
help: Replace with `list`

UP006 Use `list` instead of `List` for type annotation
    --> src/scripts/run_breakthrough_experiment.py:1097:19
     |
1095 |     domain_order: List[str],
1096 |     score_index: int,
1097 |     attack_names: List[str],
     |                   ^^^^
1098 |     sigma: float,
1099 |     seed: int,
     |
help: Replace with `list`

UP006 Use `list` instead of `List` for type annotation
    --> src/scripts/run_breakthrough_experiment.py:1141:19
     |
1139 |     test_feat: np.ndarray,
1140 |     test_mask: np.ndarray,
1141 |     domain_order: List[str],
     |                   ^^^^
1142 |     score_index: int,
1143 |     attack_name: str,
     |
help: Replace with `list`

UP006 Use `list` instead of `List` for type annotation
    --> src/scripts/run_breakthrough_experiment.py:1144:15
     |
1142 |     score_index: int,
1143 |     attack_name: str,
1144 |     k_values: List[int],
     |               ^^^^
1145 |     sigma: float,
1146 |     seed: int,
     |
help: Replace with `list`

C401 Unnecessary generator (rewrite as a set comprehension)
    --> src/scripts/run_breakthrough_experiment.py:1156:21
     |
1154 |     engine = AdversarialPerturbationEngine(domain_order, score_index, random_seed=seed)
1155 |     conditions: list[dict] = []
1156 |     for k in sorted(set(int(value) for value in k_values)):
     |                     ^^^^^^^^^^^^^^^^^^^^^^^^^^^^^^^^^^^^^
1157 |         if k < 0 or k > len(domain_order):
1158 |             raise ValueError(f"k-domain corruption value {k} is outside [0, {len(domain_order)}].")
     |
help: Rewrite as a set comprehension

UP006 Use `list` instead of `List` for type annotation
    --> src/scripts/run_breakthrough_experiment.py:1204:19
     |
1202 |     test_mask: np.ndarray,
1203 |     test_labels: np.ndarray,
1204 |     domain_order: List[str],
     |                   ^^^^
1205 |     score_index: int,
1206 |     device: torch.device,
     |
help: Replace with `list`

UP006 Use `list` instead of `List` for type annotation
    --> src/scripts/run_breakthrough_experiment.py:1207:19
     |
1205 |     score_index: int,
1206 |     device: torch.device,
1207 |     attack_names: List[str],
     |                   ^^^^
1208 |     k_values: List[int],
1209 |     gate_modes: List[str],
     |
help: Replace with `list`

UP006 Use `list` instead of `List` for type annotation
    --> src/scripts/run_breakthrough_experiment.py:1208:15
     |
1206 |     device: torch.device,
1207 |     attack_names: List[str],
1208 |     k_values: List[int],
     |               ^^^^
1209 |     gate_modes: List[str],
1210 |     sigma: float,
     |
help: Replace with `list`

UP006 Use `list` instead of `List` for type annotation
    --> src/scripts/run_breakthrough_experiment.py:1209:17
     |
1207 |     attack_names: List[str],
1208 |     k_values: List[int],
1209 |     gate_modes: List[str],
     |                 ^^^^
1210 |     sigma: float,
1211 |     clean_gate_threshold: float,
     |
help: Replace with `list`

UP006 Use `list` instead of `List` for type annotation
    --> src/scripts/run_breakthrough_experiment.py:1295:19
     |
1293 |     test_mask: np.ndarray,
1294 |     test_labels: np.ndarray,
1295 |     domain_order: List[str],
     |                   ^^^^
1296 |     score_index: int,
1297 |     device: torch.device,
     |
help: Replace with `list`

UP006 Use `list` instead of `List` for type annotation
    --> src/scripts/run_breakthrough_experiment.py:1298:17
     |
1296 |     score_index: int,
1297 |     device: torch.device,
1298 |     thresholds: List[float],
     |                 ^^^^
1299 |     attack_names: List[str],
1300 |     sigma: float,
     |
help: Replace with `list`

UP006 Use `list` instead of `List` for type annotation
    --> src/scripts/run_breakthrough_experiment.py:1299:19
     |
1297 |     device: torch.device,
1298 |     thresholds: List[float],
1299 |     attack_names: List[str],
     |                   ^^^^
1300 |     sigma: float,
1301 |     seed: int,
     |
help: Replace with `list`

UP045 Use `X | None` for type annotations
    --> src/scripts/run_breakthrough_experiment.py:1305:19
     |
1303 |     static_decision_threshold: float = 0.5,
1304 |     craf_decision_threshold: float = 0.5,
1305 |     learned_gate: Optional[LearnedReliabilityGate] = None,
     |                   ^^^^^^^^^^^^^^^^^^^^^^^^^^^^^^^^
1306 | ) -> list[dict]:
1307 |     rows: list[dict] = []
     |
help: Convert to `X | None`

UP006 Use `list` instead of `List` for type annotation
    --> src/scripts/run_breakthrough_experiment.py:1389:38
     |
1389 | def _component_ablation_specs(names: List[str]) -> list[dict]:
     |                                      ^^^^
1390 |     if not names:
1391 |         return []
     |
help: Replace with `list`

UP006 Use `dict` instead of `Dict` for type annotation
    --> src/scripts/run_breakthrough_experiment.py:1411:14
     |
1409 | def _evaluate_component_ablation(
1410 |     model: AttentionFusionModel,
1411 |     rel_cfg: Dict,
     |              ^^^^
1412 |     val_feat: np.ndarray,
1413 |     val_mask: np.ndarray,
     |
help: Replace with `dict`

UP006 Use `list` instead of `List` for type annotation
    --> src/scripts/run_breakthrough_experiment.py:1418:19
     |
1416 |     test_mask: np.ndarray,
1417 |     test_labels: np.ndarray,
1418 |     domain_order: List[str],
     |                   ^^^^
1419 |     score_index: int,
1420 |     device: torch.device,
     |
help: Replace with `list`

UP006 Use `list` instead of `List` for type annotation
    --> src/scripts/run_breakthrough_experiment.py:1421:20
     |
1419 |     score_index: int,
1420 |     device: torch.device,
1421 |     variant_names: List[str],
     |                    ^^^^
1422 |     attack_names: List[str],
1423 |     sigma: float,
     |
help: Replace with `list`

UP006 Use `list` instead of `List` for type annotation
    --> src/scripts/run_breakthrough_experiment.py:1422:19
     |
1420 |     device: torch.device,
1421 |     variant_names: List[str],
1422 |     attack_names: List[str],
     |                   ^^^^
1423 |     sigma: float,
1424 |     clean_gate_threshold: float,
     |
help: Replace with `list`

UP006 Use `list` instead of `List` for type annotation
    --> src/scripts/run_breakthrough_experiment.py:1537:54
     |
1537 | def _cda_spearman_status(value: float, domain_order: List[str]) -> str:
     |                                                      ^^^^
1538 |     if _is_finite_number(value):
1539 |         return "computed"
     |
help: Replace with `list`

UP006 Use `list` instead of `List` for type annotation
    --> src/scripts/run_breakthrough_experiment.py:1552:19
     |
1550 |     sample_ids: list,
1551 |     test_idx: np.ndarray,
1552 |     domain_order: List[str],
     |                   ^^^^
1553 |     device: torch.device,
1554 |     n_cda: int,
     |
help: Replace with `list`

UP006 Use `list` instead of `List` for type annotation
    --> src/scripts/run_breakthrough_experiment.py:1596:19
     |
1594 |     masks: np.ndarray,
1595 |     reliability_weights: np.ndarray,
1596 |     domain_order: List[str],
     |                   ^^^^
1597 |     score_index: int,
1598 |     static_decision_threshold: float = 0.5,
     |
help: Replace with `list`

UP006 Use `list` instead of `List` for type annotation
    --> src/scripts/run_breakthrough_experiment.py:1635:19
     |
1633 |     sample_ids: list,
1634 |     test_idx: np.ndarray,
1635 |     domain_order: List[str],
     |                   ^^^^
1636 |     score_index: int,
1637 |     static_decision_threshold: float = 0.5,
     |
help: Replace with `list`

UP006 Use `list` instead of `List` for type annotation
    --> src/scripts/run_breakthrough_experiment.py:1749:19
     |
1747 |     test_mask: np.ndarray,
1748 |     device: torch.device,
1749 |     domain_order: List[str],
     |                   ^^^^
1750 |     seed: int,
1751 |     *,
     |
help: Replace with `list`

UP006 Use `list` instead of `List` for type annotation
    --> src/scripts/run_breakthrough_experiment.py:1831:67
     |
1831 | def _aggregate_causal_attribution(rows: list[dict], domain_order: List[str]) -> dict:
     |                                                                   ^^^^
1832 |     if not rows:
1833 |         return {}
     |
help: Replace with `list`

UP006 Use `list` instead of `List` for type annotation
    --> src/scripts/run_breakthrough_experiment.py:1883:52
     |
1883 | def _aggregate_cda(rows: list[dict], domain_order: List[str]) -> dict:
     |                                                    ^^^^
1884 |     if not rows:
1885 |         return {}
     |
help: Replace with `list`

UP006 Use `dict` instead of `Dict` for type annotation
    --> src/scripts/run_breakthrough_experiment.py:1906:10
     |
1905 | def _run_experiment_arrays(
1906 |     cfg: Dict,
     |          ^^^^
1907 |     features: np.ndarray,
1908 |     masks: np.ndarray,
     |
help: Replace with `dict`

UP006 Use `list` instead of `List` for type annotation
    --> src/scripts/run_breakthrough_experiment.py:1911:19
     |
1909 |     labels: np.ndarray,
1910 |     sample_ids: list,
1911 |     domain_order: List[str],
     |                   ^^^^
1912 |     confidence_index: int | None,
1913 |     score_index: int,
     |
help: Replace with `list`

UP045 Use `X | None` for type annotations
    --> src/scripts/run_breakthrough_experiment.py:1916:20
     |
1914 |     sample_splits: np.ndarray | None = None,
1915 |     sample_categories: np.ndarray | None = None,
1916 |     seed_override: Optional[int] = None,
     |                    ^^^^^^^^^^^^^
1917 |     device: torch.device | None = None,
1918 | ) -> Dict:
     |
help: Convert to `X | None`

UP006 Use `dict` instead of `Dict` for type annotation
    --> src/scripts/run_breakthrough_experiment.py:1918:6
     |
1916 |     seed_override: Optional[int] = None,
1917 |     device: torch.device | None = None,
1918 | ) -> Dict:
     |      ^^^^
1919 |     train_cfg = cfg.get("training", {})
1920 |     eval_cfg = cfg.get("evaluation", {})
     |
help: Replace with `dict`

UP045 Use `X | None` for type annotations
    --> src/scripts/run_breakthrough_experiment.py:2281:32
     |
2279 |             )
2280 |         )
2281 |         learned_gate_for_seed: Optional[LearnedReliabilityGate] = None
     |                                ^^^^^^^^^^^^^^^^^^^^^^^^^^^^^^^^
2282 |         if enable_learned_gate:
2283 |             try:
     |
help: Convert to `X | None`

B023 Function definition does not bind loop variable `model`
    --> src/scripts/run_breakthrough_experiment.py:2296:44
     |
2295 |                 def _gate_static(f, m):
2296 |                     return _predict_static(model, f, m, device)
     |                                            ^^^^^
2297 |
2298 |                 def _gate_weights(f, m):
     |

B023 Function definition does not bind loop variable `estimator`
    --> src/scripts/run_breakthrough_experiment.py:2299:28
     |
2298 |                 def _gate_weights(f, m):
2299 |                     return estimator.compute_reliability_weights(f, m)
     |                            ^^^^^^^^^
2300 |
2301 |                 def _gate_reliability(f, m, w):
     |

B023 Function definition does not bind loop variable `model`
    --> src/scripts/run_breakthrough_experiment.py:2307:25
     |
2305 |                     # satisfied, equivalent to "always fire".
2306 |                     probs, _ = _predict_craf_with_stats(
2307 |                         model, estimator, f, m, device,
     |                         ^^^^^
2308 |                         clean_gate_threshold=2.0,
2309 |                         per_sample_gating=False,
     |

B023 Function definition does not bind loop variable `estimator`
    --> src/scripts/run_breakthrough_experiment.py:2307:32
     |
2305 |                     # satisfied, equivalent to "always fire".
2306 |                     probs, _ = _predict_craf_with_stats(
2307 |                         model, estimator, f, m, device,
     |                                ^^^^^^^^^
2308 |                         clean_gate_threshold=2.0,
2309 |                         per_sample_gating=False,
     |

UP006 Use `dict` instead of `Dict` for type annotation
    --> src/scripts/run_breakthrough_experiment.py:2616:25
     |
2616 | def run_experiment(cfg: Dict, seed_override: Optional[int] = None) -> Dict:
     |                         ^^^^
2617 |     logger.info("Phase 0: Loading data")
2618 |     (
     |
help: Replace with `dict`

UP045 Use `X | None` for type annotations
    --> src/scripts/run_breakthrough_experiment.py:2616:46
     |
2616 | def run_experiment(cfg: Dict, seed_override: Optional[int] = None) -> Dict:
     |                                              ^^^^^^^^^^^^^
2617 |     logger.info("Phase 0: Loading data")
2618 |     (
     |
help: Convert to `X | None`

UP006 Use `dict` instead of `Dict` for type annotation
    --> src/scripts/run_breakthrough_experiment.py:2616:71
     |
2616 | def run_experiment(cfg: Dict, seed_override: Optional[int] = None) -> Dict:
     |                                                                       ^^^^
2617 |     logger.info("Phase 0: Loading data")
2618 |     (
     |
help: Replace with `dict`

UP006 Use `dict` instead of `Dict` for type annotation
    --> src/scripts/run_breakthrough_experiment.py:2645:110
     |
2645 | def _run_synthetic_experiment(cfg, features, masks, labels, sample_ids, domain_order, seed_override=None) -> Dict:
     |                                                                                                              ^^^^
2646 |     """Run experiment using pre-loaded synthetic arrays."""
2647 |     return _run_experiment_arrays(
     |
help: Replace with `dict`

UP035 `typing.Dict` is deprecated, use `dict` instead
  --> src/scripts/run_cv_benchmark.py:36:1
   |
34 | import sys
35 | from pathlib import Path
36 | from typing import Dict, List
   | ^^^^^^^^^^^^^^^^^^^^^^^^^^^^^
37 |
38 | import numpy as np
   |

UP035 `typing.List` is deprecated, use `list` instead
  --> src/scripts/run_cv_benchmark.py:36:1
   |
34 | import sys
35 | from pathlib import Path
36 | from typing import Dict, List
   | ^^^^^^^^^^^^^^^^^^^^^^^^^^^^^
37 |
38 | import numpy as np
   |

E402 Module level import not at top of file
  --> src/scripts/run_cv_benchmark.py:45:1
   |
43 |     sys.path.insert(0, str(_REPO_ROOT / "src"))
44 |
45 | import yaml
   | ^^^^^^^^^^^
46 |
47 | from uais.fusion.attention.baselines import (
   |

I001 [*] Import block is un-sorted or un-formatted
  --> src/scripts/run_cv_benchmark.py:45:1
   |
43 |       sys.path.insert(0, str(_REPO_ROOT / "src"))
44 |
45 | / import yaml
46 | |
47 | | from uais.fusion.attention.baselines import (
48 | |     EarlyFusionMLP, LateFusionEnsemble, RandomForestFusion,
49 | |     ConfidenceWeightedMean,
50 | | )
51 | | from uais.fusion.attention.cv_evaluator import (
52 | |     BaselineSpec, CVConfig, cross_validate_baselines,
53 | | )
54 | | from uais.fusion.attention.unsupervised_baselines import (
55 | |     AEConfig, BGMMConfig, GMMConfig, IForestConfig, KMeansConfig,
56 | |     LOFConfig, OCSVMConfig,
57 | |     AutoencoderAnomalyDetector, BGMMAnomalyDetector, GMMAnomalyDetector,
58 | |     IsolationForestDetector, KMeansAnomalyDetector, LOFAnomalyDetector,
59 | |     OneClassSVMDetector,
60 | | )
   | |_^
   |
help: Organize imports

E402 Module level import not at top of file
  --> src/scripts/run_cv_benchmark.py:47:1
   |
45 |   import yaml
46 |
47 | / from uais.fusion.attention.baselines import (
48 | |     EarlyFusionMLP, LateFusionEnsemble, RandomForestFusion,
49 | |     ConfidenceWeightedMean,
50 | | )
   | |_^
51 |   from uais.fusion.attention.cv_evaluator import (
52 |       BaselineSpec, CVConfig, cross_validate_baselines,
   |

E402 Module level import not at top of file
  --> src/scripts/run_cv_benchmark.py:51:1
   |
49 |       ConfidenceWeightedMean,
50 |   )
51 | / from uais.fusion.attention.cv_evaluator import (
52 | |     BaselineSpec, CVConfig, cross_validate_baselines,
53 | | )
   | |_^
54 |   from uais.fusion.attention.unsupervised_baselines import (
55 |       AEConfig, BGMMConfig, GMMConfig, IForestConfig, KMeansConfig,
   |

E402 Module level import not at top of file
  --> src/scripts/run_cv_benchmark.py:54:1
   |
52 |       BaselineSpec, CVConfig, cross_validate_baselines,
53 |   )
54 | / from uais.fusion.attention.unsupervised_baselines import (
55 | |     AEConfig, BGMMConfig, GMMConfig, IForestConfig, KMeansConfig,
56 | |     LOFConfig, OCSVMConfig,
57 | |     AutoencoderAnomalyDetector, BGMMAnomalyDetector, GMMAnomalyDetector,
58 | |     IsolationForestDetector, KMeansAnomalyDetector, LOFAnomalyDetector,
59 | |     OneClassSVMDetector,
60 | | )
   | |_^
   |

UP006 Use `dict` instead of `Dict` for type annotation
  --> src/scripts/run_cv_benchmark.py:79:21
   |
79 | def _load_real(cfg: Dict):
   |                     ^^^^
80 |     """Load fusion CSV via the canonical pipeline."""
81 |     from uais.fusion.attention.attention_utils import (
   |
help: Replace with `dict`

I001 [*] Import block is un-sorted or un-formatted
  --> src/scripts/run_cv_benchmark.py:81:5
   |
79 |   def _load_real(cfg: Dict):
80 |       """Load fusion CSV via the canonical pipeline."""
81 | /     from uais.fusion.attention.attention_utils import (
82 | |         build_fusion_tensors, infer_feature_columns, load_fusion_dataframe,
83 | |     )
   | |_____^
84 |
85 |       dcfg = cfg["data"]
   |
help: Organize imports

UP006 Use `list` instead of `List` for type annotation
   --> src/scripts/run_cv_benchmark.py:110:31
    |
108 | # ---------------------------------------------------------------------------
109 |
110 | def build_specs(seed: int) -> List[BaselineSpec]:
    |                               ^^^^
111 |     """Every spec uses the same random_state and identical DR upstream."""
112 |     import torch
    |
help: Replace with `list`

I001 [*] Import block is un-sorted or un-formatted
  --> src/scripts/run_fraud_experiment.py:13:1
   |
11 |   """
12 |
13 | / from pathlib import Path
14 | | import json
15 | | import joblib
16 | |
17 | | import numpy as np
18 | | import pandas as pd
19 | | from sklearn.model_selection import train_test_split
20 | |
21 | | from uais.data.load_fraud_data import load_fraud_data
22 | | from uais.features.fraud_features import build_fraud_feature_table
23 | | from uais.supervised.train_fraud_supervised import FraudModelConfig, train_fraud_model
24 | | from uais.utils.metrics import compute_classification_metrics
25 | | from uais.utils.plotting import plot_roc_curve, plot_pr_curve
26 | | from uais.anomaly.train_isolation_forest import train_isolation_forest, compute_anomaly_score
27 | | from uais.ensembles.blending import blend_supervised_and_anomaly
28 | | from uais.utils.paths import domain_paths, ensure_directories
   | |_____________________________________________________________^
   |
help: Organize imports

I001 [*] Import block is un-sorted or un-formatted
  --> src/scripts/run_fusion_experiment.py:8:1
   |
 6 |   ``run_breakthrough_experiment.py`` with ``configs/attention_real_fusion.yaml``.
 7 |   """
 8 | / from __future__ import annotations
 9 | |
10 | | import json
11 | | from pathlib import Path
12 | | import os
13 | |
14 | | import joblib
15 | | import numpy as np
16 | | import pandas as pd
17 | | from sklearn.model_selection import train_test_split
18 | | from sklearn.preprocessing import StandardScaler
19 | |
20 | | from uais.config.config_loader import load_config
21 | | from uais.data.load_behavior_data import load_behavior_data
22 | | from uais.data.load_cyber_data import load_cyber_data
23 | | from uais.data.load_fraud_data import load_fraud_data
24 | | from uais.features.behavior_features import build_behavior_feature_table
25 | | from uais.features.cyber_features import build_cyber_feature_table
26 | | from uais.features.fraud_features import build_fraud_feature_table
27 | | from uais.fusion.build_embeddings import generate_meta_features, to_embedding
28 | | from uais.fusion.train_fusion_model import train_fusion_meta_model
29 | | from uais.supervised.train_cyber_supervised import CyberModelConfig, train_cyber_model
30 | | from uais.supervised.train_fraud_supervised import FraudModelConfig, train_fraud_model
31 | | from uais.anomaly.train_autoencoder import train_autoencoder
32 | | from uais.utils.logging_utils import setup_logging
33 | | from uais.utils.paths import domain_paths, ensure_directories
   | |_____________________________________________________________^
34 |
35 |   logger = setup_logging(__name__)
   |
help: Organize imports

F841 Local variable `y` is assigned to but never used
   --> src/scripts/run_fusion_experiment.py:101:5
    |
 99 |     df = build_behavior_feature_table(df_raw, target_column=target_col, drop_columns=cfg.get("data", {}).get("drop_columns"))
100 |     X = df.drop(columns=[target_col])
101 |     y = df[target_col].astype(int)
    |     ^
102 |     preprocessor = StandardScaler()
103 |     ae_model, _, _ = train_autoencoder(df, target_col, preprocessor, cfg, "behavior")
    |
help: Remove assignment to unused variable `y`

I001 [*] Import block is un-sorted or un-formatted
  --> src/scripts/run_phase2_b_cert_1_v2.py:29:1
   |
27 |   sys.path.insert(0, str(ROOT / "src"))
28 |
29 | / from elara.certification import (  # noqa: E402
30 | |     estimate_risk_dominance, fired_subset_certificate,
31 | | )
   | |_^
32 |
33 |   ARCHIVE = ROOT / "experiments" / "phase2" / "mechanism" / "b_mech_1_prediction_archives"
   |
help: Organize imports

F541 [*] f-string without any placeholders
  --> src/scripts/run_phase2_b_cert_1_v2.py:79:15
   |
77 |     clean_rga_name = "rga_mean_gate_tau66__clean_k0"
78 |     if clean_static_name not in methods or clean_rga_name not in methods:
79 |         print(f"clean k=0 arm missing; run run_phase2_b_mech_1_clean_arm.py first")
   |               ^^^^^^^^^^^^^^^^^^^^^^^^^^^^^^^^^^^^^^^^^^^^^^^^^^^^^^^^^^^^^^^^^^^^
80 |         return 2
   |
help: Remove extraneous `f` prefix

F401 [*] `csv` imported but unused
  --> src/scripts/run_phase2_b_mech_1_clean_arm.py:15:8
   |
14 | import argparse
15 | import csv
   |        ^^^
16 | import sys
17 | from pathlib import Path
   |
help: Remove unused import: `csv`

I001 [*] Import block is un-sorted or un-formatted
  --> src/scripts/run_phase2_b_mech_1_clean_arm.py:27:1
   |
25 |   sys.path.insert(0, str(ROOT))
26 |
27 | / from scripts.run_breakthrough_experiment import (  # noqa: E402
28 | |     _build_model, _load_data, _make_loaders, _make_reliability_estimator,
29 | |     _predict_static, _predict_craf_with_stats, _split, _train_model, set_seed,
30 | | )
31 | | from elara.evaluation.prediction_archive import PredictionArchive  # noqa: E402
   | |_________________________________________________________________^
32 |
33 |   ELARA_BENCH_LA_CONFIG = ROOT / "configs" / "attention_real_fusion.yaml"
   |
help: Organize imports

E402 Module level import not at top of file
  --> src/scripts/run_phase2_b_mech_1_inference.py:15:1
   |
13 | sys.path.insert(0, str(ROOT / "src"))
14 |
15 | from elara.evaluation.ensemble_inference import audited_analysis, holm_bonferroni
   | ^^^^^^^^^^^^^^^^^^^^^^^^^^^^^^^^^^^^^^^^^^^^^^^^^^^^^^^^^^^^^^^^^^^^^^^^^^^^^^^^^
16 |
17 | ARCHIVE = ROOT / "experiments" / "phase2" / "mechanism" / "b_mech_1_prediction_archives"
   |

I001 [*] Import block is un-sorted or un-formatted
  --> src/scripts/run_phase2_certificate_audit.py:40:1
   |
38 |   sys.path.insert(0, str(ROOT / "src"))
39 |
40 | / from elara.certification import (  # noqa: E402
41 | |     estimate_risk_dominance, fired_subset_certificate,
42 | | )
   | |_^
43 |
44 |   REGISTRY_V2 = ROOT / "docs" / "research" / "phase2" / "PHASE_2_EXPERIMENT_REGISTRY_v2.csv"
   |
help: Organize imports

F401 [*] `elara.certification.estimate_risk_dominance` imported but unused
  --> src/scripts/run_phase2_certificate_audit.py:41:5
   |
40 | from elara.certification import (  # noqa: E402
41 |     estimate_risk_dominance, fired_subset_certificate,
   |     ^^^^^^^^^^^^^^^^^^^^^^^
42 | )
   |
help: Remove unused import: `elara.certification.estimate_risk_dominance`

F401 [*] `math` imported but unused
  --> src/scripts/run_phase2_family_a_analysis.py:34:8
   |
32 | import argparse
33 | import csv
34 | import math
   |        ^^^^
35 | import sys
36 | from pathlib import Path
   |
help: Remove unused import: `math`

I001 [*] Import block is un-sorted or un-formatted
  --> src/scripts/run_phase2_family_a_analysis.py:44:1
   |
42 |   sys.path.insert(0, str(ROOT / "src"))
43 |
44 | / from elara.evaluation.ensemble_inference import (  # noqa: E402
45 | |     audited_analysis, holm_bonferroni,
46 | | )
   | |_^
47 |
48 |   REGISTRY_V2 = ROOT / "docs" / "research" / "phase2" / "PHASE_2_EXPERIMENT_REGISTRY_v2.csv"
   |
help: Organize imports

I001 [*] Import block is un-sorted or un-formatted
  --> src/scripts/run_phase2_family_a_cell.py:37:1
   |
36 |   # Reuse the exact training path from the pilot driver — same code path.
37 | / from scripts.run_phase2_powered_audited_pilot import run_one_seed  # noqa: E402
38 | | from elara.evaluation.prediction_archive import PredictionArchive  # noqa: E402
   | |_________________________________________________________________^
   |
help: Organize imports

I001 [*] Import block is un-sorted or un-formatted
  --> src/scripts/run_phase2_family_d_v2_cell.py:42:1
   |
40 |   sys.path.insert(0, str(ROOT))
41 |
42 | / from scripts.run_breakthrough_experiment import (  # noqa: E402
43 | |     _build_model,
44 | |     _load_data,
45 | |     _make_loaders,
46 | |     _make_reliability_estimator,
47 | |     _predict_static,
48 | |     _predict_craf_with_stats,
49 | |     _split,
50 | |     _train_model,
51 | |     set_seed,
52 | | )
53 | | from elara.evaluation.prediction_archive import PredictionArchive  # noqa: E402
   | |_________________________________________________________________^
54 |
55 |   OUT_DIR = ROOT / "experiments" / "phase2" / "family_d"
   |
help: Organize imports

B007 Loop control variable `f_arr` not used within loop body
   --> src/scripts/run_phase2_family_d_v2_cell.py:399:20
    |
398 |     # Archive all four (method × condition) score vectors
399 |     for condition, f_arr, m_arr in (
    |                    ^^^^^
400 |         ("clean", test_feat, test_mask),
401 |         (cell_id, deg_feat, deg_mask),
    |
help: Rename unused `f_arr` to `_f_arr`

B007 Loop control variable `m_arr` not used within loop body
   --> src/scripts/run_phase2_family_d_v2_cell.py:399:27
    |
398 |     # Archive all four (method × condition) score vectors
399 |     for condition, f_arr, m_arr in (
    |                           ^^^^^
400 |         ("clean", test_feat, test_mask),
401 |         (cell_id, deg_feat, deg_mask),
    |
help: Rename unused `m_arr` to `_m_arr`

F541 [*] f-string without any placeholders
   --> src/scripts/run_phase2_family_d_v2_cell.py:524:15
    |
522 |     include_test = not args.dry_run
523 |     if args.dry_run:
524 |         print(f"[DRY-RUN] Validation calibration only; test fold will NOT be accessed.", flush=True)
    |               ^^^^^^^^^^^^^^^^^^^^^^^^^^^^^^^^^^^^^^^^^^^^^^^^^^^^^^^^^^^^^^^^^^^^^^^^^
525 |     else:
526 |         print(f"[RUN] Cell={args.cell}, seeds={len(seeds)}, include_test=True", flush=True)
    |
help: Remove extraneous `f` prefix

F541 [*] f-string without any placeholders
   --> src/scripts/run_phase2_family_d_v2_cell.py:527:15
    |
525 |     else:
526 |         print(f"[RUN] Cell={args.cell}, seeds={len(seeds)}, include_test=True", flush=True)
527 |         print(f"[WARN] This is the ONE-TIME held-out evaluation. It cannot be re-run.", flush=True)
    |               ^^^^^^^^^^^^^^^^^^^^^^^^^^^^^^^^^^^^^^^^^^^^^^^^^^^^^^^^^^^^^^^^^^^^^^^^
528 |
529 |     for seed in seeds:
    |
help: Remove extraneous `f` prefix

I001 Import block is un-sorted or un-formatted
   --> src/scripts/run_phase2_family_d_v2_cell.py:544:13
    |
542 |         except Exception as exc:
543 |             print(f"[seed={seed}] ERROR: {exc}", flush=True)
544 |             import traceback; traceback.print_exc()
    |             ^^^^^^^^^^^^^^^^
545 |             all_rows.append({
546 |                 "cell_id": args.cell, "seed": seed, "fold": "error",
    |
help: Organize imports

E702 Multiple statements on one line (semicolon)
   --> src/scripts/run_phase2_family_d_v2_cell.py:544:29
    |
542 |         except Exception as exc:
543 |             print(f"[seed={seed}] ERROR: {exc}", flush=True)
544 |             import traceback; traceback.print_exc()
    |                             ^
545 |             all_rows.append({
546 |                 "cell_id": args.cell, "seed": seed, "fold": "error",
    |

F401 [*] `glob` imported but unused
   --> src/scripts/run_phase2_family_d_v2_inference.py:192:12
    |
190 |     Returns: {condition: {seed: {"scores": arr, "labels": arr}}}
191 |     """
192 |     import glob
    |            ^^^^
193 |
194 |     archive_dir = OUT_DIR / "archives" / f"family_d_{cell_id.replace('-','_').lower()}"
    |
help: Remove unused import: `glob`

F401 [*] `sklearn.metrics.roc_auc_score` imported but unused
   --> src/scripts/run_phase2_family_d_v2_inference.py:221:33
    |
219 | def _infer_cell(cell_id: str) -> dict[str, Any]:
220 |     """Compute all inference quantities for one primary cell."""
221 |     from sklearn.metrics import roc_auc_score  # type: ignore[import]
    |                                 ^^^^^^^^^^^^^
222 |
223 |     per_seed_rows = _load_per_seed_csv(cell_id)
    |
help: Remove unused import: `sklearn.metrics.roc_auc_score`

F401 [*] `typing.Optional` imported but unused
  --> src/scripts/run_phase2_ks_power_sweep.py:23:20
   |
21 | import sys
22 | from pathlib import Path
23 | from typing import Optional
   |                    ^^^^^^^^
24 |
25 | import numpy as np
   |
help: Remove unused import: `typing.Optional`

I001 [*] Import block is un-sorted or un-formatted
   --> src/scripts/run_phase2_ks_power_sweep.py:175:5
    |
173 |   def run_one_seed_window(cfg, seed, window_size, eid, benchmark, protocol):
174 |       """Train model, fit windowed estimator, measure detection power vs false-activation."""
175 | /     import torch
176 | |     from scripts.run_breakthrough_experiment import (
177 | |         _build_model, _load_data, _make_loaders, _make_reliability_estimator,
178 | |         _predict_static, _predict_craf_with_stats, _split, _train_model, set_seed,
179 | |     )
    | |_____^
180 |
181 |       device = _device()
    |
help: Organize imports

F401 [*] `torch` imported but unused
   --> src/scripts/run_phase2_ks_power_sweep.py:175:12
    |
173 | def run_one_seed_window(cfg, seed, window_size, eid, benchmark, protocol):
174 |     """Train model, fit windowed estimator, measure detection power vs false-activation."""
175 |     import torch
    |            ^^^^^
176 |     from scripts.run_breakthrough_experiment import (
177 |         _build_model, _load_data, _make_loaders, _make_reliability_estimator,
    |
help: Remove unused import: `torch`

F401 [*] `scripts.run_breakthrough_experiment._make_reliability_estimator` imported but unused
   --> src/scripts/run_phase2_ks_power_sweep.py:177:50
    |
175 |     import torch
176 |     from scripts.run_breakthrough_experiment import (
177 |         _build_model, _load_data, _make_loaders, _make_reliability_estimator,
    |                                                  ^^^^^^^^^^^^^^^^^^^^^^^^^^^
178 |         _predict_static, _predict_craf_with_stats, _split, _train_model, set_seed,
179 |     )
    |
help: Remove unused import: `scripts.run_breakthrough_experiment._make_reliability_estimator`

F841 Local variable `static_auc_clean` is assigned to but never used
   --> src/scripts/run_phase2_ks_power_sweep.py:217:5
    |
215 |     # Static AUC on clean data (for roc_auc_delta reference)
216 |     static_probs_clean = _predict_static(model, test_feat, test_mask, device)
217 |     static_auc_clean = _safe_auc(test_labels, static_probs_clean)
    |     ^^^^^^^^^^^^^^^^
218 |
219 |     # RGA AUC on clean data
    |
help: Remove assignment to unused variable `static_auc_clean`

F841 Local variable `rga_auc_clean` is assigned to but never used
   --> src/scripts/run_phase2_ks_power_sweep.py:224:5
    |
222 |         clean_gate_threshold=0.66, per_sample_gating=True,
223 |     )
224 |     rga_auc_clean = _safe_auc(test_labels, rga_probs_clean)
    |     ^^^^^^^^^^^^^
225 |
226 |     degradation_records = []
    |
help: Remove assignment to unused variable `rga_auc_clean`

C420 [*] Unnecessary dict comprehension for iterable; use `dict.fromkeys` instead
   --> src/scripts/run_phase2_ks_power_sweep.py:371:40
    |
369 |                     print(f"[b-mech-4 window={w} seed={s} ERROR: {exc}]", flush=True)
370 |                     for deg_type in DEGRADATION_TYPES:
371 |                         w_deg.writerow({f: "" for f in deg_fields} | {
    |                                        ^^^^^^^^^^^^^^^^^^^^^^^^^^^
372 |                             "degradation_type": deg_type, "window_size": w,
373 |                             "seed": s, "status": f"error:{exc}"})
    |
help: Replace with `dict.fromkeys(iterable)`)

C420 [*] Unnecessary dict comprehension for iterable; use `dict.fromkeys` instead
   --> src/scripts/run_phase2_ks_power_sweep.py:374:36
    |
372 |                             "degradation_type": deg_type, "window_size": w,
373 |                             "seed": s, "status": f"error:{exc}"})
374 |                     w_win.writerow({f: "" for f in win_fields} | {
    |                                    ^^^^^^^^^^^^^^^^^^^^^^^^^^^
375 |                         "window_size": w, "seed": s, "status": f"error:{exc}"})
376 |                     fh_deg.flush()
    |
help: Replace with `dict.fromkeys(iterable)`)

I001 [*] Import block is un-sorted or un-formatted
  --> src/scripts/run_phase2_mechanism_replication.py:32:1
   |
30 |   sys.path.insert(0, str(ROOT))
31 |
32 | / from scripts.run_breakthrough_experiment import (  # noqa: E402
33 | |     _build_model, _load_data, _make_loaders, _make_reliability_estimator,
34 | |     _predict_static, _predict_craf_with_stats, _split, _train_model, set_seed,
35 | | )
36 | | from elara.evaluation.prediction_archive import PredictionArchive  # noqa: E402
37 | | from elara.family_b.corruption import inject_corruption  # noqa: E402
   | |_______________________________________________________^
38 |
39 |   REGISTRY_V2 = ROOT / "docs" / "research" / "phase2" / "PHASE_2_EXPERIMENT_REGISTRY_v2.csv"
   |
help: Organize imports

B007 Loop control variable `i` not used within loop body
  --> src/scripts/run_phase2_mixture_shift.py:76:9
   |
74 |     rng = np.random.default_rng(seed)
75 |     proportions = []
76 |     for i in range(n_mixtures):
   |         ^
77 |         # Draw Dirichlet-like weights (uniform Dirichlet alpha=1)
78 |         raw = rng.dirichlet(np.ones(len(DOMAIN_NAMES)))
   |
help: Rename unused `i` to `_i`

F401 `uais.fusion.attention.reliability_estimator.CategoryAwareReliabilityEstimator` imported but unused; consider using `importlib.util.find_spec` to test for availability
   --> src/scripts/run_phase2_mixture_shift.py:103:65
    |
101 |     # Domain-aware gate fire: try CategoryAwareReliabilityEstimator if available
102 |     try:
103 |         from uais.fusion.attention.reliability_estimator import CategoryAwareReliabilityEstimator
    |                                                                 ^^^^^^^^^^^^^^^^^^^^^^^^^^^^^^^^^
104 |         # CategoryAwareReliabilityEstimator has per-category reference; use it
105 |         # For the domain-aware rate, we compute per-sample reliability then aggregate
    |
help: Remove unused import: `uais.fusion.attention.reliability_estimator.CategoryAwareReliabilityEstimator`

I001 [*] Import block is un-sorted or un-formatted
   --> src/scripts/run_phase2_mixture_shift.py:127:5
    |
125 |   ) -> list[dict]:
126 |       """Train model + estimator for one seed, evaluate gate under n_mixtures domain shifts."""
127 | /     from scripts.run_breakthrough_experiment import (
128 | |         _build_model, _load_data, _make_loaders, _make_reliability_estimator,
129 | |         _split, _train_model, set_seed,
130 | |     )
    | |_____^
131 |
132 |       device = _device()
    |
help: Organize imports

F841 Local variable `test_labels_arr` is assigned to but never used
   --> src/scripts/run_phase2_mixture_shift.py:165:5
    |
163 |     test_feat = features[test_idx]
164 |     test_mask = masks[test_idx]  # [N, D], True = missing
165 |     test_labels_arr = labels[test_idx]
    |     ^^^^^^^^^^^^^^^
166 |
167 |     # Assign domain category per test sample: lowest missing-mask index (primary domain)
    |
help: Remove assignment to unused variable `test_labels_arr`

F841 Local variable `D` is assigned to but never used
   --> src/scripts/run_phase2_mixture_shift.py:170:5
    |
168 |     # Since masks are boolean (True=missing), the "present" domains are mask=False
169 |     # The category is the position of the first non-missing domain
170 |     D = test_mask.shape[1]
    |     ^
171 |     cat_arr = np.array([
172 |         list(domain_order)[
    |
help: Remove assignment to unused variable `D`

F401 [*] `hashlib` imported but unused
  --> src/scripts/run_phase2_powered_audited_pilot.py:30:8
   |
28 | import argparse
29 | import csv
30 | import hashlib
   |        ^^^^^^^
31 | import json
32 | import sys
   |
help: Remove unused import: `hashlib`

F401 [*] `json` imported but unused
  --> src/scripts/run_phase2_powered_audited_pilot.py:31:8
   |
29 | import csv
30 | import hashlib
31 | import json
   |        ^^^^
32 | import sys
33 | from pathlib import Path
   |
help: Remove unused import: `json`

F401 [*] `pandas` imported but unused
  --> src/scripts/run_phase2_powered_audited_pilot.py:37:18
   |
36 | import numpy as np
37 | import pandas as pd
   |                  ^^
38 | import torch
39 | import yaml
   |
help: Remove unused import: `pandas`

I001 [*] Import block is un-sorted or un-formatted
  --> src/scripts/run_phase2_powered_audited_pilot.py:45:1
   |
44 |   # Import the existing runner helpers we need.
45 | / from scripts.run_breakthrough_experiment import (  # noqa: E402
46 | |     _build_model,
47 | |     _load_data,
48 | |     _make_loaders,
49 | |     _make_reliability_estimator,
50 | |     _predict_static,
51 | |     _predict_craf,
52 | |     _split,
53 | |     _train_model,
54 | |     set_seed,
55 | | )
56 | | from uais.fusion.attention.baselines import run_baseline_suite  # noqa: E402
57 | | from uais.fusion.attention.meta_router import fit_rga_meta_router  # noqa: E402
58 | | from uais.fusion.attention.reliability_boosted_fusion import ReliabilityBoostedFusion  # noqa: E402
59 | |
60 | | from elara.evaluation.prediction_archive import PredictionArchive  # noqa: E402
   | |_________________________________________________________________^
   |
help: Organize imports

F841 Local variable `chosen_val_probs` is assigned to but never used
   --> src/scripts/run_phase2_powered_audited_pilot.py:198:9
    |
196 |     else:
197 |         chosen_head = "router"
198 |         chosen_val_probs = router_val_probs
    |         ^^^^^^^^^^^^^^^^
199 |         chosen_test_probs = router_test_probs
    |
help: Remove assignment to unused variable `chosen_val_probs`

F841 Local variable `chosen_test_probs` is assigned to but never used
   --> src/scripts/run_phase2_powered_audited_pilot.py:199:9
    |
197 |         chosen_head = "router"
198 |         chosen_val_probs = router_val_probs
199 |         chosen_test_probs = router_test_probs
    |         ^^^^^^^^^^^^^^^^^
200 |
201 |     # Archive per-method per-split predictions.
    |
help: Remove assignment to unused variable `chosen_test_probs`

I001 [*] Import block is un-sorted or un-formatted
  --> src/scripts/run_phase2_rga_v2_gate_sweep.py:35:1
   |
33 |   sys.path.insert(0, str(ROOT))
34 |
35 | / from scripts.run_breakthrough_experiment import (  # noqa: E402
36 | |     _build_model, _load_data, _make_loaders, _make_reliability_estimator,
37 | |     _predict_static, _predict_craf_with_stats, _split, _train_model, set_seed,
38 | | )
39 | | from elara.evaluation.prediction_archive import PredictionArchive  # noqa: E402
40 | | from elara.family_b.corruption import (  # noqa: E402
41 | |     inject_corruption, validation_fold_corruption_grid,
42 | | )
   | |_^
43 |
44 |   REGISTRY_V2 = ROOT / "docs" / "research" / "phase2" / "PHASE_2_EXPERIMENT_REGISTRY_v2.csv"
   |
help: Organize imports

F841 Local variable `mean_r_clean` is assigned to but never used
   --> src/scripts/run_phase2_rga_v2_gate_sweep.py:364:9
    |
362 |         # Measure clean false-fire rate on test fold (k=0)
363 |         w_test_clean = estimator.compute_reliability_weights(test_feat, test_mask)
364 |         mean_r_clean = float(np.nanmean(w_test_clean))
    |         ^^^^^^^^^^^^
365 |         min_r_clean = float(np.nanmin(w_test_clean))
366 |         gate_fired_clean, _, _ = _compute_gate_decision(
    |
help: Remove assignment to unused variable `mean_r_clean`

F841 Local variable `min_r_clean` is assigned to but never used
   --> src/scripts/run_phase2_rga_v2_gate_sweep.py:365:9
    |
363 |         w_test_clean = estimator.compute_reliability_weights(test_feat, test_mask)
364 |         mean_r_clean = float(np.nanmean(w_test_clean))
365 |         min_r_clean = float(np.nanmin(w_test_clean))
    |         ^^^^^^^^^^^
366 |         gate_fired_clean, _, _ = _compute_gate_decision(
367 |             estimator, test_feat, test_mask,
    |
help: Remove assignment to unused variable `min_r_clean`

I001 [*] Import block is un-sorted or un-formatted
   --> src/scripts/run_phase2_rga_v2_gate_sweep.py:460:5
    |
458 |   def _aggregate_inference(all_ff_rows: list[dict], all_fs_rows: list[dict], contract: dict) -> list[dict]:
459 |       """Compute per-gate promotion decisions across seeds."""
460 | /     from collections import defaultdict
461 | |     import statistics
    | |_____________________^
462 |
463 |       gates = {r["gate_id"] for r in all_fs_rows}
    |
help: Organize imports

F401 [*] `statistics` imported but unused
   --> src/scripts/run_phase2_rga_v2_gate_sweep.py:461:12
    |
459 |     """Compute per-gate promotion decisions across seeds."""
460 |     from collections import defaultdict
461 |     import statistics
    |            ^^^^^^^^^^
462 |
463 |     gates = {r["gate_id"] for r in all_fs_rows}
    |
help: Remove unused import: `statistics`

F401 [*] `uais.sequence.build_sequences.pad_sequences` imported but unused
  --> src/scripts/run_sequence_ablation.py:29:43
   |
28 | from uais.sequence.ablation import AblationConfig, run_sequence_ablation, summarise_ablation
29 | from uais.sequence.build_sequences import pad_sequences
   |                                           ^^^^^^^^^^^^^
30 | from uais.utils.logging_utils import setup_logging
   |
help: Remove unused import: `uais.sequence.build_sequences.pad_sequences`

I001 [*] Import block is un-sorted or un-formatted
  --> src/scripts/validate_manuscript_claims.py:18:1
   |
16 |   """
17 |
18 | / from __future__ import annotations
19 | |
20 | | import argparse
21 | | import json
22 | | import re
23 | | import sys
24 | | from pathlib import Path
   | |________________________^
   |
help: Organize imports

I001 [*] Import block is un-sorted or un-formatted
  --> src/scripts/validate_phase1_1_pdf_claims.py:18:1
   |
16 |   """
17 |
18 | / from __future__ import annotations
19 | |
20 | | import re
21 | | import sys
22 | | from pathlib import Path
   | |________________________^
   |
help: Organize imports

F841 Local variable `thesis_text` is assigned to but never used
  --> src/scripts/validate_phase1_1_pdf_claims.py:48:5
   |
47 |     paper_text = PAPER.read_text() if PAPER.exists() else ""
48 |     thesis_text = THESIS.read_text() if THESIS.exists() else ""
   |     ^^^^^^^^^^^
49 |     paper_pdf_text = _pdf_text(PAPER_PDF)
50 |     thesis_pdf_text = _pdf_text(THESIS_PDF)
   |
help: Remove assignment to unused variable `thesis_text`

UP035 [*] Import from `collections.abc` instead: `Iterable`
 --> src/uais/anomaly/evaluate_anomaly.py:2:1
  |
1 | """Evaluation helpers for anomaly detectors."""
2 | from typing import Dict, Iterable
  | ^^^^^^^^^^^^^^^^^^^^^^^^^^^^^^^^^
3 |
4 | import numpy as np
  |
help: Import from `collections.abc`

UP035 `typing.Dict` is deprecated, use `dict` instead
 --> src/uais/anomaly/evaluate_anomaly.py:2:1
  |
1 | """Evaluation helpers for anomaly detectors."""
2 | from typing import Dict, Iterable
  | ^^^^^^^^^^^^^^^^^^^^^^^^^^^^^^^^^
3 |
4 | import numpy as np
  |

UP006 Use `dict` instead of `Dict` for type annotation
  --> src/uais/anomaly/evaluate_anomaly.py:9:102
   |
 9 | def evaluate_anomaly_scores(y_true: Iterable[int], scores: Iterable[float], contamination: float) -> Dict[str, float]:
   |                                                                                                      ^^^^
10 |     y_true = np.asarray(list(y_true))
11 |     scores = np.asarray(list(scores))
   |
help: Replace with `dict`

UP035 `typing.Dict` is deprecated, use `dict` instead
 --> src/uais/anomaly/train_autoencoder.py:2:1
  |
1 | """Simple feedforward autoencoder for anomaly scoring."""
2 | from typing import Dict, Tuple
  | ^^^^^^^^^^^^^^^^^^^^^^^^^^^^^^
3 |
4 | import joblib
  |

UP035 `typing.Tuple` is deprecated, use `tuple` instead
 --> src/uais/anomaly/train_autoencoder.py:2:1
  |
1 | """Simple feedforward autoencoder for anomaly scoring."""
2 | from typing import Dict, Tuple
  | ^^^^^^^^^^^^^^^^^^^^^^^^^^^^^^
3 |
4 | import joblib
  |

UP006 Use `dict` instead of `Dict` for type annotation
  --> src/uais/anomaly/train_autoencoder.py:14:62
   |
14 | def train_autoencoder(df, target: str, preprocessor, config: Dict, domain: str) -> Tuple[MLPRegressor, np.ndarray]:
   |                                                              ^^^^
15 |     X = df.drop(columns=[target])
16 |     y = df[target]
   |
help: Replace with `dict`

UP006 Use `tuple` instead of `Tuple` for type annotation
  --> src/uais/anomaly/train_autoencoder.py:14:84
   |
14 | def train_autoencoder(df, target: str, preprocessor, config: Dict, domain: str) -> Tuple[MLPRegressor, np.ndarray]:
   |                                                                                    ^^^^^
15 |     X = df.drop(columns=[target])
16 |     y = df[target]
   |
help: Replace with `tuple`

UP035 `typing.Dict` is deprecated, use `dict` instead
 --> src/uais/anomaly/train_isolation_forest.py:7:1
  |
5 | """
6 |
7 | from typing import Dict, Tuple
  | ^^^^^^^^^^^^^^^^^^^^^^^^^^^^^^
8 |
9 | import numpy as np
  |

UP035 `typing.Tuple` is deprecated, use `tuple` instead
 --> src/uais/anomaly/train_isolation_forest.py:7:1
  |
5 | """
6 |
7 | from typing import Dict, Tuple
  | ^^^^^^^^^^^^^^^^^^^^^^^^^^^^^^
8 |
9 | import numpy as np
  |

F401 [*] `typing.Dict` imported but unused
 --> src/uais/anomaly/train_isolation_forest.py:7:20
  |
5 | """
6 |
7 | from typing import Dict, Tuple
  |                    ^^^^
8 |
9 | import numpy as np
  |
help: Remove unused import: `typing.Dict`

UP006 Use `tuple` instead of `Tuple` for type annotation
  --> src/uais/anomaly/train_isolation_forest.py:19:6
   |
17 |     random_state: int = 42,
18 |     contamination: float = 0.01,
19 | ) -> Tuple[IsolationForest, StandardScaler]:
   |      ^^^^^
20 |     """
21 |     Train an Isolation Forest model on feature data.
   |
help: Replace with `tuple`

UP006 Use `tuple` instead of `Tuple` for type annotation
  --> src/uais/anomaly/train_isolation_forest.py:56:48
   |
56 | def _prep_numeric_features(X: pd.DataFrame) -> Tuple[pd.DataFrame, pd.Series]:
   |                                                ^^^^^
57 |     """Keep only numeric columns with at least one observed value and fill NaNs with medians."""
58 |     numeric = X.select_dtypes(include=[np.number]).copy()
   |
help: Replace with `tuple`

UP035 `typing.Dict` is deprecated, use `dict` instead
 --> src/uais/anomaly/train_lof.py:2:1
  |
1 | """Local Outlier Factor training."""
2 | from typing import Dict, Tuple
  | ^^^^^^^^^^^^^^^^^^^^^^^^^^^^^^
3 |
4 | import joblib
  |

UP035 `typing.Tuple` is deprecated, use `tuple` instead
 --> src/uais/anomaly/train_lof.py:2:1
  |
1 | """Local Outlier Factor training."""
2 | from typing import Dict, Tuple
  | ^^^^^^^^^^^^^^^^^^^^^^^^^^^^^^
3 |
4 | import joblib
  |

UP006 Use `dict` instead of `Dict` for type annotation
  --> src/uais/anomaly/train_lof.py:14:54
   |
14 | def train_lof(df, target: str, preprocessor, config: Dict, domain: str) -> Tuple[LocalOutlierFactor, np.ndarray]:
   |                                                      ^^^^
15 |     contamination = config.get("training", {}).get("anomaly_contamination", 0.05)
16 |     X = df.drop(columns=[target])
   |
help: Replace with `dict`

UP006 Use `tuple` instead of `Tuple` for type annotation
  --> src/uais/anomaly/train_lof.py:14:76
   |
14 | def train_lof(df, target: str, preprocessor, config: Dict, domain: str) -> Tuple[LocalOutlierFactor, np.ndarray]:
   |                                                                            ^^^^^
15 |     contamination = config.get("training", {}).get("anomaly_contamination", 0.05)
16 |     X = df.drop(columns=[target])
   |
help: Replace with `tuple`

UP035 `typing.Dict` is deprecated, use `dict` instead
 --> src/uais/anomaly/train_ocsvm.py:2:1
  |
1 | """One-Class SVM training for anomaly scoring."""
2 | from typing import Dict, Tuple
  | ^^^^^^^^^^^^^^^^^^^^^^^^^^^^^^
3 |
4 | import joblib
  |

UP035 `typing.Tuple` is deprecated, use `tuple` instead
 --> src/uais/anomaly/train_ocsvm.py:2:1
  |
1 | """One-Class SVM training for anomaly scoring."""
2 | from typing import Dict, Tuple
  | ^^^^^^^^^^^^^^^^^^^^^^^^^^^^^^
3 |
4 | import joblib
  |

UP006 Use `dict` instead of `Dict` for type annotation
  --> src/uais/anomaly/train_ocsvm.py:14:56
   |
14 | def train_ocsvm(df, target: str, preprocessor, config: Dict, domain: str) -> Tuple[OneClassSVM, np.ndarray]:
   |                                                        ^^^^
15 |     """
16 |     Fit a One-Class SVM on preprocessed features and return scores.
   |
help: Replace with `dict`

UP006 Use `tuple` instead of `Tuple` for type annotation
  --> src/uais/anomaly/train_ocsvm.py:14:78
   |
14 | def train_ocsvm(df, target: str, preprocessor, config: Dict, domain: str) -> Tuple[OneClassSVM, np.ndarray]:
   |                                                                              ^^^^^
15 |     """
16 |     Fit a One-Class SVM on preprocessed features and return scores.
   |
help: Replace with `tuple`

UP035 `typing.Dict` is deprecated, use `dict` instead
 --> src/uais/app/api_schema.py:2:1
  |
1 | """Pydantic schemas for the UAIS local inference API."""
2 | from typing import Any, Dict, List
  | ^^^^^^^^^^^^^^^^^^^^^^^^^^^^^^^^^^
3 |
4 | from pydantic import BaseModel, Field
  |

UP035 `typing.List` is deprecated, use `list` instead
 --> src/uais/app/api_schema.py:2:1
  |
1 | """Pydantic schemas for the UAIS local inference API."""
2 | from typing import Any, Dict, List
  | ^^^^^^^^^^^^^^^^^^^^^^^^^^^^^^^^^^
3 |
4 | from pydantic import BaseModel, Field
  |

UP006 Use `list` instead of `List` for type annotation
 --> src/uais/app/api_schema.py:9:14
  |
7 | class PredictRequest(BaseModel):
8 |     domain: str = Field(..., description="fraud | cyber | behavior")
9 |     samples: List[Dict[str, Any]]
  |              ^^^^
  |
help: Replace with `list`

UP006 Use `dict` instead of `Dict` for type annotation
 --> src/uais/app/api_schema.py:9:19
  |
7 | class PredictRequest(BaseModel):
8 |     domain: str = Field(..., description="fraud | cyber | behavior")
9 |     samples: List[Dict[str, Any]]
  |                   ^^^^
  |
help: Replace with `dict`

UP006 Use `list` instead of `List` for type annotation
  --> src/uais/app/api_schema.py:14:18
   |
12 | class PredictResponse(BaseModel):
13 |     domain: str
14 |     predictions: List[float]
   |                  ^^^^
   |
help: Replace with `list`

I001 [*] Import block is un-sorted or un-formatted
 --> src/uais/app/predict_example.py:2:1
  |
1 |   """Local inference example for UAIS."""
2 | / import pandas as pd
3 | | import joblib
4 | |
5 | | from uais.config.config_loader import load_config
6 | | from uais.utils.paths import domain_paths
7 | | from uais.utils.logging_utils import setup_logging
  | |__________________________________________________^
8 |
9 |   logger = setup_logging(__name__)
  |
help: Organize imports

F841 Local variable `cfg` is assigned to but never used
  --> src/uais/app/predict_example.py:34:5
   |
32 | def demo():
33 |     domain = "fraud"
34 |     cfg = load_config(domain)
   |     ^^^
35 |     example_samples = [
36 |         {
   |
help: Remove assignment to unused variable `cfg`

UP035 `typing.Dict` is deprecated, use `dict` instead
 --> src/uais/config/config_loader.py:3:1
  |
1 | """Load and merge YAML configs."""
2 | from pathlib import Path
3 | from typing import Any, Dict
  | ^^^^^^^^^^^^^^^^^^^^^^^^^^^^
4 |
5 | import yaml
  |

UP006 Use `dict` instead of `Dict` for type annotation
  --> src/uais/config/config_loader.py:10:31
   |
10 | def _load_yaml(path: Path) -> Dict[str, Any]:
   |                               ^^^^
11 |     if not path.exists():
12 |         return {}
   |
help: Replace with `dict`

UP015 [*] Unnecessary mode argument
  --> src/uais/config/config_loader.py:13:21
   |
11 |     if not path.exists():
12 |         return {}
13 |     with open(path, "r", encoding="utf-8") as f:
   |                     ^^^
14 |         return yaml.safe_load(f) or {}
   |
help: Remove mode argument

UP006 Use `dict` instead of `Dict` for type annotation
  --> src/uais/config/config_loader.py:17:23
   |
17 | def _deep_merge(base: Dict[str, Any], override: Dict[str, Any]) -> Dict[str, Any]:
   |                       ^^^^
18 |     result = dict(base)
19 |     for key, value in override.items():
   |
help: Replace with `dict`

UP006 Use `dict` instead of `Dict` for type annotation
  --> src/uais/config/config_loader.py:17:49
   |
17 | def _deep_merge(base: Dict[str, Any], override: Dict[str, Any]) -> Dict[str, Any]:
   |                                                 ^^^^
18 |     result = dict(base)
19 |     for key, value in override.items():
   |
help: Replace with `dict`

UP006 Use `dict` instead of `Dict` for type annotation
  --> src/uais/config/config_loader.py:17:68
   |
17 | def _deep_merge(base: Dict[str, Any], override: Dict[str, Any]) -> Dict[str, Any]:
   |                                                                    ^^^^
18 |     result = dict(base)
19 |     for key, value in override.items():
   |
help: Replace with `dict`

UP006 Use `dict` instead of `Dict` for type annotation
  --> src/uais/config/config_loader.py:27:64
   |
27 | def load_config(domain: str, config_dir: Path = CONFIG_DIR) -> Dict[str, Any]:
   |                                                                ^^^^
28 |     domain = domain.lower()
29 |     base_cfg = _load_yaml(config_dir / "base_config.yaml")
   |
help: Replace with `dict`

I001 [*] Import block is un-sorted or un-formatted
 --> src/uais/data/load_cyber_data.py:1:1
  |
1 | / from pathlib import Path
2 | | from typing import Optional, Union, List
3 | |
4 | | import numpy as np
5 | | import pandas as pd
  | |___________________^
  |
help: Organize imports

UP035 `typing.List` is deprecated, use `list` instead
 --> src/uais/data/load_cyber_data.py:2:1
  |
1 | from pathlib import Path
2 | from typing import Optional, Union, List
  | ^^^^^^^^^^^^^^^^^^^^^^^^^^^^^^^^^^^^^^^^
3 |
4 | import numpy as np
  |

UP006 Use `list` instead of `List` for type annotation
  --> src/uais/data/load_cyber_data.py:54:40
   |
54 | def _find_cyber_csvs(raw_dir: Path) -> List[Path]:
   |                                        ^^^^
55 |     if not raw_dir.exists():
56 |         raise FileNotFoundError(f"Cyber raw directory not found: {raw_dir}")
   |
help: Replace with `list`

I001 [*] Import block is un-sorted or un-formatted
  --> src/uais/data/load_datasets.py:2:1
   |
 1 |   """Dataset loaders for UAIS-V (fraud/cyber/behavior + NLP/Vision)."""
 2 | / import pickle
 3 | | from pathlib import Path
 4 | | from typing import Tuple, List
 5 | |
 6 | | import numpy as np
 7 | | import pandas as pd
 8 | |
 9 | | from uais.data.load_behavior_data import load_behavior_data as load_behavior_data_domain
10 | | from uais.data.load_cyber_data import load_cyber_data as load_cyber_data_domain
11 | | from uais.data.load_fraud_data import load_fraud_data as load_fraud_data_domain
   | |_______________________________________________________________________________^
12 |
13 |   PROJECT_ROOT = Path(__file__).resolve().parents[3]
   |
help: Organize imports

UP035 `typing.Tuple` is deprecated, use `tuple` instead
 --> src/uais/data/load_datasets.py:4:1
  |
2 | import pickle
3 | from pathlib import Path
4 | from typing import Tuple, List
  | ^^^^^^^^^^^^^^^^^^^^^^^^^^^^^^
5 |
6 | import numpy as np
  |

UP035 `typing.List` is deprecated, use `list` instead
 --> src/uais/data/load_datasets.py:4:1
  |
2 | import pickle
3 | from pathlib import Path
4 | from typing import Tuple, List
  | ^^^^^^^^^^^^^^^^^^^^^^^^^^^^^^
5 |
6 | import numpy as np
  |

F401 [*] `typing.List` imported but unused
 --> src/uais/data/load_datasets.py:4:27
  |
2 | import pickle
3 | from pathlib import Path
4 | from typing import Tuple, List
  |                           ^^^^
5 |
6 | import numpy as np
  |
help: Remove unused import: `typing.List`

UP006 Use `tuple` instead of `Tuple` for type annotation
  --> src/uais/data/load_datasets.py:91:44
   |
89 | # CIFAR-10 loader helpers
90 |
91 | def _load_cifar_batch(batch_path: Path) -> Tuple[np.ndarray, np.ndarray]:
   |                                            ^^^^^
92 |     with open(batch_path, "rb") as f:
93 |         batch = pickle.load(f, encoding="latin1")
   |
help: Replace with `tuple`

UP006 Use `tuple` instead of `Tuple` for type annotation
   --> src/uais/data/load_datasets.py:101:43
    |
101 | def load_cifar10(split: str = "train") -> Tuple[np.ndarray, np.ndarray]:
    |                                           ^^^^^
102 |     root = DATA_RAW / "vision" / "cifar-10-python"
103 |     if not root.exists():
    |
help: Replace with `tuple`

I001 [*] Import block is un-sorted or un-formatted
  --> src/uais/data/load_fraud_data.py:10:1
   |
 8 |   """
 9 |
10 | / from pathlib import Path
11 | | from typing import Optional, List, Union
12 | |
13 | | import numpy as np
14 | | import pandas as pd
15 | | from .load_paysim import load_paysim
   | |____________________________________^
   |
help: Organize imports

UP035 `typing.List` is deprecated, use `list` instead
  --> src/uais/data/load_fraud_data.py:11:1
   |
10 | from pathlib import Path
11 | from typing import Optional, List, Union
   | ^^^^^^^^^^^^^^^^^^^^^^^^^^^^^^^^^^^^^^^^
12 |
13 | import numpy as np
   |

UP006 Use `list` instead of `List` for type annotation
  --> src/uais/data/load_fraud_data.py:48:42
   |
48 | def _find_all_fraud_files(root: Path) -> List[Path]:
   |                                          ^^^^
49 |     """Find all CSV/Parquet files under fraud raw directory."""
50 |     if not root.exists():
   |
help: Replace with `list`

I001 [*] Import block is un-sorted or un-formatted
 --> src/uais/data/load_paysim.py:1:1
  |
1 | / import shutil
2 | | import pandas as pd
3 | | import numpy as np
4 | | from pathlib import Path
5 | | from typing import Optional, Union
  | |__________________________________^
6 |
7 |   PROJECT_ROOT = Path(__file__).resolve().parents[3]
  |
help: Organize imports

UP035 `typing.Dict` is deprecated, use `dict` instead
 --> src/uais/data/split_data.py:2:1
  |
1 | """Train/validation/test splits."""
2 | from typing import Dict, Tuple
  | ^^^^^^^^^^^^^^^^^^^^^^^^^^^^^^
3 |
4 | import pandas as pd
  |

UP035 `typing.Tuple` is deprecated, use `tuple` instead
 --> src/uais/data/split_data.py:2:1
  |
1 | """Train/validation/test splits."""
2 | from typing import Dict, Tuple
  | ^^^^^^^^^^^^^^^^^^^^^^^^^^^^^^
3 |
4 | import pandas as pd
  |

F401 [*] `typing.Dict` imported but unused
 --> src/uais/data/split_data.py:2:20
  |
1 | """Train/validation/test splits."""
2 | from typing import Dict, Tuple
  |                    ^^^^
3 |
4 | import pandas as pd
  |
help: Remove unused import: `typing.Dict`

UP006 Use `tuple` instead of `Tuple` for type annotation
  --> src/uais/data/split_data.py:14:6
   |
12 |     val_size: float = 0.1,
13 |     random_state: int = 42,
14 | ) -> Tuple[pd.DataFrame, pd.DataFrame, pd.DataFrame, pd.Series, pd.Series, pd.Series]:
   |      ^^^^^
15 |     X = df.drop(columns=[target])
16 |     y = df[target]
   |
help: Replace with `tuple`

UP035 `typing.Dict` is deprecated, use `dict` instead
 --> src/uais/drift/drift_nlp.py:8:1
  |
6 | from __future__ import annotations
7 |
8 | from typing import Dict
  | ^^^^^^^^^^^^^^^^^^^^^^^
  |

UP006 Use `dict` instead of `Dict` for type annotation
  --> src/uais/drift/drift_nlp.py:11:47
   |
11 | def drift_report_nlp(ref_texts, cur_texts) -> Dict[str, float]:
   |                                               ^^^^
12 |     # TODO: implement real drift detection
13 |     return {"js_divergence": 0.0}
   |
help: Replace with `dict`

UP035 `typing.Dict` is deprecated, use `dict` instead
 --> src/uais/drift/drift_tabular.py:2:1
  |
1 | """Tabular drift detection utilities."""
2 | from typing import Dict, List
  | ^^^^^^^^^^^^^^^^^^^^^^^^^^^^^
3 |
4 | import numpy as np
  |

UP035 `typing.List` is deprecated, use `list` instead
 --> src/uais/drift/drift_tabular.py:2:1
  |
1 | """Tabular drift detection utilities."""
2 | from typing import Dict, List
  | ^^^^^^^^^^^^^^^^^^^^^^^^^^^^^
3 |
4 | import numpy as np
  |

F401 [*] `numpy` imported but unused
 --> src/uais/drift/drift_tabular.py:4:17
  |
2 | from typing import Dict, List
3 |
4 | import numpy as np
  |                 ^^
5 | import pandas as pd
6 | from scipy.stats import ks_2samp
  |
help: Remove unused import: `numpy`

UP006 Use `list` instead of `List` for type annotation
  --> src/uais/drift/drift_tabular.py:9:67
   |
 9 | def ks_drift(base: pd.DataFrame, new: pd.DataFrame, numeric_cols: List[str]) -> Dict[str, float]:
   |                                                                   ^^^^
10 |     results: Dict[str, float] = {}
11 |     for col in numeric_cols:
   |
help: Replace with `list`

UP006 Use `dict` instead of `Dict` for type annotation
  --> src/uais/drift/drift_tabular.py:9:81
   |
 9 | def ks_drift(base: pd.DataFrame, new: pd.DataFrame, numeric_cols: List[str]) -> Dict[str, float]:
   |                                                                                 ^^^^
10 |     results: Dict[str, float] = {}
11 |     for col in numeric_cols:
   |
help: Replace with `dict`

UP006 Use `dict` instead of `Dict` for type annotation
  --> src/uais/drift/drift_tabular.py:10:14
   |
 9 | def ks_drift(base: pd.DataFrame, new: pd.DataFrame, numeric_cols: List[str]) -> Dict[str, float]:
10 |     results: Dict[str, float] = {}
   |              ^^^^
11 |     for col in numeric_cols:
12 |         if col not in base.columns or col not in new.columns:
   |
help: Replace with `dict`

UP035 `typing.Dict` is deprecated, use `dict` instead
 --> src/uais/drift/drift_time_series.py:2:1
  |
1 | """Time-based drift and stability checks."""
2 | from typing import Dict
  | ^^^^^^^^^^^^^^^^^^^^^^^
3 |
4 | import pandas as pd
  |

UP006 Use `dict` instead of `Dict` for type annotation
 --> src/uais/drift/drift_time_series.py:7:87
  |
7 | def rolling_mean_drift(series_a: pd.Series, series_b: pd.Series, window: int = 24) -> Dict[str, float]:
  |                                                                                       ^^^^
8 |     a_roll = series_a.rolling(window=window, min_periods=1).mean()
9 |     b_roll = series_b.rolling(window=window, min_periods=1).mean()
  |
help: Replace with `dict`

UP035 `typing.Dict` is deprecated, use `dict` instead
 --> src/uais/drift/drift_vision.py:5:1
  |
3 | from __future__ import annotations
4 |
5 | from typing import Dict
  | ^^^^^^^^^^^^^^^^^^^^^^^
  |

UP006 Use `dict` instead of `Dict` for type annotation
  --> src/uais/drift/drift_vision.py:8:60
   |
 8 | def drift_report_vision(ref_embeddings, cur_embeddings) -> Dict[str, float]:
   |                                                            ^^^^
 9 |     # TODO: implement real drift detection (e.g., FID, embedding shift)
10 |     return {"embedding_shift": 0.0}
   |
help: Replace with `dict`

UP035 `typing.Dict` is deprecated, use `dict` instead
 --> src/uais/ensembles/stacking.py:2:1
  |
1 | """Simple stacked generalization utilities."""
2 | from typing import Dict, List, Tuple
  | ^^^^^^^^^^^^^^^^^^^^^^^^^^^^^^^^^^^^
3 |
4 | import numpy as np
  |

UP035 `typing.List` is deprecated, use `list` instead
 --> src/uais/ensembles/stacking.py:2:1
  |
1 | """Simple stacked generalization utilities."""
2 | from typing import Dict, List, Tuple
  | ^^^^^^^^^^^^^^^^^^^^^^^^^^^^^^^^^^^^
3 |
4 | import numpy as np
  |

UP035 `typing.Tuple` is deprecated, use `tuple` instead
 --> src/uais/ensembles/stacking.py:2:1
  |
1 | """Simple stacked generalization utilities."""
2 | from typing import Dict, List, Tuple
  | ^^^^^^^^^^^^^^^^^^^^^^^^^^^^^^^^^^^^
3 |
4 | import numpy as np
  |

F401 [*] `typing.List` imported but unused
 --> src/uais/ensembles/stacking.py:2:26
  |
1 | """Simple stacked generalization utilities."""
2 | from typing import Dict, List, Tuple
  |                          ^^^^
3 |
4 | import numpy as np
  |
help: Remove unused import: `typing.List`

UP006 Use `dict` instead of `Dict` for type annotation
  --> src/uais/ensembles/stacking.py:10:36
   |
10 | def stack_predictions(base_scores: Dict[str, np.ndarray], labels: np.ndarray) -> Tuple[LogisticRegression, Dict[str, float]]:
   |                                    ^^^^
11 |     keys = sorted(base_scores)
12 |     X = np.column_stack([base_scores[k] for k in keys])
   |
help: Replace with `dict`

UP006 Use `tuple` instead of `Tuple` for type annotation
  --> src/uais/ensembles/stacking.py:10:82
   |
10 | def stack_predictions(base_scores: Dict[str, np.ndarray], labels: np.ndarray) -> Tuple[LogisticRegression, Dict[str, float]]:
   |                                                                                  ^^^^^
11 |     keys = sorted(base_scores)
12 |     X = np.column_stack([base_scores[k] for k in keys])
   |
help: Replace with `tuple`

UP006 Use `dict` instead of `Dict` for type annotation
  --> src/uais/ensembles/stacking.py:10:108
   |
10 | def stack_predictions(base_scores: Dict[str, np.ndarray], labels: np.ndarray) -> Tuple[LogisticRegression, Dict[str, float]]:
   |                                                                                                            ^^^^
11 |     keys = sorted(base_scores)
12 |     X = np.column_stack([base_scores[k] for k in keys])
   |
help: Replace with `dict`

I001 [*] Import block is un-sorted or un-formatted
 --> src/uais/explainability/attention_visualizer.py:3:1
  |
1 |   """Attention visualization helpers for fusion models."""
2 |
3 | / from __future__ import annotations
4 | |
5 | | from pathlib import Path
6 | | from typing import Sequence
7 | |
8 | | import numpy as np
9 | | import matplotlib.pyplot as plt
  | |_______________________________^
  |
help: Organize imports

UP035 [*] Import from `collections.abc` instead: `Sequence`
 --> src/uais/explainability/attention_visualizer.py:6:1
  |
5 | from pathlib import Path
6 | from typing import Sequence
  | ^^^^^^^^^^^^^^^^^^^^^^^^^^^
7 |
8 | import numpy as np
  |
help: Import from `collections.abc`

UP035 [*] Import from `collections.abc` instead: `Sequence`
 --> src/uais/explainability/domain_contribution.py:5:1
  |
3 | from __future__ import annotations
4 |
5 | from typing import Dict, Sequence
  | ^^^^^^^^^^^^^^^^^^^^^^^^^^^^^^^^^
6 |
7 | import numpy as np
  |
help: Import from `collections.abc`

UP035 `typing.Dict` is deprecated, use `dict` instead
 --> src/uais/explainability/domain_contribution.py:5:1
  |
3 | from __future__ import annotations
4 |
5 | from typing import Dict, Sequence
  | ^^^^^^^^^^^^^^^^^^^^^^^^^^^^^^^^^
6 |
7 | import numpy as np
  |

UP006 Use `dict` instead of `Dict` for type annotation
  --> src/uais/explainability/domain_contribution.py:10:102
   |
10 | def summarize_domain_contributions(attention_weights, domain_labels: Sequence[str] | None = None) -> Dict[str, float]:
   |                                                                                                      ^^^^
11 |     weights = attention_weights
12 |     if hasattr(weights, "detach"):
   |
help: Replace with `dict`

I001 [*] Import block is un-sorted or un-formatted
 --> src/uais/explainability/gradcam_explainer.py:3:1
  |
1 |   """Thin wrapper around the existing vision_gradcam utilities."""
2 |
3 | / from __future__ import annotations
4 | |
5 | | from pathlib import Path
6 | | from PIL import Image
7 | |
8 | | from uais.explainability.vision_gradcam import save_gradcam
  | |___________________________________________________________^
  |
help: Organize imports

UP035 [*] Import from `collections.abc` instead: `Sequence`
 --> src/uais/explainability/interactive_attention_dash.py:5:1
  |
3 | from __future__ import annotations
4 |
5 | from typing import Sequence
  | ^^^^^^^^^^^^^^^^^^^^^^^^^^^
6 |
7 | import numpy as np
  |
help: Import from `collections.abc`

UP035 `typing.Dict` is deprecated, use `dict` instead
 --> src/uais/explainability/lime_explainer.py:2:1
  |
1 | """LIME helper functions."""
2 | from typing import Dict, List
  | ^^^^^^^^^^^^^^^^^^^^^^^^^^^^^
3 |
4 | import numpy as np
  |

UP035 `typing.List` is deprecated, use `list` instead
 --> src/uais/explainability/lime_explainer.py:2:1
  |
1 | """LIME helper functions."""
2 | from typing import Dict, List
  | ^^^^^^^^^^^^^^^^^^^^^^^^^^^^^
3 |
4 | import numpy as np
  |

UP006 Use `list` instead of `List` for type annotation
  --> src/uais/explainability/lime_explainer.py:12:85
   |
12 | def explain_with_lime(model, X_train: pd.DataFrame, sample: pd.Series, class_names: List[str] | None = None) -> Dict:
   |                                                                                     ^^^^
13 |     try:
14 |         from lime.lime_tabular import LimeTabularExplainer
   |
help: Replace with `list`

UP006 Use `dict` instead of `Dict` for type annotation
  --> src/uais/explainability/lime_explainer.py:12:113
   |
12 | def explain_with_lime(model, X_train: pd.DataFrame, sample: pd.Series, class_names: List[str] | None = None) -> Dict:
   |                                                                                                                 ^^^^
13 |     try:
14 |         from lime.lime_tabular import LimeTabularExplainer
   |
help: Replace with `dict`

F401 [*] `typing.Callable` imported but unused
  --> src/uais/explainability/runner.py:9:20
   |
 8 | from pathlib import Path
 9 | from typing import Callable, Optional
   |                    ^^^^^^^^
10 |
11 | import numpy as np
   |
help: Remove unused import: `typing.Callable`

UP045 Use `X | None` for type annotations
  --> src/uais/explainability/runner.py:15:82
   |
15 | def shap_tabular(model, X: pd.DataFrame, out_dir: Path, class_index: int = 1) -> Optional[Path]:
   |                                                                                  ^^^^^^^^^^^^^^
16 |     try:
17 |         import shap
   |
help: Convert to `X | None`

I001 [*] Import block is un-sorted or un-formatted
  --> src/uais/explainability/runner.py:17:9
   |
15 |   def shap_tabular(model, X: pd.DataFrame, out_dir: Path, class_index: int = 1) -> Optional[Path]:
16 |       try:
17 | /         import shap
18 | |         import matplotlib.pyplot as plt
   | |_______________________________________^
19 |       except Exception as exc:  # pragma: no cover
20 |           print(f"SHAP skipped: {exc}")
   |
help: Organize imports

UP045 Use `X | None` for type annotations
  --> src/uais/explainability/runner.py:39:103
   |
39 | def lime_tabular(model, X_train: pd.DataFrame, sample: pd.Series, out_dir: Path, class_names=None) -> Optional[Path]:
   |                                                                                                       ^^^^^^^^^^^^^^
40 |     try:
41 |         from lime.lime_tabular import LimeTabularExplainer
   |
help: Convert to `X | None`

UP045 Use `X | None` for type annotations
  --> src/uais/explainability/runner.py:59:51
   |
59 | def lime_text(model, text: str, out_dir: Path) -> Optional[Path]:
   |                                                   ^^^^^^^^^^^^^^
60 |     try:
61 |         from lime.lime_text import LimeTextExplainer
   |
help: Convert to `X | None`

UP035 `typing.Dict` is deprecated, use `dict` instead
 --> src/uais/explainability/sequence_explainer.py:2:1
  |
1 | """Simple saliency for sequence models (heuristic)."""
2 | from typing import Dict
  | ^^^^^^^^^^^^^^^^^^^^^^^
3 |
4 | import numpy as np
  |

UP006 Use `dict` instead of `Dict` for type annotation
 --> src/uais/explainability/sequence_explainer.py:7:67
  |
7 | def sequence_saliency(sequences: np.ndarray, mask: np.ndarray) -> Dict[int, float]:
  |                                                                   ^^^^
8 |     """Compute a basic per-time-step saliency using feature magnitudes.
  |
help: Replace with `dict`

F401 [*] `numpy` imported but unused
  --> src/uais/explainability/shap_explainer.py:10:17
   |
 8 | from typing import Optional
 9 |
10 | import numpy as np
   |                 ^^
11 | import pandas as pd
   |
help: Remove unused import: `numpy`

I001 [*] Import block is un-sorted or un-formatted
  --> src/uais/explainability/vision_gradcam.py:61:5
   |
59 |       np.save(out_path.with_suffix(".npy"), cam)
60 |
61 | /     import matplotlib.pyplot as plt
62 | |     import matplotlib.cm as cm
   | |______________________________^
63 |
64 |       plt.figure()
   |
help: Organize imports

UP035 [*] Import from `collections.abc` instead: `Sequence`
 --> src/uais/features/behavior_features.py:1:1
  |
1 | from typing import Optional, Sequence
  | ^^^^^^^^^^^^^^^^^^^^^^^^^^^^^^^^^^^^^
2 |
3 | import numpy as np
  |
help: Import from `collections.abc`

I001 [*] Import block is un-sorted or un-formatted
  --> src/uais/features/cert_behavior_features.py:7:1
   |
 5 |   """
 6 |
 7 | / import pandas as pd
 8 | | import numpy as np
   | |__________________^
 9 |
10 |   def add_cert_behavior_features(df: pd.DataFrame, time_col: str = "date", user_col: str = "user") -> pd.DataFrame:
   |
help: Organize imports

F401 [*] `numpy` imported but unused
  --> src/uais/features/cert_behavior_features.py:8:17
   |
 7 | import pandas as pd
 8 | import numpy as np
   |                 ^^
 9 |
10 | def add_cert_behavior_features(df: pd.DataFrame, time_col: str = "date", user_col: str = "user") -> pd.DataFrame:
   |
help: Remove unused import: `numpy`

UP035 [*] Import from `collections.abc` instead: `Sequence`
 --> src/uais/features/cyber_features.py:1:1
  |
1 | from typing import Optional, Sequence
  | ^^^^^^^^^^^^^^^^^^^^^^^^^^^^^^^^^^^^^
2 |
3 | import numpy as np
  |
help: Import from `collections.abc`

UP035 `typing.List` is deprecated, use `list` instead
 --> src/uais/features/scalers_encoders.py:2:1
  |
1 | """Reusable preprocessing pieces."""
2 | from typing import List
  | ^^^^^^^^^^^^^^^^^^^^^^^
3 |
4 | from sklearn.compose import ColumnTransformer
  |

UP006 Use `list` instead of `List` for type annotation
  --> src/uais/features/scalers_encoders.py:8:42
   |
 8 | def build_preprocessor(numeric_features: List[str], categorical_features: List[str]) -> ColumnTransformer:
   |                                          ^^^^
 9 |     numeric_features = numeric_features or []
10 |     categorical_features = categorical_features or []
   |
help: Replace with `list`

UP006 Use `list` instead of `List` for type annotation
  --> src/uais/features/scalers_encoders.py:8:75
   |
 8 | def build_preprocessor(numeric_features: List[str], categorical_features: List[str]) -> ColumnTransformer:
   |                                                                           ^^^^
 9 |     numeric_features = numeric_features or []
10 |     categorical_features = categorical_features or []
   |
help: Replace with `list`

I001 [*] Import block is un-sorted or un-formatted
  --> src/uais/fusion/attention/__init__.py:12:1
   |
10 |   """
11 |
12 | / from uais.fusion.attention.cross_modal_attention import (
13 | |     AttentionFusionModel,
14 | |     CrossModalAttentionBlock,
15 | |     CrossModalAttentionFusion,
16 | | )
17 | | from uais.fusion.attention.train_attention_fusion import train_attention_fusion
18 | | from uais.fusion.attention.evaluate_attention_fusion import evaluate_attention_fusion
19 | | from uais.fusion.attention.evaluate_attention_harness import evaluate_attention_harness
20 | | from uais.fusion.attention.validate_fusion_inputs import validate_attention_inputs
21 | | from uais.fusion.attention.reliability_estimator import (
22 | |     CategoryAwareReliabilityEstimator,
23 | |     ReliabilityEstimator,
24 | |     RGAReliabilityEstimator,   # paper-name alias for ReliabilityEstimator
25 | | )
26 | | from uais.fusion.attention.counterfactual_explainer import (
27 | |     CounterfactualDomainExplainer,
28 | |     CounterfactualResult,
29 | | )
30 | | from uais.fusion.attention.adversarial_robustness import (
31 | |     AdversarialAttackType,
32 | |     AdversarialPerturbationEngine,
33 | | )
34 | | from uais.fusion.attention.baselines import (
35 | |     EarlyFusionMLP,
36 | |     LateFusionEnsemble,
37 | |     RandomForestFusion,
38 | |     ConfidenceWeightedMean,
39 | |     TentScoreAdapter,
40 | |     TTTPseudoLabelAdapter,
41 | |     run_baseline_suite,
42 | | )
43 | | from uais.fusion.attention.unsupervised_baselines import (
44 | |     BGMMConfig, GMMConfig, KMeansConfig, IForestConfig,
45 | |     OCSVMConfig, LOFConfig, AEConfig,
46 | |     BGMMAnomalyDetector, GMMAnomalyDetector, KMeansAnomalyDetector,
47 | |     IsolationForestDetector, OneClassSVMDetector, LOFAnomalyDetector,
48 | |     AutoencoderAnomalyDetector,
49 | |     run_unsupervised_suite,
50 | | )
51 | | from uais.fusion.attention.dim_reduction import (
52 | |     DimReducer, NoOpReducer, PCAReducer, AutoencoderReducer,
53 | |     PCAReducerConfig, AEReducerConfig, make_reducer,
54 | | )
55 | | from uais.fusion.attention.leakage_guard import (
56 | |     check_train_test_contamination,
57 | |     check_label_overlap,
58 | |     assert_no_oversampling_in_test,
59 | |     assert_normal_only_training,
60 | |     flag_suspicious_metrics,
61 | |     PipelineGuard,
62 | |     assert_split_before_preprocess,
63 | | )
64 | | from uais.fusion.attention.cv_evaluator import (
65 | |     BaselineSpec, CVConfig,
66 | |     cross_validate_baselines,
67 | |     pairwise_delong_from_predictions,
68 | | )
69 | | from uais.fusion.attention.learned_gate import (
70 | |     LearnedReliabilityGate,
71 | |     LearnedGateConfig,
72 | | )
73 | | from uais.fusion.attention.meta_router import (
74 | |     RGAMetaRouter,
75 | |     fit_rga_meta_router,
76 | | )
77 | | from uais.fusion.attention.reliability_boosted_fusion import ReliabilityBoostedFusion
   | |_____________________________________________________________________________________^
78 |
79 |   __all__ = [
   |
help: Organize imports

UP035 [*] Import from `collections.abc` instead: `Sequence`
  --> src/uais/fusion/attention/adversarial_robustness.py:15:1
   |
14 | from enum import Enum
15 | from typing import Dict, List, Optional, Sequence, Tuple
   | ^^^^^^^^^^^^^^^^^^^^^^^^^^^^^^^^^^^^^^^^^^^^^^^^^^^^^^^^
16 |
17 | import numpy as np
   |
help: Import from `collections.abc`

UP035 `typing.Dict` is deprecated, use `dict` instead
  --> src/uais/fusion/attention/adversarial_robustness.py:15:1
   |
14 | from enum import Enum
15 | from typing import Dict, List, Optional, Sequence, Tuple
   | ^^^^^^^^^^^^^^^^^^^^^^^^^^^^^^^^^^^^^^^^^^^^^^^^^^^^^^^^
16 |
17 | import numpy as np
   |

UP035 `typing.List` is deprecated, use `list` instead
  --> src/uais/fusion/attention/adversarial_robustness.py:15:1
   |
14 | from enum import Enum
15 | from typing import Dict, List, Optional, Sequence, Tuple
   | ^^^^^^^^^^^^^^^^^^^^^^^^^^^^^^^^^^^^^^^^^^^^^^^^^^^^^^^^
16 |
17 | import numpy as np
   |

UP035 `typing.Tuple` is deprecated, use `tuple` instead
  --> src/uais/fusion/attention/adversarial_robustness.py:15:1
   |
14 | from enum import Enum
15 | from typing import Dict, List, Optional, Sequence, Tuple
   | ^^^^^^^^^^^^^^^^^^^^^^^^^^^^^^^^^^^^^^^^^^^^^^^^^^^^^^^^
16 |
17 | import numpy as np
   |

UP006 Use `list` instead of `List` for type annotation
  --> src/uais/fusion/attention/adversarial_robustness.py:45:23
   |
43 |     def __init__(
44 |         self,
45 |         domain_order: List[str],
   |                       ^^^^
46 |         score_index: int,
47 |         random_seed: int = 42,
   |
help: Replace with `list`

UP045 Use `X | None` for type annotations
  --> src/uais/fusion/attention/adversarial_robustness.py:53:46
   |
51 |         self.rng = np.random.default_rng(random_seed)
52 |
53 |     def _domain_indices(self, target_domain: Optional[str]) -> List[int]:
   |                                              ^^^^^^^^^^^^^
54 |         if target_domain is None:
55 |             return list(range(len(self.domain_order)))
   |
help: Convert to `X | None`

UP006 Use `list` instead of `List` for type annotation
  --> src/uais/fusion/attention/adversarial_robustness.py:53:64
   |
51 |         self.rng = np.random.default_rng(random_seed)
52 |
53 |     def _domain_indices(self, target_domain: Optional[str]) -> List[int]:
   |                                                                ^^^^
54 |         if target_domain is None:
55 |             return list(range(len(self.domain_order)))
   |
help: Replace with `list`

UP045 Use `X | None` for type annotations
  --> src/uais/fusion/attention/adversarial_robustness.py:65:24
   |
63 |         masks: np.ndarray,
64 |         attack_type: AdversarialAttackType,
65 |         target_domain: Optional[str] = None,
   |                        ^^^^^^^^^^^^^
66 |         sigma: float = 0.1,
67 |         eps: float = 0.1,
   |
help: Convert to `X | None`

UP045 Use `X | None` for type annotations
  --> src/uais/fusion/attention/adversarial_robustness.py:68:25
   |
66 |         sigma: float = 0.1,
67 |         eps: float = 0.1,
68 |         reference_mean: Optional[np.ndarray] = None,
   |                         ^^^^^^^^^^^^^^^^^^^^
69 |     ) -> Tuple[np.ndarray, np.ndarray]:
70 |         """Apply a structured attack to domain scores.
   |
help: Convert to `X | None`

UP006 Use `tuple` instead of `Tuple` for type annotation
  --> src/uais/fusion/attention/adversarial_robustness.py:69:10
   |
67 |         eps: float = 0.1,
68 |         reference_mean: Optional[np.ndarray] = None,
69 |     ) -> Tuple[np.ndarray, np.ndarray]:
   |          ^^^^^
70 |         """Apply a structured attack to domain scores.
   |
help: Replace with `tuple`

UP006 Use `list` instead of `List` for type annotation
   --> src/uais/fusion/attention/adversarial_robustness.py:120:23
    |
118 |         masks: np.ndarray,
119 |         target_domain: str,
120 |         noise_levels: List[float],
    |                       ^^^^
121 |         drift_type: str = "gaussian",
122 |         shift_amount: float = 0.1,
    |
help: Replace with `list`

UP006 Use `dict` instead of `Dict` for type annotation
   --> src/uais/fusion/attention/adversarial_robustness.py:124:10
    |
122 |         shift_amount: float = 0.1,
123 |         scale_factor: float = 1.2,
124 |     ) -> Dict[float, np.ndarray]:
    |          ^^^^
125 |         """Sweep domain scores across a range of drift intensities.
    |
help: Replace with `dict`

UP006 Use `dict` instead of `Dict` for type annotation
   --> src/uais/fusion/attention/adversarial_robustness.py:138:17
    |
136 |         """
137 |         d = self.domain_order.index(target_domain)
138 |         result: Dict[float, np.ndarray] = {}
    |                 ^^^^
139 |
140 |         for level in noise_levels:
    |
help: Replace with `dict`

UP006 Use `list` instead of `List` for type annotation
   --> src/uais/fusion/attention/adversarial_robustness.py:175:23
    |
173 |         features: np.ndarray,
174 |         masks: np.ndarray,
175 |         sigma_values: List[float],
    |                       ^^^^
176 |         target_domain: Optional[str] = None,
177 |     ) -> Dict[float, Tuple[np.ndarray, np.ndarray]]:
    |
help: Replace with `list`

UP045 Use `X | None` for type annotations
   --> src/uais/fusion/attention/adversarial_robustness.py:176:24
    |
174 |         masks: np.ndarray,
175 |         sigma_values: List[float],
176 |         target_domain: Optional[str] = None,
    |                        ^^^^^^^^^^^^^
177 |     ) -> Dict[float, Tuple[np.ndarray, np.ndarray]]:
178 |         """Convenience wrapper: apply GAUSSIAN_NOISE at multiple sigma levels."""
    |
help: Convert to `X | None`

UP006 Use `dict` instead of `Dict` for type annotation
   --> src/uais/fusion/attention/adversarial_robustness.py:177:10
    |
175 |         sigma_values: List[float],
176 |         target_domain: Optional[str] = None,
177 |     ) -> Dict[float, Tuple[np.ndarray, np.ndarray]]:
    |          ^^^^
178 |         """Convenience wrapper: apply GAUSSIAN_NOISE at multiple sigma levels."""
179 |         return {
    |
help: Replace with `dict`

UP006 Use `tuple` instead of `Tuple` for type annotation
   --> src/uais/fusion/attention/adversarial_robustness.py:177:22
    |
175 |         sigma_values: List[float],
176 |         target_domain: Optional[str] = None,
177 |     ) -> Dict[float, Tuple[np.ndarray, np.ndarray]]:
    |                      ^^^^^
178 |         """Convenience wrapper: apply GAUSSIAN_NOISE at multiple sigma levels."""
179 |         return {
    |
help: Replace with `tuple`

UP006 Use `tuple` instead of `Tuple` for type annotation
   --> src/uais/fusion/attention/adversarial_robustness.py:198:10
    |
196 |         n_steps: int = 10,
197 |         device=None,
198 |     ) -> Tuple[np.ndarray, np.ndarray]:
    |          ^^^^^
199 |         """Gradient-aligned PGD attack over a subset of domains.
    |
help: Replace with `tuple`

I001 [*] Import block is un-sorted or un-formatted
  --> src/uais/fusion/attention/attention_utils.py:3:1
   |
 1 |   """Utility helpers for attention fusion data handling."""
 2 |
 3 | / from __future__ import annotations
 4 | |
 5 | | from pathlib import Path
 6 | | from typing import Iterable, List, Sequence, Tuple
 7 | | import hashlib
 8 | | import warnings
 9 | |
10 | | import numpy as np
11 | | import pandas as pd
12 | | import torch
13 | | from torch.utils.data import Dataset
14 | | from sklearn import metrics
   | |___________________________^
   |
help: Organize imports

UP035 [*] Import from `collections.abc` instead: `Iterable`, `Sequence`
 --> src/uais/fusion/attention/attention_utils.py:6:1
  |
5 | from pathlib import Path
6 | from typing import Iterable, List, Sequence, Tuple
  | ^^^^^^^^^^^^^^^^^^^^^^^^^^^^^^^^^^^^^^^^^^^^^^^^^^
7 | import hashlib
8 | import warnings
  |
help: Import from `collections.abc`

UP035 `typing.List` is deprecated, use `list` instead
 --> src/uais/fusion/attention/attention_utils.py:6:1
  |
5 | from pathlib import Path
6 | from typing import Iterable, List, Sequence, Tuple
  | ^^^^^^^^^^^^^^^^^^^^^^^^^^^^^^^^^^^^^^^^^^^^^^^^^^
7 | import hashlib
8 | import warnings
  |

UP035 `typing.Tuple` is deprecated, use `tuple` instead
 --> src/uais/fusion/attention/attention_utils.py:6:1
  |
5 | from pathlib import Path
6 | from typing import Iterable, List, Sequence, Tuple
  | ^^^^^^^^^^^^^^^^^^^^^^^^^^^^^^^^^^^^^^^^^^^^^^^^^^
7 | import hashlib
8 | import warnings
  |

F401 [*] `typing.Iterable` imported but unused
 --> src/uais/fusion/attention/attention_utils.py:6:20
  |
5 | from pathlib import Path
6 | from typing import Iterable, List, Sequence, Tuple
  |                    ^^^^^^^^
7 | import hashlib
8 | import warnings
  |
help: Remove unused import: `typing.Iterable`

UP006 Use `list` instead of `List` for type annotation
  --> src/uais/fusion/attention/attention_utils.py:33:6
   |
31 |     feature_columns: Sequence[str] | None = None,
32 |     include_confidence: bool = True,
33 | ) -> List[str]:
   |      ^^^^
34 |     if feature_columns:
35 |         return list(feature_columns)
   |
help: Replace with `list`

B028 No explicit `stacklevel` keyword argument found
  --> src/uais/fusion/attention/attention_utils.py:85:9
   |
83 |     score_oob = int(((score_vals < 0) | (score_vals > 1)).sum())
84 |     if score_oob:
85 |         warnings.warn(f"{score_oob} '{score_column}' values outside [0, 1].", RuntimeWarning)
   |         ^^^^^^^^^^^^^
86 |
87 |     confidence_oob = 0
   |
help: Set `stacklevel=2`

B028 No explicit `stacklevel` keyword argument found
  --> src/uais/fusion/attention/attention_utils.py:92:13
   |
90 |         confidence_oob = int(((conf_vals < 0) | (conf_vals > 1)).sum())
91 |         if confidence_oob:
92 |             warnings.warn(f"{confidence_oob} '{confidence_column}' values outside [0, 1].", RuntimeWarning)
   |             ^^^^^^^^^^^^^
93 |
94 |     stats = {
   |
help: Set `stacklevel=2`

UP006 Use `tuple` instead of `Tuple` for type annotation
   --> src/uais/fusion/attention/attention_utils.py:211:6
    |
209 |     label_column: str | None = "label",
210 |     timestamp_column: str | None = None,
211 | ) -> Tuple[pd.DataFrame, dict]:
    |      ^^^^^
212 |     required = {id_column, domain_column, *feature_columns}
213 |     if timestamp_column:
    |
help: Replace with `tuple`

C420 [*] Unnecessary dict comprehension for iterable; use `dict.fromkeys` instead
   --> src/uais/fusion/attention/attention_utils.py:237:15
    |
235 |     dupes = df_clean.duplicated(subset=dup_cols).any()
236 |     if dupes:
237 |         agg = {col: "mean" for col in feature_columns}
    |               ^^^^^^^^^^^^^^^^^^^^^^^^^^^^^^^^^^^^^^^^
238 |         if label_column and label_column in df_clean.columns:
239 |             agg[label_column] = "max"
    |
help: Replace with `dict.fromkeys(iterable)`)

UP006 Use `tuple` instead of `Tuple` for type annotation
   --> src/uais/fusion/attention/attention_utils.py:270:6
    |
268 |     feature_columns: Sequence[str] | None = None,
269 |     validate_schema: bool = True,
270 | ) -> Tuple[np.ndarray, np.ndarray, np.ndarray | None, List[str], List[str]]:
    |      ^^^^^
271 |     if id_column not in df.columns:
272 |         raise ValueError(f"Missing id column: {id_column}")
    |
help: Replace with `tuple`

UP006 Use `list` instead of `List` for type annotation
   --> src/uais/fusion/attention/attention_utils.py:270:55
    |
268 |     feature_columns: Sequence[str] | None = None,
269 |     validate_schema: bool = True,
270 | ) -> Tuple[np.ndarray, np.ndarray, np.ndarray | None, List[str], List[str]]:
    |                                                       ^^^^
271 |     if id_column not in df.columns:
272 |         raise ValueError(f"Missing id column: {id_column}")
    |
help: Replace with `list`

UP006 Use `list` instead of `List` for type annotation
   --> src/uais/fusion/attention/attention_utils.py:270:66
    |
268 |     feature_columns: Sequence[str] | None = None,
269 |     validate_schema: bool = True,
270 | ) -> Tuple[np.ndarray, np.ndarray, np.ndarray | None, List[str], List[str]]:
    |                                                                  ^^^^
271 |     if id_column not in df.columns:
272 |         raise ValueError(f"Missing id column: {id_column}")
    |
help: Replace with `list`

I001 [*] Import block is un-sorted or un-formatted
  --> src/uais/fusion/attention/baselines.py:22:1
   |
20 |   """
21 |
22 | / from __future__ import annotations
23 | |
24 | | from typing import Dict, List, Optional
25 | |
26 | | import numpy as np
27 | | import torch
28 | | import torch.nn as nn
29 | | from sklearn.ensemble import RandomForestClassifier
30 | | from sklearn.linear_model import LogisticRegression
31 | | from sklearn.preprocessing import StandardScaler
32 | |
33 | | from uais.utils.metrics import classification_metrics, select_decision_threshold
   | |________________________________________________________________________________^
   |
help: Organize imports

UP035 `typing.Dict` is deprecated, use `dict` instead
  --> src/uais/fusion/attention/baselines.py:24:1
   |
22 | from __future__ import annotations
23 |
24 | from typing import Dict, List, Optional
   | ^^^^^^^^^^^^^^^^^^^^^^^^^^^^^^^^^^^^^^^
25 |
26 | import numpy as np
   |

UP035 `typing.List` is deprecated, use `list` instead
  --> src/uais/fusion/attention/baselines.py:24:1
   |
22 | from __future__ import annotations
23 |
24 | from typing import Dict, List, Optional
   | ^^^^^^^^^^^^^^^^^^^^^^^^^^^^^^^^^^^^^^^
25 |
26 | import numpy as np
   |

UP006 Use `list` instead of `List` for type annotation
  --> src/uais/fusion/attention/baselines.py:60:53
   |
59 | class _MLPNet(nn.Module):
60 |     def __init__(self, input_dim: int, hidden_dims: List[int], dropout: float = 0.3) -> None:
   |                                                     ^^^^
61 |         super().__init__()
62 |         layers: List[nn.Module] = [nn.BatchNorm1d(input_dim)]
   |
help: Replace with `list`

UP006 Use `list` instead of `List` for type annotation
  --> src/uais/fusion/attention/baselines.py:62:17
   |
60 |     def __init__(self, input_dim: int, hidden_dims: List[int], dropout: float = 0.3) -> None:
61 |         super().__init__()
62 |         layers: List[nn.Module] = [nn.BatchNorm1d(input_dim)]
   |                 ^^^^
63 |         in_dim = input_dim
64 |         for h in hidden_dims:
   |
help: Replace with `list`

UP006 Use `list` instead of `List` for type annotation
  --> src/uais/fusion/attention/baselines.py:83:22
   |
81 |     def __init__(
82 |         self,
83 |         hidden_dims: List[int] = (128, 64),
   |                      ^^^^
84 |         dropout: float = 0.3,
85 |         lr: float = 1e-3,
   |
help: Replace with `list`

UP045 Use `X | None` for type annotations
  --> src/uais/fusion/attention/baselines.py:90:17
   |
88 |         patience: int = 8,
89 |         batch_size: int = 128,
90 |         device: Optional[torch.device] = None,
   |                 ^^^^^^^^^^^^^^^^^^^^^^
91 |         random_seed: int = 42,
92 |     ) -> None:
   |
help: Convert to `X | None`

UP045 Use `X | None` for type annotations
   --> src/uais/fusion/attention/baselines.py:102:22
    |
100 |         self.device = device or torch.device("cpu")
101 |         self.random_seed = random_seed
102 |         self._model: Optional[_MLPNet] = None
    |                      ^^^^^^^^^^^^^^^^^
103 |         self._scaler = StandardScaler()
    |
help: Convert to `X | None`

UP045 Use `X | None` for type annotations
   --> src/uais/fusion/attention/baselines.py:110:23
    |
108 |         masks: np.ndarray,
109 |         labels: np.ndarray,
110 |         val_features: Optional[np.ndarray] = None,
    |                       ^^^^^^^^^^^^^^^^^^^^
111 |         val_masks: Optional[np.ndarray] = None,
112 |         val_labels: Optional[np.ndarray] = None,
    |
help: Convert to `X | None`

UP045 Use `X | None` for type annotations
   --> src/uais/fusion/attention/baselines.py:111:20
    |
109 |         labels: np.ndarray,
110 |         val_features: Optional[np.ndarray] = None,
111 |         val_masks: Optional[np.ndarray] = None,
    |                    ^^^^^^^^^^^^^^^^^^^^
112 |         val_labels: Optional[np.ndarray] = None,
113 |     ) -> "EarlyFusionMLP":
    |
help: Convert to `X | None`

UP045 Use `X | None` for type annotations
   --> src/uais/fusion/attention/baselines.py:112:21
    |
110 |         val_features: Optional[np.ndarray] = None,
111 |         val_masks: Optional[np.ndarray] = None,
112 |         val_labels: Optional[np.ndarray] = None,
    |                     ^^^^^^^^^^^^^^^^^^^^
113 |     ) -> "EarlyFusionMLP":
114 |         torch.manual_seed(self.random_seed)
    |
help: Convert to `X | None`

UP037 [*] Remove quotes from type annotation
   --> src/uais/fusion/attention/baselines.py:113:10
    |
111 |         val_masks: Optional[np.ndarray] = None,
112 |         val_labels: Optional[np.ndarray] = None,
113 |     ) -> "EarlyFusionMLP":
    |          ^^^^^^^^^^^^^^^^
114 |         torch.manual_seed(self.random_seed)
115 |         np.random.seed(self.random_seed)
    |
help: Remove quotes

UP006 Use `dict` instead of `Dict` for type annotation
   --> src/uais/fusion/attention/baselines.py:208:30
    |
206 |         self.meta_C = meta_C
207 |         self.random_seed = random_seed
208 |         self._domain_models: Dict[int, LogisticRegression] = {}
    |                              ^^^^
209 |         self._domain_scalers: Dict[int, StandardScaler] = {}
210 |         self._meta: Optional[LogisticRegression] = None
    |
help: Replace with `dict`

UP006 Use `dict` instead of `Dict` for type annotation
   --> src/uais/fusion/attention/baselines.py:209:31
    |
207 |         self.random_seed = random_seed
208 |         self._domain_models: Dict[int, LogisticRegression] = {}
209 |         self._domain_scalers: Dict[int, StandardScaler] = {}
    |                               ^^^^
210 |         self._meta: Optional[LogisticRegression] = None
211 |         self._n_domains: int = 0
    |
help: Replace with `dict`

UP045 Use `X | None` for type annotations
   --> src/uais/fusion/attention/baselines.py:210:21
    |
208 |         self._domain_models: Dict[int, LogisticRegression] = {}
209 |         self._domain_scalers: Dict[int, StandardScaler] = {}
210 |         self._meta: Optional[LogisticRegression] = None
    |                     ^^^^^^^^^^^^^^^^^^^^^^^^^^^^
211 |         self._n_domains: int = 0
    |
help: Convert to `X | None`

UP037 [*] Remove quotes from type annotation
   --> src/uais/fusion/attention/baselines.py:218:10
    |
216 |         masks: np.ndarray,
217 |         labels: np.ndarray,
218 |     ) -> "LateFusionEnsemble":
    |          ^^^^^^^^^^^^^^^^^^^^
219 |         n, d, f = features.shape
220 |         self._n_domains = d
    |
help: Remove quotes

UP037 [*] Remove quotes from type annotation
   --> src/uais/fusion/attention/baselines.py:305:83
    |
303 |         self._scaler = StandardScaler()
304 |
305 |     def fit(self, features: np.ndarray, masks: np.ndarray, labels: np.ndarray) -> "RandomForestFusion":
    |                                                                                   ^^^^^^^^^^^^^^^^^^^^
306 |         X = self._scaler.fit_transform(_flatten_with_mask(features, masks))
307 |         self.rf.fit(X, labels)
    |
help: Remove quotes

UP037 [*] Remove quotes from type annotation
   --> src/uais/fusion/attention/baselines.py:346:83
    |
344 |         self.score_index = score_index
345 |
346 |     def fit(self, features: np.ndarray, masks: np.ndarray, labels: np.ndarray) -> "ConfidenceWeightedMean":
    |                                                                                   ^^^^^^^^^^^^^^^^^^^^^^^^
347 |         return self  # no-op
    |
help: Remove quotes

UP045 Use `X | None` for type annotations
   --> src/uais/fusion/attention/baselines.py:383:20
    |
381 |         self.l2_anchor = l2_anchor
382 |         self._scaler = StandardScaler()
383 |         self._clf: Optional[LogisticRegression] = None
    |                    ^^^^^^^^^^^^^^^^^^^^^^^^^^^^
384 |
385 |     def fit(self, features: np.ndarray, masks: np.ndarray, labels: np.ndarray):
    |
help: Convert to `X | None`

UP006 Use `dict` instead of `Dict` for type annotation
   --> src/uais/fusion/attention/baselines.py:646:6
    |
644 |     val_probs: np.ndarray,
645 |     strategy: str | None,
646 | ) -> Dict[str, float]:
    |      ^^^^
647 |     threshold = select_decision_threshold(val_labels, val_probs, strategy=strategy)
648 |     metrics = classification_metrics(test_labels, test_probs, threshold=threshold)
    |
help: Replace with `dict`

UP045 Use `X | None` for type annotations
   --> src/uais/fusion/attention/baselines.py:661:13
    |
659 |     test_idx: np.ndarray,
660 |     score_index: int = 0,
661 |     device: Optional[torch.device] = None,
    |             ^^^^^^^^^^^^^^^^^^^^^^
662 |     random_seed: int = 42,
663 |     baseline_epochs: Optional[int] = None,
    |
help: Convert to `X | None`

UP045 Use `X | None` for type annotations
   --> src/uais/fusion/attention/baselines.py:663:22
    |
661 |     device: Optional[torch.device] = None,
662 |     random_seed: int = 42,
663 |     baseline_epochs: Optional[int] = None,
    |                      ^^^^^^^^^^^^^
664 |     tta_steps: int = 25,
665 |     decision_threshold_strategy: str | None = "fixed_0p5",
    |
help: Convert to `X | None`

UP006 Use `dict` instead of `Dict` for type annotation
   --> src/uais/fusion/attention/baselines.py:667:6
    |
665 |     decision_threshold_strategy: str | None = "fixed_0p5",
666 |     return_predictions: bool = False,
667 | ) -> Dict[str, Dict] | tuple[Dict[str, Dict], Dict[str, Dict[str, np.ndarray]]]:
    |      ^^^^
668 |     """Fit all baselines and return classification metrics for each.
    |
help: Replace with `dict`

UP006 Use `dict` instead of `Dict` for type annotation
   --> src/uais/fusion/attention/baselines.py:667:16
    |
665 |     decision_threshold_strategy: str | None = "fixed_0p5",
666 |     return_predictions: bool = False,
667 | ) -> Dict[str, Dict] | tuple[Dict[str, Dict], Dict[str, Dict[str, np.ndarray]]]:
    |                ^^^^
668 |     """Fit all baselines and return classification metrics for each.
    |
help: Replace with `dict`

UP006 Use `dict` instead of `Dict` for type annotation
   --> src/uais/fusion/attention/baselines.py:667:30
    |
665 |     decision_threshold_strategy: str | None = "fixed_0p5",
666 |     return_predictions: bool = False,
667 | ) -> Dict[str, Dict] | tuple[Dict[str, Dict], Dict[str, Dict[str, np.ndarray]]]:
    |                              ^^^^
668 |     """Fit all baselines and return classification metrics for each.
    |
help: Replace with `dict`

UP006 Use `dict` instead of `Dict` for type annotation
   --> src/uais/fusion/attention/baselines.py:667:40
    |
665 |     decision_threshold_strategy: str | None = "fixed_0p5",
666 |     return_predictions: bool = False,
667 | ) -> Dict[str, Dict] | tuple[Dict[str, Dict], Dict[str, Dict[str, np.ndarray]]]:
    |                                        ^^^^
668 |     """Fit all baselines and return classification metrics for each.
    |
help: Replace with `dict`

UP006 Use `dict` instead of `Dict` for type annotation
   --> src/uais/fusion/attention/baselines.py:667:47
    |
665 |     decision_threshold_strategy: str | None = "fixed_0p5",
666 |     return_predictions: bool = False,
667 | ) -> Dict[str, Dict] | tuple[Dict[str, Dict], Dict[str, Dict[str, np.ndarray]]]:
    |                                               ^^^^
668 |     """Fit all baselines and return classification metrics for each.
    |
help: Replace with `dict`

UP006 Use `dict` instead of `Dict` for type annotation
   --> src/uais/fusion/attention/baselines.py:667:57
    |
665 |     decision_threshold_strategy: str | None = "fixed_0p5",
666 |     return_predictions: bool = False,
667 | ) -> Dict[str, Dict] | tuple[Dict[str, Dict], Dict[str, Dict[str, np.ndarray]]]:
    |                                                         ^^^^
668 |     """Fit all baselines and return classification metrics for each.
    |
help: Replace with `dict`

UP006 Use `dict` instead of `Dict` for type annotation
   --> src/uais/fusion/attention/baselines.py:679:14
    |
677 |     test_feat, test_mask, test_labels = features[test_idx], masks[test_idx], labels[test_idx]
678 |
679 |     results: Dict[str, Dict] = {}
    |              ^^^^
680 |     predictions: Dict[str, Dict[str, np.ndarray]] = {}
    |
help: Replace with `dict`

UP006 Use `dict` instead of `Dict` for type annotation
   --> src/uais/fusion/attention/baselines.py:679:24
    |
677 |     test_feat, test_mask, test_labels = features[test_idx], masks[test_idx], labels[test_idx]
678 |
679 |     results: Dict[str, Dict] = {}
    |                        ^^^^
680 |     predictions: Dict[str, Dict[str, np.ndarray]] = {}
    |
help: Replace with `dict`

UP006 Use `dict` instead of `Dict` for type annotation
   --> src/uais/fusion/attention/baselines.py:680:18
    |
679 |     results: Dict[str, Dict] = {}
680 |     predictions: Dict[str, Dict[str, np.ndarray]] = {}
    |                  ^^^^
681 |
682 |     mlp_kwargs = {"device": device, "random_seed": random_seed}
    |
help: Replace with `dict`

UP006 Use `dict` instead of `Dict` for type annotation
   --> src/uais/fusion/attention/baselines.py:680:28
    |
679 |     results: Dict[str, Dict] = {}
680 |     predictions: Dict[str, Dict[str, np.ndarray]] = {}
    |                            ^^^^
681 |
682 |     mlp_kwargs = {"device": device, "random_seed": random_seed}
    |
help: Replace with `dict`

UP035 `typing.List` is deprecated, use `list` instead
  --> src/uais/fusion/attention/causal_attribution.py:45:1
   |
43 | import math
44 | from dataclasses import dataclass
45 | from typing import List
   | ^^^^^^^^^^^^^^^^^^^^^^^
46 |
47 | import numpy as np
   |

UP006 Use `list` instead of `List` for type annotation
   --> src/uais/fusion/attention/causal_attribution.py:233:19
    |
231 |     reliability_weights: np.ndarray,
232 |     predictions: np.ndarray,
233 |     domain_order: List[str],
    |                   ^^^^
234 |     *,
235 |     score_index: int = 0,
    |
help: Replace with `list`

UP006 Use `list` instead of `List` for type annotation
   --> src/uais/fusion/attention/causal_attribution.py:418:19
    |
416 |     predict_fn,
417 |     reliability_weights: np.ndarray,
418 |     domain_order: List[str],
    |                   ^^^^
419 |     *,
420 |     n_bootstrap: int = 200,
    |
help: Replace with `list`

F401 [*] `dataclasses.field` imported but unused
  --> src/uais/fusion/attention/counterfactual_explainer.py:21:36
   |
20 | import math
21 | from dataclasses import dataclass, field
   |                                    ^^^^^
22 | from typing import Any, Dict, List, Optional, Tuple
   |
help: Remove unused import: `dataclasses.field`

UP035 `typing.Dict` is deprecated, use `dict` instead
  --> src/uais/fusion/attention/counterfactual_explainer.py:22:1
   |
20 | import math
21 | from dataclasses import dataclass, field
22 | from typing import Any, Dict, List, Optional, Tuple
   | ^^^^^^^^^^^^^^^^^^^^^^^^^^^^^^^^^^^^^^^^^^^^^^^^^^^
23 |
24 | import numpy as np
   |

UP035 `typing.List` is deprecated, use `list` instead
  --> src/uais/fusion/attention/counterfactual_explainer.py:22:1
   |
20 | import math
21 | from dataclasses import dataclass, field
22 | from typing import Any, Dict, List, Optional, Tuple
   | ^^^^^^^^^^^^^^^^^^^^^^^^^^^^^^^^^^^^^^^^^^^^^^^^^^^
23 |
24 | import numpy as np
   |

UP035 `typing.Tuple` is deprecated, use `tuple` instead
  --> src/uais/fusion/attention/counterfactual_explainer.py:22:1
   |
20 | import math
21 | from dataclasses import dataclass, field
22 | from typing import Any, Dict, List, Optional, Tuple
   | ^^^^^^^^^^^^^^^^^^^^^^^^^^^^^^^^^^^^^^^^^^^^^^^^^^^
23 |
24 | import numpy as np
   |

F401 [*] `typing.Tuple` imported but unused
  --> src/uais/fusion/attention/counterfactual_explainer.py:22:47
   |
20 | import math
21 | from dataclasses import dataclass, field
22 | from typing import Any, Dict, List, Optional, Tuple
   |                                               ^^^^^
23 |
24 | import numpy as np
   |
help: Remove unused import: `typing.Tuple`

UP006 Use `dict` instead of `Dict` for type annotation
  --> src/uais/fusion/attention/counterfactual_explainer.py:35:17
   |
33 |     sample_id: Any
34 |     p_baseline: float
35 |     cf_impacts: Dict[str, float]      # domain -> delta (positive = domain raised risk)
   |                 ^^^^
36 |     cf_impacts_pct: Dict[str, float]  # domain -> (delta / p_baseline) * 100
37 |     narrative: str                    # multi-line human-readable explanation
   |
help: Replace with `dict`

UP006 Use `dict` instead of `Dict` for type annotation
  --> src/uais/fusion/attention/counterfactual_explainer.py:36:21
   |
34 |     p_baseline: float
35 |     cf_impacts: Dict[str, float]      # domain -> delta (positive = domain raised risk)
36 |     cf_impacts_pct: Dict[str, float]  # domain -> (delta / p_baseline) * 100
   |                     ^^^^
37 |     narrative: str                    # multi-line human-readable explanation
   |
help: Replace with `dict`

UP006 Use `dict` instead of `Dict` for type annotation
  --> src/uais/fusion/attention/counterfactual_explainer.py:39:26
   |
37 |     narrative: str                    # multi-line human-readable explanation
38 |
39 |     def to_dict(self) -> Dict[str, Any]:
   |                          ^^^^
40 |         return {
41 |             "sample_id": self.sample_id,
   |
help: Replace with `dict`

UP006 Use `list` instead of `List` for type annotation
  --> src/uais/fusion/attention/counterfactual_explainer.py:60:23
   |
58 |         self,
59 |         model: AttentionFusionModel,
60 |         domain_order: List[str],
   |                       ^^^^
61 |         device: Optional[torch.device] = None,
62 |         reliability_estimator: Optional[ReliabilityEstimator] = None,
   |
help: Replace with `list`

UP045 Use `X | None` for type annotations
  --> src/uais/fusion/attention/counterfactual_explainer.py:61:17
   |
59 |         model: AttentionFusionModel,
60 |         domain_order: List[str],
61 |         device: Optional[torch.device] = None,
   |                 ^^^^^^^^^^^^^^^^^^^^^^
62 |         reliability_estimator: Optional[ReliabilityEstimator] = None,
63 |         use_craf_weights: bool = False,
   |
help: Convert to `X | None`

UP045 Use `X | None` for type annotations
  --> src/uais/fusion/attention/counterfactual_explainer.py:62:32
   |
60 |         domain_order: List[str],
61 |         device: Optional[torch.device] = None,
62 |         reliability_estimator: Optional[ReliabilityEstimator] = None,
   |                                ^^^^^^^^^^^^^^^^^^^^^^^^^^^^^^
63 |         use_craf_weights: bool = False,
64 |     ) -> None:
   |
help: Convert to `X | None`

UP045 Use `X | None` for type annotations
  --> src/uais/fusion/attention/counterfactual_explainer.py:80:21
   |
78 |         features: np.ndarray,
79 |         masks: np.ndarray,
80 |         sample_ids: Optional[List] = None,
   |                     ^^^^^^^^^^^^^^
81 |     ) -> List[CounterfactualResult]:
82 |         """Explain all samples in features.
   |
help: Convert to `X | None`

UP006 Use `list` instead of `List` for type annotation
  --> src/uais/fusion/attention/counterfactual_explainer.py:80:30
   |
78 |         features: np.ndarray,
79 |         masks: np.ndarray,
80 |         sample_ids: Optional[List] = None,
   |                              ^^^^
81 |     ) -> List[CounterfactualResult]:
82 |         """Explain all samples in features.
   |
help: Replace with `list`

UP006 Use `list` instead of `List` for type annotation
  --> src/uais/fusion/attention/counterfactual_explainer.py:81:10
   |
79 |         masks: np.ndarray,
80 |         sample_ids: Optional[List] = None,
81 |     ) -> List[CounterfactualResult]:
   |          ^^^^
82 |         """Explain all samples in features.
   |
help: Replace with `list`

UP045 Use `X | None` for type annotations
   --> src/uais/fusion/attention/counterfactual_explainer.py:99:21
    |
 97 |         features: np.ndarray,
 98 |         masks: np.ndarray,
 99 |         sample_ids: Optional[List] = None,
    |                     ^^^^^^^^^^^^^^
100 |         batch_size: int = 64,
101 |     ) -> List[CounterfactualResult]:
    |
help: Convert to `X | None`

UP006 Use `list` instead of `List` for type annotation
   --> src/uais/fusion/attention/counterfactual_explainer.py:99:30
    |
 97 |         features: np.ndarray,
 98 |         masks: np.ndarray,
 99 |         sample_ids: Optional[List] = None,
    |                              ^^^^
100 |         batch_size: int = 64,
101 |     ) -> List[CounterfactualResult]:
    |
help: Replace with `list`

UP006 Use `list` instead of `List` for type annotation
   --> src/uais/fusion/attention/counterfactual_explainer.py:101:10
    |
 99 |         sample_ids: Optional[List] = None,
100 |         batch_size: int = 64,
101 |     ) -> List[CounterfactualResult]:
    |          ^^^^
102 |         """Memory-efficient batched explanation."""
103 |         results: List[CounterfactualResult] = []
    |
help: Replace with `list`

UP006 Use `list` instead of `List` for type annotation
   --> src/uais/fusion/attention/counterfactual_explainer.py:103:18
    |
101 |     ) -> List[CounterfactualResult]:
102 |         """Memory-efficient batched explanation."""
103 |         results: List[CounterfactualResult] = []
    |                  ^^^^
104 |         n = features.shape[0]
105 |         ids = sample_ids if sample_ids is not None else list(range(n))
    |
help: Replace with `list`

UP006 Use `list` instead of `List` for type annotation
   --> src/uais/fusion/attention/counterfactual_explainer.py:116:21
    |
114 |     def correlation_with_shap(
115 |         self,
116 |         cf_results: List[CounterfactualResult],
    |                     ^^^^
117 |         shap_domain_importance: Dict[str, float],
118 |     ) -> float:
    |
help: Replace with `list`

UP006 Use `dict` instead of `Dict` for type annotation
   --> src/uais/fusion/attention/counterfactual_explainer.py:117:33
    |
115 |         self,
116 |         cf_results: List[CounterfactualResult],
117 |         shap_domain_importance: Dict[str, float],
    |                                 ^^^^
118 |     ) -> float:
119 |         """Spearman correlation between mean |CF_impact| and SHAP domain importance.
    |
help: Replace with `dict`

UP006 Use `list` instead of `List` for type annotation
   --> src/uais/fusion/attention/counterfactual_explainer.py:126:18
    |
124 |         from scipy.stats import spearmanr
125 |
126 |         domains: List[str] = []
    |                  ^^^^
127 |         mean_cf_values: List[float] = []
128 |         shap_values: List[float] = []
    |
help: Replace with `list`

UP006 Use `list` instead of `List` for type annotation
   --> src/uais/fusion/attention/counterfactual_explainer.py:127:25
    |
126 |         domains: List[str] = []
127 |         mean_cf_values: List[float] = []
    |                         ^^^^
128 |         shap_values: List[float] = []
129 |         for domain in self.domain_order:
    |
help: Replace with `list`

UP006 Use `list` instead of `List` for type annotation
   --> src/uais/fusion/attention/counterfactual_explainer.py:128:22
    |
126 |         domains: List[str] = []
127 |         mean_cf_values: List[float] = []
128 |         shap_values: List[float] = []
    |                      ^^^^
129 |         for domain in self.domain_order:
130 |             if domain not in shap_domain_importance:
    |
help: Replace with `list`

UP045 Use `X | None` for type annotations
   --> src/uais/fusion/attention/counterfactual_explainer.py:167:17
    |
165 |     ) -> CounterfactualResult:
166 |         # Compute CRAF weights if requested (using single-sample batch)
167 |         craf_w: Optional[np.ndarray] = None
    |                 ^^^^^^^^^^^^^^^^^^^^
168 |         if self.use_craf_weights and self.reliability_estimator is not None:
169 |             craf_w = self.reliability_estimator.compute_reliability_weights(
    |
help: Convert to `X | None`

UP006 Use `dict` instead of `Dict` for type annotation
   --> src/uais/fusion/attention/counterfactual_explainer.py:175:21
    |
173 |         p_baseline = self._forward_single(features_1d, masks_1d, craf_w)
174 |
175 |         cf_impacts: Dict[str, float] = {}
    |                     ^^^^
176 |         p_masked_per_domain: Dict[str, float] = {}
    |
help: Replace with `dict`

UP006 Use `dict` instead of `Dict` for type annotation
   --> src/uais/fusion/attention/counterfactual_explainer.py:176:30
    |
175 |         cf_impacts: Dict[str, float] = {}
176 |         p_masked_per_domain: Dict[str, float] = {}
    |                              ^^^^
177 |
178 |         for di, domain in enumerate(self.domain_order):
    |
help: Replace with `dict`

UP045 Use `X | None` for type annotations
   --> src/uais/fusion/attention/counterfactual_explainer.py:195:24
    |
194 |             # Recompute CRAF weights with domain masked
195 |             cf_craf_w: Optional[np.ndarray] = None
    |                        ^^^^^^^^^^^^^^^^^^^^
196 |             if self.use_craf_weights and self.reliability_estimator is not None:
197 |                 cf_craf_w = self.reliability_estimator.compute_reliability_weights(
    |
help: Convert to `X | None`

UP045 Use `X | None` for type annotations
   --> src/uais/fusion/attention/counterfactual_explainer.py:223:30
    |
221 |         features_1d: np.ndarray,             # [D, F]
222 |         masks_1d: np.ndarray,                 # [D] bool
223 |         reliability_weights: Optional[np.ndarray] = None,  # [D] float | None
    |                              ^^^^^^^^^^^^^^^^^^^^
224 |     ) -> float:
225 |         """Run one sample through the model, optionally injecting CRAF weights.
    |
help: Convert to `X | None`

UP006 Use `dict` instead of `Dict` for type annotation
   --> src/uais/fusion/attention/counterfactual_explainer.py:273:21
    |
271 |     def _build_narrative(
272 |         p_baseline: float,
273 |         cf_impacts: Dict[str, float],
    |                     ^^^^
274 |         p_masked: Dict[str, float],
275 |     ) -> str:
    |
help: Replace with `dict`

UP006 Use `dict` instead of `Dict` for type annotation
   --> src/uais/fusion/attention/counterfactual_explainer.py:274:19
    |
272 |         p_baseline: float,
273 |         cf_impacts: Dict[str, float],
274 |         p_masked: Dict[str, float],
    |                   ^^^^
275 |     ) -> str:
276 |         lines = []
    |
help: Replace with `dict`

I001 [*] Import block is un-sorted or un-formatted
  --> src/uais/fusion/attention/cross_modal_attention.py:3:1
   |
 1 |   """Cross-modal attention fusion modules."""
 2 |
 3 | / from __future__ import annotations
 4 | |
 5 | | from typing import Tuple
 6 | | import math
 7 | |
 8 | | import torch
 9 | | from torch import nn
10 | |
11 | | from uais.fusion.attention.confidence_estimator import DomainConfidenceEstimator
12 | | from uais.fusion.attention.domain_encoders import DomainEncoder
   | |_______________________________________________________________^
   |
help: Organize imports

UP035 `typing.Tuple` is deprecated, use `tuple` instead
 --> src/uais/fusion/attention/cross_modal_attention.py:5:1
  |
3 | from __future__ import annotations
4 |
5 | from typing import Tuple
  | ^^^^^^^^^^^^^^^^^^^^^^^^
6 | import math
  |

UP006 Use `tuple` instead of `Tuple` for type annotation
   --> src/uais/fusion/attention/cross_modal_attention.py:116:10
    |
114 |         position_ids: torch.Tensor | None = None,
115 |         confidence_weights: torch.Tensor | None = None,
116 |     ) -> Tuple[torch.Tensor, torch.Tensor | None]:
    |          ^^^^^
117 |         if domain_embeddings.shape[1] != self.num_domains:
118 |             raise ValueError("domain_embeddings must have shape [batch, num_domains, embed_dim]")
    |
help: Replace with `tuple`

F401 [*] `json` imported but unused
  --> src/uais/fusion/attention/cv_evaluator.py:19:8
   |
17 | from __future__ import annotations
18 |
19 | import json
   |        ^^^^
20 | import logging
21 | from dataclasses import dataclass, field
   |
help: Remove unused import: `json`

UP035 `typing.Dict` is deprecated, use `dict` instead
  --> src/uais/fusion/attention/cv_evaluator.py:22:1
   |
20 | import logging
21 | from dataclasses import dataclass, field
22 | from typing import Any, Callable, Dict, List, Optional, Tuple
   | ^^^^^^^^^^^^^^^^^^^^^^^^^^^^^^^^^^^^^^^^^^^^^^^^^^^^^^^^^^^^^
23 |
24 | import numpy as np
   |

UP035 `typing.List` is deprecated, use `list` instead
  --> src/uais/fusion/attention/cv_evaluator.py:22:1
   |
20 | import logging
21 | from dataclasses import dataclass, field
22 | from typing import Any, Callable, Dict, List, Optional, Tuple
   | ^^^^^^^^^^^^^^^^^^^^^^^^^^^^^^^^^^^^^^^^^^^^^^^^^^^^^^^^^^^^^
23 |
24 | import numpy as np
   |

UP035 `typing.Tuple` is deprecated, use `tuple` instead
  --> src/uais/fusion/attention/cv_evaluator.py:22:1
   |
20 | import logging
21 | from dataclasses import dataclass, field
22 | from typing import Any, Callable, Dict, List, Optional, Tuple
   | ^^^^^^^^^^^^^^^^^^^^^^^^^^^^^^^^^^^^^^^^^^^^^^^^^^^^^^^^^^^^^
23 |
24 | import numpy as np
   |

UP006 Use `tuple` instead of `Tuple` for type annotation
   --> src/uais/fusion/attention/cv_evaluator.py:115:6
    |
113 |     test_idx: np.ndarray,
114 |     reducer: DimReducer,
115 | ) -> Tuple[np.ndarray, np.ndarray, Dict]:
    |      ^^^^^
116 |     """Fit a single model on the training fold (with DR fit on train only)
117 |     and return (test_labels, test_probs, hyperparameters)."""
    |
help: Replace with `tuple`

UP006 Use `dict` instead of `Dict` for type annotation
   --> src/uais/fusion/attention/cv_evaluator.py:115:36
    |
113 |     test_idx: np.ndarray,
114 |     reducer: DimReducer,
115 | ) -> Tuple[np.ndarray, np.ndarray, Dict]:
    |                                    ^^^^
116 |     """Fit a single model on the training fold (with DR fit on train only)
117 |     and return (test_labels, test_probs, hyperparameters)."""
    |
help: Replace with `dict`

UP006 Use `dict` instead of `Dict` for type annotation
   --> src/uais/fusion/attention/cv_evaluator.py:152:9
    |
150 |             probs = out
151 |
152 |     hp: Dict = {}
    |         ^^^^
153 |     if hasattr(model, "get_hyperparameters"):
154 |         try:
    |
help: Replace with `dict`

UP006 Use `dict` instead of `Dict` for type annotation
   --> src/uais/fusion/attention/cv_evaluator.py:178:21
    |
176 |     bootstrap_alpha: float = 0.05
177 |     reducer_name: str = "none"
178 |     reducer_kwargs: Dict = field(default_factory=dict)
    |                     ^^^^
179 |     leakage_warn_auc: float = 0.99
180 |     leakage_warn_f1: float = 0.99
    |
help: Replace with `dict`

UP006 Use `list` instead of `List` for type annotation
   --> src/uais/fusion/attention/cv_evaluator.py:187:12
    |
185 |     masks: np.ndarray,
186 |     labels: np.ndarray,
187 |     specs: List[BaselineSpec],
    |            ^^^^
188 |     config: Optional[CVConfig] = None,
189 | ) -> Dict[str, Any]:
    |
help: Replace with `list`

UP045 Use `X | None` for type annotations
   --> src/uais/fusion/attention/cv_evaluator.py:188:13
    |
186 |     labels: np.ndarray,
187 |     specs: List[BaselineSpec],
188 |     config: Optional[CVConfig] = None,
    |             ^^^^^^^^^^^^^^^^^^
189 | ) -> Dict[str, Any]:
190 |     """Run StratifiedKFold across all specs with a shared DR transform.
    |
help: Convert to `X | None`

UP006 Use `dict` instead of `Dict` for type annotation
   --> src/uais/fusion/attention/cv_evaluator.py:189:6
    |
187 |     specs: List[BaselineSpec],
188 |     config: Optional[CVConfig] = None,
189 | ) -> Dict[str, Any]:
    |      ^^^^
190 |     """Run StratifiedKFold across all specs with a shared DR transform.
    |
help: Replace with `dict`

UP006 Use `dict` instead of `Dict` for type annotation
   --> src/uais/fusion/attention/cv_evaluator.py:221:19
    |
220 |     # Per-baseline accumulators
221 |     per_baseline: Dict[str, Dict] = {
    |                   ^^^^
222 |         s.name: {
223 |             "per_fold": [], "hyperparameters": None,
    |
help: Replace with `dict`

UP006 Use `dict` instead of `Dict` for type annotation
   --> src/uais/fusion/attention/cv_evaluator.py:221:29
    |
220 |     # Per-baseline accumulators
221 |     per_baseline: Dict[str, Dict] = {
    |                             ^^^^
222 |         s.name: {
223 |             "per_fold": [], "hyperparameters": None,
    |
help: Replace with `dict`

UP006 Use `list` instead of `List` for type annotation
   --> src/uais/fusion/attention/cv_evaluator.py:229:28
    |
227 |         for s in specs
228 |     }
229 |     contamination_reports: List[Dict] = []
    |                            ^^^^
230 |     test_oversampling_status = "ok"
    |
help: Replace with `list`

UP006 Use `dict` instead of `Dict` for type annotation
   --> src/uais/fusion/attention/cv_evaluator.py:229:33
    |
227 |         for s in specs
228 |     }
229 |     contamination_reports: List[Dict] = []
    |                                 ^^^^
230 |     test_oversampling_status = "ok"
    |
help: Replace with `dict`

I001 [*] Import block is un-sorted or un-formatted
   --> src/uais/fusion/attention/cv_evaluator.py:279:5
    |
278 |     # Aggregate across folds + compute bootstrap CIs on pooled predictions
279 |     from sklearn.metrics import roc_auc_score, average_precision_score, f1_score
    |     ^^^^^^^^^^^^^^^^^^^^^^^^^^^^^^^^^^^^^^^^^^^^^^^^^^^^^^^^^^^^^^^^^^^^^^^^^^^^
280 |
281 |     pooled_predictions: Dict[str, Tuple[np.ndarray, np.ndarray]] = {}
    |
help: Organize imports

UP006 Use `dict` instead of `Dict` for type annotation
   --> src/uais/fusion/attention/cv_evaluator.py:281:25
    |
279 |     from sklearn.metrics import roc_auc_score, average_precision_score, f1_score
280 |
281 |     pooled_predictions: Dict[str, Tuple[np.ndarray, np.ndarray]] = {}
    |                         ^^^^
282 |     for name, data in per_baseline.items():
283 |         data["aggregate"] = aggregate_cv_metrics(data["per_fold"])
    |
help: Replace with `dict`

UP006 Use `tuple` instead of `Tuple` for type annotation
   --> src/uais/fusion/attention/cv_evaluator.py:281:35
    |
279 |     from sklearn.metrics import roc_auc_score, average_precision_score, f1_score
280 |
281 |     pooled_predictions: Dict[str, Tuple[np.ndarray, np.ndarray]] = {}
    |                                   ^^^^^
282 |     for name, data in per_baseline.items():
283 |         data["aggregate"] = aggregate_cv_metrics(data["per_fold"])
    |
help: Replace with `tuple`

UP006 Use `dict` instead of `Dict` for type annotation
   --> src/uais/fusion/attention/cv_evaluator.py:342:26
    |
341 | def pairwise_delong_from_predictions(
342 |     predictions_by_name: Dict[str, Tuple[np.ndarray, np.ndarray]],
    |                          ^^^^
343 | ) -> Dict[str, float]:
344 |     """Compute DeLong p-values for every pair of (y_true, y_prob) arrays.
    |
help: Replace with `dict`

UP006 Use `tuple` instead of `Tuple` for type annotation
   --> src/uais/fusion/attention/cv_evaluator.py:342:36
    |
341 | def pairwise_delong_from_predictions(
342 |     predictions_by_name: Dict[str, Tuple[np.ndarray, np.ndarray]],
    |                                    ^^^^^
343 | ) -> Dict[str, float]:
344 |     """Compute DeLong p-values for every pair of (y_true, y_prob) arrays.
    |
help: Replace with `tuple`

UP006 Use `dict` instead of `Dict` for type annotation
   --> src/uais/fusion/attention/cv_evaluator.py:343:6
    |
341 | def pairwise_delong_from_predictions(
342 |     predictions_by_name: Dict[str, Tuple[np.ndarray, np.ndarray]],
343 | ) -> Dict[str, float]:
    |      ^^^^
344 |     """Compute DeLong p-values for every pair of (y_true, y_prob) arrays.
    |
help: Replace with `dict`

UP006 Use `dict` instead of `Dict` for type annotation
   --> src/uais/fusion/attention/cv_evaluator.py:354:10
    |
352 |     if delong_roc_test is None:
353 |         return {}
354 |     out: Dict[str, float] = {}
    |          ^^^^
355 |     names = list(predictions_by_name.keys())
356 |     for i, a in enumerate(names):
    |
help: Replace with `dict`

UP035 `typing.List` is deprecated, use `list` instead
  --> src/uais/fusion/attention/dim_reduction.py:18:1
   |
17 | from dataclasses import dataclass, field
18 | from typing import List, Optional
   | ^^^^^^^^^^^^^^^^^^^^^^^^^^^^^^^^^
19 |
20 | import numpy as np
   |

UP037 [*] Remove quotes from type annotation
  --> src/uais/fusion/attention/dim_reduction.py:30:37
   |
28 |     """Abstract DR transform.  Subclasses implement fit() and transform()."""
29 |
30 |     def fit(self, X: np.ndarray) -> "DimReducer":
   |                                     ^^^^^^^^^^^^
31 |         raise NotImplementedError
   |
help: Remove quotes

UP037 [*] Remove quotes from type annotation
  --> src/uais/fusion/attention/dim_reduction.py:43:37
   |
41 |     """Identity reducer — used as the baseline ('no DR applied')."""
42 |
43 |     def fit(self, X: np.ndarray) -> "NoOpReducer":
   |                                     ^^^^^^^^^^^^^
44 |         return self
   |
help: Remove quotes

UP045 Use `X | None` for type annotations
  --> src/uais/fusion/attention/dim_reduction.py:61:32
   |
59 |     """PCA wrapper with explicit train-fit / test-transform discipline."""
60 |
61 |     def __init__(self, config: Optional[PCAReducerConfig] = None) -> None:
   |                                ^^^^^^^^^^^^^^^^^^^^^^^^^^
62 |         self.config = config or PCAReducerConfig()
63 |         self._scaler = StandardScaler()
   |
help: Convert to `X | None`

UP045 Use `X | None` for type annotations
  --> src/uais/fusion/attention/dim_reduction.py:64:20
   |
62 |         self.config = config or PCAReducerConfig()
63 |         self._scaler = StandardScaler()
64 |         self._pca: Optional[PCA] = None
   |                    ^^^^^^^^^^^^^
65 |
66 |     def fit(self, X: np.ndarray) -> "PCAReducer":
   |
help: Convert to `X | None`

UP037 [*] Remove quotes from type annotation
  --> src/uais/fusion/attention/dim_reduction.py:66:37
   |
64 |         self._pca: Optional[PCA] = None
65 |
66 |     def fit(self, X: np.ndarray) -> "PCAReducer":
   |                                     ^^^^^^^^^^^^
67 |         X_s = self._scaler.fit_transform(X)
68 |         n = min(self.config.n_components, X_s.shape[1], max(1, X_s.shape[0] - 1))
   |
help: Remove quotes

UP006 Use `list` instead of `List` for type annotation
  --> src/uais/fusion/attention/dim_reduction.py:96:19
   |
94 |     rather than reconstruction error.
95 |     """
96 |     encoder_dims: List[int] = field(default_factory=lambda: [64, 32])
   |                   ^^^^
97 |     latent_dim: int = 16
98 |     activation: str = "ReLU"
   |
help: Replace with `list`

UP006 Use `list` instead of `List` for type annotation
   --> src/uais/fusion/attention/dim_reduction.py:111:17
    |
109 |         super().__init__()
110 |         act = getattr(nn, cfg.activation)
111 |         layers: List[nn.Module] = []
    |                 ^^^^
112 |         prev = input_dim
113 |         for h in cfg.encoder_dims:
    |
help: Replace with `list`

UP006 Use `list` instead of `List` for type annotation
   --> src/uais/fusion/attention/dim_reduction.py:127:17
    |
125 |         super().__init__()
126 |         act = getattr(nn, cfg.activation)
127 |         layers: List[nn.Module] = []
    |                 ^^^^
128 |         prev = cfg.latent_dim
129 |         for h in reversed(cfg.encoder_dims):
    |
help: Replace with `list`

UP045 Use `X | None` for type annotations
   --> src/uais/fusion/attention/dim_reduction.py:146:32
    |
144 |     """
145 |
146 |     def __init__(self, config: Optional[AEReducerConfig] = None,
    |                                ^^^^^^^^^^^^^^^^^^^^^^^^^
147 |                  device: Optional[torch.device] = None) -> None:
148 |         self.config = config or AEReducerConfig()
    |
help: Convert to `X | None`

UP045 Use `X | None` for type annotations
   --> src/uais/fusion/attention/dim_reduction.py:147:26
    |
146 |     def __init__(self, config: Optional[AEReducerConfig] = None,
147 |                  device: Optional[torch.device] = None) -> None:
    |                          ^^^^^^^^^^^^^^^^^^^^^^
148 |         self.config = config or AEReducerConfig()
149 |         self.device = device or torch.device("cpu")
    |
help: Convert to `X | None`

UP045 Use `X | None` for type annotations
   --> src/uais/fusion/attention/dim_reduction.py:151:24
    |
149 |         self.device = device or torch.device("cpu")
150 |         self._scaler = StandardScaler()
151 |         self._encoder: Optional[_Encoder] = None
    |                        ^^^^^^^^^^^^^^^^^^
152 |         self._decoder: Optional[_Decoder] = None
    |
help: Convert to `X | None`

UP045 Use `X | None` for type annotations
   --> src/uais/fusion/attention/dim_reduction.py:152:24
    |
150 |         self._scaler = StandardScaler()
151 |         self._encoder: Optional[_Encoder] = None
152 |         self._decoder: Optional[_Decoder] = None
    |                        ^^^^^^^^^^^^^^^^^^
153 |
154 |     def fit(self, X: np.ndarray) -> "AutoencoderReducer":
    |
help: Convert to `X | None`

UP037 [*] Remove quotes from type annotation
   --> src/uais/fusion/attention/dim_reduction.py:154:37
    |
152 |         self._decoder: Optional[_Decoder] = None
153 |
154 |     def fit(self, X: np.ndarray) -> "AutoencoderReducer":
    |                                     ^^^^^^^^^^^^^^^^^^^^
155 |         c = self.config
156 |         torch.manual_seed(c.random_state)
    |
help: Remove quotes

E702 Multiple statements on one line (semicolon)
   --> src/uais/fusion/attention/dim_reduction.py:173:34
    |
171 |         best_val, no_imp, best_state = float("inf"), 0, None
172 |         for _ in range(c.epochs):
173 |             self._encoder.train(); self._decoder.train()
    |                                  ^
174 |             perm = np.random.permutation(len(X_tr))
175 |             for start in range(0, len(X_tr), c.batch_size):
    |

E702 Multiple statements on one line (semicolon)
   --> src/uais/fusion/attention/dim_reduction.py:182:33
    |
180 |                 ((recon - xb) ** 2).mean().backward()
181 |                 opt.step()
182 |             self._encoder.eval(); self._decoder.eval()
    |                                 ^
183 |             with torch.no_grad():
184 |                 xv = torch.tensor(X_val, dtype=torch.float32, device=self.device)
    |

E702 Multiple statements on one line (semicolon)
   --> src/uais/fusion/attention/dim_reduction.py:200:29
    |
198 |             self._encoder.load_state_dict(best_state[0])
199 |             self._decoder.load_state_dict(best_state[1])
200 |         self._encoder.eval(); self._decoder.eval()
    |                             ^
201 |         return self
    |

UP035 `typing.Dict` is deprecated, use `dict` instead
 --> src/uais/fusion/attention/evaluate_attention_fusion.py:6:1
  |
5 | from pathlib import Path
6 | from typing import Dict
  | ^^^^^^^^^^^^^^^^^^^^^^^
7 |
8 | import numpy as np
  |

UP006 Use `dict` instead of `Dict` for type annotation
  --> src/uais/fusion/attention/evaluate_attention_fusion.py:34:67
   |
34 | def evaluate_attention_fusion(cfg_path: Path = DEFAULT_CONFIG) -> Dict[str, float]:
   |                                                                   ^^^^
35 |     cfg = load_yaml(cfg_path)
36 |     data_cfg = cfg.get("data", {})
   |
help: Replace with `dict`

I001 [*] Import block is un-sorted or un-formatted
  --> src/uais/fusion/attention/evaluate_attention_harness.py:3:1
   |
 1 |   """Evaluation harness for attention fusion ablations and robustness checks."""
 2 |
 3 | / from __future__ import annotations
 4 | |
 5 | | import json
 6 | | import resource
 7 | | import time
 8 | | from pathlib import Path
 9 | | from typing import Dict, List, Sequence, Tuple
10 | |
11 | | import numpy as np
12 | | import torch
13 | | from torch.utils.data import DataLoader
14 | | from sklearn.linear_model import LogisticRegression
15 | | from sklearn.preprocessing import StandardScaler
16 | | from sklearn.metrics import average_precision_score
17 | | from sklearn import metrics
18 | | from scipy import stats
19 | | from scipy.optimize import nnls
20 | |
21 | | from uais.fusion.attention.attention_utils import (
22 | |     FusionDataset,
23 | |     apply_domain_dropout,
24 | |     build_fusion_tensors,
25 | |     compute_domain_reliability,
26 | |     infer_feature_columns,
27 | |     load_fusion_dataframe,
28 | | )
29 | | from uais.fusion.attention.cross_modal_attention import AttentionFusionModel
30 | | from uais.fusion.attention.train_attention_fusion import attention_fusion_loss, set_seed
31 | | from uais.fusion.attention.reliability_estimator import ReliabilityEstimator
32 | | from uais.fusion.attention.counterfactual_explainer import CounterfactualDomainExplainer
33 | | from uais.utils.config_loader import load_yaml
34 | | from uais.utils.metrics import classification_metrics
35 | | from uais.utils.stats import bootstrap_ci, delong_roc_test
36 | | from uais.utils.paths import PROJECT_ROOT
   | |_________________________________________^
37 |
38 |   DEFAULT_CONFIG = Path("src/uais/fusion/attention/attention_config.yaml")
   |
help: Organize imports

UP035 [*] Import from `collections.abc` instead: `Sequence`
  --> src/uais/fusion/attention/evaluate_attention_harness.py:9:1
   |
 7 | import time
 8 | from pathlib import Path
 9 | from typing import Dict, List, Sequence, Tuple
   | ^^^^^^^^^^^^^^^^^^^^^^^^^^^^^^^^^^^^^^^^^^^^^^
10 |
11 | import numpy as np
   |
help: Import from `collections.abc`

UP035 `typing.Dict` is deprecated, use `dict` instead
  --> src/uais/fusion/attention/evaluate_attention_harness.py:9:1
   |
 7 | import time
 8 | from pathlib import Path
 9 | from typing import Dict, List, Sequence, Tuple
   | ^^^^^^^^^^^^^^^^^^^^^^^^^^^^^^^^^^^^^^^^^^^^^^
10 |
11 | import numpy as np
   |

UP035 `typing.List` is deprecated, use `list` instead
  --> src/uais/fusion/attention/evaluate_attention_harness.py:9:1
   |
 7 | import time
 8 | from pathlib import Path
 9 | from typing import Dict, List, Sequence, Tuple
   | ^^^^^^^^^^^^^^^^^^^^^^^^^^^^^^^^^^^^^^^^^^^^^^
10 |
11 | import numpy as np
   |

UP035 `typing.Tuple` is deprecated, use `tuple` instead
  --> src/uais/fusion/attention/evaluate_attention_harness.py:9:1
   |
 7 | import time
 8 | from pathlib import Path
 9 | from typing import Dict, List, Sequence, Tuple
   | ^^^^^^^^^^^^^^^^^^^^^^^^^^^^^^^^^^^^^^^^^^^^^^
10 |
11 | import numpy as np
   |

UP006 Use `dict` instead of `Dict` for type annotation
  --> src/uais/fusion/attention/evaluate_attention_harness.py:48:24
   |
48 | def _prepare_data(cfg: Dict, include_confidence: bool | None = None):
   |                        ^^^^
49 |     data_cfg = cfg.get("data", {})
50 |     model_cfg = cfg.get("model", {})
   |
help: Replace with `dict`

UP006 Use `dict` instead of `Dict` for type annotation
  --> src/uais/fusion/attention/evaluate_attention_harness.py:88:51
   |
88 | def _split_indices(labels: np.ndarray, train_cfg: Dict) -> tuple[np.ndarray, np.ndarray, np.ndarray]:
   |                                                   ^^^^
89 |     from sklearn.model_selection import train_test_split
   |
help: Replace with `dict`

UP006 Use `dict` instead of `Dict` for type annotation
   --> src/uais/fusion/attention/evaluate_attention_harness.py:109:16
    |
108 | def _build_model(
109 |     model_cfg: Dict,
    |                ^^^^
110 |     num_domains: int,
111 |     input_dim: int,
    |
help: Replace with `dict`

UP006 Use `tuple` instead of `Tuple` for type annotation
   --> src/uais/fusion/attention/evaluate_attention_harness.py:136:6
    |
134 |     device: torch.device,
135 |     return_attention: bool = False,
136 | ) -> Tuple[np.ndarray, np.ndarray, np.ndarray | None]:
    |      ^^^^^
137 |     model.eval()
138 |     all_probs = []
    |
help: Replace with `tuple`

UP006 Use `dict` instead of `Dict` for type annotation
   --> src/uais/fusion/attention/evaluate_attention_harness.py:167:95
    |
167 | def _evaluate_model(model: AttentionFusionModel, loader: DataLoader, device: torch.device) -> Dict[str, float]:
    |                                                                                               ^^^^
168 |     y_true, y_prob, _ = _collect_predictions(model, loader, device, return_attention=False)
169 |     return classification_metrics(y_true, y_prob, threshold=0.5)
    |
help: Replace with `dict`

UP006 Use `dict` instead of `Dict` for type annotation
   --> src/uais/fusion/attention/evaluate_attention_harness.py:173:10
    |
172 | def _train_model(
173 |     cfg: Dict,
    |          ^^^^
174 |     features: np.ndarray,
175 |     masks: np.ndarray,
    |
help: Replace with `dict`

UP006 Use `dict` instead of `Dict` for type annotation
   --> src/uais/fusion/attention/evaluate_attention_harness.py:179:34
    |
177 |     domain_order: Sequence[str],
178 |     confidence_index: int | None,
179 | ) -> tuple[AttentionFusionModel, Dict[str, float], Dict[str, float]]:
    |                                  ^^^^
180 |     train_cfg = cfg.get("training", {})
181 |     model_cfg = cfg.get("model", {})
    |
help: Replace with `dict`

UP006 Use `dict` instead of `Dict` for type annotation
   --> src/uais/fusion/attention/evaluate_attention_harness.py:179:52
    |
177 |     domain_order: Sequence[str],
178 |     confidence_index: int | None,
179 | ) -> tuple[AttentionFusionModel, Dict[str, float], Dict[str, float]]:
    |                                                    ^^^^
180 |     train_cfg = cfg.get("training", {})
181 |     model_cfg = cfg.get("model", {})
    |
help: Replace with `dict`

UP006 Use `dict` instead of `Dict` for type annotation
   --> src/uais/fusion/attention/evaluate_attention_harness.py:262:6
    |
260 |     drop_domains: Sequence[str],
261 |     drop_pairs: bool,
262 | ) -> Dict[str, Dict[str, Dict[str, float]]]:
    |      ^^^^
263 |     results: Dict[str, Dict[str, Dict[str, float]]] = {"random": {}, "drop_domain": {}, "drop_pair": {}}
264 |     for prob in drop_probs:
    |
help: Replace with `dict`

UP006 Use `dict` instead of `Dict` for type annotation
   --> src/uais/fusion/attention/evaluate_attention_harness.py:262:16
    |
260 |     drop_domains: Sequence[str],
261 |     drop_pairs: bool,
262 | ) -> Dict[str, Dict[str, Dict[str, float]]]:
    |                ^^^^
263 |     results: Dict[str, Dict[str, Dict[str, float]]] = {"random": {}, "drop_domain": {}, "drop_pair": {}}
264 |     for prob in drop_probs:
    |
help: Replace with `dict`

UP006 Use `dict` instead of `Dict` for type annotation
   --> src/uais/fusion/attention/evaluate_attention_harness.py:262:26
    |
260 |     drop_domains: Sequence[str],
261 |     drop_pairs: bool,
262 | ) -> Dict[str, Dict[str, Dict[str, float]]]:
    |                          ^^^^
263 |     results: Dict[str, Dict[str, Dict[str, float]]] = {"random": {}, "drop_domain": {}, "drop_pair": {}}
264 |     for prob in drop_probs:
    |
help: Replace with `dict`

UP006 Use `dict` instead of `Dict` for type annotation
   --> src/uais/fusion/attention/evaluate_attention_harness.py:263:14
    |
261 |     drop_pairs: bool,
262 | ) -> Dict[str, Dict[str, Dict[str, float]]]:
263 |     results: Dict[str, Dict[str, Dict[str, float]]] = {"random": {}, "drop_domain": {}, "drop_pair": {}}
    |              ^^^^
264 |     for prob in drop_probs:
265 |         new_masks = apply_domain_dropout(torch.as_tensor(masks), prob).cpu().numpy()
    |
help: Replace with `dict`

UP006 Use `dict` instead of `Dict` for type annotation
   --> src/uais/fusion/attention/evaluate_attention_harness.py:263:24
    |
261 |     drop_pairs: bool,
262 | ) -> Dict[str, Dict[str, Dict[str, float]]]:
263 |     results: Dict[str, Dict[str, Dict[str, float]]] = {"random": {}, "drop_domain": {}, "drop_pair": {}}
    |                        ^^^^
264 |     for prob in drop_probs:
265 |         new_masks = apply_domain_dropout(torch.as_tensor(masks), prob).cpu().numpy()
    |
help: Replace with `dict`

UP006 Use `dict` instead of `Dict` for type annotation
   --> src/uais/fusion/attention/evaluate_attention_harness.py:263:34
    |
261 |     drop_pairs: bool,
262 | ) -> Dict[str, Dict[str, Dict[str, float]]]:
263 |     results: Dict[str, Dict[str, Dict[str, float]]] = {"random": {}, "drop_domain": {}, "drop_pair": {}}
    |                                  ^^^^
264 |     for prob in drop_probs:
265 |         new_masks = apply_domain_dropout(torch.as_tensor(masks), prob).cpu().numpy()
    |
help: Replace with `dict`

UP006 Use `dict` instead of `Dict` for type annotation
   --> src/uais/fusion/attention/evaluate_attention_harness.py:303:6
    |
301 |     runs: int,
302 |     max_batches: int | None = None,
303 | ) -> Dict[str, float]:
    |      ^^^^
304 |     dataset = FusionDataset(features, masks, labels)
305 |     loader = DataLoader(dataset, batch_size=batch_size)
    |
help: Replace with `dict`

UP006 Use `tuple` instead of `Tuple` for type annotation
   --> src/uais/fusion/attention/evaluate_attention_harness.py:355:6
    |
353 |     batch_size: int,
354 |     device: torch.device,
355 | ) -> Tuple[np.ndarray, np.ndarray]:
    |      ^^^^^
356 |     """Collect predictions using CRAF reliability weights injected at fusion layer."""
357 |     model.eval()
    |
help: Replace with `tuple`

UP006 Use `list` instead of `List` for type annotation
   --> src/uais/fusion/attention/evaluate_attention_harness.py:358:16
    |
356 |     """Collect predictions using CRAF reliability weights injected at fusion layer."""
357 |     model.eval()
358 |     all_probs: List[np.ndarray] = []
    |                ^^^^
359 |     all_labels: List[np.ndarray] = []
    |
help: Replace with `list`

UP006 Use `list` instead of `List` for type annotation
   --> src/uais/fusion/attention/evaluate_attention_harness.py:359:17
    |
357 |     model.eval()
358 |     all_probs: List[np.ndarray] = []
359 |     all_labels: List[np.ndarray] = []
    |                 ^^^^
360 |
361 |     for start in range(0, len(labels_np), batch_size):
    |
help: Replace with `list`

UP006 Use `dict` instead of `Dict` for type annotation
   --> src/uais/fusion/attention/evaluate_attention_harness.py:430:6
    |
428 |     alpha: float,
429 |     seed: int,
430 | ) -> Dict[str, Dict[str, float]]:
    |      ^^^^
431 |     def _f1_metric(y_true_arr: np.ndarray, y_prob_arr: np.ndarray) -> float:
432 |         return classification_metrics(y_true_arr, y_prob_arr, threshold=0.5)["f1"]
    |
help: Replace with `dict`

UP006 Use `dict` instead of `Dict` for type annotation
   --> src/uais/fusion/attention/evaluate_attention_harness.py:430:16
    |
428 |     alpha: float,
429 |     seed: int,
430 | ) -> Dict[str, Dict[str, float]]:
    |                ^^^^
431 |     def _f1_metric(y_true_arr: np.ndarray, y_prob_arr: np.ndarray) -> float:
432 |         return classification_metrics(y_true_arr, y_prob_arr, threshold=0.5)["f1"]
    |
help: Replace with `dict`

UP006 Use `dict` instead of `Dict` for type annotation
   --> src/uais/fusion/attention/evaluate_attention_harness.py:463:6
    |
461 |     test_idx: np.ndarray,
462 |     domain_order: Sequence[str],
463 | ) -> Dict[str, Dict[str, np.ndarray]]:
    |      ^^^^
464 |     baselines: Dict[str, Dict[str, np.ndarray]] = {}
465 |     present = ~masks
    |
help: Replace with `dict`

UP006 Use `dict` instead of `Dict` for type annotation
   --> src/uais/fusion/attention/evaluate_attention_harness.py:463:16
    |
461 |     test_idx: np.ndarray,
462 |     domain_order: Sequence[str],
463 | ) -> Dict[str, Dict[str, np.ndarray]]:
    |                ^^^^
464 |     baselines: Dict[str, Dict[str, np.ndarray]] = {}
465 |     present = ~masks
    |
help: Replace with `dict`

UP006 Use `dict` instead of `Dict` for type annotation
   --> src/uais/fusion/attention/evaluate_attention_harness.py:464:16
    |
462 |     domain_order: Sequence[str],
463 | ) -> Dict[str, Dict[str, np.ndarray]]:
464 |     baselines: Dict[str, Dict[str, np.ndarray]] = {}
    |                ^^^^
465 |     present = ~masks
466 |     denom = present.sum(axis=1).clip(min=1)
    |
help: Replace with `dict`

UP006 Use `dict` instead of `Dict` for type annotation
   --> src/uais/fusion/attention/evaluate_attention_harness.py:464:26
    |
462 |     domain_order: Sequence[str],
463 | ) -> Dict[str, Dict[str, np.ndarray]]:
464 |     baselines: Dict[str, Dict[str, np.ndarray]] = {}
    |                          ^^^^
465 |     present = ~masks
466 |     denom = present.sum(axis=1).clip(min=1)
    |
help: Replace with `dict`

UP006 Use `dict` instead of `Dict` for type annotation
   --> src/uais/fusion/attention/evaluate_attention_harness.py:555:6
    |
553 |     batch_size: int,
554 |     device: torch.device,
555 | ) -> Dict[str, object]:
    |      ^^^^
556 |     if score_index is None:
557 |         return {}
    |
help: Replace with `dict`

UP006 Use `dict` instead of `Dict` for type annotation
   --> src/uais/fusion/attention/evaluate_attention_harness.py:561:22
    |
559 |     loader = DataLoader(dataset, batch_size=batch_size)
560 |     _, _, attn = _collect_predictions(model, loader, device, return_attention=True)
561 |     attention_means: Dict[str, float] = {}
    |                      ^^^^
562 |     for idx, domain in enumerate(domain_order):
563 |         present = ~masks[:, idx]
    |
help: Replace with `dict`

UP006 Use `dict` instead of `Dict` for type annotation
   --> src/uais/fusion/attention/evaluate_attention_harness.py:570:23
    |
569 |     reliabilities = compute_domain_reliability(features, masks, labels, domain_order, score_index)
570 |     confidence_means: Dict[str, float] = {}
    |                       ^^^^
571 |     if confidence_index is not None:
572 |         conf = features[:, :, confidence_index]
    |
help: Replace with `dict`

UP006 Use `dict` instead of `Dict` for type annotation
   --> src/uais/fusion/attention/evaluate_attention_harness.py:580:22
    |
578 |                 confidence_means[domain] = float(conf[present, idx].mean())
579 |
580 |     def _spearman(a: Dict[str, float], b: Dict[str, float]) -> float:
    |                      ^^^^
581 |         pairs = [
582 |             (a[key], b[key])
    |
help: Replace with `dict`

UP006 Use `dict` instead of `Dict` for type annotation
   --> src/uais/fusion/attention/evaluate_attention_harness.py:580:43
    |
578 |                 confidence_means[domain] = float(conf[present, idx].mean())
579 |
580 |     def _spearman(a: Dict[str, float], b: Dict[str, float]) -> float:
    |                                           ^^^^
581 |         pairs = [
582 |             (a[key], b[key])
    |
help: Replace with `dict`

UP006 Use `list` instead of `List` for type annotation
   --> src/uais/fusion/attention/evaluate_attention_harness.py:600:42
    |
600 | def _aggregate_metric_dict(metric_dicts: List[Dict[str, float]]) -> Dict[str, Dict[str, float]]:
    |                                          ^^^^
601 |     summary: Dict[str, Dict[str, float]] = {}
602 |     def _is_finite(value: float) -> bool:
    |
help: Replace with `list`

UP006 Use `dict` instead of `Dict` for type annotation
   --> src/uais/fusion/attention/evaluate_attention_harness.py:600:47
    |
600 | def _aggregate_metric_dict(metric_dicts: List[Dict[str, float]]) -> Dict[str, Dict[str, float]]:
    |                                               ^^^^
601 |     summary: Dict[str, Dict[str, float]] = {}
602 |     def _is_finite(value: float) -> bool:
    |
help: Replace with `dict`

UP006 Use `dict` instead of `Dict` for type annotation
   --> src/uais/fusion/attention/evaluate_attention_harness.py:600:69
    |
600 | def _aggregate_metric_dict(metric_dicts: List[Dict[str, float]]) -> Dict[str, Dict[str, float]]:
    |                                                                     ^^^^
601 |     summary: Dict[str, Dict[str, float]] = {}
602 |     def _is_finite(value: float) -> bool:
    |
help: Replace with `dict`

UP006 Use `dict` instead of `Dict` for type annotation
   --> src/uais/fusion/attention/evaluate_attention_harness.py:600:79
    |
600 | def _aggregate_metric_dict(metric_dicts: List[Dict[str, float]]) -> Dict[str, Dict[str, float]]:
    |                                                                               ^^^^
601 |     summary: Dict[str, Dict[str, float]] = {}
602 |     def _is_finite(value: float) -> bool:
    |
help: Replace with `dict`

UP006 Use `dict` instead of `Dict` for type annotation
   --> src/uais/fusion/attention/evaluate_attention_harness.py:601:14
    |
600 | def _aggregate_metric_dict(metric_dicts: List[Dict[str, float]]) -> Dict[str, Dict[str, float]]:
601 |     summary: Dict[str, Dict[str, float]] = {}
    |              ^^^^
602 |     def _is_finite(value: float) -> bool:
603 |         try:
    |
help: Replace with `dict`

UP006 Use `dict` instead of `Dict` for type annotation
   --> src/uais/fusion/attention/evaluate_attention_harness.py:601:24
    |
600 | def _aggregate_metric_dict(metric_dicts: List[Dict[str, float]]) -> Dict[str, Dict[str, float]]:
601 |     summary: Dict[str, Dict[str, float]] = {}
    |                        ^^^^
602 |     def _is_finite(value: float) -> bool:
603 |         try:
    |
help: Replace with `dict`

UP006 Use `list` instead of `List` for type annotation
   --> src/uais/fusion/attention/evaluate_attention_harness.py:618:44
    |
618 | def _aggregate_domain_values(domain_dicts: List[Dict[str, float]]) -> Dict[str, Dict[str, float]]:
    |                                            ^^^^
619 |     summary: Dict[str, Dict[str, float]] = {}
620 |     def _is_finite(value: float) -> bool:
    |
help: Replace with `list`

UP006 Use `dict` instead of `Dict` for type annotation
   --> src/uais/fusion/attention/evaluate_attention_harness.py:618:49
    |
618 | def _aggregate_domain_values(domain_dicts: List[Dict[str, float]]) -> Dict[str, Dict[str, float]]:
    |                                                 ^^^^
619 |     summary: Dict[str, Dict[str, float]] = {}
620 |     def _is_finite(value: float) -> bool:
    |
help: Replace with `dict`

UP006 Use `dict` instead of `Dict` for type annotation
   --> src/uais/fusion/attention/evaluate_attention_harness.py:618:71
    |
618 | def _aggregate_domain_values(domain_dicts: List[Dict[str, float]]) -> Dict[str, Dict[str, float]]:
    |                                                                       ^^^^
619 |     summary: Dict[str, Dict[str, float]] = {}
620 |     def _is_finite(value: float) -> bool:
    |
help: Replace with `dict`

UP006 Use `dict` instead of `Dict` for type annotation
   --> src/uais/fusion/attention/evaluate_attention_harness.py:618:81
    |
618 | def _aggregate_domain_values(domain_dicts: List[Dict[str, float]]) -> Dict[str, Dict[str, float]]:
    |                                                                                 ^^^^
619 |     summary: Dict[str, Dict[str, float]] = {}
620 |     def _is_finite(value: float) -> bool:
    |
help: Replace with `dict`

UP006 Use `dict` instead of `Dict` for type annotation
   --> src/uais/fusion/attention/evaluate_attention_harness.py:619:14
    |
618 | def _aggregate_domain_values(domain_dicts: List[Dict[str, float]]) -> Dict[str, Dict[str, float]]:
619 |     summary: Dict[str, Dict[str, float]] = {}
    |              ^^^^
620 |     def _is_finite(value: float) -> bool:
621 |         try:
    |
help: Replace with `dict`

UP006 Use `dict` instead of `Dict` for type annotation
   --> src/uais/fusion/attention/evaluate_attention_harness.py:619:24
    |
618 | def _aggregate_domain_values(domain_dicts: List[Dict[str, float]]) -> Dict[str, Dict[str, float]]:
619 |     summary: Dict[str, Dict[str, float]] = {}
    |                        ^^^^
620 |     def _is_finite(value: float) -> bool:
621 |         try:
    |
help: Replace with `dict`

UP006 Use `list` instead of `List` for type annotation
   --> src/uais/fusion/attention/evaluate_attention_harness.py:637:21
    |
636 | def _aggregate_nested_metrics(
637 |     nested_results: List[Dict[str, Dict[str, Dict[str, float]]]]
    |                     ^^^^
638 | ) -> Dict[str, Dict[str, Dict[str, Dict[str, float]]]]:
639 |     summary: Dict[str, Dict[str, Dict[str, Dict[str, float]]]] = {}
    |
help: Replace with `list`

UP006 Use `dict` instead of `Dict` for type annotation
   --> src/uais/fusion/attention/evaluate_attention_harness.py:637:26
    |
636 | def _aggregate_nested_metrics(
637 |     nested_results: List[Dict[str, Dict[str, Dict[str, float]]]]
    |                          ^^^^
638 | ) -> Dict[str, Dict[str, Dict[str, Dict[str, float]]]]:
639 |     summary: Dict[str, Dict[str, Dict[str, Dict[str, float]]]] = {}
    |
help: Replace with `dict`

UP006 Use `dict` instead of `Dict` for type annotation
   --> src/uais/fusion/attention/evaluate_attention_harness.py:637:36
    |
636 | def _aggregate_nested_metrics(
637 |     nested_results: List[Dict[str, Dict[str, Dict[str, float]]]]
    |                                    ^^^^
638 | ) -> Dict[str, Dict[str, Dict[str, Dict[str, float]]]]:
639 |     summary: Dict[str, Dict[str, Dict[str, Dict[str, float]]]] = {}
    |
help: Replace with `dict`

UP006 Use `dict` instead of `Dict` for type annotation
   --> src/uais/fusion/attention/evaluate_attention_harness.py:637:46
    |
636 | def _aggregate_nested_metrics(
637 |     nested_results: List[Dict[str, Dict[str, Dict[str, float]]]]
    |                                              ^^^^
638 | ) -> Dict[str, Dict[str, Dict[str, Dict[str, float]]]]:
639 |     summary: Dict[str, Dict[str, Dict[str, Dict[str, float]]]] = {}
    |
help: Replace with `dict`

UP006 Use `dict` instead of `Dict` for type annotation
   --> src/uais/fusion/attention/evaluate_attention_harness.py:638:6
    |
636 | def _aggregate_nested_metrics(
637 |     nested_results: List[Dict[str, Dict[str, Dict[str, float]]]]
638 | ) -> Dict[str, Dict[str, Dict[str, Dict[str, float]]]]:
    |      ^^^^
639 |     summary: Dict[str, Dict[str, Dict[str, Dict[str, float]]]] = {}
640 |     for category in ["random", "drop_domain", "drop_pair"]:
    |
help: Replace with `dict`

UP006 Use `dict` instead of `Dict` for type annotation
   --> src/uais/fusion/attention/evaluate_attention_harness.py:638:16
    |
636 | def _aggregate_nested_metrics(
637 |     nested_results: List[Dict[str, Dict[str, Dict[str, float]]]]
638 | ) -> Dict[str, Dict[str, Dict[str, Dict[str, float]]]]:
    |                ^^^^
639 |     summary: Dict[str, Dict[str, Dict[str, Dict[str, float]]]] = {}
640 |     for category in ["random", "drop_domain", "drop_pair"]:
    |
help: Replace with `dict`

UP006 Use `dict` instead of `Dict` for type annotation
   --> src/uais/fusion/attention/evaluate_attention_harness.py:638:26
    |
636 | def _aggregate_nested_metrics(
637 |     nested_results: List[Dict[str, Dict[str, Dict[str, float]]]]
638 | ) -> Dict[str, Dict[str, Dict[str, Dict[str, float]]]]:
    |                          ^^^^
639 |     summary: Dict[str, Dict[str, Dict[str, Dict[str, float]]]] = {}
640 |     for category in ["random", "drop_domain", "drop_pair"]:
    |
help: Replace with `dict`

UP006 Use `dict` instead of `Dict` for type annotation
   --> src/uais/fusion/attention/evaluate_attention_harness.py:638:36
    |
636 | def _aggregate_nested_metrics(
637 |     nested_results: List[Dict[str, Dict[str, Dict[str, float]]]]
638 | ) -> Dict[str, Dict[str, Dict[str, Dict[str, float]]]]:
    |                                    ^^^^
639 |     summary: Dict[str, Dict[str, Dict[str, Dict[str, float]]]] = {}
640 |     for category in ["random", "drop_domain", "drop_pair"]:
    |
help: Replace with `dict`

UP006 Use `dict` instead of `Dict` for type annotation
   --> src/uais/fusion/attention/evaluate_attention_harness.py:639:14
    |
637 |     nested_results: List[Dict[str, Dict[str, Dict[str, float]]]]
638 | ) -> Dict[str, Dict[str, Dict[str, Dict[str, float]]]]:
639 |     summary: Dict[str, Dict[str, Dict[str, Dict[str, float]]]] = {}
    |              ^^^^
640 |     for category in ["random", "drop_domain", "drop_pair"]:
641 |         category_entries: Dict[str, Dict[str, Dict[str, float]]] = {}
    |
help: Replace with `dict`

UP006 Use `dict` instead of `Dict` for type annotation
   --> src/uais/fusion/attention/evaluate_attention_harness.py:639:24
    |
637 |     nested_results: List[Dict[str, Dict[str, Dict[str, float]]]]
638 | ) -> Dict[str, Dict[str, Dict[str, Dict[str, float]]]]:
639 |     summary: Dict[str, Dict[str, Dict[str, Dict[str, float]]]] = {}
    |                        ^^^^
640 |     for category in ["random", "drop_domain", "drop_pair"]:
641 |         category_entries: Dict[str, Dict[str, Dict[str, float]]] = {}
    |
help: Replace with `dict`

UP006 Use `dict` instead of `Dict` for type annotation
   --> src/uais/fusion/attention/evaluate_attention_harness.py:639:34
    |
637 |     nested_results: List[Dict[str, Dict[str, Dict[str, float]]]]
638 | ) -> Dict[str, Dict[str, Dict[str, Dict[str, float]]]]:
639 |     summary: Dict[str, Dict[str, Dict[str, Dict[str, float]]]] = {}
    |                                  ^^^^
640 |     for category in ["random", "drop_domain", "drop_pair"]:
641 |         category_entries: Dict[str, Dict[str, Dict[str, float]]] = {}
    |
help: Replace with `dict`

UP006 Use `dict` instead of `Dict` for type annotation
   --> src/uais/fusion/attention/evaluate_attention_harness.py:639:44
    |
637 |     nested_results: List[Dict[str, Dict[str, Dict[str, float]]]]
638 | ) -> Dict[str, Dict[str, Dict[str, Dict[str, float]]]]:
639 |     summary: Dict[str, Dict[str, Dict[str, Dict[str, float]]]] = {}
    |                                            ^^^^
640 |     for category in ["random", "drop_domain", "drop_pair"]:
641 |         category_entries: Dict[str, Dict[str, Dict[str, float]]] = {}
    |
help: Replace with `dict`

UP006 Use `dict` instead of `Dict` for type annotation
   --> src/uais/fusion/attention/evaluate_attention_harness.py:641:27
    |
639 |     summary: Dict[str, Dict[str, Dict[str, Dict[str, float]]]] = {}
640 |     for category in ["random", "drop_domain", "drop_pair"]:
641 |         category_entries: Dict[str, Dict[str, Dict[str, float]]] = {}
    |                           ^^^^
642 |         keys = {key for result in nested_results for key in result.get(category, {})}
643 |         for key in sorted(keys):
    |
help: Replace with `dict`

UP006 Use `dict` instead of `Dict` for type annotation
   --> src/uais/fusion/attention/evaluate_attention_harness.py:641:37
    |
639 |     summary: Dict[str, Dict[str, Dict[str, Dict[str, float]]]] = {}
640 |     for category in ["random", "drop_domain", "drop_pair"]:
641 |         category_entries: Dict[str, Dict[str, Dict[str, float]]] = {}
    |                                     ^^^^
642 |         keys = {key for result in nested_results for key in result.get(category, {})}
643 |         for key in sorted(keys):
    |
help: Replace with `dict`

UP006 Use `dict` instead of `Dict` for type annotation
   --> src/uais/fusion/attention/evaluate_attention_harness.py:641:47
    |
639 |     summary: Dict[str, Dict[str, Dict[str, Dict[str, float]]]] = {}
640 |     for category in ["random", "drop_domain", "drop_pair"]:
641 |         category_entries: Dict[str, Dict[str, Dict[str, float]]] = {}
    |                                               ^^^^
642 |         keys = {key for result in nested_results for key in result.get(category, {})}
643 |         for key in sorted(keys):
    |
help: Replace with `dict`

UP006 Use `dict` instead of `Dict` for type annotation
   --> src/uais/fusion/attention/evaluate_attention_harness.py:650:68
    |
650 | def evaluate_attention_harness(cfg_path: Path = DEFAULT_CONFIG) -> Dict[str, Dict]:
    |                                                                    ^^^^
651 |     cfg = load_yaml(cfg_path)
652 |     train_cfg = cfg.get("training", {})
    |
help: Replace with `dict`

UP006 Use `dict` instead of `Dict` for type annotation
   --> src/uais/fusion/attention/evaluate_attention_harness.py:650:78
    |
650 | def evaluate_attention_harness(cfg_path: Path = DEFAULT_CONFIG) -> Dict[str, Dict]:
    |                                                                              ^^^^
651 |     cfg = load_yaml(cfg_path)
652 |     train_cfg = cfg.get("training", {})
    |
help: Replace with `dict`

UP006 Use `dict` instead of `Dict` for type annotation
   --> src/uais/fusion/attention/evaluate_attention_harness.py:681:14
    |
679 |     alpha = float(eval_cfg.get("bootstrap_alpha", 0.05))
680 |
681 |     results: Dict[str, Dict] = {}
    |              ^^^^
682 |
683 |     for ablation in ablations:
    |
help: Replace with `dict`

UP006 Use `dict` instead of `Dict` for type annotation
   --> src/uais/fusion/attention/evaluate_attention_harness.py:681:24
    |
679 |     alpha = float(eval_cfg.get("bootstrap_alpha", 0.05))
680 |
681 |     results: Dict[str, Dict] = {}
    |                        ^^^^
682 |
683 |     for ablation in ablations:
    |
help: Replace with `dict`

UP006 Use `dict` instead of `Dict` for type annotation
   --> src/uais/fusion/attention/evaluate_attention_harness.py:699:23
    |
697 |             continue
698 |
699 |         seed_outputs: Dict[str, Dict] = {}
    |                       ^^^^
700 |         test_metric_list: List[Dict[str, float]] = []
701 |         baseline_metric_lists: Dict[str, List[Dict[str, float]]] = {}
    |
help: Replace with `dict`

UP006 Use `dict` instead of `Dict` for type annotation
   --> src/uais/fusion/attention/evaluate_attention_harness.py:699:33
    |
697 |             continue
698 |
699 |         seed_outputs: Dict[str, Dict] = {}
    |                                 ^^^^
700 |         test_metric_list: List[Dict[str, float]] = []
701 |         baseline_metric_lists: Dict[str, List[Dict[str, float]]] = {}
    |
help: Replace with `dict`

UP006 Use `list` instead of `List` for type annotation
   --> src/uais/fusion/attention/evaluate_attention_harness.py:700:27
    |
699 |         seed_outputs: Dict[str, Dict] = {}
700 |         test_metric_list: List[Dict[str, float]] = []
    |                           ^^^^
701 |         baseline_metric_lists: Dict[str, List[Dict[str, float]]] = {}
702 |         baseline_p_lists: Dict[str, List[Dict[str, float]]] = {}
    |
help: Replace with `list`

UP006 Use `dict` instead of `Dict` for type annotation
   --> src/uais/fusion/attention/evaluate_attention_harness.py:700:32
    |
699 |         seed_outputs: Dict[str, Dict] = {}
700 |         test_metric_list: List[Dict[str, float]] = []
    |                                ^^^^
701 |         baseline_metric_lists: Dict[str, List[Dict[str, float]]] = {}
702 |         baseline_p_lists: Dict[str, List[Dict[str, float]]] = {}
    |
help: Replace with `dict`

UP006 Use `dict` instead of `Dict` for type annotation
   --> src/uais/fusion/attention/evaluate_attention_harness.py:701:32
    |
699 |         seed_outputs: Dict[str, Dict] = {}
700 |         test_metric_list: List[Dict[str, float]] = []
701 |         baseline_metric_lists: Dict[str, List[Dict[str, float]]] = {}
    |                                ^^^^
702 |         baseline_p_lists: Dict[str, List[Dict[str, float]]] = {}
703 |         interpretability_list: List[Dict[str, object]] = []
    |
help: Replace with `dict`

UP006 Use `list` instead of `List` for type annotation
   --> src/uais/fusion/attention/evaluate_attention_harness.py:701:42
    |
699 |         seed_outputs: Dict[str, Dict] = {}
700 |         test_metric_list: List[Dict[str, float]] = []
701 |         baseline_metric_lists: Dict[str, List[Dict[str, float]]] = {}
    |                                          ^^^^
702 |         baseline_p_lists: Dict[str, List[Dict[str, float]]] = {}
703 |         interpretability_list: List[Dict[str, object]] = []
    |
help: Replace with `list`

UP006 Use `dict` instead of `Dict` for type annotation
   --> src/uais/fusion/attention/evaluate_attention_harness.py:701:47
    |
699 |         seed_outputs: Dict[str, Dict] = {}
700 |         test_metric_list: List[Dict[str, float]] = []
701 |         baseline_metric_lists: Dict[str, List[Dict[str, float]]] = {}
    |                                               ^^^^
702 |         baseline_p_lists: Dict[str, List[Dict[str, float]]] = {}
703 |         interpretability_list: List[Dict[str, object]] = []
    |
help: Replace with `dict`

UP006 Use `dict` instead of `Dict` for type annotation
   --> src/uais/fusion/attention/evaluate_attention_harness.py:702:27
    |
700 |         test_metric_list: List[Dict[str, float]] = []
701 |         baseline_metric_lists: Dict[str, List[Dict[str, float]]] = {}
702 |         baseline_p_lists: Dict[str, List[Dict[str, float]]] = {}
    |                           ^^^^
703 |         interpretability_list: List[Dict[str, object]] = []
704 |         dropout_list: List[Dict[str, Dict[str, Dict[str, float]]]] = []
    |
help: Replace with `dict`

UP006 Use `list` instead of `List` for type annotation
   --> src/uais/fusion/attention/evaluate_attention_harness.py:702:37
    |
700 |         test_metric_list: List[Dict[str, float]] = []
701 |         baseline_metric_lists: Dict[str, List[Dict[str, float]]] = {}
702 |         baseline_p_lists: Dict[str, List[Dict[str, float]]] = {}
    |                                     ^^^^
703 |         interpretability_list: List[Dict[str, object]] = []
704 |         dropout_list: List[Dict[str, Dict[str, Dict[str, float]]]] = []
    |
help: Replace with `list`

UP006 Use `dict` instead of `Dict` for type annotation
   --> src/uais/fusion/attention/evaluate_attention_harness.py:702:42
    |
700 |         test_metric_list: List[Dict[str, float]] = []
701 |         baseline_metric_lists: Dict[str, List[Dict[str, float]]] = {}
702 |         baseline_p_lists: Dict[str, List[Dict[str, float]]] = {}
    |                                          ^^^^
703 |         interpretability_list: List[Dict[str, object]] = []
704 |         dropout_list: List[Dict[str, Dict[str, Dict[str, float]]]] = []
    |
help: Replace with `dict`

UP006 Use `list` instead of `List` for type annotation
   --> src/uais/fusion/attention/evaluate_attention_harness.py:703:32
    |
701 |         baseline_metric_lists: Dict[str, List[Dict[str, float]]] = {}
702 |         baseline_p_lists: Dict[str, List[Dict[str, float]]] = {}
703 |         interpretability_list: List[Dict[str, object]] = []
    |                                ^^^^
704 |         dropout_list: List[Dict[str, Dict[str, Dict[str, float]]]] = []
705 |         performance_list: List[Dict[str, float]] = []
    |
help: Replace with `list`

UP006 Use `dict` instead of `Dict` for type annotation
   --> src/uais/fusion/attention/evaluate_attention_harness.py:703:37
    |
701 |         baseline_metric_lists: Dict[str, List[Dict[str, float]]] = {}
702 |         baseline_p_lists: Dict[str, List[Dict[str, float]]] = {}
703 |         interpretability_list: List[Dict[str, object]] = []
    |                                     ^^^^
704 |         dropout_list: List[Dict[str, Dict[str, Dict[str, float]]]] = []
705 |         performance_list: List[Dict[str, float]] = []
    |
help: Replace with `dict`

UP006 Use `list` instead of `List` for type annotation
   --> src/uais/fusion/attention/evaluate_attention_harness.py:704:23
    |
702 |         baseline_p_lists: Dict[str, List[Dict[str, float]]] = {}
703 |         interpretability_list: List[Dict[str, object]] = []
704 |         dropout_list: List[Dict[str, Dict[str, Dict[str, float]]]] = []
    |                       ^^^^
705 |         performance_list: List[Dict[str, float]] = []
    |
help: Replace with `list`

UP006 Use `dict` instead of `Dict` for type annotation
   --> src/uais/fusion/attention/evaluate_attention_harness.py:704:28
    |
702 |         baseline_p_lists: Dict[str, List[Dict[str, float]]] = {}
703 |         interpretability_list: List[Dict[str, object]] = []
704 |         dropout_list: List[Dict[str, Dict[str, Dict[str, float]]]] = []
    |                            ^^^^
705 |         performance_list: List[Dict[str, float]] = []
    |
help: Replace with `dict`

UP006 Use `dict` instead of `Dict` for type annotation
   --> src/uais/fusion/attention/evaluate_attention_harness.py:704:38
    |
702 |         baseline_p_lists: Dict[str, List[Dict[str, float]]] = {}
703 |         interpretability_list: List[Dict[str, object]] = []
704 |         dropout_list: List[Dict[str, Dict[str, Dict[str, float]]]] = []
    |                                      ^^^^
705 |         performance_list: List[Dict[str, float]] = []
    |
help: Replace with `dict`

UP006 Use `dict` instead of `Dict` for type annotation
   --> src/uais/fusion/attention/evaluate_attention_harness.py:704:48
    |
702 |         baseline_p_lists: Dict[str, List[Dict[str, float]]] = {}
703 |         interpretability_list: List[Dict[str, object]] = []
704 |         dropout_list: List[Dict[str, Dict[str, Dict[str, float]]]] = []
    |                                                ^^^^
705 |         performance_list: List[Dict[str, float]] = []
    |
help: Replace with `dict`

UP006 Use `list` instead of `List` for type annotation
   --> src/uais/fusion/attention/evaluate_attention_harness.py:705:27
    |
703 |         interpretability_list: List[Dict[str, object]] = []
704 |         dropout_list: List[Dict[str, Dict[str, Dict[str, float]]]] = []
705 |         performance_list: List[Dict[str, float]] = []
    |                           ^^^^
706 |
707 |         for seed in seeds:
    |
help: Replace with `list`

UP006 Use `dict` instead of `Dict` for type annotation
   --> src/uais/fusion/attention/evaluate_attention_harness.py:705:32
    |
703 |         interpretability_list: List[Dict[str, object]] = []
704 |         dropout_list: List[Dict[str, Dict[str, Dict[str, float]]]] = []
705 |         performance_list: List[Dict[str, float]] = []
    |                                ^^^^
706 |
707 |         for seed in seeds:
    |
help: Replace with `dict`

UP006 Use `dict` instead of `Dict` for type annotation
   --> src/uais/fusion/attention/evaluate_attention_harness.py:817:27
    |
816 |             # --- CRAF evaluation (gated by enable_craf) ---
817 |             craf_metrics: Dict = {}
    |                           ^^^^
818 |             if eval_cfg.get("enable_craf", False) and score_index is not None:
819 |                 try:
    |
help: Replace with `dict`

UP006 Use `dict` instead of `Dict` for type annotation
   --> src/uais/fusion/attention/evaluate_attention_harness.py:845:25
    |
844 |             # --- CDA evaluation (gated by enable_cda) ---
845 |             cda_output: Dict = {}
    |                         ^^^^
846 |             if eval_cfg.get("enable_cda", False) and score_index is not None:
847 |                 try:
    |
help: Replace with `dict`

I001 [*] Import block is un-sorted or un-formatted
  --> src/uais/fusion/attention/leakage_guard.py:35:1
   |
33 |   """
34 |
35 | / from __future__ import annotations
36 | |
37 | | import hashlib
38 | | import warnings
39 | | from contextlib import contextmanager
40 | | from typing import Dict, List, Tuple
41 | |
42 | | import numpy as np
   | |__________________^
   |
help: Organize imports

F401 [*] `warnings` imported but unused
  --> src/uais/fusion/attention/leakage_guard.py:38:8
   |
37 | import hashlib
38 | import warnings
   |        ^^^^^^^^
39 | from contextlib import contextmanager
40 | from typing import Dict, List, Tuple
   |
help: Remove unused import: `warnings`

UP035 `typing.Dict` is deprecated, use `dict` instead
  --> src/uais/fusion/attention/leakage_guard.py:40:1
   |
38 | import warnings
39 | from contextlib import contextmanager
40 | from typing import Dict, List, Tuple
   | ^^^^^^^^^^^^^^^^^^^^^^^^^^^^^^^^^^^^
41 |
42 | import numpy as np
   |

UP035 `typing.List` is deprecated, use `list` instead
  --> src/uais/fusion/attention/leakage_guard.py:40:1
   |
38 | import warnings
39 | from contextlib import contextmanager
40 | from typing import Dict, List, Tuple
   | ^^^^^^^^^^^^^^^^^^^^^^^^^^^^^^^^^^^^
41 |
42 | import numpy as np
   |

UP035 `typing.Tuple` is deprecated, use `tuple` instead
  --> src/uais/fusion/attention/leakage_guard.py:40:1
   |
38 | import warnings
39 | from contextlib import contextmanager
40 | from typing import Dict, List, Tuple
   | ^^^^^^^^^^^^^^^^^^^^^^^^^^^^^^^^^^^^
41 |
42 | import numpy as np
   |

F401 [*] `typing.Tuple` imported but unused
  --> src/uais/fusion/attention/leakage_guard.py:40:32
   |
38 | import warnings
39 | from contextlib import contextmanager
40 | from typing import Dict, List, Tuple
   |                                ^^^^^
41 |
42 | import numpy as np
   |
help: Remove unused import: `typing.Tuple`

UP006 Use `dict` instead of `Dict` for type annotation
  --> src/uais/fusion/attention/leakage_guard.py:65:6
   |
63 | def check_train_test_contamination(
64 |     train_X: np.ndarray, test_X: np.ndarray
65 | ) -> Dict[str, float]:
   |      ^^^^
66 |     """Detect rows that appear in BOTH train and test (verbatim duplicates)."""
67 |     th = set(_row_hashes(train_X).tolist())
   |
help: Replace with `dict`

UP006 Use `dict` instead of `Dict` for type annotation
  --> src/uais/fusion/attention/leakage_guard.py:81:6
   |
79 |     train_X: np.ndarray, train_y: np.ndarray,
80 |     test_X: np.ndarray, test_y: np.ndarray,
81 | ) -> Dict[str, int]:
   |      ^^^^
82 |     """Find samples whose features match across splits but with differing labels.
   |
help: Replace with `dict`

UP006 Use `dict` instead of `Dict` for type annotation
  --> src/uais/fusion/attention/leakage_guard.py:90:16
   |
88 |     h_train = _row_hashes(train_X)
89 |     h_test = _row_hashes(test_X)
90 |     train_map: Dict[str, int] = {h: int(y) for h, y in zip(h_train, train_y)}
   |                ^^^^
91 |     conflicts = 0
92 |     for h, y in zip(h_test, test_y):
   |
help: Replace with `dict`

UP006 Use `dict` instead of `Dict` for type annotation
   --> src/uais/fusion/attention/leakage_guard.py:128:19
    |
127 | def flag_suspicious_metrics(
128 |     metrics_dict: Dict[str, float],
    |                   ^^^^
129 |     auc_threshold: float = 0.99,
130 |     f1_threshold: float = 0.99,
    |
help: Replace with `dict`

UP006 Use `list` instead of `List` for type annotation
   --> src/uais/fusion/attention/leakage_guard.py:131:6
    |
129 |     auc_threshold: float = 0.99,
130 |     f1_threshold: float = 0.99,
131 | ) -> List[str]:
    |      ^^^^
132 |     """Return a list of warning strings if any metric looks unrealistically high.
    |
help: Replace with `list`

UP006 Use `list` instead of `List` for type annotation
   --> src/uais/fusion/attention/leakage_guard.py:137:20
    |
135 |     leakage, overfitting, or memorization.'
136 |     """
137 |     warnings_list: List[str] = []
    |                    ^^^^
138 |     for key, thr in (("roc_auc", auc_threshold), ("pr_auc", auc_threshold),
139 |                       ("f1", f1_threshold), ("accuracy", f1_threshold)):
    |
help: Replace with `list`

UP006 Use `list` instead of `List` for type annotation
   --> src/uais/fusion/attention/leakage_guard.py:172:38
    |
171 |     def __init__(self) -> None:
172 |         self._train_hashes_at_split: List[str] = []
    |                                      ^^^^
173 |         self._test_hashes_at_split: List[str] = []
    |
help: Replace with `list`

UP006 Use `list` instead of `List` for type annotation
   --> src/uais/fusion/attention/leakage_guard.py:173:37
    |
171 |     def __init__(self) -> None:
172 |         self._train_hashes_at_split: List[str] = []
173 |         self._test_hashes_at_split: List[str] = []
    |                                     ^^^^
174 |
175 |     def record_split(self, train_X: np.ndarray, test_X: np.ndarray) -> None:
    |
help: Replace with `list`

F401 [*] `dataclasses.field` imported but unused
  --> src/uais/fusion/attention/learned_gate.py:22:36
   |
20 | from __future__ import annotations
21 |
22 | from dataclasses import dataclass, field
   |                                    ^^^^^
23 | from typing import Callable, List, Optional, Tuple
   |
help: Remove unused import: `dataclasses.field`

UP035 `typing.List` is deprecated, use `list` instead
  --> src/uais/fusion/attention/learned_gate.py:23:1
   |
22 | from dataclasses import dataclass, field
23 | from typing import Callable, List, Optional, Tuple
   | ^^^^^^^^^^^^^^^^^^^^^^^^^^^^^^^^^^^^^^^^^^^^^^^^^^
24 |
25 | import numpy as np
   |

UP035 `typing.Tuple` is deprecated, use `tuple` instead
  --> src/uais/fusion/attention/learned_gate.py:23:1
   |
22 | from dataclasses import dataclass, field
23 | from typing import Callable, List, Optional, Tuple
   | ^^^^^^^^^^^^^^^^^^^^^^^^^^^^^^^^^^^^^^^^^^^^^^^^^^
24 |
25 | import numpy as np
   |

UP006 Use `tuple` instead of `Tuple` for type annotation
  --> src/uais/fusion/attention/learned_gate.py:33:19
   |
31 |     """Hyperparameters for the learned gate."""
32 |
33 |     drift_levels: Tuple[float, ...] = (0.0, 0.05, 0.1, 0.2, 0.3)
   |                   ^^^^^
34 |     feature_mode: str = "vector"  # "vector" → r ∈ R^D + mean; "scalar" → mean only
35 |     use_mask_indicators: bool = True  # append [D] missing-domain flags
   |
help: Replace with `tuple`

UP045 Use `X | None` for type annotations
  --> src/uais/fusion/attention/learned_gate.py:54:32
   |
52 |     """
53 |
54 |     def __init__(self, config: Optional[LearnedGateConfig] = None) -> None:
   |                                ^^^^^^^^^^^^^^^^^^^^^^^^^^^
55 |         self.config = config or LearnedGateConfig()
56 |         self._clf: Optional[LogisticRegression] = None
   |
help: Convert to `X | None`

UP045 Use `X | None` for type annotations
  --> src/uais/fusion/attention/learned_gate.py:56:20
   |
54 |     def __init__(self, config: Optional[LearnedGateConfig] = None) -> None:
55 |         self.config = config or LearnedGateConfig()
56 |         self._clf: Optional[LogisticRegression] = None
   |                    ^^^^^^^^^^^^^^^^^^^^^^^^^^^^
57 |         self.fitted: bool = False
58 |         self.train_label_balance_: Optional[float] = None
   |
help: Convert to `X | None`

UP045 Use `X | None` for type annotations
  --> src/uais/fusion/attention/learned_gate.py:58:36
   |
56 |         self._clf: Optional[LogisticRegression] = None
57 |         self.fitted: bool = False
58 |         self.train_label_balance_: Optional[float] = None
   |                                    ^^^^^^^^^^^^^^^
59 |         self.train_n_episodes_: int = 0
   |
help: Convert to `X | None`

UP006 Use `list` instead of `List` for type annotation
  --> src/uais/fusion/attention/learned_gate.py:95:19
   |
93 |     def fit_from_episodes(
94 |         self,
95 |         episodes: List[dict],
   |                   ^^^^
96 |     ) -> "LearnedReliabilityGate":
97 |         """Fit from pre-computed episode dicts.
   |
help: Replace with `list`

UP037 [*] Remove quotes from type annotation
  --> src/uais/fusion/attention/learned_gate.py:96:10
   |
94 |         self,
95 |         episodes: List[dict],
96 |     ) -> "LearnedReliabilityGate":
   |          ^^^^^^^^^^^^^^^^^^^^^^^^
97 |         """Fit from pre-computed episode dicts.
   |
help: Remove quotes

UP006 Use `list` instead of `List` for type annotation
   --> src/uais/fusion/attention/learned_gate.py:110:13
    |
108 |         if not episodes:
109 |             raise ValueError("No drift episodes provided to fit the learned gate.")
110 |         Xs: List[np.ndarray] = []
    |             ^^^^
111 |         ys: List[np.ndarray] = []
112 |         for ep in episodes:
    |
help: Replace with `list`

UP006 Use `list` instead of `List` for type annotation
   --> src/uais/fusion/attention/learned_gate.py:111:13
    |
109 |             raise ValueError("No drift episodes provided to fit the learned gate.")
110 |         Xs: List[np.ndarray] = []
111 |         ys: List[np.ndarray] = []
    |             ^^^^
112 |         for ep in episodes:
113 |             X = self._featurize(ep["weights"], ep["masks"])
    |
help: Replace with `list`

UP006 Use `list` instead of `List` for type annotation
   --> src/uais/fusion/attention/learned_gate.py:148:27
    |
146 |         predict_static: Callable[[np.ndarray, np.ndarray], np.ndarray],
147 |         predict_reliability: Callable[[np.ndarray, np.ndarray, np.ndarray], np.ndarray],
148 |         perturbation_fns: List[Callable[[np.ndarray, np.ndarray], Tuple[np.ndarray, np.ndarray]]],
    |                           ^^^^
149 |     ) -> "LearnedReliabilityGate":
150 |         """Generate val drift episodes and fit the gate.
    |
help: Replace with `list`

UP006 Use `tuple` instead of `Tuple` for type annotation
   --> src/uais/fusion/attention/learned_gate.py:148:67
    |
146 |         predict_static: Callable[[np.ndarray, np.ndarray], np.ndarray],
147 |         predict_reliability: Callable[[np.ndarray, np.ndarray, np.ndarray], np.ndarray],
148 |         perturbation_fns: List[Callable[[np.ndarray, np.ndarray], Tuple[np.ndarray, np.ndarray]]],
    |                                                                   ^^^^^
149 |     ) -> "LearnedReliabilityGate":
150 |         """Generate val drift episodes and fit the gate.
    |
help: Replace with `tuple`

UP037 [*] Remove quotes from type annotation
   --> src/uais/fusion/attention/learned_gate.py:149:10
    |
147 |         predict_reliability: Callable[[np.ndarray, np.ndarray, np.ndarray], np.ndarray],
148 |         perturbation_fns: List[Callable[[np.ndarray, np.ndarray], Tuple[np.ndarray, np.ndarray]]],
149 |     ) -> "LearnedReliabilityGate":
    |          ^^^^^^^^^^^^^^^^^^^^^^^^
150 |         """Generate val drift episodes and fit the gate.
    |
help: Remove quotes

I001 [*] Import block is un-sorted or un-formatted
  --> src/uais/fusion/attention/m3dm_features.py:17:1
   |
15 |   """
16 |
17 | / from __future__ import annotations
18 | |
19 | | from pathlib import Path
20 | | from typing import Iterable, Sequence, Tuple
21 | |
22 | | import numpy as np
23 | | import torch
24 | | from PIL import Image
25 | | from sklearn.decomposition import PCA
   | |_____________________________________^
   |
help: Organize imports

UP035 [*] Import from `collections.abc` instead: `Iterable`, `Sequence`
  --> src/uais/fusion/attention/m3dm_features.py:20:1
   |
19 | from pathlib import Path
20 | from typing import Iterable, Sequence, Tuple
   | ^^^^^^^^^^^^^^^^^^^^^^^^^^^^^^^^^^^^^^^^^^^^
21 |
22 | import numpy as np
   |
help: Import from `collections.abc`

UP035 `typing.Tuple` is deprecated, use `tuple` instead
  --> src/uais/fusion/attention/m3dm_features.py:20:1
   |
19 | from pathlib import Path
20 | from typing import Iterable, Sequence, Tuple
   | ^^^^^^^^^^^^^^^^^^^^^^^^^^^^^^^^^^^^^^^^^^^^
21 |
22 | import numpy as np
   |

F401 [*] `typing.Iterable` imported but unused
  --> src/uais/fusion/attention/m3dm_features.py:20:20
   |
19 | from pathlib import Path
20 | from typing import Iterable, Sequence, Tuple
   |                    ^^^^^^^^
21 |
22 | import numpy as np
   |
help: Remove unused import: `typing.Iterable`

UP006 Use `tuple` instead of `Tuple` for type annotation
  --> src/uais/fusion/attention/m3dm_features.py:32:24
   |
32 | def _get_backbone() -> Tuple[torch.nn.Module, torch.device]:
   |                        ^^^^^
33 |     """Lazily load ResNet-50 with ImageNet weights; cache on first call."""
34 |     global _BACKBONE, _DEVICE
   |
help: Replace with `tuple`

I001 [*] Import block is un-sorted or un-formatted
  --> src/uais/fusion/attention/m3dm_features.py:36:9
   |
34 |     global _BACKBONE, _DEVICE
35 |     if _BACKBONE is None:
36 |         from torchvision.models import resnet50, ResNet50_Weights
   |         ^^^^^^^^^^^^^^^^^^^^^^^^^^^^^^^^^^^^^^^^^^^^^^^^^^^^^^^^^
37 |
38 |         weights = ResNet50_Weights.IMAGENET1K_V2
   |
help: Organize imports

W293 Blank line contains whitespace
  --> src/uais/fusion/attention/m3dm_features.py:89:1
   |
87 | def extract_point_cloud_statistics(path: Path) -> np.ndarray:
88 |     """Extract PointNet++ style global geometric descriptors and shape statistics from raw XYZ.
89 |     
   | ^^^^
90 |     Returns a 12-dimensional vector:
91 |       [linearity, planarity, sphericity, anisotropy, curvature, eigenentropy,
   |
help: Remove whitespace from blank line

W293 [*] Blank line contains whitespace
   --> src/uais/fusion/attention/m3dm_features.py:102:1
    |
100 |         except Exception:
101 |             return np.zeros(12, dtype=np.float32)
102 |             
    | ^^^^^^^^^^^^
103 |     arr = np.asarray(arr, dtype=np.float32)
104 |     # The MVTec 3D-AD tiff contains [H, W, 3] float coordinates
    |
help: Remove whitespace from blank line

W293 [*] Blank line contains whitespace
   --> src/uais/fusion/attention/m3dm_features.py:107:1
    |
105 |     if arr.ndim != 3 or arr.shape[-1] < 3:
106 |         return np.zeros(12, dtype=np.float32)
107 |         
    | ^^^^^^^^
108 |     pts = arr.reshape(-1, arr.shape[-1])[..., :3]
109 |     # Drop NaNs, Infs, and zero points (background)
    |
help: Remove whitespace from blank line

W293 [*] Blank line contains whitespace
   --> src/uais/fusion/attention/m3dm_features.py:112:1
    |
110 |     valid = np.all(np.isfinite(pts), axis=1) & (np.linalg.norm(pts, axis=1) > 1e-6)
111 |     pts = pts[valid]
112 |     
    | ^^^^
113 |     if pts.shape[0] < 4:
114 |         return np.zeros(12, dtype=np.float32)
    |
help: Remove whitespace from blank line

W293 [*] Blank line contains whitespace
   --> src/uais/fusion/attention/m3dm_features.py:115:1
    |
113 |     if pts.shape[0] < 4:
114 |         return np.zeros(12, dtype=np.float32)
115 |         
    | ^^^^^^^^
116 |     # Center of mass and std
117 |     mean = pts.mean(axis=0)
    |
help: Remove whitespace from blank line

W293 [*] Blank line contains whitespace
   --> src/uais/fusion/attention/m3dm_features.py:119:1
    |
117 |     mean = pts.mean(axis=0)
118 |     std = pts.std(axis=0)
119 |     
    | ^^^^
120 |     # Global Covariance PCA
121 |     cov = np.cov(pts.T)
    |
help: Remove whitespace from blank line

W293 [*] Blank line contains whitespace
   --> src/uais/fusion/attention/m3dm_features.py:125:1
    |
123 |     evals = np.sort(evals)[::-1]  # descending order: l1 >= l2 >= l3
124 |     evals = np.maximum(evals, 1e-12)
125 |     
    | ^^^^
126 |     l1, l2, l3 = evals[0], evals[1], evals[2]
127 |     sum_l = l1 + l2 + l3
    |
help: Remove whitespace from blank line

W293 [*] Blank line contains whitespace
   --> src/uais/fusion/attention/m3dm_features.py:129:1
    |
127 |     sum_l = l1 + l2 + l3
128 |     p = evals / sum_l
129 |     
    | ^^^^
130 |     linearity = (l1 - l2) / l1
131 |     planarity = (l2 - l3) / l1
    |
help: Remove whitespace from blank line

W293 [*] Blank line contains whitespace
   --> src/uais/fusion/attention/m3dm_features.py:138:1
    |
136 |     p = np.clip(p, 1e-12, 1.0)
137 |     eigenentropy = -np.sum(p * np.log(p))
138 |     
    | ^^^^
139 |     return np.array([
140 |         linearity, planarity, sphericity, anisotropy, curvature, eigenentropy,
    |
help: Remove whitespace from blank line

W293 Blank line contains whitespace
   --> src/uais/fusion/attention/m3dm_features.py:150:1
    |
148 | ) -> np.ndarray:
149 |     """Return [N, 2048] or [N, 2060] float32 features.
150 |     
    | ^^^^
151 |     If paths contain XYZ tiff files, we append 12 PointNet++ style global
152 |     geometric shape statistics, yielding 2060 dimensions.
    |
help: Remove whitespace from blank line

W293 [*] Blank line contains whitespace
   --> src/uais/fusion/attention/m3dm_features.py:158:1
    |
156 |     out_dim = 2060 if is_depth else 2048
157 |     features = np.zeros((len(paths), out_dim), dtype=np.float32)
158 |     
    | ^^^^
159 |     batch_tensors: list[torch.Tensor] = []
160 |     batch_indices: list[int] = []
    |
help: Remove whitespace from blank line

W293 [*] Blank line contains whitespace
   --> src/uais/fusion/attention/m3dm_features.py:161:1
    |
159 |     batch_tensors: list[torch.Tensor] = []
160 |     batch_indices: list[int] = []
161 |     
    | ^^^^
162 |     for idx, path in enumerate(paths):
163 |         p_path = Path(path)
    |
help: Remove whitespace from blank line

W293 [*] Blank line contains whitespace
   --> src/uais/fusion/attention/m3dm_features.py:168:1
    |
166 |         except Exception:
167 |             continue
168 |             
    | ^^^^^^^^^^^^
169 |         if is_depth:
170 |             # Extract 12 PointNet++ style global geometric descriptors
    |
help: Remove whitespace from blank line

W293 [*] Blank line contains whitespace
   --> src/uais/fusion/attention/m3dm_features.py:173:1
    |
171 |             stats_vec = extract_point_cloud_statistics(p_path)
172 |             features[idx, 2048:] = stats_vec
173 |             
    | ^^^^^^^^^^^^
174 |         batch_tensors.append(transform(image))
175 |         batch_indices.append(idx)
    |
help: Remove whitespace from blank line

W293 [*] Blank line contains whitespace
   --> src/uais/fusion/attention/m3dm_features.py:184:1
    |
182 |             batch_tensors = []
183 |             batch_indices = []
184 |             
    | ^^^^^^^^^^^^
185 |     if batch_tensors:
186 |         batch = torch.stack(batch_tensors).to(device)
    |
help: Remove whitespace from blank line

W293 [*] Blank line contains whitespace
   --> src/uais/fusion/attention/m3dm_features.py:191:1
    |
189 |         for j, target in enumerate(batch_indices):
190 |             features[target, :2048] = out[j]
191 |             
    | ^^^^^^^^^^^^
192 |     return features
    |
help: Remove whitespace from blank line

UP006 Use `tuple` instead of `Tuple` for type annotation
   --> src/uais/fusion/attention/m3dm_features.py:199:6
    |
197 |     fit_mask: np.ndarray,
198 |     embedding_dim: int,
199 | ) -> Tuple[np.ndarray, np.ndarray, np.ndarray, np.ndarray]:
    |      ^^^^^
200 |     """Fit PCA on the train fold; return (proj_features, mean, components, scale)."""
201 |     fit_rows = features[fit_mask]
    |
help: Replace with `tuple`

UP037 [*] Remove quotes from type annotation
   --> src/uais/fusion/attention/reliability_boosted_fusion.py:260:10
    |
258 |         val_labels: np.ndarray,
259 |         reliability_estimator=None,
260 |     ) -> "ReliabilityBoostedFusion":
    |          ^^^^^^^^^^^^^^^^^^^^^^^^^^
261 |         train_labels = np.asarray(train_labels, dtype=np.int64)
262 |         val_labels = np.asarray(val_labels, dtype=np.int64)
    |
help: Remove quotes

UP035 `typing.Dict` is deprecated, use `dict` instead
  --> src/uais/fusion/attention/reliability_estimator.py:19:1
   |
18 | from pathlib import Path
19 | from typing import Dict, List, Optional
   | ^^^^^^^^^^^^^^^^^^^^^^^^^^^^^^^^^^^^^^^
20 |
21 | import joblib
   |

UP035 `typing.List` is deprecated, use `list` instead
  --> src/uais/fusion/attention/reliability_estimator.py:19:1
   |
18 | from pathlib import Path
19 | from typing import Dict, List, Optional
   | ^^^^^^^^^^^^^^^^^^^^^^^^^^^^^^^^^^^^^^^
20 |
21 | import joblib
   |

UP006 Use `list` instead of `List` for type annotation
  --> src/uais/fusion/attention/reliability_estimator.py:43:23
   |
41 |     def __init__(
42 |         self,
43 |         domain_order: List[str],
   |                       ^^^^
44 |         score_index: int,
45 |         ece_weight: float = 0.45,
   |
help: Replace with `list`

UP045 Use `X | None` for type annotations
  --> src/uais/fusion/attention/reliability_estimator.py:52:29
   |
50 |         gate_threshold: float = 0.66,
51 |         gate_mode: str = "mean",
52 |         min_gate_threshold: Optional[float] = None,
   |                             ^^^^^^^^^^^^^^^
53 |         top_q: int = 1,
54 |         top_q_threshold: Optional[float] = None,
   |
help: Convert to `X | None`

UP045 Use `X | None` for type annotations
  --> src/uais/fusion/attention/reliability_estimator.py:54:26
   |
52 |         min_gate_threshold: Optional[float] = None,
53 |         top_q: int = 1,
54 |         top_q_threshold: Optional[float] = None,
   |                          ^^^^^^^^^^^^^^^
55 |         ks_window_size: Optional[int] = None,
56 |     ) -> None:
   |
help: Convert to `X | None`

UP045 Use `X | None` for type annotations
  --> src/uais/fusion/attention/reliability_estimator.py:55:25
   |
53 |         top_q: int = 1,
54 |         top_q_threshold: Optional[float] = None,
55 |         ks_window_size: Optional[int] = None,
   |                         ^^^^^^^^^^^^^
56 |     ) -> None:
57 |         if abs(ece_weight + ks_weight + sharpness_weight - 1.0) > 1e-6:
   |
help: Convert to `X | None`

UP006 Use `dict` instead of `Dict` for type annotation
  --> src/uais/fusion/attention/reliability_estimator.py:87:28
   |
85 |         self.ks_window_size = int(ks_window_size) if ks_window_size is not None else None
86 |
87 |         self._calibrators: Dict[str, IsotonicRegression] = {}
   |                            ^^^^
88 |         self._reference_scores: Dict[str, np.ndarray] = {}
89 |         self._domain_ece: Dict[str, float] = {}
   |
help: Replace with `dict`

UP006 Use `dict` instead of `Dict` for type annotation
  --> src/uais/fusion/attention/reliability_estimator.py:88:33
   |
87 |         self._calibrators: Dict[str, IsotonicRegression] = {}
88 |         self._reference_scores: Dict[str, np.ndarray] = {}
   |                                 ^^^^
89 |         self._domain_ece: Dict[str, float] = {}
90 |         self.fitted: bool = False
   |
help: Replace with `dict`

UP006 Use `dict` instead of `Dict` for type annotation
  --> src/uais/fusion/attention/reliability_estimator.py:89:27
   |
87 |         self._calibrators: Dict[str, IsotonicRegression] = {}
88 |         self._reference_scores: Dict[str, np.ndarray] = {}
89 |         self._domain_ece: Dict[str, float] = {}
   |                           ^^^^
90 |         self.fitted: bool = False
   |
help: Replace with `dict`

UP037 [*] Remove quotes from type annotation
   --> src/uais/fusion/attention/reliability_estimator.py:101:10
    |
 99 |         masks: np.ndarray,
100 |         labels: np.ndarray,
101 |     ) -> "ReliabilityEstimator":
    |          ^^^^^^^^^^^^^^^^^^^^^^
102 |         """Fit isotonic calibrators and store reference distributions.
    |
help: Remove quotes

UP045 Use `X | None` for type annotations
   --> src/uais/fusion/attention/reliability_estimator.py:211:25
    |
209 |         weights: np.ndarray,
210 |         masks: np.ndarray,
211 |         gate_threshold: Optional[float] = None,
    |                         ^^^^^^^^^^^^^^^
212 |         gate_mode: Optional[str] = None,
213 |         min_gate_threshold: Optional[float] = None,
    |
help: Convert to `X | None`

UP045 Use `X | None` for type annotations
   --> src/uais/fusion/attention/reliability_estimator.py:212:20
    |
210 |         masks: np.ndarray,
211 |         gate_threshold: Optional[float] = None,
212 |         gate_mode: Optional[str] = None,
    |                    ^^^^^^^^^^^^^
213 |         min_gate_threshold: Optional[float] = None,
214 |         top_q: Optional[int] = None,
    |
help: Convert to `X | None`

UP045 Use `X | None` for type annotations
   --> src/uais/fusion/attention/reliability_estimator.py:213:29
    |
211 |         gate_threshold: Optional[float] = None,
212 |         gate_mode: Optional[str] = None,
213 |         min_gate_threshold: Optional[float] = None,
    |                             ^^^^^^^^^^^^^^^
214 |         top_q: Optional[int] = None,
215 |         top_q_threshold: Optional[float] = None,
    |
help: Convert to `X | None`

UP045 Use `X | None` for type annotations
   --> src/uais/fusion/attention/reliability_estimator.py:214:16
    |
212 |         gate_mode: Optional[str] = None,
213 |         min_gate_threshold: Optional[float] = None,
214 |         top_q: Optional[int] = None,
    |                ^^^^^^^^^^^^^
215 |         top_q_threshold: Optional[float] = None,
216 |     ) -> np.ndarray:
    |
help: Convert to `X | None`

UP045 Use `X | None` for type annotations
   --> src/uais/fusion/attention/reliability_estimator.py:215:26
    |
213 |         min_gate_threshold: Optional[float] = None,
214 |         top_q: Optional[int] = None,
215 |         top_q_threshold: Optional[float] = None,
    |                          ^^^^^^^^^^^^^^^
216 |     ) -> np.ndarray:
217 |         """Return [N] bool: True = use reliability path, False = use static path.
    |
help: Convert to `X | None`

UP006 Use `dict` instead of `Dict` for type annotation
   --> src/uais/fusion/attention/reliability_estimator.py:276:33
    |
274 |     # ------------------------------------------------------------------
275 |
276 |     def get_domain_ece(self) -> Dict[str, float]:
    |                                 ^^^^
277 |         """Return stored per-domain ECE from the calibration fit."""
278 |         if not self.fitted:
    |
help: Replace with `dict`

UP037 [*] Remove quotes from type annotation
   --> src/uais/fusion/attention/reliability_estimator.py:322:40
    |
321 |     @classmethod
322 |     def load(cls, path: str | Path) -> "ReliabilityEstimator":
    |                                        ^^^^^^^^^^^^^^^^^^^^^^
323 |         """Load a previously saved ReliabilityEstimator."""
324 |         payload = joblib.load(path)
    |
help: Remove quotes

UP006 Use `dict` instead of `Dict` for type annotation
   --> src/uais/fusion/attention/reliability_estimator.py:361:42
    |
359 |             raise ValueError("unknown_category_policy must be 'global' or 'assume_reliable'.")
360 |         self.unknown_category_policy = unknown_category_policy
361 |         self._category_reference_scores: Dict[str, Dict[str, np.ndarray]] = {}
    |                                          ^^^^
362 |
363 |     def fit(
    |
help: Replace with `dict`

UP006 Use `dict` instead of `Dict` for type annotation
   --> src/uais/fusion/attention/reliability_estimator.py:361:52
    |
359 |             raise ValueError("unknown_category_policy must be 'global' or 'assume_reliable'.")
360 |         self.unknown_category_policy = unknown_category_policy
361 |         self._category_reference_scores: Dict[str, Dict[str, np.ndarray]] = {}
    |                                                    ^^^^
362 |
363 |     def fit(
    |
help: Replace with `dict`

UP045 Use `X | None` for type annotations
   --> src/uais/fusion/attention/reliability_estimator.py:368:21
    |
366 |         masks: np.ndarray,
367 |         labels: np.ndarray,
368 |         categories: Optional[np.ndarray] = None,
    |                     ^^^^^^^^^^^^^^^^^^^^
369 |     ) -> "CategoryAwareReliabilityEstimator":
370 |         super().fit(features, masks, labels)
    |
help: Convert to `X | None`

UP037 [*] Remove quotes from type annotation
   --> src/uais/fusion/attention/reliability_estimator.py:369:10
    |
367 |         labels: np.ndarray,
368 |         categories: Optional[np.ndarray] = None,
369 |     ) -> "CategoryAwareReliabilityEstimator":
    |          ^^^^^^^^^^^^^^^^^^^^^^^^^^^^^^^^^^^
370 |         super().fit(features, masks, labels)
371 |         self._category_reference_scores = {domain: {} for domain in self.domain_order}
    |
help: Remove quotes

UP045 Use `X | None` for type annotations
   --> src/uais/fusion/attention/reliability_estimator.py:399:21
    |
397 |         features: np.ndarray,
398 |         masks: np.ndarray,
399 |         categories: Optional[np.ndarray] = None,
    |                     ^^^^^^^^^^^^^^^^^^^^
400 |     ) -> np.ndarray:
401 |         if categories is None or not self._category_reference_scores:
    |
help: Convert to `X | None`

UP037 [*] Remove quotes from type annotation
   --> src/uais/fusion/attention/reliability_estimator.py:464:40
    |
463 |     @classmethod
464 |     def load(cls, path: str | Path) -> "CategoryAwareReliabilityEstimator":
    |                                        ^^^^^^^^^^^^^^^^^^^^^^^^^^^^^^^^^^^
465 |         payload = joblib.load(path)
466 |         obj = cls(
    |
help: Remove quotes

I001 [*] Import block is un-sorted or un-formatted
  --> src/uais/fusion/attention/train_attention_fusion.py:3:1
   |
 1 |   """Training script for cross-modal attention fusion."""
 2 |
 3 | / from __future__ import annotations
 4 | |
 5 | | import json
 6 | | from pathlib import Path
 7 | | from typing import Dict, Tuple
 8 | |
 9 | | import numpy as np
10 | | import torch
11 | | from sklearn.model_selection import train_test_split
12 | | from torch import nn
13 | | from torch.utils.data import DataLoader
14 | |
15 | | from uais.fusion.attention.attention_utils import (
16 | |     FusionDataset,
17 | |     apply_domain_dropout,
18 | |     build_fusion_tensors,
19 | |     infer_feature_columns,
20 | |     load_fusion_dataframe,
21 | |     prepare_fusion_dataframe,
22 | |     validate_fusion_schema,
23 | |     hash_file,
24 | | )
25 | | from uais.fusion.attention.cross_modal_attention import AttentionFusionModel
26 | | from uais.utils.config_loader import load_yaml
27 | | from uais.utils.metrics import classification_metrics
28 | | from uais.utils.mlflow_utils import load_mlflow_settings, log_run, setup_mlflow
29 | | from uais.utils.paths import PROJECT_ROOT
   | |_________________________________________^
30 |
31 |   DEFAULT_CONFIG = Path("src/uais/fusion/attention/attention_config.yaml")
   |
help: Organize imports

UP035 `typing.Dict` is deprecated, use `dict` instead
 --> src/uais/fusion/attention/train_attention_fusion.py:7:1
  |
5 | import json
6 | from pathlib import Path
7 | from typing import Dict, Tuple
  | ^^^^^^^^^^^^^^^^^^^^^^^^^^^^^^
8 |
9 | import numpy as np
  |

UP035 `typing.Tuple` is deprecated, use `tuple` instead
 --> src/uais/fusion/attention/train_attention_fusion.py:7:1
  |
5 | import json
6 | from pathlib import Path
7 | from typing import Dict, Tuple
  | ^^^^^^^^^^^^^^^^^^^^^^^^^^^^^^
8 |
9 | import numpy as np
  |

UP006 Use `tuple` instead of `Tuple` for type annotation
  --> src/uais/fusion/attention/train_attention_fusion.py:47:6
   |
45 |     confidences: torch.Tensor | None = None,
46 |     lambda_reg: float = 0.01,
47 | ) -> Tuple[torch.Tensor, Dict[str, float]]:
   |      ^^^^^
48 |     bce_loss = nn.functional.binary_cross_entropy_with_logits(logits, targets)
49 |     entropy = torch.tensor(0.0, device=logits.device)
   |
help: Replace with `tuple`

UP006 Use `dict` instead of `Dict` for type annotation
  --> src/uais/fusion/attention/train_attention_fusion.py:47:26
   |
45 |     confidences: torch.Tensor | None = None,
46 |     lambda_reg: float = 0.01,
47 | ) -> Tuple[torch.Tensor, Dict[str, float]]:
   |                          ^^^^
48 |     bce_loss = nn.functional.binary_cross_entropy_with_logits(logits, targets)
49 |     entropy = torch.tensor(0.0, device=logits.device)
   |
help: Replace with `dict`

UP006 Use `dict` instead of `Dict` for type annotation
  --> src/uais/fusion/attention/train_attention_fusion.py:65:94
   |
65 | def evaluate_model(model: AttentionFusionModel, loader: DataLoader, device: torch.device) -> Dict[str, float]:
   |                                                                                              ^^^^
66 |     model.eval()
67 |     all_probs = []
   |
help: Replace with `dict`

I001 [*] Import block is un-sorted or un-formatted
  --> src/uais/fusion/attention/unsupervised_baselines.py:34:1
   |
32 |   """
33 |
34 | / from __future__ import annotations
35 | |
36 | | from dataclasses import dataclass, field
37 | | from typing import Dict, List, Optional, Tuple
38 | |
39 | | import numpy as np
40 | | import torch
41 | | import torch.nn as nn
42 | | from sklearn.cluster import KMeans
43 | | from sklearn.ensemble import IsolationForest
44 | | from sklearn.mixture import BayesianGaussianMixture, GaussianMixture
45 | | from sklearn.neighbors import LocalOutlierFactor
46 | | from sklearn.preprocessing import StandardScaler
47 | | from sklearn.svm import OneClassSVM
   | |___________________________________^
   |
help: Organize imports

UP035 `typing.Dict` is deprecated, use `dict` instead
  --> src/uais/fusion/attention/unsupervised_baselines.py:37:1
   |
36 | from dataclasses import dataclass, field
37 | from typing import Dict, List, Optional, Tuple
   | ^^^^^^^^^^^^^^^^^^^^^^^^^^^^^^^^^^^^^^^^^^^^^^
38 |
39 | import numpy as np
   |

UP035 `typing.List` is deprecated, use `list` instead
  --> src/uais/fusion/attention/unsupervised_baselines.py:37:1
   |
36 | from dataclasses import dataclass, field
37 | from typing import Dict, List, Optional, Tuple
   | ^^^^^^^^^^^^^^^^^^^^^^^^^^^^^^^^^^^^^^^^^^^^^^
38 |
39 | import numpy as np
   |

UP035 `typing.Tuple` is deprecated, use `tuple` instead
  --> src/uais/fusion/attention/unsupervised_baselines.py:37:1
   |
36 | from dataclasses import dataclass, field
37 | from typing import Dict, List, Optional, Tuple
   | ^^^^^^^^^^^^^^^^^^^^^^^^^^^^^^^^^^^^^^^^^^^^^^
38 |
39 | import numpy as np
   |

UP006 Use `tuple` instead of `Tuple` for type annotation
  --> src/uais/fusion/attention/unsupervised_baselines.py:69:6
   |
67 |     masks: np.ndarray,
68 |     labels: np.ndarray,
69 | ) -> Tuple[np.ndarray, np.ndarray]:
   |      ^^^^^
70 |     """Filter to label==0 rows.  Anomaly labels are never seen during fit().
   |
help: Replace with `tuple`

UP006 Use `list` instead of `List` for type annotation
   --> src/uais/fusion/attention/unsupervised_baselines.py:167:19
    |
165 |     activations, latent size)'.
166 |     """
167 |     encoder_dims: List[int] = field(default_factory=lambda: [64, 32])
    |                   ^^^^
168 |     latent_dim: int = 8
169 |     decoder_dims: List[int] = field(default_factory=lambda: [32, 64])
    |
help: Replace with `list`

UP006 Use `list` instead of `List` for type annotation
   --> src/uais/fusion/attention/unsupervised_baselines.py:169:19
    |
167 |     encoder_dims: List[int] = field(default_factory=lambda: [64, 32])
168 |     latent_dim: int = 8
169 |     decoder_dims: List[int] = field(default_factory=lambda: [32, 64])
    |                   ^^^^
170 |     activation: str = "ReLU"
171 |     dropout: float = 0.0
    |
help: Replace with `list`

UP045 Use `X | None` for type annotations
   --> src/uais/fusion/attention/unsupervised_baselines.py:192:33
    |
190 |         self.config = config or self._config_cls()
191 |         self._scaler = StandardScaler()
192 |         self._train_raw_scores: Optional[np.ndarray] = None
    |                                 ^^^^^^^^^^^^^^^^^^^^
193 |         self._fitted = False
    |
help: Convert to `X | None`

UP045 Use `X | None` for type annotations
   --> src/uais/fusion/attention/unsupervised_baselines.py:199:21
    |
197 |     # ------------------------------------------------------------------
198 |     def fit(self, features: np.ndarray, masks: np.ndarray,
199 |             labels: Optional[np.ndarray] = None) -> "_BaseUnsupervised":
    |                     ^^^^^^^^^^^^^^^^^^^^
200 |         f_norm, m_norm = _normal_only(features, masks, labels)
201 |         if len(f_norm) == 0:
    |
help: Convert to `X | None`

UP037 [*] Remove quotes from type annotation
   --> src/uais/fusion/attention/unsupervised_baselines.py:199:53
    |
197 |     # ------------------------------------------------------------------
198 |     def fit(self, features: np.ndarray, masks: np.ndarray,
199 |             labels: Optional[np.ndarray] = None) -> "_BaseUnsupervised":
    |                                                     ^^^^^^^^^^^^^^^^^^^
200 |         f_norm, m_norm = _normal_only(features, masks, labels)
201 |         if len(f_norm) == 0:
    |
help: Remove quotes

UP006 Use `dict` instead of `Dict` for type annotation
   --> src/uais/fusion/attention/unsupervised_baselines.py:219:38
    |
217 |         return _percentile_calibrate(raw, self._train_raw_scores)
218 |
219 |     def get_hyperparameters(self) -> Dict:
    |                                      ^^^^
220 |         """Return all hyperparameters used by this baseline (for reproducibility)."""
221 |         return {k: getattr(self.config, k) for k in self.config.__dataclass_fields__}
    |
help: Replace with `dict`

UP006 Use `list` instead of `List` for type annotation
   --> src/uais/fusion/attention/unsupervised_baselines.py:401:21
    |
399 |         super().__init__()
400 |         act = getattr(nn, cfg.activation)
401 |         enc_layers: List[nn.Module] = []
    |                     ^^^^
402 |         prev = input_dim
403 |         for h in cfg.encoder_dims:
    |
help: Replace with `list`

UP006 Use `list` instead of `List` for type annotation
   --> src/uais/fusion/attention/unsupervised_baselines.py:411:21
    |
409 |         self.encoder = nn.Sequential(*enc_layers)
410 |
411 |         dec_layers: List[nn.Module] = []
    |                     ^^^^
412 |         prev = cfg.latent_dim
413 |         for h in cfg.decoder_dims:
    |
help: Replace with `list`

UP045 Use `X | None` for type annotations
   --> src/uais/fusion/attention/unsupervised_baselines.py:430:32
    |
428 |     _config_cls = AEConfig
429 |
430 |     def __init__(self, config: Optional[AEConfig] = None,
    |                                ^^^^^^^^^^^^^^^^^^
431 |                  device: Optional[torch.device] = None) -> None:
432 |         super().__init__(config)
    |
help: Convert to `X | None`

UP045 Use `X | None` for type annotations
   --> src/uais/fusion/attention/unsupervised_baselines.py:431:26
    |
430 |     def __init__(self, config: Optional[AEConfig] = None,
431 |                  device: Optional[torch.device] = None) -> None:
    |                          ^^^^^^^^^^^^^^^^^^^^^^
432 |         super().__init__(config)
433 |         self.device = device or torch.device("cpu")
    |
help: Convert to `X | None`

UP045 Use `X | None` for type annotations
   --> src/uais/fusion/attention/unsupervised_baselines.py:434:22
    |
432 |         super().__init__(config)
433 |         self.device = device or torch.device("cpu")
434 |         self._model: Optional[_SymmetricAE] = None
    |                      ^^^^^^^^^^^^^^^^^^^^^^
435 |
436 |     def _fit_normal(self, X: np.ndarray) -> None:
    |
help: Convert to `X | None`

UP045 Use `X | None` for type annotations
   --> src/uais/fusion/attention/unsupervised_baselines.py:503:15
    |
501 |     test_idx: np.ndarray,
502 |     *,
503 |     bgmm_cfg: Optional[BGMMConfig] = None,
    |               ^^^^^^^^^^^^^^^^^^^^
504 |     gmm_cfg: Optional[GMMConfig] = None,
505 |     kmeans_cfg: Optional[KMeansConfig] = None,
    |
help: Convert to `X | None`

UP045 Use `X | None` for type annotations
   --> src/uais/fusion/attention/unsupervised_baselines.py:504:14
    |
502 |     *,
503 |     bgmm_cfg: Optional[BGMMConfig] = None,
504 |     gmm_cfg: Optional[GMMConfig] = None,
    |              ^^^^^^^^^^^^^^^^^^^
505 |     kmeans_cfg: Optional[KMeansConfig] = None,
506 |     iforest_cfg: Optional[IForestConfig] = None,
    |
help: Convert to `X | None`

UP045 Use `X | None` for type annotations
   --> src/uais/fusion/attention/unsupervised_baselines.py:505:17
    |
503 |     bgmm_cfg: Optional[BGMMConfig] = None,
504 |     gmm_cfg: Optional[GMMConfig] = None,
505 |     kmeans_cfg: Optional[KMeansConfig] = None,
    |                 ^^^^^^^^^^^^^^^^^^^^^^
506 |     iforest_cfg: Optional[IForestConfig] = None,
507 |     ocsvm_cfg: Optional[OCSVMConfig] = None,
    |
help: Convert to `X | None`

UP045 Use `X | None` for type annotations
   --> src/uais/fusion/attention/unsupervised_baselines.py:506:18
    |
504 |     gmm_cfg: Optional[GMMConfig] = None,
505 |     kmeans_cfg: Optional[KMeansConfig] = None,
506 |     iforest_cfg: Optional[IForestConfig] = None,
    |                  ^^^^^^^^^^^^^^^^^^^^^^^
507 |     ocsvm_cfg: Optional[OCSVMConfig] = None,
508 |     lof_cfg: Optional[LOFConfig] = None,
    |
help: Convert to `X | None`

UP045 Use `X | None` for type annotations
   --> src/uais/fusion/attention/unsupervised_baselines.py:507:16
    |
505 |     kmeans_cfg: Optional[KMeansConfig] = None,
506 |     iforest_cfg: Optional[IForestConfig] = None,
507 |     ocsvm_cfg: Optional[OCSVMConfig] = None,
    |                ^^^^^^^^^^^^^^^^^^^^^
508 |     lof_cfg: Optional[LOFConfig] = None,
509 |     ae_cfg: Optional[AEConfig] = None,
    |
help: Convert to `X | None`

UP045 Use `X | None` for type annotations
   --> src/uais/fusion/attention/unsupervised_baselines.py:508:14
    |
506 |     iforest_cfg: Optional[IForestConfig] = None,
507 |     ocsvm_cfg: Optional[OCSVMConfig] = None,
508 |     lof_cfg: Optional[LOFConfig] = None,
    |              ^^^^^^^^^^^^^^^^^^^
509 |     ae_cfg: Optional[AEConfig] = None,
510 |     device: Optional[torch.device] = None,
    |
help: Convert to `X | None`

UP045 Use `X | None` for type annotations
   --> src/uais/fusion/attention/unsupervised_baselines.py:509:13
    |
507 |     ocsvm_cfg: Optional[OCSVMConfig] = None,
508 |     lof_cfg: Optional[LOFConfig] = None,
509 |     ae_cfg: Optional[AEConfig] = None,
    |             ^^^^^^^^^^^^^^^^^^
510 |     device: Optional[torch.device] = None,
511 | ) -> Dict[str, Dict]:
    |
help: Convert to `X | None`

UP045 Use `X | None` for type annotations
   --> src/uais/fusion/attention/unsupervised_baselines.py:510:13
    |
508 |     lof_cfg: Optional[LOFConfig] = None,
509 |     ae_cfg: Optional[AEConfig] = None,
510 |     device: Optional[torch.device] = None,
    |             ^^^^^^^^^^^^^^^^^^^^^^
511 | ) -> Dict[str, Dict]:
512 |     """Fit every unsupervised baseline on training-set normals only,
    |
help: Convert to `X | None`

UP006 Use `dict` instead of `Dict` for type annotation
   --> src/uais/fusion/attention/unsupervised_baselines.py:511:6
    |
509 |     ae_cfg: Optional[AEConfig] = None,
510 |     device: Optional[torch.device] = None,
511 | ) -> Dict[str, Dict]:
    |      ^^^^
512 |     """Fit every unsupervised baseline on training-set normals only,
513 |     score the test set, and return {name: classification_metrics}."""
    |
help: Replace with `dict`

UP006 Use `dict` instead of `Dict` for type annotation
   --> src/uais/fusion/attention/unsupervised_baselines.py:511:16
    |
509 |     ae_cfg: Optional[AEConfig] = None,
510 |     device: Optional[torch.device] = None,
511 | ) -> Dict[str, Dict]:
    |                ^^^^
512 |     """Fit every unsupervised baseline on training-set normals only,
513 |     score the test set, and return {name: classification_metrics}."""
    |
help: Replace with `dict`

UP006 Use `dict` instead of `Dict` for type annotation
   --> src/uais/fusion/attention/unsupervised_baselines.py:529:14
    |
527 |     }
528 |
529 |     results: Dict[str, Dict] = {}
    |              ^^^^
530 |     for name, det in detectors.items():
531 |         try:
    |
help: Replace with `dict`

UP006 Use `dict` instead of `Dict` for type annotation
   --> src/uais/fusion/attention/unsupervised_baselines.py:529:24
    |
527 |     }
528 |
529 |     results: Dict[str, Dict] = {}
    |                        ^^^^
530 |     for name, det in detectors.items():
531 |         try:
    |
help: Replace with `dict`

UP035 `typing.Dict` is deprecated, use `dict` instead
 --> src/uais/fusion/attention/validate_fusion_inputs.py:7:1
  |
5 | import json
6 | from pathlib import Path
7 | from typing import Dict
  | ^^^^^^^^^^^^^^^^^^^^^^^
8 |
9 | from uais.fusion.attention.attention_utils import (
  |

UP006 Use `dict` instead of `Dict` for type annotation
  --> src/uais/fusion/attention/validate_fusion_inputs.py:29:67
   |
29 | def validate_attention_inputs(cfg_path: Path = DEFAULT_CONFIG) -> Dict[str, object]:
   |                                                                   ^^^^
30 |     cfg = load_yaml(cfg_path)
31 |     data_cfg = cfg.get("data", {})
   |
help: Replace with `dict`

UP035 [*] Import from `collections.abc` instead: `Iterable`
 --> src/uais/fusion/build_embeddings.py:2:1
  |
1 | """Utilities for building/combining embeddings across domains."""
2 | from typing import Dict, Iterable
  | ^^^^^^^^^^^^^^^^^^^^^^^^^^^^^^^^^
3 |
4 | import numpy as np
  |
help: Import from `collections.abc`

UP035 `typing.Dict` is deprecated, use `dict` instead
 --> src/uais/fusion/build_embeddings.py:2:1
  |
1 | """Utilities for building/combining embeddings across domains."""
2 | from typing import Dict, Iterable
  | ^^^^^^^^^^^^^^^^^^^^^^^^^^^^^^^^^
3 |
4 | import numpy as np
  |

UP006 Use `dict` instead of `Dict` for type annotation
  --> src/uais/fusion/build_embeddings.py:14:34
   |
14 | def merge_embeddings(embeddings: Dict[str, np.ndarray]) -> np.ndarray:
   |                                  ^^^^
15 |     """Horizontally concatenate embeddings from multiple domains.
   |
help: Replace with `dict`

UP006 Use `dict` instead of `Dict` for type annotation
  --> src/uais/fusion/build_embeddings.py:26:40
   |
26 | def generate_meta_features(score_dict: Dict[str, Iterable[float]]) -> np.ndarray:
   |                                        ^^^^
27 |     """Convert domain -> score iterable into a 2D meta-feature array."""
28 |     keys = sorted(score_dict)
   |
help: Replace with `dict`

UP035 `typing.Dict` is deprecated, use `dict` instead
 --> src/uais/fusion/evaluate_fusion.py:2:1
  |
1 | """Evaluation utilities for fusion models."""
2 | from typing import Dict
  | ^^^^^^^^^^^^^^^^^^^^^^^
3 |
4 | import numpy as np
  |

UP006 Use `dict` instead of `Dict` for type annotation
  --> src/uais/fusion/evaluate_fusion.py:9:61
   |
 9 | def evaluate_fusion(model, X: np.ndarray, y: np.ndarray) -> Dict[str, float]:
   |                                                             ^^^^
10 |     y_pred = model.predict(X)
11 |     proba = model.predict_proba(X)[:, 1] if hasattr(model, "predict_proba") else None
   |
help: Replace with `dict`

UP035 `typing.Dict` is deprecated, use `dict` instead
  --> src/uais/fusion/run_fusion.py:10:1
   |
 9 | from pathlib import Path
10 | from typing import Dict, Tuple
   | ^^^^^^^^^^^^^^^^^^^^^^^^^^^^^^
11 |
12 | import joblib
   |

UP035 `typing.Tuple` is deprecated, use `tuple` instead
  --> src/uais/fusion/run_fusion.py:10:1
   |
 9 | from pathlib import Path
10 | from typing import Dict, Tuple
   | ^^^^^^^^^^^^^^^^^^^^^^^^^^^^^^
11 |
12 | import joblib
   |

UP006 Use `dict` instead of `Dict` for type annotation
  --> src/uais/fusion/run_fusion.py:26:31
   |
26 | def _load_yaml(path: Path) -> Dict:
   |                               ^^^^
27 |     import yaml
   |
help: Replace with `dict`

UP006 Use `tuple` instead of `Tuple` for type annotation
  --> src/uais/fusion/run_fusion.py:36:6
   |
34 |     score_col: str,
35 |     label_col: str | None,
36 | ) -> Tuple[np.ndarray, np.ndarray | None, pd.DataFrame | None]:
   |      ^^^^^
37 |     if not path.exists():
38 |         raise FileNotFoundError(f"Score file not found: {path}")
   |
help: Replace with `tuple`

UP006 Use `dict` instead of `Dict` for type annotation
  --> src/uais/fusion/run_fusion.py:74:31
   |
74 | def _align_scores(score_dict: Dict[str, np.ndarray]) -> Dict[str, np.ndarray]:
   |                               ^^^^
75 |     min_len = min(len(v) for v in score_dict.values())
76 |     return {k: v[:min_len] for k, v in score_dict.items()}
   |
help: Replace with `dict`

UP006 Use `dict` instead of `Dict` for type annotation
  --> src/uais/fusion/run_fusion.py:74:57
   |
74 | def _align_scores(score_dict: Dict[str, np.ndarray]) -> Dict[str, np.ndarray]:
   |                                                         ^^^^
75 |     min_len = min(len(v) for v in score_dict.values())
76 |     return {k: v[:min_len] for k, v in score_dict.items()}
   |
help: Replace with `dict`

UP006 Use `tuple` instead of `Tuple` for type annotation
  --> src/uais/fusion/run_fusion.py:79:37
   |
79 | def _load_inputs(cfg_path: Path) -> Tuple[Dict[str, np.ndarray], np.ndarray]:
   |                                     ^^^^^
80 |     cfg = _load_yaml(cfg_path)
81 |     fusion_cfg = cfg.get("fusion", {}) if isinstance(cfg, dict) else {}
   |
help: Replace with `tuple`

UP006 Use `dict` instead of `Dict` for type annotation
  --> src/uais/fusion/run_fusion.py:79:43
   |
79 | def _load_inputs(cfg_path: Path) -> Tuple[Dict[str, np.ndarray], np.ndarray]:
   |                                           ^^^^
80 |     cfg = _load_yaml(cfg_path)
81 |     fusion_cfg = cfg.get("fusion", {}) if isinstance(cfg, dict) else {}
   |
help: Replace with `dict`

UP006 Use `dict` instead of `Dict` for type annotation
  --> src/uais/fusion/run_fusion.py:92:19
   |
90 |     scores = {}
91 |     labels = None
92 |     score_frames: Dict[str, pd.DataFrame] = {}
   |                   ^^^^
93 |     for domain, path in score_paths.items():
94 |         s, l, frame = _read_scores(Path(path), score_col, label_col)
   |
help: Replace with `dict`

E741 Ambiguous variable name: `l`
  --> src/uais/fusion/run_fusion.py:94:12
   |
92 |     score_frames: Dict[str, pd.DataFrame] = {}
93 |     for domain, path in score_paths.items():
94 |         s, l, frame = _read_scores(Path(path), score_col, label_col)
   |            ^
95 |         scores[domain] = s
96 |         if l is not None:
   |

UP035 `typing.Dict` is deprecated, use `dict` instead
 --> src/uais/fusion/train_fusion_meta.py:7:1
  |
5 | """
6 | from pathlib import Path
7 | from typing import Dict, Tuple
  | ^^^^^^^^^^^^^^^^^^^^^^^^^^^^^^
8 |
9 | import numpy as np
  |

UP035 `typing.Tuple` is deprecated, use `tuple` instead
 --> src/uais/fusion/train_fusion_meta.py:7:1
  |
5 | """
6 | from pathlib import Path
7 | from typing import Dict, Tuple
  | ^^^^^^^^^^^^^^^^^^^^^^^^^^^^^^
8 |
9 | import numpy as np
  |

UP006 Use `dict` instead of `Dict` for type annotation
  --> src/uais/fusion/train_fusion_meta.py:17:39
   |
17 | def build_fusion_dataset(score_paths: Dict[str, Path] | None = None) -> Tuple[Dict[str, np.ndarray], np.ndarray]:
   |                                       ^^^^
18 |     """Load per-domain score CSVs and align lengths.
   |
help: Replace with `dict`

UP006 Use `tuple` instead of `Tuple` for type annotation
  --> src/uais/fusion/train_fusion_meta.py:17:73
   |
17 | def build_fusion_dataset(score_paths: Dict[str, Path] | None = None) -> Tuple[Dict[str, np.ndarray], np.ndarray]:
   |                                                                         ^^^^^
18 |     """Load per-domain score CSVs and align lengths.
   |
help: Replace with `tuple`

UP006 Use `dict` instead of `Dict` for type annotation
  --> src/uais/fusion/train_fusion_meta.py:17:79
   |
17 | def build_fusion_dataset(score_paths: Dict[str, Path] | None = None) -> Tuple[Dict[str, np.ndarray], np.ndarray]:
   |                                                                               ^^^^
18 |     """Load per-domain score CSVs and align lengths.
   |
help: Replace with `dict`

UP006 Use `dict` instead of `Dict` for type annotation
  --> src/uais/fusion/train_fusion_meta.py:34:19
   |
32 |     labels = None
33 |     sample_id_sets = []
34 |     score_frames: Dict[str, pd.DataFrame] = {}
   |                   ^^^^
35 |     for domain, path in score_paths.items():
36 |         # Allow relative paths to be resolved from project root for notebooks/scripts.
   |
help: Replace with `dict`

UP006 Use `dict` instead of `Dict` for type annotation
   --> src/uais/fusion/train_fusion_meta.py:105:37
    |
105 | def train_fusion_model(score_paths: Dict[str, Path] | None = None, config: Dict | None = None):
    |                                     ^^^^
106 |     score_dict, labels = build_fusion_dataset(score_paths)
107 |     config = config or {"data": {"test_size": 0.2}, "seed": 42}
    |
help: Replace with `dict`

UP006 Use `dict` instead of `Dict` for type annotation
   --> src/uais/fusion/train_fusion_meta.py:105:76
    |
105 | def train_fusion_model(score_paths: Dict[str, Path] | None = None, config: Dict | None = None):
    |                                                                            ^^^^
106 |     score_dict, labels = build_fusion_dataset(score_paths)
107 |     config = config or {"data": {"test_size": 0.2}, "seed": 42}
    |
help: Replace with `dict`

UP035 `typing.Dict` is deprecated, use `dict` instead
 --> src/uais/fusion/train_fusion_model.py:2:1
  |
1 | """Fusion model that learns from multiple domain embeddings/scores."""
2 | from typing import Dict, Tuple
  | ^^^^^^^^^^^^^^^^^^^^^^^^^^^^^^
3 |
4 | import joblib
  |

UP035 `typing.Tuple` is deprecated, use `tuple` instead
 --> src/uais/fusion/train_fusion_model.py:2:1
  |
1 | """Fusion model that learns from multiple domain embeddings/scores."""
2 | from typing import Dict, Tuple
  | ^^^^^^^^^^^^^^^^^^^^^^^^^^^^^^
3 |
4 | import joblib
  |

UP006 Use `dict` instead of `Dict` for type annotation
  --> src/uais/fusion/train_fusion_model.py:19:17
   |
18 | def train_fusion_meta_model(
19 |     score_dict: Dict[str, np.ndarray],
   |                 ^^^^
20 |     labels: np.ndarray,
21 |     config: Dict,
   |
help: Replace with `dict`

UP006 Use `dict` instead of `Dict` for type annotation
  --> src/uais/fusion/train_fusion_model.py:21:13
   |
19 |     score_dict: Dict[str, np.ndarray],
20 |     labels: np.ndarray,
21 |     config: Dict,
   |             ^^^^
22 | ) -> Tuple[LogisticRegression, Dict[str, float]]:
23 |     ensure_directories()
   |
help: Replace with `dict`

UP006 Use `tuple` instead of `Tuple` for type annotation
  --> src/uais/fusion/train_fusion_model.py:22:6
   |
20 |     labels: np.ndarray,
21 |     config: Dict,
22 | ) -> Tuple[LogisticRegression, Dict[str, float]]:
   |      ^^^^^
23 |     ensure_directories()
24 |     X_meta = generate_meta_features(score_dict)
   |
help: Replace with `tuple`

UP006 Use `dict` instead of `Dict` for type annotation
  --> src/uais/fusion/train_fusion_model.py:22:32
   |
20 |     labels: np.ndarray,
21 |     config: Dict,
22 | ) -> Tuple[LogisticRegression, Dict[str, float]]:
   |                                ^^^^
23 |     ensure_directories()
24 |     X_meta = generate_meta_features(score_dict)
   |
help: Replace with `dict`

I001 [*] Import block is un-sorted or un-formatted
  --> src/uais/generative/train_vae.py:3:1
   |
 1 |   """Tabular Variational Autoencoder utilities for UAIS generative experiments."""
 2 |
 3 | / from __future__ import annotations
 4 | |
 5 | | from dataclasses import dataclass
 6 | | from pathlib import Path
 7 | | from typing import Dict
 8 | |
 9 | | import numpy as np
10 | | import pandas as pd
11 | | import tensorflow as tf
12 | | from sklearn.model_selection import train_test_split
13 | | from sklearn.preprocessing import StandardScaler
14 | | from keras import ops, random
   | |_____________________________^
   |
help: Organize imports

UP035 `typing.Dict` is deprecated, use `dict` instead
 --> src/uais/generative/train_vae.py:7:1
  |
5 | from dataclasses import dataclass
6 | from pathlib import Path
7 | from typing import Dict
  | ^^^^^^^^^^^^^^^^^^^^^^^
8 |
9 | import numpy as np
  |

UP006 Use `dict` instead of `Dict` for type annotation
   --> src/uais/generative/train_vae.py:115:41
    |
115 | def run_vae_pipeline(cfg: VAEConfig) -> Dict[str, float]:
    |                                         ^^^^
116 |     path = cfg.resolve_path()
117 |     df = pd.read_parquet(path) if path.suffix == ".parquet" else pd.read_csv(path)
    |
help: Replace with `dict`

B007 Loop control variable `epoch` not used within loop body
   --> src/uais/generative/train_vae.py:136:9
    |
134 |     }
135 |
136 |     for epoch in range(cfg.epochs):
    |         ^^^^^
137 |         perm = np.random.permutation(len(X_train))
138 |         vae.reset_metrics()
    |
help: Rename unused `epoch` to `_epoch`

UP035 `typing.Dict` is deprecated, use `dict` instead
  --> src/uais/generative/train_wgan.py:14:1
   |
12 | from dataclasses import dataclass, field
13 | from pathlib import Path
14 | from typing import Dict, Optional, Tuple
   | ^^^^^^^^^^^^^^^^^^^^^^^^^^^^^^^^^^^^^^^^
15 |
16 | import numpy as np
   |

UP035 `typing.Tuple` is deprecated, use `tuple` instead
  --> src/uais/generative/train_wgan.py:14:1
   |
12 | from dataclasses import dataclass, field
13 | from pathlib import Path
14 | from typing import Dict, Optional, Tuple
   | ^^^^^^^^^^^^^^^^^^^^^^^^^^^^^^^^^^^^^^^^
15 |
16 | import numpy as np
   |

UP006 Use `tuple` instead of `Tuple` for type annotation
  --> src/uais/generative/train_wgan.py:28:23
   |
26 |     dataset_path: Path
27 |     latent_dim: int = 128
28 |     generator_hidden: Tuple[int, ...] = field(default_factory=lambda: (256, 256))
   |                       ^^^^^
29 |     critic_hidden: Tuple[int, ...] = field(default_factory=lambda: (256, 256))
30 |     epochs: int = 100
   |
help: Replace with `tuple`

UP006 Use `tuple` instead of `Tuple` for type annotation
  --> src/uais/generative/train_wgan.py:29:20
   |
27 |     latent_dim: int = 128
28 |     generator_hidden: Tuple[int, ...] = field(default_factory=lambda: (256, 256))
29 |     critic_hidden: Tuple[int, ...] = field(default_factory=lambda: (256, 256))
   |                    ^^^^^
30 |     epochs: int = 100
31 |     batch_size: int = 128
   |
help: Replace with `tuple`

UP006 Use `tuple` instead of `Tuple` for type annotation
  --> src/uais/generative/train_wgan.py:53:71
   |
51 |     """Maps latent noise z → synthetic tabular sample."""
52 |
53 |     def __init__(self, latent_dim: int, output_dim: int, hidden_dims: Tuple[int, ...]) -> None:
   |                                                                       ^^^^^
54 |         super().__init__()
55 |         layers: list[nn.Module] = []
   |
help: Replace with `tuple`

UP006 Use `tuple` instead of `Tuple` for type annotation
  --> src/uais/generative/train_wgan.py:70:53
   |
68 |     """Scores how 'real' a tabular sample is — no sigmoid, no BatchNorm."""
69 |
70 |     def __init__(self, input_dim: int, hidden_dims: Tuple[int, ...]) -> None:
   |                                                     ^^^^^
71 |         super().__init__()
72 |         layers: list[nn.Module] = []
   |
help: Replace with `tuple`

UP006 Use `dict` instead of `Dict` for type annotation
   --> src/uais/generative/train_wgan.py:107:43
    |
107 | def run_wgan_pipeline(cfg: WGANConfig) -> Dict[str, object]:
    |                                           ^^^^
108 |     """Train a WGAN-GP on numeric tabular data.
    |
help: Replace with `dict`

B007 Loop control variable `epoch` not used within loop body
   --> src/uais/generative/train_wgan.py:142:9
    |
140 |     g_loss = torch.tensor(0.0)
141 |
142 |     for epoch in range(cfg.epochs):
    |         ^^^^^
143 |         perm = torch.randperm(len(X_tensor), device=device)
144 |         X_tensor = X_tensor[perm]
    |
help: Rename unused `epoch` to `_epoch`

UP045 Use `X | None` for type annotations
   --> src/uais/generative/train_wgan.py:199:13
    |
197 |     latent_dim: int,
198 |     scaler: StandardScaler,
199 |     device: Optional[torch.device] = None,
    |             ^^^^^^^^^^^^^^^^^^^^^^
200 | ) -> np.ndarray:
201 |     """Draw n_samples from a trained generator, inverse-scaled to original units."""
    |
help: Convert to `X | None`

UP035 `typing.List` is deprecated, use `list` instead
  --> src/uais/nlp/nlp_utils.py:9:1
   |
 7 | from __future__ import annotations
 8 |
 9 | from typing import List, Tuple
   | ^^^^^^^^^^^^^^^^^^^^^^^^^^^^^^
10 |
11 | import pandas as pd
   |

UP035 `typing.Tuple` is deprecated, use `tuple` instead
  --> src/uais/nlp/nlp_utils.py:9:1
   |
 7 | from __future__ import annotations
 8 |
 9 | from typing import List, Tuple
   | ^^^^^^^^^^^^^^^^^^^^^^^^^^^^^^
10 |
11 | import pandas as pd
   |

UP006 Use `list` instead of `List` for type annotation
  --> src/uais/nlp/nlp_utils.py:15:35
   |
15 | def simple_train_val_split(texts: List[str], labels: List[int], test_size: float = 0.2, seed: int = 42) -> Tuple:
   |                                   ^^^^
16 |     """Small helper to split text/labels into train/val.
   |
help: Replace with `list`

UP006 Use `list` instead of `List` for type annotation
  --> src/uais/nlp/nlp_utils.py:15:54
   |
15 | def simple_train_val_split(texts: List[str], labels: List[int], test_size: float = 0.2, seed: int = 42) -> Tuple:
   |                                                      ^^^^
16 |     """Small helper to split text/labels into train/val.
   |
help: Replace with `list`

UP006 Use `tuple` instead of `Tuple` for type annotation
  --> src/uais/nlp/nlp_utils.py:15:108
   |
15 | def simple_train_val_split(texts: List[str], labels: List[int], test_size: float = 0.2, seed: int = 42) -> Tuple:
   |                                                                                                            ^^^^^
16 |     """Small helper to split text/labels into train/val.
   |
help: Replace with `tuple`

UP006 Use `tuple` instead of `Tuple` for type annotation
  --> src/uais/nlp/nlp_utils.py:25:89
   |
25 | def load_csv_text_label(path: str, text_col: str = "text", label_col: str = "label") -> Tuple[list[str], list[int]]:
   |                                                                                         ^^^^^
26 |     df = pd.read_csv(path)
27 |     if text_col not in df.columns or label_col not in df.columns:
   |
help: Replace with `tuple`

UP035 `typing.Dict` is deprecated, use `dict` instead
  --> src/uais/nlp/train_sentiment_model.py:9:1
   |
 7 | from __future__ import annotations
 8 |
 9 | from typing import Dict, List
   | ^^^^^^^^^^^^^^^^^^^^^^^^^^^^^
10 |
11 | from .train_transformer_text import train_transformer_text
   |

UP035 `typing.List` is deprecated, use `list` instead
  --> src/uais/nlp/train_sentiment_model.py:9:1
   |
 7 | from __future__ import annotations
 8 |
 9 | from typing import Dict, List
   | ^^^^^^^^^^^^^^^^^^^^^^^^^^^^^
10 |
11 | from .train_transformer_text import train_transformer_text
   |

UP006 Use `list` instead of `List` for type annotation
  --> src/uais/nlp/train_sentiment_model.py:15:12
   |
14 | def train_sentiment_model(
15 |     texts: List[str],
   |            ^^^^
16 |     labels: List[int],
17 |     model_name: str = "distilbert-base-uncased",
   |
help: Replace with `list`

UP006 Use `list` instead of `List` for type annotation
  --> src/uais/nlp/train_sentiment_model.py:16:13
   |
14 | def train_sentiment_model(
15 |     texts: List[str],
16 |     labels: List[int],
   |             ^^^^
17 |     model_name: str = "distilbert-base-uncased",
18 |     **kwargs: object,
   |
help: Replace with `list`

UP006 Use `dict` instead of `Dict` for type annotation
  --> src/uais/nlp/train_sentiment_model.py:19:6
   |
17 |     model_name: str = "distilbert-base-uncased",
18 |     **kwargs: object,
19 | ) -> Dict[str, float]:
   |      ^^^^
20 |     """Fine-tune DistilBERT for sentiment-based anomaly detection.
   |
help: Replace with `dict`

UP035 `typing.Dict` is deprecated, use `dict` instead
  --> src/uais/nlp/train_text_classifier.py:12:1
   |
10 | from dataclasses import dataclass
11 | from pathlib import Path
12 | from typing import Dict, Tuple
   | ^^^^^^^^^^^^^^^^^^^^^^^^^^^^^^
13 |
14 | import numpy as np
   |

UP035 `typing.Tuple` is deprecated, use `tuple` instead
  --> src/uais/nlp/train_text_classifier.py:12:1
   |
10 | from dataclasses import dataclass
11 | from pathlib import Path
12 | from typing import Dict, Tuple
   | ^^^^^^^^^^^^^^^^^^^^^^^^^^^^^^
13 |
14 | import numpy as np
   |

UP006 Use `tuple` instead of `Tuple` for type annotation
  --> src/uais/nlp/train_text_classifier.py:42:38
   |
42 | def _load_dataset(cfg: NLPConfig) -> Tuple[pd.Series, pd.Series]:
   |                                      ^^^^^
43 |     path = cfg.resolve_path()
44 |     df = pd.read_csv(path)
   |
help: Replace with `tuple`

UP006 Use `dict` instead of `Dict` for type annotation
  --> src/uais/nlp/train_text_classifier.py:55:44
   |
55 | def run_text_experiment(cfg: NLPConfig) -> Dict[str, float]:
   |                                            ^^^^
56 |     """Train a baseline TF-IDF + logistic regression model and return metrics."""
   |
help: Replace with `dict`

UP006 Use `dict` instead of `Dict` for type annotation
  --> src/uais/nlp/train_text_classifier.py:77:14
   |
75 |     y_pred = (y_prob >= 0.5).astype(int)
76 |
77 |     metrics: Dict[str, float] = {
   |              ^^^^
78 |         "roc_auc": float(roc_auc_score(y_test, y_prob)),
79 |         "accuracy": float(np.mean(y_pred == y_test)),
   |
help: Replace with `dict`

UP035 `typing.Dict` is deprecated, use `dict` instead
  --> src/uais/nlp/train_transformer_text.py:9:1
   |
 7 | from __future__ import annotations
 8 |
 9 | from typing import Dict, List
   | ^^^^^^^^^^^^^^^^^^^^^^^^^^^^^
10 |
11 | import numpy as np
   |

UP035 `typing.List` is deprecated, use `list` instead
  --> src/uais/nlp/train_transformer_text.py:9:1
   |
 7 | from __future__ import annotations
 8 |
 9 | from typing import Dict, List
   | ^^^^^^^^^^^^^^^^^^^^^^^^^^^^^
10 |
11 | import numpy as np
   |

F401 [*] `numpy` imported but unused
  --> src/uais/nlp/train_transformer_text.py:11:17
   |
 9 | from typing import Dict, List
10 |
11 | import numpy as np
   |                 ^^
12 | import torch
13 | from sklearn.metrics import accuracy_score, f1_score, roc_auc_score
   |
help: Remove unused import: `numpy`

UP006 Use `list` instead of `List` for type annotation
  --> src/uais/nlp/train_transformer_text.py:26:49
   |
25 | class _TextDataset(Dataset):
26 |     def __init__(self, encodings: dict, labels: List[int]) -> None:
   |                                                 ^^^^
27 |         self.encodings = encodings
28 |         self.labels = labels
   |
help: Replace with `list`

UP006 Use `list` instead of `List` for type annotation
  --> src/uais/nlp/train_transformer_text.py:51:12
   |
50 | def train_transformer_text(
51 |     texts: List[str],
   |            ^^^^
52 |     labels: List[int],
53 |     model_name: str = "distilbert-base-uncased",
   |
help: Replace with `list`

UP006 Use `list` instead of `List` for type annotation
  --> src/uais/nlp/train_transformer_text.py:52:13
   |
50 | def train_transformer_text(
51 |     texts: List[str],
52 |     labels: List[int],
   |             ^^^^
53 |     model_name: str = "distilbert-base-uncased",
54 |     max_length: int = 128,
   |
help: Replace with `list`

UP006 Use `dict` instead of `Dict` for type annotation
  --> src/uais/nlp/train_transformer_text.py:64:6
   |
62 |     seed: int = 42,
63 |     **_: object,
64 | ) -> Dict[str, float]:
   |      ^^^^
65 |     """Fine-tune a DistilBERT model for binary text classification.
   |
help: Replace with `dict`

UP035 `typing.List` is deprecated, use `list` instead
 --> src/uais/preprocessing/pipeline.py:4:1
  |
2 | from __future__ import annotations
3 |
4 | from typing import List
  | ^^^^^^^^^^^^^^^^^^^^^^^
5 |
6 | import numpy as np
  |

UP006 Use `list` instead of `List` for type annotation
  --> src/uais/preprocessing/pipeline.py:44:20
   |
42 |     transformers = []
43 |     if numeric_cols:
44 |         num_steps: List = [("imputer", SimpleImputer(strategy="median"))]
   |                    ^^^^
45 |         if scale:
46 |             num_steps.append(("scaler", StandardScaler()))
   |
help: Replace with `list`

UP035 `typing.Tuple` is deprecated, use `tuple` instead
 --> src/uais/recommender/rules.py:4:1
  |
2 | from __future__ import annotations
3 |
4 | from typing import Tuple
  | ^^^^^^^^^^^^^^^^^^^^^^^^
  |

UP006 Use `tuple` instead of `Tuple` for type annotation
  --> src/uais/recommender/rules.py:16:6
   |
14 |     med: float = 0.65,
15 |     lo: float = 0.50,
16 | ) -> Tuple[str, str]:
   |      ^^^^^
17 |     """Return (action, reason) based on score thresholds.
   |
help: Replace with `tuple`

I001 [*] Import block is un-sorted or un-formatted
 --> src/uais/reporting/make_plots.py:2:1
  |
1 |   """Generate plots from experiment metrics with optional CI bars if available."""
2 | / from __future__ import annotations
3 | |
4 | | from pathlib import Path
5 | | import pandas as pd
6 | | import matplotlib.pyplot as plt
  | |_______________________________^
7 |
8 |   DOMAINS = ["fraud", "cyber", "behavior", "nlp", "vision", "fusion"]
  |
help: Organize imports

I001 [*] Import block is un-sorted or un-formatted
 --> src/uais/reporting/make_tables.py:2:1
  |
1 |   """Generate summary tables from experiments metrics (mean±sd if available)."""
2 | / from __future__ import annotations
3 | |
4 | | from pathlib import Path
5 | | import pandas as pd
6 | | import numpy as np
  | |__________________^
7 |
8 |   DOMAINS = ["fraud", "cyber", "behavior", "nlp", "vision", "fusion"]
  |
help: Organize imports

F401 [*] `numpy` imported but unused
 --> src/uais/reporting/make_tables.py:6:17
  |
4 | from pathlib import Path
5 | import pandas as pd
6 | import numpy as np
  |                 ^^
7 |
8 | DOMAINS = ["fraud", "cyber", "behavior", "nlp", "vision", "fusion"]
  |
help: Remove unused import: `numpy`

I001 [*] Import block is un-sorted or un-formatted
  --> src/uais/sequence/__init__.py:3:1
   |
 1 |   """Sequence modeling utilities — LSTM, GRU, Transformer, TCN."""
 2 |
 3 | / from .ablation import AblationConfig, run_sequence_ablation, summarise_ablation
 4 | | from .build_sequences import build_sequences, pad_sequences
 5 | | from .evaluate_sequence import evaluate_sequence_predictions
 6 | | from .train_gru import GRUClassifier, GRUConfig, train_gru_classifier, predict_gru
 7 | | from .train_lstm import LSTMClassifier, LSTMConfig, train_lstm_classifier, predict_lstm
 8 | | from .transformer_tcn import (
 9 | |     SequenceModelConfig,
10 | |     TCNClassifier,
11 | |     TransformerClassifier,
12 | |     train_sequence_model,
13 | |     predict_sequence_model,
14 | | )
   | |_^
15 |
16 |   __all__ = [
   |
help: Organize imports

UP035 `typing.Dict` is deprecated, use `dict` instead
  --> src/uais/sequence/ablation.py:18:1
   |
16 | import time
17 | from dataclasses import dataclass, field
18 | from typing import Dict, List, Optional, Tuple
   | ^^^^^^^^^^^^^^^^^^^^^^^^^^^^^^^^^^^^^^^^^^^^^^
19 |
20 | import numpy as np
   |

UP035 `typing.List` is deprecated, use `list` instead
  --> src/uais/sequence/ablation.py:18:1
   |
16 | import time
17 | from dataclasses import dataclass, field
18 | from typing import Dict, List, Optional, Tuple
   | ^^^^^^^^^^^^^^^^^^^^^^^^^^^^^^^^^^^^^^^^^^^^^^
19 |
20 | import numpy as np
   |

UP035 `typing.Tuple` is deprecated, use `tuple` instead
  --> src/uais/sequence/ablation.py:18:1
   |
16 | import time
17 | from dataclasses import dataclass, field
18 | from typing import Dict, List, Optional, Tuple
   | ^^^^^^^^^^^^^^^^^^^^^^^^^^^^^^^^^^^^^^^^^^^^^^
19 |
20 | import numpy as np
   |

F401 [*] `typing.Tuple` imported but unused
  --> src/uais/sequence/ablation.py:18:42
   |
16 | import time
17 | from dataclasses import dataclass, field
18 | from typing import Dict, List, Optional, Tuple
   |                                          ^^^^^
19 |
20 | import numpy as np
   |
help: Remove unused import: `typing.Tuple`

F401 [*] `sklearn.model_selection.train_test_split` imported but unused
  --> src/uais/sequence/ablation.py:22:37
   |
20 | import numpy as np
21 | import pandas as pd
22 | from sklearn.model_selection import train_test_split
   |                                     ^^^^^^^^^^^^^^^^
23 | from torch.utils.data import DataLoader
   |
help: Remove unused import: `sklearn.model_selection.train_test_split`

F401 [*] `torch.utils.data.DataLoader` imported but unused
  --> src/uais/sequence/ablation.py:23:30
   |
21 | import pandas as pd
22 | from sklearn.model_selection import train_test_split
23 | from torch.utils.data import DataLoader
   |                              ^^^^^^^^^^
24 |
25 | from uais.utils.logging_utils import setup_logging
   |
help: Remove unused import: `torch.utils.data.DataLoader`

F401 [*] `uais.utils.metrics.compute_classification_metrics` imported but unused
  --> src/uais/sequence/ablation.py:26:32
   |
25 | from uais.utils.logging_utils import setup_logging
26 | from uais.utils.metrics import compute_classification_metrics
   |                                ^^^^^^^^^^^^^^^^^^^^^^^^^^^^^^
27 |
28 | from .train_gru import GRUClassifier, GRUConfig, train_gru_classifier
   |
help: Remove unused import: `uais.utils.metrics.compute_classification_metrics`

F401 [*] `.train_gru.GRUClassifier` imported but unused
  --> src/uais/sequence/ablation.py:28:24
   |
26 | from uais.utils.metrics import compute_classification_metrics
27 |
28 | from .train_gru import GRUClassifier, GRUConfig, train_gru_classifier
   |                        ^^^^^^^^^^^^^
29 | from .train_lstm import LSTMClassifier, LSTMConfig, train_lstm_classifier
30 | from .transformer_tcn import SequenceModelConfig, train_sequence_model
   |
help: Remove unused import: `.train_gru.GRUClassifier`

F401 [*] `.train_lstm.LSTMClassifier` imported but unused
  --> src/uais/sequence/ablation.py:29:25
   |
28 | from .train_gru import GRUClassifier, GRUConfig, train_gru_classifier
29 | from .train_lstm import LSTMClassifier, LSTMConfig, train_lstm_classifier
   |                         ^^^^^^^^^^^^^^
30 | from .transformer_tcn import SequenceModelConfig, train_sequence_model
   |
help: Remove unused import: `.train_lstm.LSTMClassifier`

UP006 Use `list` instead of `List` for type annotation
  --> src/uais/sequence/ablation.py:43:18
   |
42 |     # Architectures to compare
43 |     model_types: List[str] = field(
   |                  ^^^^
44 |         default_factory=lambda: ["lstm", "gru", "transformer", "tcn"]
45 |     )
   |
help: Replace with `list`

UP006 Use `list` instead of `List` for type annotation
  --> src/uais/sequence/ablation.py:47:18
   |
45 |     )
46 |     # Hidden dimensions to sweep — tests capacity scaling
47 |     hidden_dims: List[int] = field(default_factory=lambda: [32, 64, 128])
   |                  ^^^^
48 |     # Number of layers to sweep (for LSTM/GRU/Transformer)
49 |     num_layers_options: List[int] = field(default_factory=lambda: [1, 2])
   |
help: Replace with `list`

UP006 Use `list` instead of `List` for type annotation
  --> src/uais/sequence/ablation.py:49:25
   |
47 |     hidden_dims: List[int] = field(default_factory=lambda: [32, 64, 128])
48 |     # Number of layers to sweep (for LSTM/GRU/Transformer)
49 |     num_layers_options: List[int] = field(default_factory=lambda: [1, 2])
   |                         ^^^^
50 |
51 |     # Training hyperparameters (fixed across all ablation runs for fair comparison)
   |
help: Replace with `list`

UP045 Use `X | None` for type annotations
  --> src/uais/sequence/ablation.py:63:17
   |
62 |     # If True, save the results DataFrame to this path
63 |     output_csv: Optional[str] = None
   |                 ^^^^^^^^^^^^^
   |
help: Convert to `X | None`

UP006 Use `dict` instead of `Dict` for type annotation
  --> src/uais/sequence/ablation.py:78:6
   |
76 |     labels: np.ndarray,
77 |     cfg: AblationConfig,
78 | ) -> Dict[str, object]:
   |      ^^^^
79 |     """Train a single model variant and return its metrics + timing."""
80 |     t0 = time.time()
   |
help: Replace with `dict`

UP045 Use `X | None` for type annotations
   --> src/uais/sequence/ablation.py:170:10
    |
168 |     mask: np.ndarray,
169 |     labels: np.ndarray,
170 |     cfg: Optional[AblationConfig] = None,
    |          ^^^^^^^^^^^^^^^^^^^^^^^^
171 | ) -> pd.DataFrame:
172 |     """Run the full ablation grid and return results as a sorted DataFrame.
    |
help: Convert to `X | None`

UP006 Use `list` instead of `List` for type annotation
   --> src/uais/sequence/ablation.py:187:11
    |
185 |         cfg = AblationConfig()
186 |
187 |     rows: List[Dict] = []
    |           ^^^^
188 |     total = len(cfg.model_types) * len(cfg.hidden_dims) * len(cfg.num_layers_options)
189 |     run = 0
    |
help: Replace with `list`

UP006 Use `dict` instead of `Dict` for type annotation
   --> src/uais/sequence/ablation.py:187:16
    |
185 |         cfg = AblationConfig()
186 |
187 |     rows: List[Dict] = []
    |                ^^^^
188 |     total = len(cfg.model_types) * len(cfg.hidden_dims) * len(cfg.num_layers_options)
189 |     run = 0
    |
help: Replace with `dict`

UP035 `typing.List` is deprecated, use `list` instead
 --> src/uais/sequence/build_sequences.py:2:1
  |
1 | """Sequence building utilities."""
2 | from typing import List, Tuple
  | ^^^^^^^^^^^^^^^^^^^^^^^^^^^^^^
3 |
4 | import numpy as np
  |

UP035 `typing.Tuple` is deprecated, use `tuple` instead
 --> src/uais/sequence/build_sequences.py:2:1
  |
1 | """Sequence building utilities."""
2 | from typing import List, Tuple
  | ^^^^^^^^^^^^^^^^^^^^^^^^^^^^^^
3 |
4 | import numpy as np
  |

UP006 Use `tuple` instead of `Tuple` for type annotation
  --> src/uais/sequence/build_sequences.py:13:6
   |
11 |     time_column: str,
12 |     target_column: str,
13 | ) -> Tuple[List[np.ndarray], List[int]]:
   |      ^^^^^
14 |     """Group events by id and sort by time to produce variable-length sequences."""
15 |     sequences: List[np.ndarray] = []
   |
help: Replace with `tuple`

UP006 Use `list` instead of `List` for type annotation
  --> src/uais/sequence/build_sequences.py:13:12
   |
11 |     time_column: str,
12 |     target_column: str,
13 | ) -> Tuple[List[np.ndarray], List[int]]:
   |            ^^^^
14 |     """Group events by id and sort by time to produce variable-length sequences."""
15 |     sequences: List[np.ndarray] = []
   |
help: Replace with `list`

UP006 Use `list` instead of `List` for type annotation
  --> src/uais/sequence/build_sequences.py:13:30
   |
11 |     time_column: str,
12 |     target_column: str,
13 | ) -> Tuple[List[np.ndarray], List[int]]:
   |                              ^^^^
14 |     """Group events by id and sort by time to produce variable-length sequences."""
15 |     sequences: List[np.ndarray] = []
   |
help: Replace with `list`

UP006 Use `list` instead of `List` for type annotation
  --> src/uais/sequence/build_sequences.py:15:16
   |
13 | ) -> Tuple[List[np.ndarray], List[int]]:
14 |     """Group events by id and sort by time to produce variable-length sequences."""
15 |     sequences: List[np.ndarray] = []
   |                ^^^^
16 |     labels: List[int] = []
   |
help: Replace with `list`

UP006 Use `list` instead of `List` for type annotation
  --> src/uais/sequence/build_sequences.py:16:13
   |
14 |     """Group events by id and sort by time to produce variable-length sequences."""
15 |     sequences: List[np.ndarray] = []
16 |     labels: List[int] = []
   |             ^^^^
17 |
18 |     df = df.sort_values(time_column)
   |
help: Replace with `list`

UP006 Use `list` instead of `List` for type annotation
  --> src/uais/sequence/build_sequences.py:27:30
   |
27 | def pad_sequences(sequences: List[np.ndarray], max_len: int | None = None) -> Tuple[np.ndarray, np.ndarray]:
   |                              ^^^^
28 |     if not sequences:
29 |         return np.array([]), np.array([])
   |
help: Replace with `list`

UP006 Use `tuple` instead of `Tuple` for type annotation
  --> src/uais/sequence/build_sequences.py:27:79
   |
27 | def pad_sequences(sequences: List[np.ndarray], max_len: int | None = None) -> Tuple[np.ndarray, np.ndarray]:
   |                                                                               ^^^^^
28 |     if not sequences:
29 |         return np.array([]), np.array([])
   |
help: Replace with `tuple`

UP035 `typing.Dict` is deprecated, use `dict` instead
 --> src/uais/sequence/evaluate_sequence.py:2:1
  |
1 | """Evaluation helpers for sequence models."""
2 | from typing import Dict
  | ^^^^^^^^^^^^^^^^^^^^^^^
3 |
4 | import numpy as np
  |

UP006 Use `dict` instead of `Dict` for type annotation
  --> src/uais/sequence/evaluate_sequence.py:9:56
   |
 9 | def evaluate_sequence_predictions(y_true, y_scores) -> Dict[str, float]:
   |                                                        ^^^^
10 |     y_true = np.asarray(y_true)
11 |     y_scores = np.asarray(y_scores)
   |
help: Replace with `dict`

UP035 `typing.Dict` is deprecated, use `dict` instead
  --> src/uais/sequence/train_gru.py:11:1
   |
 9 | import copy
10 | from dataclasses import dataclass
11 | from typing import Dict, List, Optional, Tuple
   | ^^^^^^^^^^^^^^^^^^^^^^^^^^^^^^^^^^^^^^^^^^^^^^
12 |
13 | import numpy as np
   |

UP035 `typing.List` is deprecated, use `list` instead
  --> src/uais/sequence/train_gru.py:11:1
   |
 9 | import copy
10 | from dataclasses import dataclass
11 | from typing import Dict, List, Optional, Tuple
   | ^^^^^^^^^^^^^^^^^^^^^^^^^^^^^^^^^^^^^^^^^^^^^^
12 |
13 | import numpy as np
   |

UP035 `typing.Tuple` is deprecated, use `tuple` instead
  --> src/uais/sequence/train_gru.py:11:1
   |
 9 | import copy
10 | from dataclasses import dataclass
11 | from typing import Dict, List, Optional, Tuple
   | ^^^^^^^^^^^^^^^^^^^^^^^^^^^^^^^^^^^^^^^^^^^^^^
12 |
13 | import numpy as np
   |

UP006 Use `tuple` instead of `Tuple` for type annotation
  --> src/uais/sequence/train_gru.py:50:40
   |
48 |         return len(self.labels)
49 |
50 |     def __getitem__(self, idx: int) -> Tuple[torch.Tensor, torch.Tensor, torch.Tensor]:
   |                                        ^^^^^
51 |         return self.sequences[idx], self.mask[idx], self.labels[idx]
   |
help: Replace with `tuple`

UP045 Use `X | None` for type annotations
  --> src/uais/sequence/train_gru.py:93:16
   |
91 |     loader: DataLoader,
92 |     criterion: nn.Module,
93 |     optimizer: Optional[torch.optim.Optimizer],
   |                ^^^^^^^^^^^^^^^^^^^^^^^^^^^^^^^
94 |     device: torch.device,
95 |     grad_clip: float,
   |
help: Convert to `X | None`

UP006 Use `tuple` instead of `Tuple` for type annotation
  --> src/uais/sequence/train_gru.py:97:6
   |
95 |     grad_clip: float,
96 |     training: bool,
97 | ) -> Tuple[float, np.ndarray, np.ndarray]:
   |      ^^^^^
98 |     model.train() if training else model.eval()
99 |     total_loss, all_probs, all_labels = 0.0, [], []
   |
help: Replace with `tuple`

UP045 Use `X | None` for type annotations
   --> src/uais/sequence/train_gru.py:127:10
    |
125 |     mask: np.ndarray,
126 |     labels: np.ndarray,
127 |     cfg: Optional[GRUConfig] = None,
    |          ^^^^^^^^^^^^^^^^^^^
128 |     config: Optional[Dict] = None,
129 | ) -> Tuple[GRUClassifier, Dict[str, float]]:
    |
help: Convert to `X | None`

UP045 Use `X | None` for type annotations
   --> src/uais/sequence/train_gru.py:128:13
    |
126 |     labels: np.ndarray,
127 |     cfg: Optional[GRUConfig] = None,
128 |     config: Optional[Dict] = None,
    |             ^^^^^^^^^^^^^^
129 | ) -> Tuple[GRUClassifier, Dict[str, float]]:
130 |     """Train a bidirectional GRU with early stopping.
    |
help: Convert to `X | None`

UP006 Use `dict` instead of `Dict` for type annotation
   --> src/uais/sequence/train_gru.py:128:22
    |
126 |     labels: np.ndarray,
127 |     cfg: Optional[GRUConfig] = None,
128 |     config: Optional[Dict] = None,
    |                      ^^^^
129 | ) -> Tuple[GRUClassifier, Dict[str, float]]:
130 |     """Train a bidirectional GRU with early stopping.
    |
help: Replace with `dict`

UP006 Use `tuple` instead of `Tuple` for type annotation
   --> src/uais/sequence/train_gru.py:129:6
    |
127 |     cfg: Optional[GRUConfig] = None,
128 |     config: Optional[Dict] = None,
129 | ) -> Tuple[GRUClassifier, Dict[str, float]]:
    |      ^^^^^
130 |     """Train a bidirectional GRU with early stopping.
    |
help: Replace with `tuple`

UP006 Use `dict` instead of `Dict` for type annotation
   --> src/uais/sequence/train_gru.py:129:27
    |
127 |     cfg: Optional[GRUConfig] = None,
128 |     config: Optional[Dict] = None,
129 | ) -> Tuple[GRUClassifier, Dict[str, float]]:
    |                           ^^^^
130 |     """Train a bidirectional GRU with early stopping.
    |
help: Replace with `dict`

UP006 Use `dict` instead of `Dict` for type annotation
   --> src/uais/sequence/train_gru.py:170:14
    |
169 |     best_auroc, best_state, patience_left = -1.0, None, cfg.patience
170 |     history: Dict[str, List[float]] = {"train_loss": [], "val_loss": [], "val_auroc": []}
    |              ^^^^
171 |
172 |     for epoch in range(cfg.epochs):
    |
help: Replace with `dict`

UP006 Use `list` instead of `List` for type annotation
   --> src/uais/sequence/train_gru.py:170:24
    |
169 |     best_auroc, best_state, patience_left = -1.0, None, cfg.patience
170 |     history: Dict[str, List[float]] = {"train_loss": [], "val_loss": [], "val_auroc": []}
    |                        ^^^^
171 |
172 |     for epoch in range(cfg.epochs):
    |
help: Replace with `list`

F401 [*] `dataclasses.field` imported but unused
  --> src/uais/sequence/train_lstm.py:13:36
   |
12 | import copy
13 | from dataclasses import dataclass, field
   |                                    ^^^^^
14 | from typing import Dict, List, Optional, Tuple
   |
help: Remove unused import: `dataclasses.field`

UP035 `typing.Dict` is deprecated, use `dict` instead
  --> src/uais/sequence/train_lstm.py:14:1
   |
12 | import copy
13 | from dataclasses import dataclass, field
14 | from typing import Dict, List, Optional, Tuple
   | ^^^^^^^^^^^^^^^^^^^^^^^^^^^^^^^^^^^^^^^^^^^^^^
15 |
16 | import numpy as np
   |

UP035 `typing.List` is deprecated, use `list` instead
  --> src/uais/sequence/train_lstm.py:14:1
   |
12 | import copy
13 | from dataclasses import dataclass, field
14 | from typing import Dict, List, Optional, Tuple
   | ^^^^^^^^^^^^^^^^^^^^^^^^^^^^^^^^^^^^^^^^^^^^^^
15 |
16 | import numpy as np
   |

UP035 `typing.Tuple` is deprecated, use `tuple` instead
  --> src/uais/sequence/train_lstm.py:14:1
   |
12 | import copy
13 | from dataclasses import dataclass, field
14 | from typing import Dict, List, Optional, Tuple
   | ^^^^^^^^^^^^^^^^^^^^^^^^^^^^^^^^^^^^^^^^^^^^^^
15 |
16 | import numpy as np
   |

UP006 Use `tuple` instead of `Tuple` for type annotation
  --> src/uais/sequence/train_lstm.py:53:40
   |
51 |         return len(self.labels)
52 |
53 |     def __getitem__(self, idx: int) -> Tuple[torch.Tensor, torch.Tensor, torch.Tensor]:
   |                                        ^^^^^
54 |         return self.sequences[idx], self.mask[idx], self.labels[idx]
   |
help: Replace with `tuple`

UP045 Use `X | None` for type annotations
  --> src/uais/sequence/train_lstm.py:97:16
   |
95 |     loader: DataLoader,
96 |     criterion: nn.Module,
97 |     optimizer: Optional[torch.optim.Optimizer],
   |                ^^^^^^^^^^^^^^^^^^^^^^^^^^^^^^^
98 |     device: torch.device,
99 |     grad_clip: float,
   |
help: Convert to `X | None`

UP006 Use `tuple` instead of `Tuple` for type annotation
   --> src/uais/sequence/train_lstm.py:101:6
    |
 99 |     grad_clip: float,
100 |     training: bool,
101 | ) -> Tuple[float, np.ndarray, np.ndarray]:
    |      ^^^^^
102 |     model.train() if training else model.eval()
103 |     total_loss, all_probs, all_labels = 0.0, [], []
    |
help: Replace with `tuple`

UP045 Use `X | None` for type annotations
   --> src/uais/sequence/train_lstm.py:131:10
    |
129 |     mask: np.ndarray,
130 |     labels: np.ndarray,
131 |     cfg: Optional[LSTMConfig] = None,
    |          ^^^^^^^^^^^^^^^^^^^^
132 |     # Legacy dict-based config still accepted for backward compat
133 |     config: Optional[Dict] = None,
    |
help: Convert to `X | None`

UP045 Use `X | None` for type annotations
   --> src/uais/sequence/train_lstm.py:133:13
    |
131 |     cfg: Optional[LSTMConfig] = None,
132 |     # Legacy dict-based config still accepted for backward compat
133 |     config: Optional[Dict] = None,
    |             ^^^^^^^^^^^^^^
134 | ) -> Tuple[LSTMClassifier, Dict[str, float]]:
135 |     """Train a bidirectional LSTM with early stopping.
    |
help: Convert to `X | None`

UP006 Use `dict` instead of `Dict` for type annotation
   --> src/uais/sequence/train_lstm.py:133:22
    |
131 |     cfg: Optional[LSTMConfig] = None,
132 |     # Legacy dict-based config still accepted for backward compat
133 |     config: Optional[Dict] = None,
    |                      ^^^^
134 | ) -> Tuple[LSTMClassifier, Dict[str, float]]:
135 |     """Train a bidirectional LSTM with early stopping.
    |
help: Replace with `dict`

UP006 Use `tuple` instead of `Tuple` for type annotation
   --> src/uais/sequence/train_lstm.py:134:6
    |
132 |     # Legacy dict-based config still accepted for backward compat
133 |     config: Optional[Dict] = None,
134 | ) -> Tuple[LSTMClassifier, Dict[str, float]]:
    |      ^^^^^
135 |     """Train a bidirectional LSTM with early stopping.
    |
help: Replace with `tuple`

UP006 Use `dict` instead of `Dict` for type annotation
   --> src/uais/sequence/train_lstm.py:134:28
    |
132 |     # Legacy dict-based config still accepted for backward compat
133 |     config: Optional[Dict] = None,
134 | ) -> Tuple[LSTMClassifier, Dict[str, float]]:
    |                            ^^^^
135 |     """Train a bidirectional LSTM with early stopping.
    |
help: Replace with `dict`

UP006 Use `dict` instead of `Dict` for type annotation
   --> src/uais/sequence/train_lstm.py:177:14
    |
176 |     best_auroc, best_state, patience_left = -1.0, None, cfg.patience
177 |     history: Dict[str, List[float]] = {"train_loss": [], "val_loss": [], "val_auroc": []}
    |              ^^^^
178 |
179 |     for epoch in range(cfg.epochs):
    |
help: Replace with `dict`

UP006 Use `list` instead of `List` for type annotation
   --> src/uais/sequence/train_lstm.py:177:24
    |
176 |     best_auroc, best_state, patience_left = -1.0, None, cfg.patience
177 |     history: Dict[str, List[float]] = {"train_loss": [], "val_loss": [], "val_auroc": []}
    |                        ^^^^
178 |
179 |     for epoch in range(cfg.epochs):
    |
help: Replace with `list`

UP035 `typing.Dict` is deprecated, use `dict` instead
  --> src/uais/sequence/transformer_tcn.py:15:1
   |
13 | import copy
14 | from dataclasses import dataclass
15 | from typing import Dict, List, Optional, Tuple
   | ^^^^^^^^^^^^^^^^^^^^^^^^^^^^^^^^^^^^^^^^^^^^^^
16 |
17 | import numpy as np
   |

UP035 `typing.List` is deprecated, use `list` instead
  --> src/uais/sequence/transformer_tcn.py:15:1
   |
13 | import copy
14 | from dataclasses import dataclass
15 | from typing import Dict, List, Optional, Tuple
   | ^^^^^^^^^^^^^^^^^^^^^^^^^^^^^^^^^^^^^^^^^^^^^^
16 |
17 | import numpy as np
   |

UP035 `typing.Tuple` is deprecated, use `tuple` instead
  --> src/uais/sequence/transformer_tcn.py:15:1
   |
13 | import copy
14 | from dataclasses import dataclass
15 | from typing import Dict, List, Optional, Tuple
   | ^^^^^^^^^^^^^^^^^^^^^^^^^^^^^^^^^^^^^^^^^^^^^^
16 |
17 | import numpy as np
   |

UP045 Use `X | None` for type annotations
  --> src/uais/sequence/transformer_tcn.py:47:73
   |
46 | class SequenceDataset(Dataset):
47 |     def __init__(self, sequences: np.ndarray, labels: np.ndarray, mask: Optional[np.ndarray] = None) -> None:
   |                                                                         ^^^^^^^^^^^^^^^^^^^^
48 |         self.sequences = torch.tensor(sequences, dtype=torch.float32)
49 |         self.labels = torch.tensor(labels, dtype=torch.float32)
   |
help: Convert to `X | None`

UP006 Use `tuple` instead of `Tuple` for type annotation
  --> src/uais/sequence/transformer_tcn.py:58:40
   |
56 |         return len(self.labels)
57 |
58 |     def __getitem__(self, idx: int) -> Tuple[torch.Tensor, torch.Tensor, torch.Tensor]:
   |                                        ^^^^^
59 |         return self.sequences[idx], self.mask[idx], self.labels[idx]
   |
help: Replace with `tuple`

UP045 Use `X | None` for type annotations
  --> src/uais/sequence/transformer_tcn.py:87:46
   |
85 |         self.fc = nn.Linear(hidden_dim, 1)
86 |
87 |     def forward(self, x: torch.Tensor, mask: Optional[torch.Tensor] = None) -> torch.Tensor:
   |                                              ^^^^^^^^^^^^^^^^^^^^^^
88 |         x = self.proj(x)  # (batch, seq, hidden_dim)
89 |         # src_key_padding_mask: True where the token should be ignored (i.e. padding)
   |
help: Convert to `X | None`

UP045 Use `X | None` for type annotations
   --> src/uais/sequence/transformer_tcn.py:134:46
    |
132 |         self.fc = nn.Linear(hidden_dim, 1)
133 |
134 |     def forward(self, x: torch.Tensor, mask: Optional[torch.Tensor] = None) -> torch.Tensor:
    |                                              ^^^^^^^^^^^^^^^^^^^^^^
135 |         # x: (batch, seq, feat) → (batch, feat, seq) for Conv1d
136 |         out = x.transpose(1, 2)
    |
help: Convert to `X | None`

UP045 Use `X | None` for type annotations
   --> src/uais/sequence/transformer_tcn.py:158:16
    |
156 |     loader: DataLoader,
157 |     criterion: nn.Module,
158 |     optimizer: Optional[torch.optim.Optimizer],
    |                ^^^^^^^^^^^^^^^^^^^^^^^^^^^^^^^
159 |     device: torch.device,
160 |     grad_clip: float,
    |
help: Convert to `X | None`

UP006 Use `tuple` instead of `Tuple` for type annotation
   --> src/uais/sequence/transformer_tcn.py:162:6
    |
160 |     grad_clip: float,
161 |     training: bool,
162 | ) -> Tuple[float, np.ndarray, np.ndarray]:
    |      ^^^^^
163 |     model.train() if training else model.eval()
164 |     total_loss, all_probs, all_labels = 0.0, [], []
    |
help: Replace with `tuple`

UP045 Use `X | None` for type annotations
   --> src/uais/sequence/transformer_tcn.py:191:10
    |
189 |     sequences: np.ndarray,
190 |     labels: np.ndarray,
191 |     cfg: Optional[SequenceModelConfig] = None,
    |          ^^^^^^^^^^^^^^^^^^^^^^^^^^^^^
192 |     mask: Optional[np.ndarray] = None,
193 |     # Legacy dict-based config still accepted
    |
help: Convert to `X | None`

UP045 Use `X | None` for type annotations
   --> src/uais/sequence/transformer_tcn.py:192:11
    |
190 |     labels: np.ndarray,
191 |     cfg: Optional[SequenceModelConfig] = None,
192 |     mask: Optional[np.ndarray] = None,
    |           ^^^^^^^^^^^^^^^^^^^^
193 |     # Legacy dict-based config still accepted
194 |     config: Optional[Dict] = None,
    |
help: Convert to `X | None`

UP045 Use `X | None` for type annotations
   --> src/uais/sequence/transformer_tcn.py:194:13
    |
192 |     mask: Optional[np.ndarray] = None,
193 |     # Legacy dict-based config still accepted
194 |     config: Optional[Dict] = None,
    |             ^^^^^^^^^^^^^^
195 |     model_type: str = "transformer",
196 | ) -> Tuple[nn.Module, Dict[str, float]]:
    |
help: Convert to `X | None`

UP006 Use `dict` instead of `Dict` for type annotation
   --> src/uais/sequence/transformer_tcn.py:194:22
    |
192 |     mask: Optional[np.ndarray] = None,
193 |     # Legacy dict-based config still accepted
194 |     config: Optional[Dict] = None,
    |                      ^^^^
195 |     model_type: str = "transformer",
196 | ) -> Tuple[nn.Module, Dict[str, float]]:
    |
help: Replace with `dict`

UP006 Use `tuple` instead of `Tuple` for type annotation
   --> src/uais/sequence/transformer_tcn.py:196:6
    |
194 |     config: Optional[Dict] = None,
195 |     model_type: str = "transformer",
196 | ) -> Tuple[nn.Module, Dict[str, float]]:
    |      ^^^^^
197 |     """Train a Transformer or TCN sequence classifier with early stopping.
    |
help: Replace with `tuple`

UP006 Use `dict` instead of `Dict` for type annotation
   --> src/uais/sequence/transformer_tcn.py:196:23
    |
194 |     config: Optional[Dict] = None,
195 |     model_type: str = "transformer",
196 | ) -> Tuple[nn.Module, Dict[str, float]]:
    |                       ^^^^
197 |     """Train a Transformer or TCN sequence classifier with early stopping.
    |
help: Replace with `dict`

UP006 Use `dict` instead of `Dict` for type annotation
   --> src/uais/sequence/transformer_tcn.py:239:14
    |
238 |     best_auroc, best_state, patience_left = -1.0, None, cfg.patience
239 |     history: Dict[str, List[float]] = {"train_loss": [], "val_loss": [], "val_auroc": []}
    |              ^^^^
240 |
241 |     for epoch in range(cfg.epochs):
    |
help: Replace with `dict`

UP006 Use `list` instead of `List` for type annotation
   --> src/uais/sequence/transformer_tcn.py:239:24
    |
238 |     best_auroc, best_state, patience_left = -1.0, None, cfg.patience
239 |     history: Dict[str, List[float]] = {"train_loss": [], "val_loss": [], "val_auroc": []}
    |                        ^^^^
240 |
241 |     for epoch in range(cfg.epochs):
    |
help: Replace with `list`

UP045 Use `X | None` for type annotations
   --> src/uais/sequence/transformer_tcn.py:283:11
    |
281 |     model: nn.Module,
282 |     sequences: np.ndarray,
283 |     mask: Optional[np.ndarray] = None,
    |           ^^^^^^^^^^^^^^^^^^^^
284 | ) -> np.ndarray:
285 |     if mask is None:
    |
help: Convert to `X | None`

UP035 `typing.Dict` is deprecated, use `dict` instead
 --> src/uais/supervised/evaluate_supervised.py:2:1
  |
1 | """Evaluation utilities for supervised models."""
2 | from typing import Dict, Tuple
  | ^^^^^^^^^^^^^^^^^^^^^^^^^^^^^^
3 |
4 | import numpy as np
  |

UP035 `typing.Tuple` is deprecated, use `tuple` instead
 --> src/uais/supervised/evaluate_supervised.py:2:1
  |
1 | """Evaluation utilities for supervised models."""
2 | from typing import Dict, Tuple
  | ^^^^^^^^^^^^^^^^^^^^^^^^^^^^^^
3 |
4 | import numpy as np
  |

UP006 Use `tuple` instead of `Tuple` for type annotation
  --> src/uais/supervised/evaluate_supervised.py:10:41
   |
10 | def evaluate_supervised(model, X, y) -> Tuple[Dict[str, float], np.ndarray]:
   |                                         ^^^^^
11 |     y_pred = model.predict(X)
12 |     y_proba = None
   |
help: Replace with `tuple`

UP006 Use `dict` instead of `Dict` for type annotation
  --> src/uais/supervised/evaluate_supervised.py:10:47
   |
10 | def evaluate_supervised(model, X, y) -> Tuple[Dict[str, float], np.ndarray]:
   |                                               ^^^^
11 |     y_pred = model.predict(X)
12 |     y_proba = None
   |
help: Replace with `dict`

I001 [*] Import block is un-sorted or un-formatted
  --> src/uais/supervised/train_cyber_supervised.py:1:1
   |
 1 | / from dataclasses import dataclass
 2 | | from typing import Literal, Tuple, Dict
 3 | |
 4 | | import numpy as np
 5 | | import pandas as pd
 6 | | from sklearn.ensemble import HistGradientBoostingClassifier
 7 | | from sklearn.linear_model import LogisticRegression
 8 | | from sklearn.model_selection import StratifiedKFold
 9 | | from uais.preprocessing.pipeline import build_tabular_pipeline
10 | |
11 | | from uais.utils.metrics import compute_classification_metrics
   | |_____________________________________________________________^
12 |
13 |   ModelType = Literal["hist_gb", "logreg", "xgboost", "lightgbm", "catboost"]
   |
help: Organize imports

UP035 `typing.Tuple` is deprecated, use `tuple` instead
 --> src/uais/supervised/train_cyber_supervised.py:2:1
  |
1 | from dataclasses import dataclass
2 | from typing import Literal, Tuple, Dict
  | ^^^^^^^^^^^^^^^^^^^^^^^^^^^^^^^^^^^^^^^
3 |
4 | import numpy as np
  |

UP035 `typing.Dict` is deprecated, use `dict` instead
 --> src/uais/supervised/train_cyber_supervised.py:2:1
  |
1 | from dataclasses import dataclass
2 | from typing import Literal, Tuple, Dict
  | ^^^^^^^^^^^^^^^^^^^^^^^^^^^^^^^^^^^^^^^
3 |
4 | import numpy as np
  |

UP006 Use `tuple` instead of `Tuple` for type annotation
  --> src/uais/supervised/train_cyber_supervised.py:92:6
   |
90 |     config: CyberModelConfig,
91 |     use_pipeline: bool = False,
92 | ) -> Tuple[object, Dict[str, float]]:
   |      ^^^^^
93 |     """Train a supervised cyber intrusion model and return model + validation metrics."""
94 |     model = _build_model(config)
   |
help: Replace with `tuple`

UP006 Use `dict` instead of `Dict` for type annotation
  --> src/uais/supervised/train_cyber_supervised.py:92:20
   |
90 |     config: CyberModelConfig,
91 |     use_pipeline: bool = False,
92 | ) -> Tuple[object, Dict[str, float]]:
   |                    ^^^^
93 |     """Train a supervised cyber intrusion model and return model + validation metrics."""
94 |     model = _build_model(config)
   |
help: Replace with `dict`

UP006 Use `tuple` instead of `Tuple` for type annotation
   --> src/uais/supervised/train_cyber_supervised.py:122:6
    |
120 |     n_splits: int = 3,
121 |     random_state: int = 42,
122 | ) -> Tuple[list[object], Dict[str, float]]:
    |      ^^^^^
123 |     """Stratified K-fold training; keep n_splits modest to bound compute time."""
124 |     skf = StratifiedKFold(n_splits=n_splits, shuffle=True, random_state=random_state)
    |
help: Replace with `tuple`

UP006 Use `dict` instead of `Dict` for type annotation
   --> src/uais/supervised/train_cyber_supervised.py:122:26
    |
120 |     n_splits: int = 3,
121 |     random_state: int = 42,
122 | ) -> Tuple[list[object], Dict[str, float]]:
    |                          ^^^^
123 |     """Stratified K-fold training; keep n_splits modest to bound compute time."""
124 |     skf = StratifiedKFold(n_splits=n_splits, shuffle=True, random_state=random_state)
    |
help: Replace with `dict`

I001 [*] Import block is un-sorted or un-formatted
  --> src/uais/supervised/train_fraud_supervised.py:4:1
   |
 2 |   Supervised fraud modeling with multiple model options.
 3 |   """
 4 | / from dataclasses import dataclass
 5 | | from typing import Any, Dict, Tuple
 6 | |
 7 | | import numpy as np
 8 | | import pandas as pd
 9 | | from sklearn.ensemble import HistGradientBoostingClassifier
10 | | from sklearn.linear_model import LogisticRegression
11 | | from sklearn.model_selection import StratifiedKFold
12 | |
13 | | from uais.utils.metrics import compute_classification_metrics
14 | | from uais.preprocessing.pipeline import build_tabular_pipeline
   | |______________________________________________________________^
   |
help: Organize imports

UP035 `typing.Dict` is deprecated, use `dict` instead
 --> src/uais/supervised/train_fraud_supervised.py:5:1
  |
3 | """
4 | from dataclasses import dataclass
5 | from typing import Any, Dict, Tuple
  | ^^^^^^^^^^^^^^^^^^^^^^^^^^^^^^^^^^^
6 |
7 | import numpy as np
  |

UP035 `typing.Tuple` is deprecated, use `tuple` instead
 --> src/uais/supervised/train_fraud_supervised.py:5:1
  |
3 | """
4 | from dataclasses import dataclass
5 | from typing import Any, Dict, Tuple
  | ^^^^^^^^^^^^^^^^^^^^^^^^^^^^^^^^^^^
6 |
7 | import numpy as np
  |

UP006 Use `tuple` instead of `Tuple` for type annotation
  --> src/uais/supervised/train_fraud_supervised.py:96:6
   |
94 |     config: FraudModelConfig,
95 |     use_pipeline: bool = True,
96 | ) -> Tuple[Any, Dict[str, float]]:
   |      ^^^^^
97 |     """Train a supervised fraud model and return model + validation metrics."""
98 |     model = _build_model(config)
   |
help: Replace with `tuple`

UP006 Use `dict` instead of `Dict` for type annotation
  --> src/uais/supervised/train_fraud_supervised.py:96:17
   |
94 |     config: FraudModelConfig,
95 |     use_pipeline: bool = True,
96 | ) -> Tuple[Any, Dict[str, float]]:
   |                 ^^^^
97 |     """Train a supervised fraud model and return model + validation metrics."""
98 |     model = _build_model(config)
   |
help: Replace with `dict`

UP006 Use `tuple` instead of `Tuple` for type annotation
   --> src/uais/supervised/train_fraud_supervised.py:140:6
    |
138 |     random_state: int = 42,
139 |     use_pipeline: bool | None = None,
140 | ) -> Tuple[list[Any], Dict[str, float]]:
    |      ^^^^^
141 |     """Stratified K-fold training for stability; uses low n_splits to limit budget."""
142 |     skf = StratifiedKFold(n_splits=n_splits, shuffle=True, random_state=random_state)
    |
help: Replace with `tuple`

UP006 Use `dict` instead of `Dict` for type annotation
   --> src/uais/supervised/train_fraud_supervised.py:140:23
    |
138 |     random_state: int = 42,
139 |     use_pipeline: bool | None = None,
140 | ) -> Tuple[list[Any], Dict[str, float]]:
    |                       ^^^^
141 |     """Stratified K-fold training for stability; uses low n_splits to limit budget."""
142 |     skf = StratifiedKFold(n_splits=n_splits, shuffle=True, random_state=random_state)
    |
help: Replace with `dict`

UP035 `typing.Dict` is deprecated, use `dict` instead
 --> src/uais/utils/config_loader.py:6:1
  |
5 | from pathlib import Path
6 | from typing import Any, Dict
  | ^^^^^^^^^^^^^^^^^^^^^^^^^^^^
7 |
8 | import yaml
  |

UP006 Use `dict` instead of `Dict` for type annotation
  --> src/uais/utils/config_loader.py:11:36
   |
11 | def load_yaml(path: str | Path) -> Dict[str, Any]:
   |                                    ^^^^
12 |     p = Path(path)
13 |     if not p.exists():
   |
help: Replace with `dict`

UP035 `typing.Dict` is deprecated, use `dict` instead
 --> src/uais/utils/metrics.py:5:1
  |
3 | from __future__ import annotations
4 |
5 | from typing import Dict
  | ^^^^^^^^^^^^^^^^^^^^^^^
6 |
7 | import numpy as np
  |

UP006 Use `dict` instead of `Dict` for type annotation
  --> src/uais/utils/metrics.py:33:96
   |
33 | def detection_rate_at_fpr(y_true: np.ndarray, y_prob: np.ndarray, target_fpr: float = 0.01) -> Dict[str, float]:
   |                                                                                                ^^^^
34 |     y_true = np.asarray(y_true)
35 |     y_prob = np.asarray(y_prob)
   |
help: Replace with `dict`

UP006 Use `dict` instead of `Dict` for type annotation
  --> src/uais/utils/metrics.py:47:96
   |
47 | def _compute_from_pred_and_prob(y_true: np.ndarray, y_pred: np.ndarray, y_prob: np.ndarray) -> Dict[str, float]:
   |                                                                                                ^^^^
48 |     scores: Dict[str, float] = {}
49 |     try:
   |
help: Replace with `dict`

UP006 Use `dict` instead of `Dict` for type annotation
  --> src/uais/utils/metrics.py:48:13
   |
47 | def _compute_from_pred_and_prob(y_true: np.ndarray, y_pred: np.ndarray, y_prob: np.ndarray) -> Dict[str, float]:
48 |     scores: Dict[str, float] = {}
   |             ^^^^
49 |     try:
50 |         scores["roc_auc"] = metrics.roc_auc_score(y_true, y_prob)
   |
help: Replace with `dict`

UP006 Use `dict` instead of `Dict` for type annotation
  --> src/uais/utils/metrics.py:88:103
   |
88 | def compute_classification_metrics(y_true: np.ndarray, y_prob: np.ndarray, threshold: float = 0.5) -> Dict[str, float]:
   |                                                                                                       ^^^^
89 |     y_true = np.asarray(y_true)
90 |     y_prob = np.asarray(y_prob)
   |
help: Replace with `dict`

UP006 Use `dict` instead of `Dict` for type annotation
   --> src/uais/utils/metrics.py:107:6
    |
105 |     y_prob: np.ndarray | float | None = None,
106 |     threshold: float = 0.5,
107 | ) -> Dict[str, float]:
    |      ^^^^
108 |     """Backward-compatible wrapper for mixed call signatures."""
109 |     y_true = np.asarray(y_true)
    |
help: Replace with `dict`

UP006 Use `dict` instead of `Dict` for type annotation
   --> src/uais/utils/metrics.py:170:6
    |
168 |     max_brier_delta: float = 0.05,
169 |     n_bins: int = 10,
170 | ) -> Dict[str, object]:
    |      ^^^^
171 |     """Compare deployment calibration against a reference window.
    |
help: Replace with `dict`

UP006 Use `dict` instead of `Dict` for type annotation
   --> src/uais/utils/metrics.py:217:6
    |
215 |     fire_decisions: np.ndarray,
216 |     margin_epsilon: float = 0.0,
217 | ) -> Dict[str, float | bool]:
    |      ^^^^
218 |     """Empirical certificate for when a reliability switch is preferable.
    |
help: Replace with `dict`

UP006 Use `dict` instead of `Dict` for type annotation
   --> src/uais/utils/metrics.py:285:6
    |
283 |     alpha: float = 0.05,
284 |     random_state: int = 42,
285 | ) -> Dict[str, float]:
    |      ^^^^
286 |     """Bootstrap a 1-alpha confidence interval for any (y_true, y_score) metric.
    |
help: Replace with `dict`

UP006 Use `dict` instead of `Dict` for type annotation
   --> src/uais/utils/metrics.py:316:45
    |
316 | def aggregate_cv_metrics(per_fold: list) -> Dict[str, Dict[str, float]]:
    |                                             ^^^^
317 |     """Aggregate per-fold metric dicts into mean/std/95% CI across folds.
    |
help: Replace with `dict`

UP006 Use `dict` instead of `Dict` for type annotation
   --> src/uais/utils/metrics.py:316:55
    |
316 | def aggregate_cv_metrics(per_fold: list) -> Dict[str, Dict[str, float]]:
    |                                                       ^^^^
317 |     """Aggregate per-fold metric dicts into mean/std/95% CI across folds.
    |
help: Replace with `dict`

UP006 Use `dict` instead of `Dict` for type annotation
   --> src/uais/utils/metrics.py:325:10
    |
323 |         return {}
324 |     keys = set().union(*per_fold)
325 |     out: Dict[str, Dict[str, float]] = {}
    |          ^^^^
326 |     for k in keys:
327 |         vals = []
    |
help: Replace with `dict`

UP006 Use `dict` instead of `Dict` for type annotation
   --> src/uais/utils/metrics.py:325:20
    |
323 |         return {}
324 |     keys = set().union(*per_fold)
325 |     out: Dict[str, Dict[str, float]] = {}
    |                    ^^^^
326 |     for k in keys:
327 |         vals = []
    |
help: Replace with `dict`

UP006 Use `dict` instead of `Dict` for type annotation
   --> src/uais/utils/metrics.py:355:47
    |
355 | def flag_suspicious_performance(metrics_dict: Dict[str, float],
    |                                               ^^^^
356 |                                  auc_threshold: float = 0.99,
357 |                                  f1_threshold: float = 0.99) -> Dict[str, bool]:
    |
help: Replace with `dict`

UP006 Use `dict` instead of `Dict` for type annotation
   --> src/uais/utils/metrics.py:357:65
    |
355 | def flag_suspicious_performance(metrics_dict: Dict[str, float],
356 |                                  auc_threshold: float = 0.99,
357 |                                  f1_threshold: float = 0.99) -> Dict[str, bool]:
    |                                                                 ^^^^
358 |     """Detect suspiciously-perfect metric values that often indicate leakage.
    |
help: Replace with `dict`

UP035 `typing.Dict` is deprecated, use `dict` instead
 --> src/uais/utils/mlflow_utils.py:6:1
  |
5 | from pathlib import Path
6 | from typing import Dict
  | ^^^^^^^^^^^^^^^^^^^^^^^
7 |
8 | try:
  |

UP006 Use `dict` instead of `Dict` for type annotation
  --> src/uais/utils/mlflow_utils.py:19:68
   |
19 | def load_mlflow_settings(config_path: str | Path | None = None) -> Dict[str, str]:
   |                                                                    ^^^^
20 |     """Load tracking URI and experiment name from YAML."""
21 |     path = Path(config_path) if config_path else PROJECT_ROOT / "mlflow_config.yaml"
   |
help: Replace with `dict`

UP006 Use `dict` instead of `Dict` for type annotation
  --> src/uais/utils/mlflow_utils.py:50:21
   |
50 | def log_run(params: Dict[str, float] | None, metrics: Dict[str, float]) -> None:
   |                     ^^^^
51 |     """Log parameters and metrics to MLflow inside a single run."""
52 |     if not _MLFLOW_AVAILABLE:
   |
help: Replace with `dict`

UP006 Use `dict` instead of `Dict` for type annotation
  --> src/uais/utils/mlflow_utils.py:50:55
   |
50 | def log_run(params: Dict[str, float] | None, metrics: Dict[str, float]) -> None:
   |                                                       ^^^^
51 |     """Log parameters and metrics to MLflow inside a single run."""
52 |     if not _MLFLOW_AVAILABLE:
   |
help: Replace with `dict`

UP035 `typing.Dict` is deprecated, use `dict` instead
 --> src/uais/utils/paths.py:3:1
  |
1 | """Centralized project paths and helpers."""
2 | from pathlib import Path
3 | from typing import Dict
  | ^^^^^^^^^^^^^^^^^^^^^^^
4 |
5 | PROJECT_ROOT = Path(__file__).resolve().parents[2]
  |

UP006 Use `dict` instead of `Dict` for type annotation
  --> src/uais/utils/paths.py:21:34
   |
21 | def domain_paths(domain: str) -> Dict[str, Path]:
   |                                  ^^^^
22 |     """Return resolved paths for a given domain (fraud/cyber/behavior/fusion)."""
23 |     ensure_directories()
   |
help: Replace with `dict`

I001 [*] Import block is un-sorted or un-formatted
 --> src/uais/utils/result_aggregation.py:3:1
  |
1 |   """Result aggregation helpers for multi-seed UAV experiments."""
2 |
3 | / from __future__ import annotations
4 | |
5 | | from collections import defaultdict
6 | | from typing import Any, Iterable, Sequence
7 | |
8 | | import numpy as np
  | |__________________^
  |
help: Organize imports

UP035 [*] Import from `collections.abc` instead: `Iterable`, `Sequence`
 --> src/uais/utils/result_aggregation.py:6:1
  |
5 | from collections import defaultdict
6 | from typing import Any, Iterable, Sequence
  | ^^^^^^^^^^^^^^^^^^^^^^^^^^^^^^^^^^^^^^^^^^
7 |
8 | import numpy as np
  |
help: Import from `collections.abc`

C416 Unnecessary dict comprehension (rewrite using `dict()`)
  --> src/uais/utils/result_aggregation.py:86:15
   |
84 |     for key_tuple in sorted(grouped, key=lambda item: tuple(str(x) for x in item)):
85 |         group_rows = grouped[key_tuple]
86 |         out = {key: value for key, value in zip(group_keys, key_tuple)}
   |               ^^^^^^^^^^^^^^^^^^^^^^^^^^^^^^^^^^^^^^^^^^^^^^^^^^^^^^^^^
87 |         seeds = {row.get("seed") for row in group_rows if row.get("seed") is not None}
88 |         out["n_seeds"] = len(seeds) if seeds else len(group_rows)
   |
help: Rewrite using `dict()`

UP035 `typing.Tuple` is deprecated, use `tuple` instead
 --> src/uais/utils/runtime.py:5:1
  |
4 | import time
5 | from typing import Any, Callable, Tuple
  | ^^^^^^^^^^^^^^^^^^^^^^^^^^^^^^^^^^^^^^^
6 |
7 | import numpy as np
  |

F401 [*] `numpy` imported but unused
 --> src/uais/utils/runtime.py:7:17
  |
5 | from typing import Any, Callable, Tuple
6 |
7 | import numpy as np
  |                 ^^
  |
help: Remove unused import: `numpy`

UP006 Use `tuple` instead of `Tuple` for type annotation
  --> src/uais/utils/runtime.py:10:50
   |
10 | def time_block(fn: Callable, *args, **kwargs) -> Tuple[float, Any]:
   |                                                  ^^^^^
11 |     """Measure wall time of a function call."""
12 |     start = time.perf_counter()
   |
help: Replace with `tuple`

UP035 `typing.Tuple` is deprecated, use `tuple` instead
 --> src/uais/utils/stats.py:4:1
  |
2 | from __future__ import annotations
3 |
4 | from typing import Callable, Tuple
  | ^^^^^^^^^^^^^^^^^^^^^^^^^^^^^^^^^^
5 |
6 | import numpy as np
  |

UP006 Use `tuple` instead of `Tuple` for type annotation
  --> src/uais/utils/stats.py:25:80
   |
25 | def _auc_structural_components(predictions: np.ndarray, labels: np.ndarray) -> Tuple[float, np.ndarray, np.ndarray]:
   |                                                                                ^^^^^
26 |     pos = predictions[labels == 1]
27 |     neg = predictions[labels == 0]
   |
help: Replace with `tuple`

UP006 Use `tuple` instead of `Tuple` for type annotation
  --> src/uais/utils/stats.py:38:66
   |
38 | def _fast_delong(predictions: np.ndarray, labels: np.ndarray) -> Tuple[float, float]:
   |                                                                  ^^^^^
39 |     predictions = np.asarray(predictions, dtype=float).ravel()
40 |     labels = np.asarray(labels).ravel()
   |
help: Replace with `tuple`

UP006 Use `tuple` instead of `Tuple` for type annotation
  --> src/uais/utils/stats.py:86:6
   |
84 |     alpha: float = 0.05,
85 |     random_state: int = 42,
86 | ) -> Tuple[float, float]:
   |      ^^^^^
87 |     """Compute bootstrap confidence interval for a metric.
   |
help: Replace with `tuple`

UP035 `typing.Dict` is deprecated, use `dict` instead
  --> src/uais/vision/train_autoencoder_vision.py:12:1
   |
10 | from dataclasses import dataclass
11 | from pathlib import Path
12 | from typing import Dict, Optional, Tuple
   | ^^^^^^^^^^^^^^^^^^^^^^^^^^^^^^^^^^^^^^^^
13 |
14 | import numpy as np
   |

UP035 `typing.Tuple` is deprecated, use `tuple` instead
  --> src/uais/vision/train_autoencoder_vision.py:12:1
   |
10 | from dataclasses import dataclass
11 | from pathlib import Path
12 | from typing import Dict, Optional, Tuple
   | ^^^^^^^^^^^^^^^^^^^^^^^^^^^^^^^^^^^^^^^^
13 |
14 | import numpy as np
   |

F401 [*] `typing.Optional` imported but unused
  --> src/uais/vision/train_autoencoder_vision.py:12:26
   |
10 | from dataclasses import dataclass
11 | from pathlib import Path
12 | from typing import Dict, Optional, Tuple
   |                          ^^^^^^^^
13 |
14 | import numpy as np
   |
help: Remove unused import

F401 [*] `typing.Tuple` imported but unused
  --> src/uais/vision/train_autoencoder_vision.py:12:36
   |
10 | from dataclasses import dataclass
11 | from pathlib import Path
12 | from typing import Dict, Optional, Tuple
   |                                    ^^^^^
13 |
14 | import numpy as np
   |
help: Remove unused import

UP006 Use `dict` instead of `Dict` for type annotation
   --> src/uais/vision/train_autoencoder_vision.py:116:6
    |
114 |     seed: int = 42,
115 |     **_: object,
116 | ) -> Dict[str, float]:
    |      ^^^^
117 |     """Train a convolutional autoencoder and return reconstruction-based anomaly metrics.
    |
help: Replace with `dict`

C408 Unnecessary `dict()` call (rewrite as a literal)
   --> src/uais/vision/train_autoencoder_vision.py:139:19
    |
137 |           raise FileNotFoundError(f"Vision data directory not found: {root}")
138 |
139 |       load_kwargs = dict(
    |  ___________________^
140 | |         directory=root,
141 | |         image_size=(cfg.image_size, cfg.image_size),
142 | |         batch_size=cfg.batch_size,
143 | |         validation_split=cfg.validation_split,
144 | |         seed=cfg.seed,
145 | |     )
    | |_____^
146 |       train_ds = tf.keras.preprocessing.image_dataset_from_directory(
147 |           subset="training", **load_kwargs
    |
help: Rewrite as a literal

UP035 `typing.Dict` is deprecated, use `dict` instead
  --> src/uais/vision/train_vision_model.py:12:1
   |
10 | from dataclasses import dataclass
11 | from pathlib import Path
12 | from typing import Dict
   | ^^^^^^^^^^^^^^^^^^^^^^^
13 |
14 | import tensorflow as tf
   |

UP006 Use `dict` instead of `Dict` for type annotation
   --> src/uais/vision/train_vision_model.py:113:49
    |
113 | def run_vision_experiment(cfg: VisionConfig) -> Dict[str, float]:
    |                                                 ^^^^
114 |     resolved_dir = cfg.resolve_dir()
115 |     data_dir = _normalize_dataset_root(resolved_dir)
    |
help: Replace with `dict`

UP035 `typing.Tuple` is deprecated, use `tuple` instead
 --> src/uais/vision/vision_utils.py:6:1
  |
5 | from pathlib import Path
6 | from typing import Tuple
  | ^^^^^^^^^^^^^^^^^^^^^^^^
  |

F401 [*] `typing.Tuple` imported but unused
 --> src/uais/vision/vision_utils.py:6:20
  |
5 | from pathlib import Path
6 | from typing import Tuple
  |                    ^^^^^
  |
help: Remove unused import: `typing.Tuple`

I001 [*] Import block is un-sorted or un-formatted
  --> src/uais_v/data/build_30seq_dataset.py:2:1
   |
 1 |   """Build 30-sequence arrays from behavior data or synthetic fallback."""
 2 | / from dataclasses import dataclass
 3 | | from typing import Dict, Tuple
 4 | |
 5 | | import numpy as np
 6 | | import pandas as pd
 7 | |
 8 | | from uais.utils.logging_utils import setup_logging
 9 | | from ..paths import PROCESSED_DIR, SEQUENCES_DIR
10 | | from .load_datasets import load_behavior_events
   | |_______________________________________________^
   |
help: Organize imports

UP035 `typing.Dict` is deprecated, use `dict` instead
 --> src/uais_v/data/build_30seq_dataset.py:3:1
  |
1 | """Build 30-sequence arrays from behavior data or synthetic fallback."""
2 | from dataclasses import dataclass
3 | from typing import Dict, Tuple
  | ^^^^^^^^^^^^^^^^^^^^^^^^^^^^^^
4 |
5 | import numpy as np
  |

UP035 `typing.Tuple` is deprecated, use `tuple` instead
 --> src/uais_v/data/build_30seq_dataset.py:3:1
  |
1 | """Build 30-sequence arrays from behavior data or synthetic fallback."""
2 | from dataclasses import dataclass
3 | from typing import Dict, Tuple
  | ^^^^^^^^^^^^^^^^^^^^^^^^^^^^^^
4 |
5 | import numpy as np
  |

F401 [*] `..paths.PROCESSED_DIR` imported but unused
  --> src/uais_v/data/build_30seq_dataset.py:9:21
   |
 8 | from uais.utils.logging_utils import setup_logging
 9 | from ..paths import PROCESSED_DIR, SEQUENCES_DIR
   |                     ^^^^^^^^^^^^^
10 | from .load_datasets import load_behavior_events
   |
help: Remove unused import: `..paths.PROCESSED_DIR`

UP006 Use `tuple` instead of `Tuple` for type annotation
  --> src/uais_v/data/build_30seq_dataset.py:51:62
   |
51 | def _prepare_behavior_sequences(cfg: SequenceBuildConfig) -> Tuple[Dict[str, np.ndarray], np.ndarray]:
   |                                                              ^^^^^
52 |     df = load_behavior_events()
   |
help: Replace with `tuple`

UP006 Use `dict` instead of `Dict` for type annotation
  --> src/uais_v/data/build_30seq_dataset.py:51:68
   |
51 | def _prepare_behavior_sequences(cfg: SequenceBuildConfig) -> Tuple[Dict[str, np.ndarray], np.ndarray]:
   |                                                                    ^^^^
52 |     df = load_behavior_events()
   |
help: Replace with `dict`

B007 Loop control variable `entity` not used within loop body
  --> src/uais_v/data/build_30seq_dataset.py:91:9
   |
89 |     sequences = []
90 |     labels = []
91 |     for entity, group in df.groupby(entity_col):
   |         ^^^^^^
92 |         if len(group) < cfg.min_events_per_entity:
93 |             continue
   |
help: Rename unused `entity` to `_entity`

UP006 Use `dict` instead of `Dict` for type annotation
   --> src/uais_v/data/build_30seq_dataset.py:108:13
    |
107 |     rng = np.random.default_rng(cfg.seed)
108 |     X_dict: Dict[str, np.ndarray] = {}
    |             ^^^^
109 |     for i in range(30):
110 |         noise_scale = 0.01 * (i + 1)
    |
help: Replace with `dict`

UP006 Use `tuple` instead of `Tuple` for type annotation
   --> src/uais_v/data/build_30seq_dataset.py:117:77
    |
117 | def _synthetic_sequences(cfg: SequenceBuildConfig, n_samples: int = 400) -> Tuple[Dict[str, np.ndarray], np.ndarray]:
    |                                                                             ^^^^^
118 |     rng = np.random.default_rng(cfg.seed)
119 |     base = rng.normal(0.0, 1.0, size=(n_samples, cfg.seq_len, cfg.n_features)).astype(np.float32)
    |
help: Replace with `tuple`

UP006 Use `dict` instead of `Dict` for type annotation
   --> src/uais_v/data/build_30seq_dataset.py:117:83
    |
117 | def _synthetic_sequences(cfg: SequenceBuildConfig, n_samples: int = 400) -> Tuple[Dict[str, np.ndarray], np.ndarray]:
    |                                                                                   ^^^^
118 |     rng = np.random.default_rng(cfg.seed)
119 |     base = rng.normal(0.0, 1.0, size=(n_samples, cfg.seq_len, cfg.n_features)).astype(np.float32)
    |
help: Replace with `dict`

UP006 Use `dict` instead of `Dict` for type annotation
   --> src/uais_v/data/build_30seq_dataset.py:123:13
    |
121 |     base[labels == 1] += rng.normal(1.2, 0.5, size=base[labels == 1].shape).astype(np.float32)
122 |
123 |     X_dict: Dict[str, np.ndarray] = {}
    |             ^^^^
124 |     for i in range(30):
125 |         jitter = rng.normal(0.0, 0.02 * (i + 1), size=base.shape).astype(np.float32)
    |
help: Replace with `dict`

UP006 Use `tuple` instead of `Tuple` for type annotation
   --> src/uais_v/data/build_30seq_dataset.py:130:67
    |
130 | def build_30seq_arrays(cfg: SequenceBuildConfig | None = None) -> Tuple[Dict[str, np.ndarray], np.ndarray]:
    |                                                                   ^^^^^
131 |     cfg = cfg or SequenceBuildConfig()
132 |     set_global_seed(cfg.seed)
    |
help: Replace with `tuple`

UP006 Use `dict` instead of `Dict` for type annotation
   --> src/uais_v/data/build_30seq_dataset.py:130:73
    |
130 | def build_30seq_arrays(cfg: SequenceBuildConfig | None = None) -> Tuple[Dict[str, np.ndarray], np.ndarray]:
    |                                                                         ^^^^
131 |     cfg = cfg or SequenceBuildConfig()
132 |     set_global_seed(cfg.seed)
    |
help: Replace with `dict`

UP006 Use `tuple` instead of `Tuple` for type annotation
   --> src/uais_v/data/build_30seq_dataset.py:149:28
    |
149 | def load_30seq_arrays() -> Tuple[Dict[str, np.ndarray], np.ndarray]:
    |                            ^^^^^
150 |     X_dict = np.load(SEQUENCES_DIR / "X_30seq.npy", allow_pickle=True).item()
151 |     y = np.load(SEQUENCES_DIR / "y_30seq.npy")
    |
help: Replace with `tuple`

UP006 Use `dict` instead of `Dict` for type annotation
   --> src/uais_v/data/build_30seq_dataset.py:149:34
    |
149 | def load_30seq_arrays() -> Tuple[Dict[str, np.ndarray], np.ndarray]:
    |                                  ^^^^
150 |     X_dict = np.load(SEQUENCES_DIR / "X_30seq.npy", allow_pickle=True).item()
151 |     y = np.load(SEQUENCES_DIR / "y_30seq.npy")
    |
help: Replace with `dict`

I001 [*] Import block is un-sorted or un-formatted
  --> src/uais_v/data/build_feature_tables.py:8:5
   |
 7 |   try:
 8 | /     from uais.features.behavior_features import build_behavior_feature_table
 9 | |     from uais.features.fraud_features import build_fraud_features
10 | |     from uais.features.cyber_features import build_cyber_features
   | |_________________________________________________________________^
11 |   except Exception:  # pragma: no cover - fallback when uais not available
12 |       build_behavior_feature_table = None
   |
help: Organize imports

UP035 [*] Import from `collections.abc` instead: `Iterable`
 --> src/uais_v/data/nlp_preprocess.py:3:1
  |
1 | """Placeholder NLP preprocessing pipeline."""
2 | from pathlib import Path
3 | from typing import Iterable
  | ^^^^^^^^^^^^^^^^^^^^^^^^^^^
4 |
5 | import pandas as pd
  |
help: Import from `collections.abc`

I001 [*] Import block is un-sorted or un-formatted
  --> tests/conftest.py:8:1
   |
 6 |     - top-level modules from the repo root
 7 |   """
 8 | / import sys
 9 | | import os
   | |_________^
10 |
11 |   # Repository root  (one level above the tests/ directory)
   |
help: Organize imports

F841 Local variable `rng` is assigned to but never used
   --> tests/test_baselines.py:130:5
    |
128 | def test_confidence_weighted_mean_sharpness_ordering():
129 |     """Domain with higher score deviation should get more weight."""
130 |     rng = np.random.default_rng(42)
    |     ^^^
131 |     # 2-domain case: domain 0 has high scores (far from 0.5), domain 1 near 0.5
132 |     features = np.zeros((10, 2, 3), dtype=np.float32)
    |
help: Remove assignment to unused variable `rng`

I001 [*] Import block is un-sorted or un-formatted
  --> tests/test_counterfactual_explainer.py:3:1
   |
 1 |   """Tests for CounterfactualDomainExplainer (CDA component of CRAF)."""
 2 |
 3 | / from __future__ import annotations
 4 | |
 5 | | import math
 6 | | from typing import List
 7 | |
 8 | | import numpy as np
 9 | | import pytest
10 | | import torch
11 | |
12 | | from uais.fusion.attention.counterfactual_explainer import (
13 | |     CounterfactualDomainExplainer,
14 | |     CounterfactualResult,
15 | | )
16 | | from uais.fusion.attention.cross_modal_attention import AttentionFusionModel
   | |____________________________________________________________________________^
   |
help: Organize imports

UP035 `typing.List` is deprecated, use `list` instead
 --> tests/test_counterfactual_explainer.py:6:1
  |
5 | import math
6 | from typing import List
  | ^^^^^^^^^^^^^^^^^^^^^^^
7 |
8 | import numpy as np
  |

F401 [*] `typing.List` imported but unused
 --> tests/test_counterfactual_explainer.py:6:20
  |
5 | import math
6 | from typing import List
  |                    ^^^^
7 |
8 | import numpy as np
  |
help: Remove unused import: `typing.List`

F401 [*] `pytest` imported but unused
  --> tests/test_counterfactual_explainer.py:9:8
   |
 8 | import numpy as np
 9 | import pytest
   |        ^^^^^^
10 | import torch
   |
help: Remove unused import: `pytest`

I001 [*] Import block is un-sorted or un-formatted
  --> tests/test_cv_evaluator.py:3:1
   |
 1 |   """Tests for the unified 5-fold CV evaluator."""
 2 |
 3 | / from __future__ import annotations
 4 | |
 5 | | import numpy as np
 6 | | import pytest
 7 | |
 8 | | from uais.fusion.attention.baselines import (
 9 | |     ConfidenceWeightedMean, RandomForestFusion,
10 | | )
11 | | from uais.fusion.attention.cv_evaluator import (
12 | |     BaselineSpec, CVConfig,
13 | |     cross_validate_baselines,
14 | |     pairwise_delong_from_predictions,
15 | | )
16 | | from uais.fusion.attention.unsupervised_baselines import (
17 | |     BGMMAnomalyDetector, BGMMConfig,
18 | |     IForestConfig, IsolationForestDetector,
19 | | )
   | |_^
   |
help: Organize imports

B007 Loop control variable `name` not used within loop body
  --> tests/test_cv_evaluator.py:87:9
   |
86 | def test_cv_aggregate_has_mean_std_ci(cv_results):
87 |     for name, data in cv_results["per_baseline"].items():
   |         ^^^^
88 |         agg = data["aggregate"]
89 |         if "roc_auc" not in agg:
   |
help: Rename unused `name` to `_name`

B007 Loop control variable `name` not used within loop body
  --> tests/test_cv_evaluator.py:96:9
   |
95 | def test_cv_bootstrap_ci_present(cv_results):
96 |     for name, data in cv_results["per_baseline"].items():
   |         ^^^^
97 |         if "bootstrap_ci" not in data:
98 |             continue
   |
help: Rename unused `name` to `_name`

B007 Loop control variable `name` not used within loop body
   --> tests/test_cv_evaluator.py:120:9
    |
118 | def test_cv_hyperparameters_recorded(cv_results):
119 |     """Every baseline must record its hyperparameter dict for reproducibility."""
120 |     for name, data in cv_results["per_baseline"].items():
    |         ^^^^
121 |         # Some may be empty dict for sklearn defaults, but key must exist
122 |         assert "hyperparameters" in data
    |
help: Rename unused `name` to `_name`

I001 [*] Import block is un-sorted or un-formatted
  --> tests/test_dim_reduction.py:3:1
   |
 1 |   """Tests for consistent dimensionality reduction across baselines."""
 2 |
 3 | / from __future__ import annotations
 4 | |
 5 | | import numpy as np
 6 | | import pytest
 7 | |
 8 | | from uais.fusion.attention.dim_reduction import (
 9 | |     AEReducerConfig, AutoencoderReducer, DimReducer, NoOpReducer,
10 | |     PCAReducerConfig, PCAReducer, make_reducer,
11 | | )
   | |_^
   |
help: Organize imports

F401 [*] `uais.fusion.attention.dim_reduction.DimReducer` imported but unused
  --> tests/test_dim_reduction.py:9:42
   |
 8 | from uais.fusion.attention.dim_reduction import (
 9 |     AEReducerConfig, AutoencoderReducer, DimReducer, NoOpReducer,
   |                                          ^^^^^^^^^^
10 |     PCAReducerConfig, PCAReducer, make_reducer,
11 | )
   |
help: Remove unused import: `uais.fusion.attention.dim_reduction.DimReducer`

F401 [*] `pytest` imported but unused
  --> tests/test_family_d_v2_manifest_no_placeholders.py:13:8
   |
11 | from pathlib import Path
12 |
13 | import pytest
   |        ^^^^^^
14 |
15 | ROOT = Path(__file__).resolve().parents[1]
   |
help: Remove unused import: `pytest`

F401 [*] `pytest` imported but unused
 --> tests/test_holm_bonferroni.py:6:8
  |
5 | import numpy as np
6 | import pytest
  |        ^^^^^^
7 |
8 | from uais.utils.stats import holm_bonferroni
  |
help: Remove unused import: `pytest`

E712 Avoid equality comparisons to `True`; use `result["reject"][1]:` for truth checks
  --> tests/test_holm_bonferroni.py:23:12
   |
21 |     result = holm_bonferroni(p, alpha=0.05)
22 |     # Only the 0.01 should be rejected; 0.04 needs 0.04*3 = 0.12 > 0.05
23 |     assert result["reject"][1] == True
   |            ^^^^^^^^^^^^^^^^^^^^^^^^^^^
24 |     assert result["reject"][0] == False
25 |     assert result["reject"][2] == False
   |
help: Replace with `result["reject"][1]`

E712 Avoid equality comparisons to `False`; use `not result["reject"][0]:` for false checks
  --> tests/test_holm_bonferroni.py:24:12
   |
22 |     # Only the 0.01 should be rejected; 0.04 needs 0.04*3 = 0.12 > 0.05
23 |     assert result["reject"][1] == True
24 |     assert result["reject"][0] == False
   |            ^^^^^^^^^^^^^^^^^^^^^^^^^^^^
25 |     assert result["reject"][2] == False
26 |     assert result["reject"][3] == False
   |
help: Replace with `not result["reject"][0]`

E712 Avoid equality comparisons to `False`; use `not result["reject"][2]:` for false checks
  --> tests/test_holm_bonferroni.py:25:12
   |
23 |     assert result["reject"][1] == True
24 |     assert result["reject"][0] == False
25 |     assert result["reject"][2] == False
   |            ^^^^^^^^^^^^^^^^^^^^^^^^^^^^
26 |     assert result["reject"][3] == False
   |
help: Replace with `not result["reject"][2]`

E712 Avoid equality comparisons to `False`; use `not result["reject"][3]:` for false checks
  --> tests/test_holm_bonferroni.py:26:12
   |
24 |     assert result["reject"][0] == False
25 |     assert result["reject"][2] == False
26 |     assert result["reject"][3] == False
   |            ^^^^^^^^^^^^^^^^^^^^^^^^^^^^
   |
help: Replace with `not result["reject"][3]`

E712 Avoid equality comparisons to `False`; use `not result["reject"][3]:` for false checks
  --> tests/test_holm_bonferroni.py:35:12
   |
33 |     # All three small ones pass step-down: 0.001*4=0.004, 0.002*3=0.006, 0.003*2=0.006
34 |     assert result["reject"][:3].all()
35 |     assert result["reject"][3] == False
   |            ^^^^^^^^^^^^^^^^^^^^^^^^^^^^
   |
help: Replace with `not result["reject"][3]`

E712 Avoid equality comparisons to `True`; use `result["reject"][0]:` for truth checks
  --> tests/test_holm_bonferroni.py:60:12
   |
58 |     assert result["n_tests"] == 3
59 |     # Smallest of 3 valid: 0.01 * 3 = 0.03 ≤ 0.05 → reject
60 |     assert result["reject"][0] == True
   |            ^^^^^^^^^^^^^^^^^^^^^^^^^^^
61 |     assert result["reject"][1] == False  # NaN entry never rejected
62 |     assert np.isnan(result["p_adjusted"][1])
   |
help: Replace with `result["reject"][0]`

E712 Avoid equality comparisons to `False`; use `not result["reject"][1]:` for false checks
  --> tests/test_holm_bonferroni.py:61:12
   |
59 |     # Smallest of 3 valid: 0.01 * 3 = 0.03 ≤ 0.05 → reject
60 |     assert result["reject"][0] == True
61 |     assert result["reject"][1] == False  # NaN entry never rejected
   |            ^^^^^^^^^^^^^^^^^^^^^^^^^^^^
62 |     assert np.isnan(result["p_adjusted"][1])
   |
help: Replace with `not result["reject"][1]`

I001 [*] Import block is un-sorted or un-formatted
  --> tests/test_infer_rga.py:15:1
   |
13 |   """
14 |
15 | / from __future__ import annotations
16 | |
17 | | from pathlib import Path
18 | |
19 | | import numpy as np
20 | | import pytest
21 | | import torch
22 | |
23 | | from infer_rga import InferRGA
24 | | from uais.fusion.attention.cross_modal_attention import AttentionFusionModel
25 | | from uais.fusion.attention.reliability_estimator import ReliabilityEstimator
   | |____________________________________________________________________________^
   |
help: Organize imports

E702 Multiple statements on one line (semicolon)
  --> tests/test_infer_rga.py:70:24
   |
68 |             logits.squeeze(-1), lbl_t
69 |         )
70 |         opt.zero_grad(); loss.backward(); opt.step()
   |                        ^
71 |
72 |     model_path = tmp_path / "model.pt"
   |

E702 Multiple statements on one line (semicolon)
  --> tests/test_infer_rga.py:70:41
   |
68 |             logits.squeeze(-1), lbl_t
69 |         )
70 |         opt.zero_grad(); loss.backward(); opt.step()
   |                                         ^
71 |
72 |     model_path = tmp_path / "model.pt"
   |

F841 Local variable `train_X_scaled` is assigned to but never used
   --> tests/test_leakage_guard.py:109:9
    |
107 |     with assert_split_before_preprocess(train_X, test_X) as guard:
108 |         # Preprocess train only
109 |         train_X_scaled = train_X * 10.0
    |         ^^^^^^^^^^^^^^
110 |         assert guard.n_unique_in_test() == 50
    |
help: Remove assignment to unused variable `train_X_scaled`

E712 Avoid equality comparisons to `True`; use `decisions[0]:` for truth checks
  --> tests/test_learned_gate.py:86:12
   |
84 |     test_m = np.zeros_like(test_w, dtype=bool)
85 |     decisions = gate.decide(test_w, test_m)
86 |     assert decisions[0] == True   # low reliability → fire
   |            ^^^^^^^^^^^^^^^^^^^^
87 |     assert decisions[1] == False  # high reliability → static
   |
help: Replace with `decisions[0]`

E712 Avoid equality comparisons to `False`; use `not decisions[1]:` for false checks
  --> tests/test_learned_gate.py:87:12
   |
85 |     decisions = gate.decide(test_w, test_m)
86 |     assert decisions[0] == True   # low reliability → fire
87 |     assert decisions[1] == False  # high reliability → static
   |            ^^^^^^^^^^^^^^^^^^^^^
   |
help: Replace with `not decisions[1]`

E712 Avoid equality comparisons to `False`; use `not decisions:` for false checks
   --> tests/test_learned_gate.py:100:13
    |
 98 |     decisions = gate.decide(w, masks)
 99 |     assert decisions.shape == (n,)
100 |     assert (decisions == False).all()
    |             ^^^^^^^^^^^^^^^^^^
101 |     assert gate.train_label_balance_ == 0.0
    |
help: Replace with `not decisions`

I001 [*] Import block is un-sorted or un-formatted
   --> tests/test_mvtec3d_benchmark.py:119:5
    |
118 |   def test_extract_point_cloud_statistics(tmp_path):
119 | /     import tifffile
120 | |     from uais.fusion.attention.m3dm_features import extract_point_cloud_statistics
    | |__________________________________________________________________________________^
121 |
122 |       # Construct a synthetic plane: x from 0..7, y from 0..7, z = 2.0
    |
help: Organize imports

I001 [*] Import block is un-sorted or un-formatted
   --> tests/test_mvtec3d_benchmark.py:141:5
    |
140 |   def test_extract_resnet_features_concatenates_point_statistics(tmp_path):
141 | /     import tifffile
142 | |     from uais.fusion.attention.m3dm_features import extract_resnet_features
    | |___________________________________________________________________________^
143 |
144 |       x, y = np.meshgrid(np.arange(8), np.arange(8))
    |
help: Organize imports

F841 Local variable `torch` is assigned to but never used
 --> tests/test_nlp_tiny.py:5:5
  |
4 | def test_distilbert_forward_smoke():
5 |     torch = pytest.importorskip("torch")
  |     ^^^^^
6 |     transformers = pytest.importorskip("transformers")
7 |     from uais_v.models.nlp_text_model import DistilBERTClassifier, get_tokenizer
  |
help: Remove assignment to unused variable `torch`

F841 Local variable `transformers` is assigned to but never used
 --> tests/test_nlp_tiny.py:6:5
  |
4 | def test_distilbert_forward_smoke():
5 |     torch = pytest.importorskip("torch")
6 |     transformers = pytest.importorskip("transformers")
  |     ^^^^^^^^^^^^
7 |     from uais_v.models.nlp_text_model import DistilBERTClassifier, get_tokenizer
  |
help: Remove assignment to unused variable `transformers`

I001 [*] Import block is un-sorted or un-formatted
  --> tests/test_one_primary_elara_bench_la_story.py:8:1
   |
 6 |   """
 7 |
 8 | / from __future__ import annotations
 9 | |
10 | | import re
11 | | from pathlib import Path
   | |________________________^
   |
help: Organize imports

F401 [*] `re` imported but unused
  --> tests/test_one_primary_elara_bench_la_story.py:10:8
   |
 8 | from __future__ import annotations
 9 |
10 | import re
   |        ^^
11 | from pathlib import Path
   |
help: Remove unused import: `re`

I001 [*] Import block is un-sorted or un-formatted
   --> tests/test_paper_asset_metadata.py:392:5
    |
391 |   def test_eata_sar_adapters_importable():
392 | /     from uais.fusion.attention.baselines import EATAScoreAdapter, SARScoreAdapter
393 | |     import numpy as np
    | |______________________^
394 |       rng = np.random.default_rng(0)
395 |       features = rng.uniform(0, 1, size=(40, 3, 4)).astype(np.float32)
    |
help: Organize imports

I001 [*] Import block is un-sorted or un-formatted
  --> tests/test_phase1_1_1_residual_patch.py:7:1
   |
 5 |   """
 6 |
 7 | / from __future__ import annotations
 8 | |
 9 | | import re
10 | | from pathlib import Path
11 | |
12 | | import pytest
   | |_____________^
   |
help: Organize imports

I001 [*] Import block is un-sorted or un-formatted
 --> tests/test_phase1_1_primary_story_consistency.py:3:1
  |
1 |   """Phase 1.1 — primary ELARA-Bench-LA mechanism story is consistent."""
2 |
3 | / from __future__ import annotations
4 | |
5 | | import re
6 | | from pathlib import Path
  | |________________________^
  |
help: Organize imports

F401 [*] `json` imported but unused
  --> tests/test_phase2_2b1_driver_computation.py:9:8
   |
 7 | from __future__ import annotations
 8 |
 9 | import json
   |        ^^^^
10 | import sys
11 | from pathlib import Path
   |
help: Remove unused import: `json`

F401 [*] `pytest` imported but unused
  --> tests/test_phase2_2b1_driver_computation.py:14:8
   |
13 | import numpy as np
14 | import pytest
   |        ^^^^^^
15 |
16 | ROOT = Path(__file__).resolve().parents[1]
   |
help: Remove unused import: `pytest`

F841 Local variable `static_auc` is assigned to but never used
   --> tests/test_phase2_2b1_driver_computation.py:112:9
    |
110 |         assert gate_fired.dtype == bool, f"{gate_id}: wrong dtype"
111 |
112 |         static_auc = mod._safe_auc(labels, np.random.default_rng(0).random(60))
    |         ^^^^^^^^^^
113 |         result_rows.append({
114 |             "gate_id": gate_id,
    |
help: Remove assignment to unused variable `static_auc`

B904 Within an `except` clause, raise exceptions with `raise ... from err` or `raise ... from None` to distinguish them from errors in exception handling
  --> tests/test_phase2_family_a_k5_primary_surface.py:47:17
   |
45 |                   float(r["delong_p_holm_k5"])
46 |               except ValueError:
47 | /                 raise AssertionError(
48 | |                     f"K5_FULL_FAMILY row has non-numeric holm p: {r['delong_p_holm_k5']!r}"
49 | |                 )
   | |_________________^
50 |           else:
51 |               assert r["delong_p_holm_k5"] == "pending_full_family"
   |

F841 Local variable `est` is assigned to but never used
  --> tests/test_phase2_family_b_g3_top_q_gate.py:57:5
   |
56 | def test_top_q_rejects_q_less_than_1():
57 |     est = _estimator()
   |     ^^^
58 |     with pytest.raises(ValueError):
59 |         # construction-time guard
   |
help: Remove assignment to unused variable `est`

I001 [*] Import block is un-sorted or un-formatted
  --> tests/test_phase2_prediction_archive_schema.py:13:1
   |
12 |   sys.path.insert(0, str(Path(__file__).resolve().parents[1] / "src"))
13 | / from elara.evaluation.prediction_archive import (  # noqa: E402
14 | |     PREDICTION_ARCHIVE_SCHEMA,
15 | |     INDEX_COLUMNS,
16 | |     PredictionArchive,
17 | | )
   | |_^
   |
help: Organize imports

I001 [*] Import block is un-sorted or un-formatted
  --> tests/test_phase2_rga_v2_no_test_tuning.py:28:5
   |
27 |   def test_validation_fold_corruption_function_does_not_accept_test_data():
28 | /     from elara.family_b.corruption import validation_fold_corruption_grid
29 | |     import inspect
   | |__________________^
30 |       sig = inspect.signature(validation_fold_corruption_grid)
31 |       params = set(sig.parameters)
   |
help: Organize imports

F401 [*] `uais.fusion.attention.cross_modal_attention.AttentionFusionModel` imported but unused
 --> tests/test_polarity_calibration.py:9:57
  |
8 | from scripts.run_breakthrough_experiment import _calibrate_polarity
9 | from uais.fusion.attention.cross_modal_attention import AttentionFusionModel
  |                                                         ^^^^^^^^^^^^^^^^^^^^
  |
help: Remove unused import: `uais.fusion.attention.cross_modal_attention.AttentionFusionModel`

I001 [*] Import block is un-sorted or un-formatted
  --> tests/test_reliability_estimator.py:3:1
   |
 1 |   """Tests for ReliabilityEstimator (CRS component of CRAF)."""
 2 |
 3 | / from __future__ import annotations
 4 | |
 5 | | import tempfile
 6 | | from pathlib import Path
 7 | |
 8 | | import numpy as np
 9 | | import pytest
10 | |
11 | | from uais.fusion.attention.reliability_estimator import (
12 | |     CategoryAwareReliabilityEstimator,
13 | |     PerSampleReliabilityEstimator,
14 | |     ReliabilityEstimator,
15 | | )
   | |_^
   |
help: Organize imports

F841 Local variable `rng` is assigned to but never used
   --> tests/test_reliability_estimator.py:116:5
    |
114 | def test_ks_reliability_decreases_with_drift():
115 |     """A drifted domain should receive a lower reliability weight than the clean domain."""
116 |     rng = np.random.default_rng(42)
    |     ^^^
117 |     features, masks, labels = _make_data(seed=42, missing_prob=0.0)
    |
help: Remove assignment to unused variable `rng`

I001 [*] Import block is un-sorted or un-formatted
  --> tests/test_stats.py:1:1
   |
 1 | / import numpy as np
 2 | | import pytest
 3 | |
 4 | | from uais.utils.stats import delong_roc_test
 5 | | from uais.utils.metrics import (
 6 | |     bounded_switching_certificate,
 7 | |     calibration_monitor_report,
 8 | |     reliability_degradation_auc,
 9 | |     select_decision_threshold,
10 | | )
   | |_^
   |
help: Organize imports

I001 [*] Import block is un-sorted or un-formatted
  --> tests/test_ttt_adapters.py:3:1
   |
 1 |   """Tests for TentScoreAdapter and TTTPseudoLabelAdapter (test-time adaptive baselines)."""
 2 |
 3 | / from __future__ import annotations
 4 | |
 5 | | import numpy as np
 6 | | import pytest
 7 | |
 8 | | from uais.fusion.attention.baselines import (
 9 | |     EarlyFusionMLP,
10 | |     TTTPseudoLabelAdapter,
11 | |     TentScoreAdapter,
12 | |     run_baseline_suite,
13 | | )
   | |_^
14 |
15 |   # ---------------------------------------------------------------------------
   |
help: Organize imports

F401 [*] `uais.fusion.attention.baselines.EarlyFusionMLP` imported but unused
  --> tests/test_ttt_adapters.py:9:5
   |
 8 | from uais.fusion.attention.baselines import (
 9 |     EarlyFusionMLP,
   |     ^^^^^^^^^^^^^^
10 |     TTTPseudoLabelAdapter,
11 |     TentScoreAdapter,
   |
help: Remove unused import: `uais.fusion.attention.baselines.EarlyFusionMLP`

I001 [*] Import block is un-sorted or un-formatted
  --> tests/test_unsupervised_baselines.py:3:1
   |
 1 |   """Tests for unsupervised anomaly baselines (normal-only training protocol)."""
 2 |
 3 | / from __future__ import annotations
 4 | |
 5 | | import numpy as np
 6 | | import pytest
 7 | |
 8 | | from uais.fusion.attention.unsupervised_baselines import (
 9 | |     AEConfig, BGMMConfig, GMMConfig, IForestConfig, KMeansConfig,
10 | |     LOFConfig, OCSVMConfig,
11 | |     AutoencoderAnomalyDetector, BGMMAnomalyDetector, GMMAnomalyDetector,
12 | |     IsolationForestDetector, KMeansAnomalyDetector, LOFAnomalyDetector,
13 | |     OneClassSVMDetector,
14 | |     run_unsupervised_suite,
15 | | )
   | |_^
   |
help: Organize imports

B007 Loop control variable `name` not used within loop body
   --> tests/test_unsupervised_baselines.py:149:9
    |
147 |                      "one_class_svm", "lof", "autoencoder"}
148 |     assert set(results.keys()) == expected_keys
149 |     for name, metrics_d in results.items():
    |         ^^^^
150 |         if "error" in metrics_d:
151 |             continue
    |
help: Rename unused `name` to `_name`

F841 Local variable `torchvision` is assigned to but never used
 --> tests/test_vision_resnet.py:6:5
  |
4 | def test_resnet_forward_smoke():
5 |     torch = pytest.importorskip("torch")
6 |     torchvision = pytest.importorskip("torchvision")
  |     ^^^^^^^^^^^
7 |     from uais_v.models.vision_resnet import VisionConfig, build_resnet_classifier
  |
help: Remove assignment to unused variable `torchvision`

Found 1145 errors.
[*] 335 fixable with the `--fix` option (583 hidden fixes can be enabled with the `--unsafe-fixes` option).
