WARNING: Ignoring invalid distribution -urllib3 (/Volumes/T9/uav/AutoML_Flagship_V8/.venv/lib/python3.14/site-packages)
WARNING: Ignoring invalid distribution -soupsieve (/Volumes/T9/uav/AutoML_Flagship_V8/.venv/lib/python3.14/site-packages)
WARNING: Ignoring invalid distribution -urllib3 (/Volumes/T9/uav/AutoML_Flagship_V8/.venv/lib/python3.14/site-packages)
WARNING: Ignoring invalid distribution -soupsieve (/Volumes/T9/uav/AutoML_Flagship_V8/.venv/lib/python3.14/site-packages)
WARNING: Ignoring invalid distribution -pysocks (/Volumes/T9/uav/AutoML_Flagship_V8/.venv/lib/python3.14/site-packages)
WARNING: Ignoring invalid distribution -idna (/Volumes/T9/uav/AutoML_Flagship_V8/.venv/lib/python3.14/site-packages)
WARNING: Ignoring invalid distribution -certifi (/Volumes/T9/uav/AutoML_Flagship_V8/.venv/lib/python3.14/site-packages)
WARNING: Ignoring invalid distribution -requests (/Volumes/T9/uav/AutoML_Flagship_V8/.venv/lib/python3.14/site-packages)
WARNING: Ignoring invalid distribution -gdown (/Volumes/T9/uav/AutoML_Flagship_V8/.venv/lib/python3.14/site-packages)
WARNING: Ignoring invalid distribution -pyntcloud (/Volumes/T9/uav/AutoML_Flagship_V8/.venv/lib/python3.14/site-packages)
WARNING: Ignoring invalid distribution -pypdfium2 (/Volumes/T9/uav/AutoML_Flagship_V8/.venv/lib/python3.14/site-packages)
WARNING: Ignoring invalid distribution -schema (/Volumes/T9/uav/AutoML_Flagship_V8/.venv/lib/python3.14/site-packages)
WARNING: Ignoring invalid distribution -dictquery (/Volumes/T9/uav/AutoML_Flagship_V8/.venv/lib/python3.14/site-packages)
WARNING: Ignoring invalid distribution -wheel (/Volumes/T9/uav/AutoML_Flagship_V8/.venv/lib/python3.14/site-packages)
WARNING: Ignoring invalid distribution -charset-normalizer (/Volumes/T9/uav/AutoML_Flagship_V8/.venv/lib/python3.14/site-packages)
WARNING: Ignoring invalid distribution -beautifulsoup4 (/Volumes/T9/uav/AutoML_Flagship_V8/.venv/lib/python3.14/site-packages)
WARNING: Ignoring invalid distribution -universal-anomaly-intelligence (/Volumes/T9/uav/AutoML_Flagship_V8/.venv/lib/python3.14/site-packages)
WARNING: Ignoring invalid distribution -uc-micro-py (/Volumes/T9/uav/AutoML_Flagship_V8/.venv/lib/python3.14/site-packages)
WARNING: Ignoring invalid distribution -trimesh (/Volumes/T9/uav/AutoML_Flagship_V8/.venv/lib/python3.14/site-packages)
WARNING: Ignoring invalid distribution -toml (/Volumes/T9/uav/AutoML_Flagship_V8/.venv/lib/python3.14/site-packages)
WARNING: Ignoring invalid distribution -shellingham (/Volumes/T9/uav/AutoML_Flagship_V8/.venv/lib/python3.14/site-packages)
WARNING: Ignoring invalid distribution -pyzmq (/Volumes/T9/uav/AutoML_Flagship_V8/.venv/lib/python3.14/site-packages)
WARNING: Ignoring invalid distribution -python-box (/Volumes/T9/uav/AutoML_Flagship_V8/.venv/lib/python3.14/site-packages)
WARNING: Ignoring invalid distribution -pydash (/Volumes/T9/uav/AutoML_Flagship_V8/.venv/lib/python3.14/site-packages)
WARNING: Ignoring invalid distribution -pydantic (/Volumes/T9/uav/AutoML_Flagship_V8/.venv/lib/python3.14/site-packages)
WARNING: Ignoring invalid distribution -pycryptodome (/Volumes/T9/uav/AutoML_Flagship_V8/.venv/lib/python3.14/site-packages)
WARNING: Ignoring invalid distribution -pycparser (/Volumes/T9/uav/AutoML_Flagship_V8/.venv/lib/python3.14/site-packages)
WARNING: Ignoring invalid distribution -platformdirs (/Volumes/T9/uav/AutoML_Flagship_V8/.venv/lib/python3.14/site-packages)
WARNING: Ignoring invalid distribution -orderly-set (/Volumes/T9/uav/AutoML_Flagship_V8/.venv/lib/python3.14/site-packages)
WARNING: Ignoring invalid distribution -opencv-python-headless (/Volumes/T9/uav/AutoML_Flagship_V8/.venv/lib/python3.14/site-packages)
WARNING: Ignoring invalid distribution -mdurl (/Volumes/T9/uav/AutoML_Flagship_V8/.venv/lib/python3.14/site-packages)
WARNING: Ignoring invalid distribution -loguru (/Volumes/T9/uav/AutoML_Flagship_V8/.venv/lib/python3.14/site-packages)
WARNING: Ignoring invalid distribution -lazy-loader (/Volumes/T9/uav/AutoML_Flagship_V8/.venv/lib/python3.14/site-packages)
WARNING: Ignoring invalid distribution -imageio (/Volumes/T9/uav/AutoML_Flagship_V8/.venv/lib/python3.14/site-packages)
WARNING: Ignoring invalid distribution -click (/Volumes/T9/uav/AutoML_Flagship_V8/.venv/lib/python3.14/site-packages)
WARNING: Ignoring invalid distribution -cachebox (/Volumes/T9/uav/AutoML_Flagship_V8/.venv/lib/python3.14/site-packages)
WARNING: Ignoring invalid distribution -billiard (/Volumes/T9/uav/AutoML_Flagship_V8/.venv/lib/python3.14/site-packages)
WARNING: Ignoring invalid distribution -annotated-doc (/Volumes/T9/uav/AutoML_Flagship_V8/.venv/lib/python3.14/site-packages)
WARNING: Ignoring invalid distribution -scikit-image (/Volumes/T9/uav/AutoML_Flagship_V8/.venv/lib/python3.14/site-packages)
WARNING: Ignoring invalid distribution -markdown-it-py (/Volumes/T9/uav/AutoML_Flagship_V8/.venv/lib/python3.14/site-packages)
WARNING: Ignoring invalid distribution -linkify-it-py (/Volumes/T9/uav/AutoML_Flagship_V8/.venv/lib/python3.14/site-packages)
WARNING: Ignoring invalid distribution -deepdiff (/Volumes/T9/uav/AutoML_Flagship_V8/.venv/lib/python3.14/site-packages)
WARNING: Ignoring invalid distribution -cffi (/Volumes/T9/uav/AutoML_Flagship_V8/.venv/lib/python3.14/site-packages)
WARNING: Ignoring invalid distribution -astunparse (/Volumes/T9/uav/AutoML_Flagship_V8/.venv/lib/python3.14/site-packages)
WARNING: Ignoring invalid distribution -rich (/Volumes/T9/uav/AutoML_Flagship_V8/.venv/lib/python3.14/site-packages)
WARNING: Ignoring invalid distribution -mdit-py-plugins (/Volumes/T9/uav/AutoML_Flagship_V8/.venv/lib/python3.14/site-packages)
WARNING: Ignoring invalid distribution -argon2-cffi-bindings (/Volumes/T9/uav/AutoML_Flagship_V8/.venv/lib/python3.14/site-packages)
WARNING: Ignoring invalid distribution -albumentations (/Volumes/T9/uav/AutoML_Flagship_V8/.venv/lib/python3.14/site-packages)
WARNING: Ignoring invalid distribution -typer (/Volumes/T9/uav/AutoML_Flagship_V8/.venv/lib/python3.14/site-packages)
WARNING: Ignoring invalid distribution -textual (/Volumes/T9/uav/AutoML_Flagship_V8/.venv/lib/python3.14/site-packages)
WARNING: Ignoring invalid distribution -argon2-cffi (/Volumes/T9/uav/AutoML_Flagship_V8/.venv/lib/python3.14/site-packages)
WARNING: Ignoring invalid distribution -minio (/Volumes/T9/uav/AutoML_Flagship_V8/.venv/lib/python3.14/site-packages)
WARNING: Ignoring invalid distribution -pipelime-python (/Volumes/T9/uav/AutoML_Flagship_V8/.venv/lib/python3.14/site-packages)
WARNING: Ignoring invalid distribution -eyecandies (/Volumes/T9/uav/AutoML_Flagship_V8/.venv/lib/python3.14/site-packages)
WARNING: Ignoring invalid distribution -sortedcontainers (/Volumes/T9/uav/AutoML_Flagship_V8/.venv/lib/python3.14/site-packages)
WARNING: Ignoring invalid distribution -pure-eval (/Volumes/T9/uav/AutoML_Flagship_V8/.venv/lib/python3.14/site-packages)
WARNING: Ignoring invalid distribution -ptyprocess (/Volumes/T9/uav/AutoML_Flagship_V8/.venv/lib/python3.14/site-packages)
WARNING: Ignoring invalid distribution -fastjsonschema (/Volumes/T9/uav/AutoML_Flagship_V8/.venv/lib/python3.14/site-packages)
WARNING: Ignoring invalid distribution -distlib (/Volumes/T9/uav/AutoML_Flagship_V8/.venv/lib/python3.14/site-packages)
WARNING: Ignoring invalid distribution -wcwidth (/Volumes/T9/uav/AutoML_Flagship_V8/.venv/lib/python3.14/site-packages)
WARNING: Ignoring invalid distribution -types-requests (/Volumes/T9/uav/AutoML_Flagship_V8/.venv/lib/python3.14/site-packages)
WARNING: Ignoring invalid distribution -types-pyyaml (/Volumes/T9/uav/AutoML_Flagship_V8/.venv/lib/python3.14/site-packages)
WARNING: Ignoring invalid distribution -traitlets (/Volumes/T9/uav/AutoML_Flagship_V8/.venv/lib/python3.14/site-packages)
WARNING: Ignoring invalid distribution -tornado (/Volumes/T9/uav/AutoML_Flagship_V8/.venv/lib/python3.14/site-packages)
WARNING: Ignoring invalid distribution -stevedore (/Volumes/T9/uav/AutoML_Flagship_V8/.venv/lib/python3.14/site-packages)
WARNING: Ignoring invalid distribution -sphinxcontrib-serializinghtml (/Volumes/T9/uav/AutoML_Flagship_V8/.venv/lib/python3.14/site-packages)
WARNING: Ignoring invalid distribution -sphinxcontrib-qthelp (/Volumes/T9/uav/AutoML_Flagship_V8/.venv/lib/python3.14/site-packages)
WARNING: Ignoring invalid distribution -sphinxcontrib-jsmath (/Volumes/T9/uav/AutoML_Flagship_V8/.venv/lib/python3.14/site-packages)
WARNING: Ignoring invalid distribution -urllib3 (/Volumes/T9/uav/AutoML_Flagship_V8/.venv/lib/python3.14/site-packages)
WARNING: Ignoring invalid distribution -soupsieve (/Volumes/T9/uav/AutoML_Flagship_V8/.venv/lib/python3.14/site-packages)
WARNING: Ignoring invalid distribution -pysocks (/Volumes/T9/uav/AutoML_Flagship_V8/.venv/lib/python3.14/site-packages)
WARNING: Ignoring invalid distribution -idna (/Volumes/T9/uav/AutoML_Flagship_V8/.venv/lib/python3.14/site-packages)
WARNING: Ignoring invalid distribution -certifi (/Volumes/T9/uav/AutoML_Flagship_V8/.venv/lib/python3.14/site-packages)
WARNING: Ignoring invalid distribution -requests (/Volumes/T9/uav/AutoML_Flagship_V8/.venv/lib/python3.14/site-packages)
WARNING: Ignoring invalid distribution -gdown (/Volumes/T9/uav/AutoML_Flagship_V8/.venv/lib/python3.14/site-packages)
WARNING: Ignoring invalid distribution -pyntcloud (/Volumes/T9/uav/AutoML_Flagship_V8/.venv/lib/python3.14/site-packages)
WARNING: Ignoring invalid distribution -pypdfium2 (/Volumes/T9/uav/AutoML_Flagship_V8/.venv/lib/python3.14/site-packages)
WARNING: Ignoring invalid distribution -schema (/Volumes/T9/uav/AutoML_Flagship_V8/.venv/lib/python3.14/site-packages)
WARNING: Ignoring invalid distribution -dictquery (/Volumes/T9/uav/AutoML_Flagship_V8/.venv/lib/python3.14/site-packages)
WARNING: Ignoring invalid distribution -wheel (/Volumes/T9/uav/AutoML_Flagship_V8/.venv/lib/python3.14/site-packages)
WARNING: Ignoring invalid distribution -charset-normalizer (/Volumes/T9/uav/AutoML_Flagship_V8/.venv/lib/python3.14/site-packages)
WARNING: Ignoring invalid distribution -beautifulsoup4 (/Volumes/T9/uav/AutoML_Flagship_V8/.venv/lib/python3.14/site-packages)
WARNING: Ignoring invalid distribution -universal-anomaly-intelligence (/Volumes/T9/uav/AutoML_Flagship_V8/.venv/lib/python3.14/site-packages)
WARNING: Ignoring invalid distribution -uc-micro-py (/Volumes/T9/uav/AutoML_Flagship_V8/.venv/lib/python3.14/site-packages)
WARNING: Ignoring invalid distribution -trimesh (/Volumes/T9/uav/AutoML_Flagship_V8/.venv/lib/python3.14/site-packages)
WARNING: Ignoring invalid distribution -toml (/Volumes/T9/uav/AutoML_Flagship_V8/.venv/lib/python3.14/site-packages)
WARNING: Ignoring invalid distribution -shellingham (/Volumes/T9/uav/AutoML_Flagship_V8/.venv/lib/python3.14/site-packages)
WARNING: Ignoring invalid distribution -pyzmq (/Volumes/T9/uav/AutoML_Flagship_V8/.venv/lib/python3.14/site-packages)
WARNING: Ignoring invalid distribution -python-box (/Volumes/T9/uav/AutoML_Flagship_V8/.venv/lib/python3.14/site-packages)
WARNING: Ignoring invalid distribution -pydash (/Volumes/T9/uav/AutoML_Flagship_V8/.venv/lib/python3.14/site-packages)
WARNING: Ignoring invalid distribution -pydantic (/Volumes/T9/uav/AutoML_Flagship_V8/.venv/lib/python3.14/site-packages)
WARNING: Ignoring invalid distribution -pycryptodome (/Volumes/T9/uav/AutoML_Flagship_V8/.venv/lib/python3.14/site-packages)
WARNING: Ignoring invalid distribution -pycparser (/Volumes/T9/uav/AutoML_Flagship_V8/.venv/lib/python3.14/site-packages)
WARNING: Ignoring invalid distribution -platformdirs (/Volumes/T9/uav/AutoML_Flagship_V8/.venv/lib/python3.14/site-packages)
WARNING: Ignoring invalid distribution -orderly-set (/Volumes/T9/uav/AutoML_Flagship_V8/.venv/lib/python3.14/site-packages)
WARNING: Ignoring invalid distribution -opencv-python-headless (/Volumes/T9/uav/AutoML_Flagship_V8/.venv/lib/python3.14/site-packages)
WARNING: Ignoring invalid distribution -mdurl (/Volumes/T9/uav/AutoML_Flagship_V8/.venv/lib/python3.14/site-packages)
WARNING: Ignoring invalid distribution -loguru (/Volumes/T9/uav/AutoML_Flagship_V8/.venv/lib/python3.14/site-packages)
WARNING: Ignoring invalid distribution -lazy-loader (/Volumes/T9/uav/AutoML_Flagship_V8/.venv/lib/python3.14/site-packages)
WARNING: Ignoring invalid distribution -imageio (/Volumes/T9/uav/AutoML_Flagship_V8/.venv/lib/python3.14/site-packages)
WARNING: Ignoring invalid distribution -click (/Volumes/T9/uav/AutoML_Flagship_V8/.venv/lib/python3.14/site-packages)
WARNING: Ignoring invalid distribution -cachebox (/Volumes/T9/uav/AutoML_Flagship_V8/.venv/lib/python3.14/site-packages)
WARNING: Ignoring invalid distribution -billiard (/Volumes/T9/uav/AutoML_Flagship_V8/.venv/lib/python3.14/site-packages)
WARNING: Ignoring invalid distribution -annotated-doc (/Volumes/T9/uav/AutoML_Flagship_V8/.venv/lib/python3.14/site-packages)
WARNING: Ignoring invalid distribution -scikit-image (/Volumes/T9/uav/AutoML_Flagship_V8/.venv/lib/python3.14/site-packages)
WARNING: Ignoring invalid distribution -markdown-it-py (/Volumes/T9/uav/AutoML_Flagship_V8/.venv/lib/python3.14/site-packages)
WARNING: Ignoring invalid distribution -linkify-it-py (/Volumes/T9/uav/AutoML_Flagship_V8/.venv/lib/python3.14/site-packages)
WARNING: Ignoring invalid distribution -deepdiff (/Volumes/T9/uav/AutoML_Flagship_V8/.venv/lib/python3.14/site-packages)
WARNING: Ignoring invalid distribution -cffi (/Volumes/T9/uav/AutoML_Flagship_V8/.venv/lib/python3.14/site-packages)
WARNING: Ignoring invalid distribution -astunparse (/Volumes/T9/uav/AutoML_Flagship_V8/.venv/lib/python3.14/site-packages)
WARNING: Ignoring invalid distribution -rich (/Volumes/T9/uav/AutoML_Flagship_V8/.venv/lib/python3.14/site-packages)
WARNING: Ignoring invalid distribution -mdit-py-plugins (/Volumes/T9/uav/AutoML_Flagship_V8/.venv/lib/python3.14/site-packages)
WARNING: Ignoring invalid distribution -argon2-cffi-bindings (/Volumes/T9/uav/AutoML_Flagship_V8/.venv/lib/python3.14/site-packages)
WARNING: Ignoring invalid distribution -albumentations (/Volumes/T9/uav/AutoML_Flagship_V8/.venv/lib/python3.14/site-packages)
WARNING: Ignoring invalid distribution -typer (/Volumes/T9/uav/AutoML_Flagship_V8/.venv/lib/python3.14/site-packages)
WARNING: Ignoring invalid distribution -textual (/Volumes/T9/uav/AutoML_Flagship_V8/.venv/lib/python3.14/site-packages)
WARNING: Ignoring invalid distribution -argon2-cffi (/Volumes/T9/uav/AutoML_Flagship_V8/.venv/lib/python3.14/site-packages)
WARNING: Ignoring invalid distribution -minio (/Volumes/T9/uav/AutoML_Flagship_V8/.venv/lib/python3.14/site-packages)
WARNING: Ignoring invalid distribution -pipelime-python (/Volumes/T9/uav/AutoML_Flagship_V8/.venv/lib/python3.14/site-packages)
WARNING: Ignoring invalid distribution -eyecandies (/Volumes/T9/uav/AutoML_Flagship_V8/.venv/lib/python3.14/site-packages)
WARNING: Ignoring invalid distribution -sortedcontainers (/Volumes/T9/uav/AutoML_Flagship_V8/.venv/lib/python3.14/site-packages)
WARNING: Ignoring invalid distribution -pure-eval (/Volumes/T9/uav/AutoML_Flagship_V8/.venv/lib/python3.14/site-packages)
WARNING: Ignoring invalid distribution -ptyprocess (/Volumes/T9/uav/AutoML_Flagship_V8/.venv/lib/python3.14/site-packages)
WARNING: Ignoring invalid distribution -fastjsonschema (/Volumes/T9/uav/AutoML_Flagship_V8/.venv/lib/python3.14/site-packages)
WARNING: Ignoring invalid distribution -distlib (/Volumes/T9/uav/AutoML_Flagship_V8/.venv/lib/python3.14/site-packages)
WARNING: Ignoring invalid distribution -wcwidth (/Volumes/T9/uav/AutoML_Flagship_V8/.venv/lib/python3.14/site-packages)
WARNING: Ignoring invalid distribution -types-requests (/Volumes/T9/uav/AutoML_Flagship_V8/.venv/lib/python3.14/site-packages)
WARNING: Ignoring invalid distribution -types-pyyaml (/Volumes/T9/uav/AutoML_Flagship_V8/.venv/lib/python3.14/site-packages)
WARNING: Ignoring invalid distribution -traitlets (/Volumes/T9/uav/AutoML_Flagship_V8/.venv/lib/python3.14/site-packages)
WARNING: Ignoring invalid distribution -tornado (/Volumes/T9/uav/AutoML_Flagship_V8/.venv/lib/python3.14/site-packages)
WARNING: Ignoring invalid distribution -stevedore (/Volumes/T9/uav/AutoML_Flagship_V8/.venv/lib/python3.14/site-packages)
WARNING: Ignoring invalid distribution -sphinxcontrib-serializinghtml (/Volumes/T9/uav/AutoML_Flagship_V8/.venv/lib/python3.14/site-packages)
WARNING: Ignoring invalid distribution -sphinxcontrib-qthelp (/Volumes/T9/uav/AutoML_Flagship_V8/.venv/lib/python3.14/site-packages)
WARNING: Ignoring invalid distribution -sphinxcontrib-jsmath (/Volumes/T9/uav/AutoML_Flagship_V8/.venv/lib/python3.14/site-packages)
WARNING: Ignoring invalid distribution -sphinxcontrib-htmlhelp (/Volumes/T9/uav/AutoML_Flagship_V8/.venv/lib/python3.14/site-packages)
WARNING: Ignoring invalid distribution -sphinxcontrib-devhelp (/Volumes/T9/uav/AutoML_Flagship_V8/.venv/lib/python3.14/site-packages)
WARNING: Ignoring invalid distribution -sphinxcontrib-applehelp (/Volumes/T9/uav/AutoML_Flagship_V8/.venv/lib/python3.14/site-packages)
WARNING: Ignoring invalid distribution -snowballstemmer (/Volumes/T9/uav/AutoML_Flagship_V8/.venv/lib/python3.14/site-packages)
WARNING: Ignoring invalid distribution -rpds-py (/Volumes/T9/uav/AutoML_Flagship_V8/.venv/lib/python3.14/site-packages)
WARNING: Ignoring invalid distribution -roman-numerals (/Volumes/T9/uav/AutoML_Flagship_V8/.venv/lib/python3.14/site-packages)
WARNING: Ignoring invalid distribution -pytokens (/Volumes/T9/uav/AutoML_Flagship_V8/.venv/lib/python3.14/site-packages)
WARNING: Ignoring invalid distribution -python-discovery (/Volumes/T9/uav/AutoML_Flagship_V8/.venv/lib/python3.14/site-packages)
WARNING: Ignoring invalid distribution -psutil (/Volumes/T9/uav/AutoML_Flagship_V8/.venv/lib/python3.14/site-packages)
WARNING: Ignoring invalid distribution -pexpect (/Volumes/T9/uav/AutoML_Flagship_V8/.venv/lib/python3.14/site-packages)
WARNING: Ignoring invalid distribution -pathspec (/Volumes/T9/uav/AutoML_Flagship_V8/.venv/lib/python3.14/site-packages)
WARNING: Ignoring invalid distribution -parso (/Volumes/T9/uav/AutoML_Flagship_V8/.venv/lib/python3.14/site-packages)
WARNING: Ignoring invalid distribution -pandas-stubs (/Volumes/T9/uav/AutoML_Flagship_V8/.venv/lib/python3.14/site-packages)
WARNING: Ignoring invalid distribution -nodeenv (/Volumes/T9/uav/AutoML_Flagship_V8/.venv/lib/python3.14/site-packages)
WARNING: Ignoring invalid distribution -nest-asyncio (/Volumes/T9/uav/AutoML_Flagship_V8/.venv/lib/python3.14/site-packages)
WARNING: Ignoring invalid distribution -mypy-extensions (/Volumes/T9/uav/AutoML_Flagship_V8/.venv/lib/python3.14/site-packages)
WARNING: Ignoring invalid distribution -line-profiler (/Volumes/T9/uav/AutoML_Flagship_V8/.venv/lib/python3.14/site-packages)
WARNING: Ignoring invalid distribution -librt (/Volumes/T9/uav/AutoML_Flagship_V8/.venv/lib/python3.14/site-packages)
WARNING: Ignoring invalid distribution -isort (/Volumes/T9/uav/AutoML_Flagship_V8/.venv/lib/python3.14/site-packages)
WARNING: Ignoring invalid distribution -ipython-pygments-lexers (/Volumes/T9/uav/AutoML_Flagship_V8/.venv/lib/python3.14/site-packages)
WARNING: Ignoring invalid distribution -imagesize (/Volumes/T9/uav/AutoML_Flagship_V8/.venv/lib/python3.14/site-packages)
WARNING: Ignoring invalid distribution -identify (/Volumes/T9/uav/AutoML_Flagship_V8/.venv/lib/python3.14/site-packages)
WARNING: Ignoring invalid distribution -urllib3 (/Volumes/T9/uav/AutoML_Flagship_V8/.venv/lib/python3.14/site-packages)
WARNING: Ignoring invalid distribution -soupsieve (/Volumes/T9/uav/AutoML_Flagship_V8/.venv/lib/python3.14/site-packages)
WARNING: Ignoring invalid distribution -pysocks (/Volumes/T9/uav/AutoML_Flagship_V8/.venv/lib/python3.14/site-packages)
WARNING: Ignoring invalid distribution -idna (/Volumes/T9/uav/AutoML_Flagship_V8/.venv/lib/python3.14/site-packages)
WARNING: Ignoring invalid distribution -certifi (/Volumes/T9/uav/AutoML_Flagship_V8/.venv/lib/python3.14/site-packages)
WARNING: Ignoring invalid distribution -requests (/Volumes/T9/uav/AutoML_Flagship_V8/.venv/lib/python3.14/site-packages)
WARNING: Ignoring invalid distribution -gdown (/Volumes/T9/uav/AutoML_Flagship_V8/.venv/lib/python3.14/site-packages)
WARNING: Ignoring invalid distribution -pyntcloud (/Volumes/T9/uav/AutoML_Flagship_V8/.venv/lib/python3.14/site-packages)
WARNING: Ignoring invalid distribution -pypdfium2 (/Volumes/T9/uav/AutoML_Flagship_V8/.venv/lib/python3.14/site-packages)
WARNING: Ignoring invalid distribution -schema (/Volumes/T9/uav/AutoML_Flagship_V8/.venv/lib/python3.14/site-packages)
WARNING: Ignoring invalid distribution -dictquery (/Volumes/T9/uav/AutoML_Flagship_V8/.venv/lib/python3.14/site-packages)
WARNING: Ignoring invalid distribution -wheel (/Volumes/T9/uav/AutoML_Flagship_V8/.venv/lib/python3.14/site-packages)
WARNING: Ignoring invalid distribution -charset-normalizer (/Volumes/T9/uav/AutoML_Flagship_V8/.venv/lib/python3.14/site-packages)
WARNING: Ignoring invalid distribution -beautifulsoup4 (/Volumes/T9/uav/AutoML_Flagship_V8/.venv/lib/python3.14/site-packages)
WARNING: Ignoring invalid distribution -universal-anomaly-intelligence (/Volumes/T9/uav/AutoML_Flagship_V8/.venv/lib/python3.14/site-packages)
WARNING: Ignoring invalid distribution -uc-micro-py (/Volumes/T9/uav/AutoML_Flagship_V8/.venv/lib/python3.14/site-packages)
WARNING: Ignoring invalid distribution -trimesh (/Volumes/T9/uav/AutoML_Flagship_V8/.venv/lib/python3.14/site-packages)
WARNING: Ignoring invalid distribution -toml (/Volumes/T9/uav/AutoML_Flagship_V8/.venv/lib/python3.14/site-packages)
WARNING: Ignoring invalid distribution -shellingham (/Volumes/T9/uav/AutoML_Flagship_V8/.venv/lib/python3.14/site-packages)
WARNING: Ignoring invalid distribution -pyzmq (/Volumes/T9/uav/AutoML_Flagship_V8/.venv/lib/python3.14/site-packages)
WARNING: Ignoring invalid distribution -python-box (/Volumes/T9/uav/AutoML_Flagship_V8/.venv/lib/python3.14/site-packages)
WARNING: Ignoring invalid distribution -pydash (/Volumes/T9/uav/AutoML_Flagship_V8/.venv/lib/python3.14/site-packages)
WARNING: Ignoring invalid distribution -pydantic (/Volumes/T9/uav/AutoML_Flagship_V8/.venv/lib/python3.14/site-packages)
WARNING: Ignoring invalid distribution -pycryptodome (/Volumes/T9/uav/AutoML_Flagship_V8/.venv/lib/python3.14/site-packages)
WARNING: Ignoring invalid distribution -pycparser (/Volumes/T9/uav/AutoML_Flagship_V8/.venv/lib/python3.14/site-packages)
WARNING: Ignoring invalid distribution -platformdirs (/Volumes/T9/uav/AutoML_Flagship_V8/.venv/lib/python3.14/site-packages)
WARNING: Ignoring invalid distribution -orderly-set (/Volumes/T9/uav/AutoML_Flagship_V8/.venv/lib/python3.14/site-packages)
WARNING: Ignoring invalid distribution -opencv-python-headless (/Volumes/T9/uav/AutoML_Flagship_V8/.venv/lib/python3.14/site-packages)
WARNING: Ignoring invalid distribution -mdurl (/Volumes/T9/uav/AutoML_Flagship_V8/.venv/lib/python3.14/site-packages)
WARNING: Ignoring invalid distribution -loguru (/Volumes/T9/uav/AutoML_Flagship_V8/.venv/lib/python3.14/site-packages)
WARNING: Ignoring invalid distribution -lazy-loader (/Volumes/T9/uav/AutoML_Flagship_V8/.venv/lib/python3.14/site-packages)
WARNING: Ignoring invalid distribution -imageio (/Volumes/T9/uav/AutoML_Flagship_V8/.venv/lib/python3.14/site-packages)
WARNING: Ignoring invalid distribution -click (/Volumes/T9/uav/AutoML_Flagship_V8/.venv/lib/python3.14/site-packages)
WARNING: Ignoring invalid distribution -cachebox (/Volumes/T9/uav/AutoML_Flagship_V8/.venv/lib/python3.14/site-packages)
WARNING: Ignoring invalid distribution -billiard (/Volumes/T9/uav/AutoML_Flagship_V8/.venv/lib/python3.14/site-packages)
WARNING: Ignoring invalid distribution -annotated-doc (/Volumes/T9/uav/AutoML_Flagship_V8/.venv/lib/python3.14/site-packages)
WARNING: Ignoring invalid distribution -scikit-image (/Volumes/T9/uav/AutoML_Flagship_V8/.venv/lib/python3.14/site-packages)
WARNING: Ignoring invalid distribution -markdown-it-py (/Volumes/T9/uav/AutoML_Flagship_V8/.venv/lib/python3.14/site-packages)
WARNING: Ignoring invalid distribution -linkify-it-py (/Volumes/T9/uav/AutoML_Flagship_V8/.venv/lib/python3.14/site-packages)
WARNING: Ignoring invalid distribution -deepdiff (/Volumes/T9/uav/AutoML_Flagship_V8/.venv/lib/python3.14/site-packages)
WARNING: Ignoring invalid distribution -cffi (/Volumes/T9/uav/AutoML_Flagship_V8/.venv/lib/python3.14/site-packages)
WARNING: Ignoring invalid distribution -astunparse (/Volumes/T9/uav/AutoML_Flagship_V8/.venv/lib/python3.14/site-packages)
WARNING: Ignoring invalid distribution -rich (/Volumes/T9/uav/AutoML_Flagship_V8/.venv/lib/python3.14/site-packages)
WARNING: Ignoring invalid distribution -mdit-py-plugins (/Volumes/T9/uav/AutoML_Flagship_V8/.venv/lib/python3.14/site-packages)
WARNING: Ignoring invalid distribution -argon2-cffi-bindings (/Volumes/T9/uav/AutoML_Flagship_V8/.venv/lib/python3.14/site-packages)
WARNING: Ignoring invalid distribution -albumentations (/Volumes/T9/uav/AutoML_Flagship_V8/.venv/lib/python3.14/site-packages)
WARNING: Ignoring invalid distribution -typer (/Volumes/T9/uav/AutoML_Flagship_V8/.venv/lib/python3.14/site-packages)
WARNING: Ignoring invalid distribution -textual (/Volumes/T9/uav/AutoML_Flagship_V8/.venv/lib/python3.14/site-packages)
WARNING: Ignoring invalid distribution -argon2-cffi (/Volumes/T9/uav/AutoML_Flagship_V8/.venv/lib/python3.14/site-packages)
WARNING: Ignoring invalid distribution -minio (/Volumes/T9/uav/AutoML_Flagship_V8/.venv/lib/python3.14/site-packages)
WARNING: Ignoring invalid distribution -pipelime-python (/Volumes/T9/uav/AutoML_Flagship_V8/.venv/lib/python3.14/site-packages)
WARNING: Ignoring invalid distribution -eyecandies (/Volumes/T9/uav/AutoML_Flagship_V8/.venv/lib/python3.14/site-packages)
WARNING: Ignoring invalid distribution -sortedcontainers (/Volumes/T9/uav/AutoML_Flagship_V8/.venv/lib/python3.14/site-packages)
WARNING: Ignoring invalid distribution -pure-eval (/Volumes/T9/uav/AutoML_Flagship_V8/.venv/lib/python3.14/site-packages)
WARNING: Ignoring invalid distribution -ptyprocess (/Volumes/T9/uav/AutoML_Flagship_V8/.venv/lib/python3.14/site-packages)
WARNING: Ignoring invalid distribution -fastjsonschema (/Volumes/T9/uav/AutoML_Flagship_V8/.venv/lib/python3.14/site-packages)
WARNING: Ignoring invalid distribution -distlib (/Volumes/T9/uav/AutoML_Flagship_V8/.venv/lib/python3.14/site-packages)
WARNING: Ignoring invalid distribution -wcwidth (/Volumes/T9/uav/AutoML_Flagship_V8/.venv/lib/python3.14/site-packages)
WARNING: Ignoring invalid distribution -types-requests (/Volumes/T9/uav/AutoML_Flagship_V8/.venv/lib/python3.14/site-packages)
WARNING: Ignoring invalid distribution -types-pyyaml (/Volumes/T9/uav/AutoML_Flagship_V8/.venv/lib/python3.14/site-packages)
WARNING: Ignoring invalid distribution -traitlets (/Volumes/T9/uav/AutoML_Flagship_V8/.venv/lib/python3.14/site-packages)
WARNING: Ignoring invalid distribution -tornado (/Volumes/T9/uav/AutoML_Flagship_V8/.venv/lib/python3.14/site-packages)
WARNING: Ignoring invalid distribution -stevedore (/Volumes/T9/uav/AutoML_Flagship_V8/.venv/lib/python3.14/site-packages)
WARNING: Ignoring invalid distribution -sphinxcontrib-serializinghtml (/Volumes/T9/uav/AutoML_Flagship_V8/.venv/lib/python3.14/site-packages)
WARNING: Ignoring invalid distribution -sphinxcontrib-qthelp (/Volumes/T9/uav/AutoML_Flagship_V8/.venv/lib/python3.14/site-packages)
WARNING: Ignoring invalid distribution -sphinxcontrib-jsmath (/Volumes/T9/uav/AutoML_Flagship_V8/.venv/lib/python3.14/site-packages)
WARNING: Ignoring invalid distribution -sphinxcontrib-htmlhelp (/Volumes/T9/uav/AutoML_Flagship_V8/.venv/lib/python3.14/site-packages)
WARNING: Ignoring invalid distribution -sphinxcontrib-devhelp (/Volumes/T9/uav/AutoML_Flagship_V8/.venv/lib/python3.14/site-packages)
WARNING: Ignoring invalid distribution -sphinxcontrib-applehelp (/Volumes/T9/uav/AutoML_Flagship_V8/.venv/lib/python3.14/site-packages)
WARNING: Ignoring invalid distribution -snowballstemmer (/Volumes/T9/uav/AutoML_Flagship_V8/.venv/lib/python3.14/site-packages)
WARNING: Ignoring invalid distribution -rpds-py (/Volumes/T9/uav/AutoML_Flagship_V8/.venv/lib/python3.14/site-packages)
WARNING: Ignoring invalid distribution -roman-numerals (/Volumes/T9/uav/AutoML_Flagship_V8/.venv/lib/python3.14/site-packages)
WARNING: Ignoring invalid distribution -pytokens (/Volumes/T9/uav/AutoML_Flagship_V8/.venv/lib/python3.14/site-packages)
WARNING: Ignoring invalid distribution -python-discovery (/Volumes/T9/uav/AutoML_Flagship_V8/.venv/lib/python3.14/site-packages)
WARNING: Ignoring invalid distribution -psutil (/Volumes/T9/uav/AutoML_Flagship_V8/.venv/lib/python3.14/site-packages)
WARNING: Ignoring invalid distribution -pexpect (/Volumes/T9/uav/AutoML_Flagship_V8/.venv/lib/python3.14/site-packages)
WARNING: Ignoring invalid distribution -pathspec (/Volumes/T9/uav/AutoML_Flagship_V8/.venv/lib/python3.14/site-packages)
WARNING: Ignoring invalid distribution -parso (/Volumes/T9/uav/AutoML_Flagship_V8/.venv/lib/python3.14/site-packages)
WARNING: Ignoring invalid distribution -pandas-stubs (/Volumes/T9/uav/AutoML_Flagship_V8/.venv/lib/python3.14/site-packages)
WARNING: Ignoring invalid distribution -nodeenv (/Volumes/T9/uav/AutoML_Flagship_V8/.venv/lib/python3.14/site-packages)
WARNING: Ignoring invalid distribution -nest-asyncio (/Volumes/T9/uav/AutoML_Flagship_V8/.venv/lib/python3.14/site-packages)
WARNING: Ignoring invalid distribution -mypy-extensions (/Volumes/T9/uav/AutoML_Flagship_V8/.venv/lib/python3.14/site-packages)
WARNING: Ignoring invalid distribution -line-profiler (/Volumes/T9/uav/AutoML_Flagship_V8/.venv/lib/python3.14/site-packages)
WARNING: Ignoring invalid distribution -librt (/Volumes/T9/uav/AutoML_Flagship_V8/.venv/lib/python3.14/site-packages)
WARNING: Ignoring invalid distribution -isort (/Volumes/T9/uav/AutoML_Flagship_V8/.venv/lib/python3.14/site-packages)
WARNING: Ignoring invalid distribution -ipython-pygments-lexers (/Volumes/T9/uav/AutoML_Flagship_V8/.venv/lib/python3.14/site-packages)
WARNING: Ignoring invalid distribution -imagesize (/Volumes/T9/uav/AutoML_Flagship_V8/.venv/lib/python3.14/site-packages)
WARNING: Ignoring invalid distribution -identify (/Volumes/T9/uav/AutoML_Flagship_V8/.venv/lib/python3.14/site-packages)
WARNING: Ignoring invalid distribution -hypothesis (/Volumes/T9/uav/AutoML_Flagship_V8/.venv/lib/python3.14/site-packages)
WARNING: Ignoring invalid distribution -executing (/Volumes/T9/uav/AutoML_Flagship_V8/.venv/lib/python3.14/site-packages)
WARNING: Ignoring invalid distribution -execnet (/Volumes/T9/uav/AutoML_Flagship_V8/.venv/lib/python3.14/site-packages)
WARNING: Ignoring invalid distribution -docutils (/Volumes/T9/uav/AutoML_Flagship_V8/.venv/lib/python3.14/site-packages)
WARNING: Ignoring invalid distribution -prompt-toolkit (/Volumes/T9/uav/AutoML_Flagship_V8/.venv/lib/python3.14/site-packages)
WARNING: Ignoring invalid distribution -decorator (/Volumes/T9/uav/AutoML_Flagship_V8/.venv/lib/python3.14/site-packages)
WARNING: Ignoring invalid distribution -debugpy (/Volumes/T9/uav/AutoML_Flagship_V8/.venv/lib/python3.14/site-packages)
WARNING: Ignoring invalid distribution -matplotlib-inline (/Volumes/T9/uav/AutoML_Flagship_V8/.venv/lib/python3.14/site-packages)
WARNING: Ignoring invalid distribution -jupyter-core (/Volumes/T9/uav/AutoML_Flagship_V8/.venv/lib/python3.14/site-packages)
WARNING: Ignoring invalid distribution -coverage (/Volumes/T9/uav/AutoML_Flagship_V8/.venv/lib/python3.14/site-packages)
WARNING: Ignoring invalid distribution -comm (/Volumes/T9/uav/AutoML_Flagship_V8/.venv/lib/python3.14/site-packages)
WARNING: Ignoring invalid distribution -cfgv (/Volumes/T9/uav/AutoML_Flagship_V8/.venv/lib/python3.14/site-packages)
WARNING: Ignoring invalid distribution -babel (/Volumes/T9/uav/AutoML_Flagship_V8/.venv/lib/python3.14/site-packages)
WARNING: Ignoring invalid distribution -attrs (/Volumes/T9/uav/AutoML_Flagship_V8/.venv/lib/python3.14/site-packages)
WARNING: Ignoring invalid distribution -asttokens (/Volumes/T9/uav/AutoML_Flagship_V8/.venv/lib/python3.14/site-packages)
WARNING: Ignoring invalid distribution -ast-serialize (/Volumes/T9/uav/AutoML_Flagship_V8/.venv/lib/python3.14/site-packages)
WARNING: Ignoring invalid distribution -appnope (/Volumes/T9/uav/AutoML_Flagship_V8/.venv/lib/python3.14/site-packages)
WARNING: Ignoring invalid distribution -alabaster (/Volumes/T9/uav/AutoML_Flagship_V8/.venv/lib/python3.14/site-packages)
WARNING: Ignoring invalid distribution -virtualenv (/Volumes/T9/uav/AutoML_Flagship_V8/.venv/lib/python3.14/site-packages)
WARNING: Ignoring invalid distribution -stack-data (/Volumes/T9/uav/AutoML_Flagship_V8/.venv/lib/python3.14/site-packages)
WARNING: Ignoring invalid distribution -sphinx (/Volumes/T9/uav/AutoML_Flagship_V8/.venv/lib/python3.14/site-packages)
WARNING: Ignoring invalid distribution -referencing (/Volumes/T9/uav/AutoML_Flagship_V8/.venv/lib/python3.14/site-packages)
WARNING: Ignoring invalid distribution -pytest-xdist (/Volumes/T9/uav/AutoML_Flagship_V8/.venv/lib/python3.14/site-packages)
WARNING: Ignoring invalid distribution -pytest-timeout (/Volumes/T9/uav/AutoML_Flagship_V8/.venv/lib/python3.14/site-packages)
WARNING: Ignoring invalid distribution -mypy (/Volumes/T9/uav/AutoML_Flagship_V8/.venv/lib/python3.14/site-packages)
WARNING: Ignoring invalid distribution -memory-profiler (/Volumes/T9/uav/AutoML_Flagship_V8/.venv/lib/python3.14/site-packages)
WARNING: Ignoring invalid distribution -jupyter-client (/Volumes/T9/uav/AutoML_Flagship_V8/.venv/lib/python3.14/site-packages)
WARNING: Ignoring invalid distribution -jedi (/Volumes/T9/uav/AutoML_Flagship_V8/.venv/lib/python3.14/site-packages)
WARNING: Ignoring invalid distribution -black (/Volumes/T9/uav/AutoML_Flagship_V8/.venv/lib/python3.14/site-packages)
WARNING: Ignoring invalid distribution -sphinxcontrib-jquery (/Volumes/T9/uav/AutoML_Flagship_V8/.venv/lib/python3.14/site-packages)
WARNING: Ignoring invalid distribution -sphinx-autodoc-typehints (/Volumes/T9/uav/AutoML_Flagship_V8/.venv/lib/python3.14/site-packages)
WARNING: Ignoring invalid distribution -pytest-cov (/Volumes/T9/uav/AutoML_Flagship_V8/.venv/lib/python3.14/site-packages)
WARNING: Ignoring invalid distribution -pre-commit (/Volumes/T9/uav/AutoML_Flagship_V8/.venv/lib/python3.14/site-packages)
WARNING: Ignoring invalid distribution -myst-parser (/Volumes/T9/uav/AutoML_Flagship_V8/.venv/lib/python3.14/site-packages)
WARNING: Ignoring invalid distribution -jsonschema-specifications (/Volumes/T9/uav/AutoML_Flagship_V8/.venv/lib/python3.14/site-packages)
WARNING: Ignoring invalid distribution -ipython (/Volumes/T9/uav/AutoML_Flagship_V8/.venv/lib/python3.14/site-packages)
WARNING: Ignoring invalid distribution -bandit (/Volumes/T9/uav/AutoML_Flagship_V8/.venv/lib/python3.14/site-packages)
WARNING: Ignoring invalid distribution -sphinx-rtd-theme (/Volumes/T9/uav/AutoML_Flagship_V8/.venv/lib/python3.14/site-packages)
WARNING: Ignoring invalid distribution -jsonschema (/Volumes/T9/uav/AutoML_Flagship_V8/.venv/lib/python3.14/site-packages)
WARNING: Ignoring invalid distribution -ipykernel (/Volumes/T9/uav/AutoML_Flagship_V8/.venv/lib/python3.14/site-packages)
WARNING: Ignoring invalid distribution -nbformat (/Volumes/T9/uav/AutoML_Flagship_V8/.venv/lib/python3.14/site-packages)
WARNING: Ignoring invalid distribution -nbval (/Volumes/T9/uav/AutoML_Flagship_V8/.venv/lib/python3.14/site-packages)
STEP1:0
warning: The top-level linter settings are deprecated in favour of their counterparts in the `lint` section. Please update the following options in `pyproject.toml`:
  - 'ignore' -> 'lint.ignore'
  - 'select' -> 'lint.select'
  - 'per-file-ignores' -> 'lint.per-file-ignores'
B904 Within an `except` clause, raise exceptions with `raise ... from err` or `raise ... from None` to distinguish them from errors in exception handling
  --> deploy/api/auth.py:88:9
   |
86 |         return TokenData(username=username, scopes=token_scopes)
87 |     except JWTError:
88 |         raise credentials_exception
   |         ^^^^^^^^^^^^^^^^^^^^^^^^^^^
   |

UP035 `typing.Dict` is deprecated, use `dict` instead
  --> deploy/api/main.py:16:1
   |
14 | from io import BytesIO
15 | from pathlib import Path
16 | from typing import Dict, List, Optional
   | ^^^^^^^^^^^^^^^^^^^^^^^^^^^^^^^^^^^^^^^
17 |
18 | import joblib
   |

UP035 `typing.List` is deprecated, use `list` instead
  --> deploy/api/main.py:16:1
   |
14 | from io import BytesIO
15 | from pathlib import Path
16 | from typing import Dict, List, Optional
   | ^^^^^^^^^^^^^^^^^^^^^^^^^^^^^^^^^^^^^^^
17 |
18 | import joblib
   |

UP006 Use `list` instead of `List` for type annotation
   --> deploy/api/main.py:209:15
    |
207 | # Request/Response models
208 | class FraudRequest(BaseModel):
209 |     features: List[float] = Field(..., min_items=1, description="Feature vector for fraud detection")
    |               ^^^^
210 |
211 |     @validator("features")
    |
help: Replace with `list`

UP006 Use `list` instead of `List` for type annotation
   --> deploy/api/main.py:225:15
    |
224 | class CyberRequest(BaseModel):
225 |     features: List[float] = Field(..., min_items=1, description="Feature vector for cyber attack detection")
    |               ^^^^
    |
help: Replace with `list`

UP006 Use `dict` instead of `Dict` for type annotation
   --> deploy/api/main.py:234:13
    |
233 | class FusionRequest(BaseModel):
234 |     scores: Dict[str, float] = Field(..., description="Domain-specific anomaly scores")
    |             ^^^^
235 |
236 |     @validator("scores")
    |
help: Replace with `dict`

UP006 Use `list` instead of `List` for type annotation
   --> deploy/api/main.py:246:14
    |
244 | class FusionResponse(BaseModel):
245 |     fusion_risk: float
246 |     domains: List[str]
    |              ^^^^
247 |     overall_risk_level: str
    |
help: Replace with `list`

UP006 Use `list` instead of `List` for type annotation
   --> deploy/api/main.py:254:26
    |
252 |     score: float = Field(..., ge=0.0, le=1.0)
253 |     confidence: Optional[float] = Field(None, ge=0.0, le=1.0)
254 |     embeddings: Optional[List[float]] = None
    |                          ^^^^
    |
help: Replace with `list`

UP006 Use `list` instead of `List` for type annotation
   --> deploy/api/main.py:258:14
    |
257 | class AttentionFusionRequest(BaseModel):
258 |     domains: List[AttentionDomainInput]
    |              ^^^^
    |
help: Replace with `list`

UP006 Use `list` instead of `List` for type annotation
   --> deploy/api/main.py:263:19
    |
261 | class AttentionFusionResponse(BaseModel):
262 |     fusion_risk: float
263 |     domain_order: List[str]
    |                   ^^^^
264 |     attention_mean: Optional[List[float]]
265 |     domain_confidence: Optional[List[float]]
    |
help: Replace with `list`

UP006 Use `list` instead of `List` for type annotation
   --> deploy/api/main.py:264:30
    |
262 |     fusion_risk: float
263 |     domain_order: List[str]
264 |     attention_mean: Optional[List[float]]
    |                              ^^^^
265 |     domain_confidence: Optional[List[float]]
    |
help: Replace with `list`

UP006 Use `list` instead of `List` for type annotation
   --> deploy/api/main.py:265:33
    |
263 |     domain_order: List[str]
264 |     attention_mean: Optional[List[float]]
265 |     domain_confidence: Optional[List[float]]
    |                                 ^^^^
    |
help: Replace with `list`

UP006 Use `dict` instead of `Dict` for type annotation
   --> deploy/api/main.py:289:66
    |
289 | def _build_attention_features(req: AttentionFusionRequest, meta: Dict[str, object]) -> tuple[np.ndarray, np.ndarray]:
    |                                                                  ^^^^
290 |     domain_order = meta.get("domain_order", [])
291 |     feature_columns = meta.get("feature_columns", [])
    |
help: Replace with `dict`

B904 Within an `except` clause, raise exceptions with `raise ... from err` or `raise ... from None` to distinguish them from errors in exception handling
   --> deploy/api/main.py:407:9
    |
405 |         )
406 |     except Exception as e:
407 |         raise HTTPException(status_code=status.HTTP_500_INTERNAL_SERVER_ERROR, detail=f"Prediction failed: {str(e)}")
    |         ^^^^^^^^^^^^^^^^^^^^^^^^^^^^^^^^^^^^^^^^^^^^^^^^^^^^^^^^^^^^^^^^^^^^^^^^^^^^^^^^^^^^^^^^^^^^^^^^^^^^^^^^^^^^^
    |

B904 Within an `except` clause, raise exceptions with `raise ... from err` or `raise ... from None` to distinguish them from errors in exception handling
   --> deploy/api/main.py:428:9
    |
426 |         return CyberResponse(cyber_attack_probability=proba, threat_level=get_risk_level(proba))
427 |     except Exception as e:
428 |         raise HTTPException(status_code=status.HTTP_500_INTERNAL_SERVER_ERROR, detail=f"Prediction failed: {str(e)}")
    |         ^^^^^^^^^^^^^^^^^^^^^^^^^^^^^^^^^^^^^^^^^^^^^^^^^^^^^^^^^^^^^^^^^^^^^^^^^^^^^^^^^^^^^^^^^^^^^^^^^^^^^^^^^^^^^
    |

B904 Within an `except` clause, raise exceptions with `raise ... from err` or `raise ... from None` to distinguish them from errors in exception handling
   --> deploy/api/main.py:450:9
    |
448 |         return FusionResponse(fusion_risk=proba, domains=keys, overall_risk_level=get_risk_level(proba))
449 |     except Exception as e:
450 |         raise HTTPException(status_code=status.HTTP_500_INTERNAL_SERVER_ERROR, detail=f"Prediction failed: {str(e)}")
    |         ^^^^^^^^^^^^^^^^^^^^^^^^^^^^^^^^^^^^^^^^^^^^^^^^^^^^^^^^^^^^^^^^^^^^^^^^^^^^^^^^^^^^^^^^^^^^^^^^^^^^^^^^^^^^^
    |

B904 Within an `except` clause, raise exceptions with `raise ... from err` or `raise ... from None` to distinguish them from errors in exception handling
   --> deploy/api/main.py:499:9
    |
497 |           )
498 |       except Exception as e:
499 | /         raise HTTPException(
500 | |             status_code=status.HTTP_500_INTERNAL_SERVER_ERROR,
501 | |             detail=f"Attention fusion prediction failed: {str(e)}",
502 | |         )
    | |_________^
    |

B904 Within an `except` clause, raise exceptions with `raise ... from err` or `raise ... from None` to distinguish them from errors in exception handling
   --> deploy/api/main.py:530:9
    |
528 |         return {"nlp_suspicion_probability": proba, "risk_level": get_risk_level(proba)}
529 |     except Exception as e:
530 |         raise HTTPException(status_code=status.HTTP_500_INTERNAL_SERVER_ERROR, detail=f"NLP inference failed: {str(e)}")
    |         ^^^^^^^^^^^^^^^^^^^^^^^^^^^^^^^^^^^^^^^^^^^^^^^^^^^^^^^^^^^^^^^^^^^^^^^^^^^^^^^^^^^^^^^^^^^^^^^^^^^^^^^^^^^^^^^^
    |

B904 Within an `except` clause, raise exceptions with `raise ... from err` or `raise ... from None` to distinguish them from errors in exception handling
   --> deploy/api/main.py:571:9
    |
569 |           return {"vision_anomaly_probability": proba, "risk_level": get_risk_level(proba)}
570 |       except Exception as e:
571 | /         raise HTTPException(
572 | |             status_code=status.HTTP_500_INTERNAL_SERVER_ERROR, detail=f"Vision inference failed: {str(e)}"
573 | |         )
    | |_________^
    |

UP035 `typing.Dict` is deprecated, use `dict` instead
 --> deploy/api/monitoring.py:6:1
  |
4 | from collections import defaultdict
5 | from datetime import datetime
6 | from typing import Callable, Dict, List, Optional
  | ^^^^^^^^^^^^^^^^^^^^^^^^^^^^^^^^^^^^^^^^^^^^^^^^^
7 |
8 | import psutil
  |

UP035 `typing.List` is deprecated, use `list` instead
 --> deploy/api/monitoring.py:6:1
  |
4 | from collections import defaultdict
5 | from datetime import datetime
6 | from typing import Callable, Dict, List, Optional
  | ^^^^^^^^^^^^^^^^^^^^^^^^^^^^^^^^^^^^^^^^^^^^^^^^^
7 |
8 | import psutil
  |

UP006 Use `dict` instead of `Dict` for type annotation
  --> deploy/api/monitoring.py:94:22
   |
93 |     def __init__(self):
94 |         self.checks: Dict[str, Callable] = {}
   |                      ^^^^
95 |         self.history: Dict[str, List[Dict]] = defaultdict(list)
96 |         self.max_history = 100
   |
help: Replace with `dict`

UP006 Use `dict` instead of `Dict` for type annotation
  --> deploy/api/monitoring.py:95:23
   |
93 |     def __init__(self):
94 |         self.checks: Dict[str, Callable] = {}
95 |         self.history: Dict[str, List[Dict]] = defaultdict(list)
   |                       ^^^^
96 |         self.max_history = 100
   |
help: Replace with `dict`

UP006 Use `list` instead of `List` for type annotation
  --> deploy/api/monitoring.py:95:33
   |
93 |     def __init__(self):
94 |         self.checks: Dict[str, Callable] = {}
95 |         self.history: Dict[str, List[Dict]] = defaultdict(list)
   |                                 ^^^^
96 |         self.max_history = 100
   |
help: Replace with `list`

UP006 Use `dict` instead of `Dict` for type annotation
  --> deploy/api/monitoring.py:95:38
   |
93 |     def __init__(self):
94 |         self.checks: Dict[str, Callable] = {}
95 |         self.history: Dict[str, List[Dict]] = defaultdict(list)
   |                                      ^^^^
96 |         self.max_history = 100
   |
help: Replace with `dict`

UP006 Use `dict` instead of `Dict` for type annotation
   --> deploy/api/monitoring.py:102:35
    |
100 |         self.checks[name] = check_fn
101 |
102 |     async def run_checks(self) -> Dict[str, any]:
    |                                   ^^^^
103 |         """Run all health checks."""
104 |         results = {"status": "healthy", "timestamp": datetime.utcnow().isoformat(), "checks": {}}
    |
help: Replace with `dict`

UP006 Use `dict` instead of `Dict` for type annotation
   --> deploy/api/monitoring.py:138:64
    |
136 |         return results
137 |
138 |     def get_history(self, check_name: Optional[str] = None) -> Dict:
    |                                                                ^^^^
139 |         """Get health check history."""
140 |         if check_name:
    |
help: Replace with `dict`

UP006 Use `dict` instead of `Dict` for type annotation
   --> deploy/api/monitoring.py:149:29
    |
149 | def get_system_metrics() -> Dict:
    |                             ^^^^
150 |     """Get current system metrics."""
151 |     process = psutil.Process()
    |
help: Replace with `dict`

E402 Module level import not at top of cell
  --> notebooks/00_data_overview.ipynb:cell 1:12:1
   |
10 |     sys.path.append(str(src_path))
11 |
12 | from uais.data.load_fraud_data import load_fraud_data
   | ^^^^^^^^^^^^^^^^^^^^^^^^^^^^^^^^^^^^^^^^^^^^^^^^^^^^^
13 |
   |

E402 Module level import not at top of cell
  --> notebooks/01_eda_fraud.ipynb:cell 1:13:1
   |
11 |     sys.path.append(str(src_path))
12 |
13 | from uais.data.load_fraud_data import load_fraud_data
   | ^^^^^^^^^^^^^^^^^^^^^^^^^^^^^^^^^^^^^^^^^^^^^^^^^^^^^
14 | from uais.features.fraud_features import build_fraud_feature_table
   |

E402 Module level import not at top of cell
  --> notebooks/01_eda_fraud.ipynb:cell 1:14:1
   |
13 | from uais.data.load_fraud_data import load_fraud_data
14 | from uais.features.fraud_features import build_fraud_feature_table
   | ^^^^^^^^^^^^^^^^^^^^^^^^^^^^^^^^^^^^^^^^^^^^^^^^^^^^^^^^^^^^^^^^^^
15 |
   |

E402 Module level import not at top of cell
  --> notebooks/02_eda_cyber.ipynb:cell 1:13:1
   |
11 |     sys.path.append(str(src_path))
12 |
13 | from uais.data.load_cyber_data import load_cyber_data
   | ^^^^^^^^^^^^^^^^^^^^^^^^^^^^^^^^^^^^^^^^^^^^^^^^^^^^^
14 | from uais.features.cyber_features import build_cyber_feature_table
   |

E402 Module level import not at top of cell
  --> notebooks/02_eda_cyber.ipynb:cell 1:14:1
   |
13 | from uais.data.load_cyber_data import load_cyber_data
14 | from uais.features.cyber_features import build_cyber_feature_table
   | ^^^^^^^^^^^^^^^^^^^^^^^^^^^^^^^^^^^^^^^^^^^^^^^^^^^^^^^^^^^^^^^^^^
15 |
   |

E402 Module level import not at top of cell
  --> notebooks/100_fusion_and_dashboard.ipynb:cell 3:11:1
   |
 9 |     sys.path.append(str(project_root))
10 |
11 | from dashboard.app_streamlit import launch_preview
   | ^^^^^^^^^^^^^^^^^^^^^^^^^^^^^^^^^^^^^^^^^^^^^^^^^^
12 | from uais.fusion.train_fusion_meta import build_fusion_dataset, train_fusion_model
   |

E402 Module level import not at top of cell
  --> notebooks/100_fusion_and_dashboard.ipynb:cell 3:12:1
   |
11 | from dashboard.app_streamlit import launch_preview
12 | from uais.fusion.train_fusion_meta import build_fusion_dataset, train_fusion_model
   | ^^^^^^^^^^^^^^^^^^^^^^^^^^^^^^^^^^^^^^^^^^^^^^^^^^^^^^^^^^^^^^^^^^^^^^^^^^^^^^^^^^
13 |
14 | print('Project root:', project_root)
   |

E402 Module level import not at top of cell
  --> notebooks/10_supervised_fraud.ipynb:cell 1:15:1
   |
13 |     sys.path.append(str(src_path))
14 |
15 | from uais.supervised.train_fraud_supervised import FraudModelConfig, train_fraud_model
   | ^^^^^^^^^^^^^^^^^^^^^^^^^^^^^^^^^^^^^^^^^^^^^^^^^^^^^^^^^^^^^^^^^^^^^^^^^^^^^^^^^^^^^^
16 | from uais.utils.metrics import compute_classification_metrics, compute_confusion_matrix
17 | from uais.utils.plotting import plot_pr_curve, plot_roc_curve
   |

E402 Module level import not at top of cell
  --> notebooks/10_supervised_fraud.ipynb:cell 1:16:1
   |
15 | from uais.supervised.train_fraud_supervised import FraudModelConfig, train_fraud_model
16 | from uais.utils.metrics import compute_classification_metrics, compute_confusion_matrix
   | ^^^^^^^^^^^^^^^^^^^^^^^^^^^^^^^^^^^^^^^^^^^^^^^^^^^^^^^^^^^^^^^^^^^^^^^^^^^^^^^^^^^^^^^
17 | from uais.utils.plotting import plot_pr_curve, plot_roc_curve
   |

E402 Module level import not at top of cell
  --> notebooks/10_supervised_fraud.ipynb:cell 1:17:1
   |
15 | from uais.supervised.train_fraud_supervised import FraudModelConfig, train_fraud_model
16 | from uais.utils.metrics import compute_classification_metrics, compute_confusion_matrix
17 | from uais.utils.plotting import plot_pr_curve, plot_roc_curve
   | ^^^^^^^^^^^^^^^^^^^^^^^^^^^^^^^^^^^^^^^^^^^^^^^^^^^^^^^^^^^^^
18 |
   |

E402 Module level import not at top of cell
  --> notebooks/11_supervised_cyber.ipynb:cell 1:15:1
   |
13 |     sys.path.append(str(src_path))
14 |
15 | from uais.supervised.train_cyber_supervised import CyberModelConfig, train_cyber_model
   | ^^^^^^^^^^^^^^^^^^^^^^^^^^^^^^^^^^^^^^^^^^^^^^^^^^^^^^^^^^^^^^^^^^^^^^^^^^^^^^^^^^^^^^
16 | from uais.utils.metrics import compute_classification_metrics, compute_confusion_matrix
17 | from uais.utils.plotting import plot_pr_curve, plot_roc_curve
   |

E402 Module level import not at top of cell
  --> notebooks/11_supervised_cyber.ipynb:cell 1:16:1
   |
15 | from uais.supervised.train_cyber_supervised import CyberModelConfig, train_cyber_model
16 | from uais.utils.metrics import compute_classification_metrics, compute_confusion_matrix
   | ^^^^^^^^^^^^^^^^^^^^^^^^^^^^^^^^^^^^^^^^^^^^^^^^^^^^^^^^^^^^^^^^^^^^^^^^^^^^^^^^^^^^^^^
17 | from uais.utils.plotting import plot_pr_curve, plot_roc_curve
   |

E402 Module level import not at top of cell
  --> notebooks/11_supervised_cyber.ipynb:cell 1:17:1
   |
15 | from uais.supervised.train_cyber_supervised import CyberModelConfig, train_cyber_model
16 | from uais.utils.metrics import compute_classification_metrics, compute_confusion_matrix
17 | from uais.utils.plotting import plot_pr_curve, plot_roc_curve
   | ^^^^^^^^^^^^^^^^^^^^^^^^^^^^^^^^^^^^^^^^^^^^^^^^^^^^^^^^^^^^^
18 |
   |

E402 Module level import not at top of cell
  --> notebooks/20_unsupervised_fraud.ipynb:cell 1:14:1
   |
12 |     sys.path.append(str(src_path))
13 |
14 | from uais.anomaly.train_isolation_forest import compute_anomaly_score, train_isolation_forest
   | ^^^^^^^^^^^^^^^^^^^^^^^^^^^^^^^^^^^^^^^^^^^^^^^^^^^^^^^^^^^^^^^^^^^^^^^^^^^^^^^^^^^^^^^^^^^^^
15 | from uais.utils.metrics import compute_classification_metrics
16 | from uais.utils.plotting import plot_pr_curve, plot_roc_curve
   |

E402 Module level import not at top of cell
  --> notebooks/20_unsupervised_fraud.ipynb:cell 1:15:1
   |
14 | from uais.anomaly.train_isolation_forest import compute_anomaly_score, train_isolation_forest
15 | from uais.utils.metrics import compute_classification_metrics
   | ^^^^^^^^^^^^^^^^^^^^^^^^^^^^^^^^^^^^^^^^^^^^^^^^^^^^^^^^^^^^^
16 | from uais.utils.plotting import plot_pr_curve, plot_roc_curve
   |

E402 Module level import not at top of cell
  --> notebooks/20_unsupervised_fraud.ipynb:cell 1:16:1
   |
14 | from uais.anomaly.train_isolation_forest import compute_anomaly_score, train_isolation_forest
15 | from uais.utils.metrics import compute_classification_metrics
16 | from uais.utils.plotting import plot_pr_curve, plot_roc_curve
   | ^^^^^^^^^^^^^^^^^^^^^^^^^^^^^^^^^^^^^^^^^^^^^^^^^^^^^^^^^^^^^
17 |
   |

E402 Module level import not at top of cell
  --> notebooks/21_unsupervised_cyber.ipynb:cell 1:14:1
   |
12 |     sys.path.append(str(src_path))
13 |
14 | from uais.anomaly.train_isolation_forest import compute_anomaly_score, train_isolation_forest
   | ^^^^^^^^^^^^^^^^^^^^^^^^^^^^^^^^^^^^^^^^^^^^^^^^^^^^^^^^^^^^^^^^^^^^^^^^^^^^^^^^^^^^^^^^^^^^^
15 | from uais.utils.metrics import compute_classification_metrics
16 | from uais.utils.plotting import plot_pr_curve, plot_roc_curve
   |

E402 Module level import not at top of cell
  --> notebooks/21_unsupervised_cyber.ipynb:cell 1:15:1
   |
14 | from uais.anomaly.train_isolation_forest import compute_anomaly_score, train_isolation_forest
15 | from uais.utils.metrics import compute_classification_metrics
   | ^^^^^^^^^^^^^^^^^^^^^^^^^^^^^^^^^^^^^^^^^^^^^^^^^^^^^^^^^^^^^
16 | from uais.utils.plotting import plot_pr_curve, plot_roc_curve
   |

E402 Module level import not at top of cell
  --> notebooks/21_unsupervised_cyber.ipynb:cell 1:16:1
   |
14 | from uais.anomaly.train_isolation_forest import compute_anomaly_score, train_isolation_forest
15 | from uais.utils.metrics import compute_classification_metrics
16 | from uais.utils.plotting import plot_pr_curve, plot_roc_curve
   | ^^^^^^^^^^^^^^^^^^^^^^^^^^^^^^^^^^^^^^^^^^^^^^^^^^^^^^^^^^^^^
17 |
   |

E402 Module level import not at top of cell
  --> notebooks/30_sequence_models.ipynb:cell 3:12:1
   |
10 |     sys.path.append(str(src_path))
11 |
12 | from uais.explainability.sequence_explainer import sequence_saliency
   | ^^^^^^^^^^^^^^^^^^^^^^^^^^^^^^^^^^^^^^^^^^^^^^^^^^^^^^^^^^^^^^^^^^^^
13 | from uais.sequence.build_sequences import build_sequences, pad_sequences
14 | from uais.sequence.evaluate_sequence import evaluate_sequence_predictions
   |

E402 Module level import not at top of cell
  --> notebooks/30_sequence_models.ipynb:cell 3:13:1
   |
12 | from uais.explainability.sequence_explainer import sequence_saliency
13 | from uais.sequence.build_sequences import build_sequences, pad_sequences
   | ^^^^^^^^^^^^^^^^^^^^^^^^^^^^^^^^^^^^^^^^^^^^^^^^^^^^^^^^^^^^^^^^^^^^^^^^
14 | from uais.sequence.evaluate_sequence import evaluate_sequence_predictions
15 | from uais.sequence.train_gru import predict_gru, train_gru_classifier
   |

E402 Module level import not at top of cell
  --> notebooks/30_sequence_models.ipynb:cell 3:14:1
   |
12 | from uais.explainability.sequence_explainer import sequence_saliency
13 | from uais.sequence.build_sequences import build_sequences, pad_sequences
14 | from uais.sequence.evaluate_sequence import evaluate_sequence_predictions
   | ^^^^^^^^^^^^^^^^^^^^^^^^^^^^^^^^^^^^^^^^^^^^^^^^^^^^^^^^^^^^^^^^^^^^^^^^^
15 | from uais.sequence.train_gru import predict_gru, train_gru_classifier
16 | from uais.sequence.train_lstm import predict_lstm, train_lstm_classifier
   |

E402 Module level import not at top of cell
  --> notebooks/30_sequence_models.ipynb:cell 3:15:1
   |
13 | from uais.sequence.build_sequences import build_sequences, pad_sequences
14 | from uais.sequence.evaluate_sequence import evaluate_sequence_predictions
15 | from uais.sequence.train_gru import predict_gru, train_gru_classifier
   | ^^^^^^^^^^^^^^^^^^^^^^^^^^^^^^^^^^^^^^^^^^^^^^^^^^^^^^^^^^^^^^^^^^^^^
16 | from uais.sequence.train_lstm import predict_lstm, train_lstm_classifier
   |

E402 Module level import not at top of cell
  --> notebooks/30_sequence_models.ipynb:cell 3:16:1
   |
14 | from uais.sequence.evaluate_sequence import evaluate_sequence_predictions
15 | from uais.sequence.train_gru import predict_gru, train_gru_classifier
16 | from uais.sequence.train_lstm import predict_lstm, train_lstm_classifier
   | ^^^^^^^^^^^^^^^^^^^^^^^^^^^^^^^^^^^^^^^^^^^^^^^^^^^^^^^^^^^^^^^^^^^^^^^^
17 |
18 | np.random.seed(42)
   |

E402 Module level import not at top of cell
  --> notebooks/30_sequence_models.ipynb:cell 3:19:1
   |
18 | np.random.seed(42)
19 | import torch
   | ^^^^^^^^^^^^
20 |
21 | _ = torch.manual_seed(42)
   |

E402 Module level import not at top of cell
  --> notebooks/40_fusion_model.ipynb:cell 1:16:1
   |
14 |     sys.path.append(str(src_path))
15 |
16 | from uais.utils.metrics import compute_classification_metrics
   | ^^^^^^^^^^^^^^^^^^^^^^^^^^^^^^^^^^^^^^^^^^^^^^^^^^^^^^^^^^^^^
17 | from uais.utils.plotting import plot_pr_curve, plot_roc_curve
   |

E402 Module level import not at top of cell
  --> notebooks/40_fusion_model.ipynb:cell 1:17:1
   |
16 | from uais.utils.metrics import compute_classification_metrics
17 | from uais.utils.plotting import plot_pr_curve, plot_roc_curve
   | ^^^^^^^^^^^^^^^^^^^^^^^^^^^^^^^^^^^^^^^^^^^^^^^^^^^^^^^^^^^^^
18 |
   |

E402 Module level import not at top of cell
  --> notebooks/40_hybrid_fraud_score.ipynb:cell 1:14:1
   |
12 |     sys.path.append(str(src_path))
13 |
14 | from uais.anomaly.train_isolation_forest import compute_anomaly_score, train_isolation_forest
   | ^^^^^^^^^^^^^^^^^^^^^^^^^^^^^^^^^^^^^^^^^^^^^^^^^^^^^^^^^^^^^^^^^^^^^^^^^^^^^^^^^^^^^^^^^^^^^
15 | from uais.data.load_fraud_data import load_fraud_data
16 | from uais.ensembles.blending import blend_supervised_and_anomaly
   |

E402 Module level import not at top of cell
  --> notebooks/40_hybrid_fraud_score.ipynb:cell 1:15:1
   |
14 | from uais.anomaly.train_isolation_forest import compute_anomaly_score, train_isolation_forest
15 | from uais.data.load_fraud_data import load_fraud_data
   | ^^^^^^^^^^^^^^^^^^^^^^^^^^^^^^^^^^^^^^^^^^^^^^^^^^^^^
16 | from uais.ensembles.blending import blend_supervised_and_anomaly
17 | from uais.features.fraud_features import build_fraud_feature_table
   |

E402 Module level import not at top of cell
  --> notebooks/40_hybrid_fraud_score.ipynb:cell 1:16:1
   |
14 | from uais.anomaly.train_isolation_forest import compute_anomaly_score, train_isolation_forest
15 | from uais.data.load_fraud_data import load_fraud_data
16 | from uais.ensembles.blending import blend_supervised_and_anomaly
   | ^^^^^^^^^^^^^^^^^^^^^^^^^^^^^^^^^^^^^^^^^^^^^^^^^^^^^^^^^^^^^^^^
17 | from uais.features.fraud_features import build_fraud_feature_table
18 | from uais.supervised.train_fraud_supervised import FraudModelConfig, train_fraud_model
   |

E402 Module level import not at top of cell
  --> notebooks/40_hybrid_fraud_score.ipynb:cell 1:17:1
   |
15 | from uais.data.load_fraud_data import load_fraud_data
16 | from uais.ensembles.blending import blend_supervised_and_anomaly
17 | from uais.features.fraud_features import build_fraud_feature_table
   | ^^^^^^^^^^^^^^^^^^^^^^^^^^^^^^^^^^^^^^^^^^^^^^^^^^^^^^^^^^^^^^^^^^
18 | from uais.supervised.train_fraud_supervised import FraudModelConfig, train_fraud_model
19 | from uais.utils.metrics import compute_classification_metrics
   |

E402 Module level import not at top of cell
  --> notebooks/40_hybrid_fraud_score.ipynb:cell 1:18:1
   |
16 | from uais.ensembles.blending import blend_supervised_and_anomaly
17 | from uais.features.fraud_features import build_fraud_feature_table
18 | from uais.supervised.train_fraud_supervised import FraudModelConfig, train_fraud_model
   | ^^^^^^^^^^^^^^^^^^^^^^^^^^^^^^^^^^^^^^^^^^^^^^^^^^^^^^^^^^^^^^^^^^^^^^^^^^^^^^^^^^^^^^
19 | from uais.utils.metrics import compute_classification_metrics
20 | from uais.utils.plotting import plot_pr_curve, plot_roc_curve
   |

E402 Module level import not at top of cell
  --> notebooks/40_hybrid_fraud_score.ipynb:cell 1:19:1
   |
17 | from uais.features.fraud_features import build_fraud_feature_table
18 | from uais.supervised.train_fraud_supervised import FraudModelConfig, train_fraud_model
19 | from uais.utils.metrics import compute_classification_metrics
   | ^^^^^^^^^^^^^^^^^^^^^^^^^^^^^^^^^^^^^^^^^^^^^^^^^^^^^^^^^^^^^
20 | from uais.utils.plotting import plot_pr_curve, plot_roc_curve
   |

E402 Module level import not at top of cell
  --> notebooks/40_hybrid_fraud_score.ipynb:cell 1:20:1
   |
18 | from uais.supervised.train_fraud_supervised import FraudModelConfig, train_fraud_model
19 | from uais.utils.metrics import compute_classification_metrics
20 | from uais.utils.plotting import plot_pr_curve, plot_roc_curve
   | ^^^^^^^^^^^^^^^^^^^^^^^^^^^^^^^^^^^^^^^^^^^^^^^^^^^^^^^^^^^^^
21 |
   |

E402 Module level import not at top of cell
  --> notebooks/50_explainability.ipynb:cell 1:11:1
   |
 9 |     sys.path.append(str(src_path))
10 |
11 | from sklearn.model_selection import train_test_split
   | ^^^^^^^^^^^^^^^^^^^^^^^^^^^^^^^^^^^^^^^^^^^^^^^^^^^^
12 |
13 | from uais.data.load_fraud_data import load_fraud_data
   |

E402 Module level import not at top of cell
  --> notebooks/50_explainability.ipynb:cell 1:13:1
   |
11 | from sklearn.model_selection import train_test_split
12 |
13 | from uais.data.load_fraud_data import load_fraud_data
   | ^^^^^^^^^^^^^^^^^^^^^^^^^^^^^^^^^^^^^^^^^^^^^^^^^^^^^
14 | from uais.explainability.shap_explainer import compute_shap_values, plot_shap_summary
15 | from uais.features.fraud_features import build_fraud_feature_table
   |

E402 Module level import not at top of cell
  --> notebooks/50_explainability.ipynb:cell 1:14:1
   |
13 | from uais.data.load_fraud_data import load_fraud_data
14 | from uais.explainability.shap_explainer import compute_shap_values, plot_shap_summary
   | ^^^^^^^^^^^^^^^^^^^^^^^^^^^^^^^^^^^^^^^^^^^^^^^^^^^^^^^^^^^^^^^^^^^^^^^^^^^^^^^^^^^^^
15 | from uais.features.fraud_features import build_fraud_feature_table
16 | from uais.supervised.train_fraud_supervised import FraudModelConfig, train_fraud_model
   |

E402 Module level import not at top of cell
  --> notebooks/50_explainability.ipynb:cell 1:15:1
   |
13 | from uais.data.load_fraud_data import load_fraud_data
14 | from uais.explainability.shap_explainer import compute_shap_values, plot_shap_summary
15 | from uais.features.fraud_features import build_fraud_feature_table
   | ^^^^^^^^^^^^^^^^^^^^^^^^^^^^^^^^^^^^^^^^^^^^^^^^^^^^^^^^^^^^^^^^^^
16 | from uais.supervised.train_fraud_supervised import FraudModelConfig, train_fraud_model
   |

E402 Module level import not at top of cell
  --> notebooks/50_explainability.ipynb:cell 1:16:1
   |
14 | from uais.explainability.shap_explainer import compute_shap_values, plot_shap_summary
15 | from uais.features.fraud_features import build_fraud_feature_table
16 | from uais.supervised.train_fraud_supervised import FraudModelConfig, train_fraud_model
   | ^^^^^^^^^^^^^^^^^^^^^^^^^^^^^^^^^^^^^^^^^^^^^^^^^^^^^^^^^^^^^^^^^^^^^^^^^^^^^^^^^^^^^^
17 |
   |

E402 Module level import not at top of cell
  --> notebooks/60_evaluation_drift.ipynb:cell 1:16:1
   |
14 |     sys.path.append(str(src_path))
15 |
16 | from sklearn.model_selection import train_test_split
   | ^^^^^^^^^^^^^^^^^^^^^^^^^^^^^^^^^^^^^^^^^^^^^^^^^^^^
17 |
18 | from uais.data.load_fraud_data import load_fraud_data
   |

E402 Module level import not at top of cell
  --> notebooks/60_evaluation_drift.ipynb:cell 1:18:1
   |
16 | from sklearn.model_selection import train_test_split
17 |
18 | from uais.data.load_fraud_data import load_fraud_data
   | ^^^^^^^^^^^^^^^^^^^^^^^^^^^^^^^^^^^^^^^^^^^^^^^^^^^^^
19 | from uais.features.fraud_features import build_fraud_feature_table
   |

E402 Module level import not at top of cell
  --> notebooks/60_evaluation_drift.ipynb:cell 1:19:1
   |
18 | from uais.data.load_fraud_data import load_fraud_data
19 | from uais.features.fraud_features import build_fraud_feature_table
   | ^^^^^^^^^^^^^^^^^^^^^^^^^^^^^^^^^^^^^^^^^^^^^^^^^^^^^^^^^^^^^^^^^^
20 |
   |

E402 Module level import not at top of cell
  --> notebooks/70_nlp_email_anomalies.ipynb:cell 2:12:1
   |
10 |     sys.path.append(str(src_path))
11 |
12 | from uais.nlp.train_text_classifier import NLPConfig, run_text_experiment
   | ^^^^^^^^^^^^^^^^^^^^^^^^^^^^^^^^^^^^^^^^^^^^^^^^^^^^^^^^^^^^^^^^^^^^^^^^^
13 |
14 | print('Project root:', project_root)
   |

E402 Module level import not at top of cell
  --> notebooks/80_vision_forgery_detection.ipynb:cell 3:13:1
   |
11 |     sys.path.append(str(src_path))
12 |
13 | from uais.vision.train_vision_model import VisionConfig, run_vision_experiment
   | ^^^^^^^^^^^^^^^^^^^^^^^^^^^^^^^^^^^^^^^^^^^^^^^^^^^^^^^^^^^^^^^^^^^^^^^^^^^^^^
14 |
15 | # Default to Intel image classification dataset pulled via KaggleHub
   |

E702 Multiple statements on one line (semicolon)
  --> notebooks/80_vision_forgery_detection.ipynb:cell 6:20:19
   |
18 |     ax.set_title(d.name)
19 |     ax.axis('off')
20 | plt.tight_layout(); plt.show()
   |                   ^
21 |
   |

E702 Multiple statements on one line (semicolon)
  --> notebooks/80_vision_forgery_detection.ipynb:cell 9:17:28
   |
15 |     ax[0].plot(hist.get('loss', []), label='train')
16 |     ax[0].plot(hist.get('val_loss', []), label='val')
17 |     ax[0].set_title('Loss'); ax[0].legend()
   |                            ^
18 |     ax[1].plot(hist.get('accuracy', []), label='train')
19 |     ax[1].plot(hist.get('val_accuracy', []), label='val')
   |

E702 Multiple statements on one line (semicolon)
  --> notebooks/80_vision_forgery_detection.ipynb:cell 9:20:32
   |
18 |     ax[1].plot(hist.get('accuracy', []), label='train')
19 |     ax[1].plot(hist.get('val_accuracy', []), label='val')
20 |     ax[1].set_title('Accuracy'); ax[1].legend()
   |                                ^
21 |     plt.tight_layout(); plt.show()
   |

E702 Multiple statements on one line (semicolon)
  --> notebooks/80_vision_forgery_detection.ipynb:cell 9:21:23
   |
19 |     ax[1].plot(hist.get('val_accuracy', []), label='val')
20 |     ax[1].set_title('Accuracy'); ax[1].legend()
21 |     plt.tight_layout(); plt.show()
   |                       ^
   |

E402 Module level import not at top of cell
  --> notebooks/90_generative_synthesis.ipynb:cell 4:11:1
   |
 9 |     sys.path.append(str(src_path))
10 |
11 | from uais.generative.train_vae import VAEConfig, run_vae_pipeline
   | ^^^^^^^^^^^^^^^^^^^^^^^^^^^^^^^^^^^^^^^^^^^^^^^^^^^^^^^^^^^^^^^^^
12 |
   |

E702 Multiple statements on one line (semicolon)
  --> notebooks/90_generative_synthesis.ipynb:cell 7:13:17
   |
11 |     plt.plot(hist.get('loss', []), label='train')
12 |     plt.plot(hist.get('val_loss', []), label='val')
13 |     plt.legend(); plt.title('VAE loss'); plt.xlabel('epoch'); plt.ylabel('loss'); plt.tight_layout()
   |                 ^
14 |     plt.savefig(plot_path, dpi=150)
15 |     plt.show()
   |

E702 Multiple statements on one line (semicolon)
  --> notebooks/90_generative_synthesis.ipynb:cell 7:13:40
   |
11 |     plt.plot(hist.get('loss', []), label='train')
12 |     plt.plot(hist.get('val_loss', []), label='val')
13 |     plt.legend(); plt.title('VAE loss'); plt.xlabel('epoch'); plt.ylabel('loss'); plt.tight_layout()
   |                                        ^
14 |     plt.savefig(plot_path, dpi=150)
15 |     plt.show()
   |

E702 Multiple statements on one line (semicolon)
  --> notebooks/90_generative_synthesis.ipynb:cell 7:13:61
   |
11 |     plt.plot(hist.get('loss', []), label='train')
12 |     plt.plot(hist.get('val_loss', []), label='val')
13 |     plt.legend(); plt.title('VAE loss'); plt.xlabel('epoch'); plt.ylabel('loss'); plt.tight_layout()
   |                                                             ^
14 |     plt.savefig(plot_path, dpi=150)
15 |     plt.show()
   |

E702 Multiple statements on one line (semicolon)
  --> notebooks/90_generative_synthesis.ipynb:cell 7:13:81
   |
11 |     plt.plot(hist.get('loss', []), label='train')
12 |     plt.plot(hist.get('val_loss', []), label='val')
13 |     plt.legend(); plt.title('VAE loss'); plt.xlabel('epoch'); plt.ylabel('loss'); plt.tight_layout()
   |                                                                                 ^
14 |     plt.savefig(plot_path, dpi=150)
15 |     plt.show()
   |

B018 Found useless expression. Either assign it to a variable or remove it.
  --> notebooks/Untitled-1.py:1:1
   |
 1 | / {
 2 | |   "cells": [
 3 | |     {
 4 | |       "cell_type": "markdown",
 5 | |       "metadata": { "language": "markdown" },
 6 | |       "source": [
 7 | |         "# CERT Sequence Anomaly Detection (LSTM Autoencoder)",
 8 | |         "Optimized, GPU-optional, fast CPU version."
 9 | |       ]
10 | |     },
11 | |     {
12 | |       "cell_type": "code",
13 | |       "metadata": { "language": "python" },
14 | |       "source": [
15 | |         "from pathlib import Path",
16 | |         "import pandas as pd, numpy as np, sys",
17 | |         "from sklearn.model_selection import train_test_split",
18 | |         "import tensorflow as tf",
19 | |         "from tensorflow.keras import layers, models",
20 | |         "",
21 | |         "project_root = Path(\"..\" ).resolve()",
22 | |         "csv_path = project_root / \"data\" / \"raw\" / \"behavior\" / \"r4.2\" / \"logon.csv\"  # change to device.csv if needed",
23 | |         "df = pd.read_csv(csv_path, nrows=2000, low_memory=False)  # small slice",
24 | |         "print(\"Cols:\", df.columns.tolist())",
25 | |         "",
26 | |         "time_col = next(c for c in df.columns if \"time\" in c.lower() or \"date\" in c.lower())",
27 | |         "user_col = next(c for c in df.columns if \"user\" in c.lower())",
28 | |         "",
29 | |         "df[time_col] = pd.to_datetime(df[time_col], errors=\"coerce\")",
30 | |         "df = df.dropna(subset=[time_col]).sort_values([user_col, time_col])",
31 | |         "df[\"hour\"] = df[time_col].dt.hour",
32 | |         "df[\"dayofweek\"] = df[time_col].dt.dayofweek",
33 | |         "feature_cols = [\"hour\", \"dayofweek\"]",
34 | |         "",
35 | |         "sequence_length = 10",
36 | |         "max_users = 50",
37 | |         "max_seq_per_user = 1",
38 | |         "",
39 | |         "seqs = []",
40 | |         "for idx, (u, g) in enumerate(df.groupby(user_col)):",
41 | |         "    if idx >= max_users:",
42 | |         "        break",
43 | |         "    X = g[feature_cols].values",
44 | |         "    if len(X) <= sequence_length:",
45 | |         "        continue",
46 | |         "    n_take = min(max_seq_per_user, len(X) - sequence_length + 1)",
47 | |         "    for i in range(n_take):",
48 | |         "        seqs.append(X[i:i+sequence_length])",
49 | |         "X_seq = np.array(seqs, dtype=np.float32)",
50 | |         "print(\"Sequences:\", X_seq.shape)",
51 | |         "if len(X_seq) == 0:",
52 | |         "    raise ValueError(\"No sequences built; lower caps or check file/columns.\")",
53 | |         "",
54 | |         "X_train, X_test = train_test_split(X_seq, test_size=0.2, random_state=42)",
55 | |         "",
56 | |         "input_shape = (sequence_length, len(feature_cols))",
57 | |         "model = models.Sequential([",
58 | |         "    layers.Input(shape=input_shape),",
59 | |         "    layers.LSTM(8, return_sequences=False),",
60 | |         "    layers.RepeatVector(sequence_length),",
61 | |         "    layers.LSTM(8, return_sequences=True),",
62 | |         "    layers.TimeDistributed(layers.Dense(len(feature_cols)))",
63 | |         "])",
64 | |         "model.compile(optimizer=\"adam\", loss=\"mse\")",
65 | |         "history = model.fit(X_train, X_train, epochs=1, batch_size=128, verbose=1, validation_split=0.1)",
66 | |         "",
67 | |         "recon = model.predict(X_test, batch_size=256, verbose=0)",
68 | |         "mse = np.mean((X_test - recon) ** 2, axis=(1,2))",
69 | |         "print(\"Score stats:\", pd.Series(mse).describe())",
70 | |         "",
71 | |         "out = project_root / \"experiments\" / \"behavior\" / \"scores_cert_sequence_min.csv\"",
72 | |         "out.parent.mkdir(parents=True, exist_ok=True)",
73 | |         "pd.DataFrame({\"sequence_id\": np.arange(len(mse)), \"anomaly_score\": mse}).to_csv(out, index=False)",
74 | |         "print(\"Saved:\", out)"
75 | |       ]
76 | |     }
77 | |   ]
78 | | }
   | |_^
   |

B007 Loop control variable `u` not used within loop body
  --> notebooks/hkadh.py:27:11
   |
26 | seqs = []
27 | for idx, (u, g) in enumerate(df.groupby(user_col)):
   |           ^
28 |     if idx >= max_users:
29 |         break
   |
help: Rename unused `u` to `_u`

C401 Unnecessary generator (rewrite as a set comprehension)
  --> src/elara/family_b/corruption.py:80:21
   |
78 |     engine = AdversarialPerturbationEngine(domain_order, score_index, random_seed=int(seed))
79 |     out: list[KOfDCorruptionResult] = []
80 |     for k in sorted(set(int(v) for v in k_values)):
   |                     ^^^^^^^^^^^^^^^^^^^^^^^^^^^^^
81 |         if k < 0 or k > len(domain_order):
82 |             raise ValueError(f"k {k} outside [0, {len(domain_order)}]")
   |
help: Rewrite as a set comprehension

C408 Unnecessary `tuple()` call (rewrite as a literal)
  --> src/elara/family_b/corruption.py:88:36
   |
86 |                     condition="clean:k0",
87 |                     attack="none",
88 |                     failed_domains=tuple(),
   |                                    ^^^^^^^
89 |                     failed_domain_count=0,
90 |                     features=features,
   |
help: Rewrite as a literal

UP035 `typing.Dict` is deprecated, use `dict` instead
 --> src/pipeline/build_features.py:5:1
  |
3 | import json
4 | from pathlib import Path
5 | from typing import Any, Dict
  | ^^^^^^^^^^^^^^^^^^^^^^^^^^^^
6 |
7 | import pandas as pd
  |

UP006 Use `dict` instead of `Dict` for type annotation
  --> src/pipeline/build_features.py:15:37
   |
15 | def _load_config(cfg_path: Path) -> Dict[str, Any]:
   |                                     ^^^^
16 |     with cfg_path.open("r", encoding="utf-8") as f:
17 |         return yaml.safe_load(f)
   |
help: Replace with `dict`

UP035 `typing.Dict` is deprecated, use `dict` instead
 --> src/pipeline/train_models.py:5:1
  |
3 | import json
4 | from pathlib import Path
5 | from typing import Any, Dict
  | ^^^^^^^^^^^^^^^^^^^^^^^^^^^^
6 |
7 | import numpy as np
  |

UP006 Use `dict` instead of `Dict` for type annotation
  --> src/pipeline/train_models.py:18:37
   |
18 | def _load_config(cfg_path: Path) -> Dict[str, Any]:
   |                                     ^^^^
19 |     with cfg_path.open("r", encoding="utf-8") as f:
20 |         return yaml.safe_load(f)
   |
help: Replace with `dict`

UP006 Use `dict` instead of `Dict` for type annotation
  --> src/pipeline/train_models.py:23:30
   |
23 | def _maybe_start_mlflow(cfg: Dict[str, Any]):
   |                              ^^^^
24 |     mlflow_cfg = cfg.get("mlflow", {})
25 |     enabled = mlflow_cfg.get("enabled", False)
   |
help: Replace with `dict`

UP006 Use `dict` instead of `Dict` for type annotation
  --> src/pipeline/train_models.py:42:10
   |
41 | def _log_mlflow_params_metrics(
42 |     cfg: Dict[str, Any], model_params: Dict[str, Any], val_metrics: Dict[str, float], test_metrics: Dict[str, float]
   |          ^^^^
43 | ):
44 |     try:
   |
help: Replace with `dict`

UP006 Use `dict` instead of `Dict` for type annotation
  --> src/pipeline/train_models.py:42:40
   |
41 | def _log_mlflow_params_metrics(
42 |     cfg: Dict[str, Any], model_params: Dict[str, Any], val_metrics: Dict[str, float], test_metrics: Dict[str, float]
   |                                        ^^^^
43 | ):
44 |     try:
   |
help: Replace with `dict`

UP006 Use `dict` instead of `Dict` for type annotation
  --> src/pipeline/train_models.py:42:69
   |
41 | def _log_mlflow_params_metrics(
42 |     cfg: Dict[str, Any], model_params: Dict[str, Any], val_metrics: Dict[str, float], test_metrics: Dict[str, float]
   |                                                                     ^^^^
43 | ):
44 |     try:
   |
help: Replace with `dict`

UP006 Use `dict` instead of `Dict` for type annotation
  --> src/pipeline/train_models.py:42:101
   |
41 | def _log_mlflow_params_metrics(
42 |     cfg: Dict[str, Any], model_params: Dict[str, Any], val_metrics: Dict[str, float], test_metrics: Dict[str, float]
   |                                                                                                     ^^^^
43 | ):
44 |     try:
   |
help: Replace with `dict`

F841 Local variable `y_pred` is assigned to but never used
   --> src/scripts/audit_canonical_label_semantics.py:118:5
    |
116 |     if inverted:
117 |         scores = 1.0 - scores
118 |     y_pred = (scores >= 0.5).astype(int)
    |     ^^^^^^
119 |     return {
120 |         "seed": seed,
    |
help: Remove assignment to unused variable `y_pred`

F841 Local variable `static` is assigned to but never used
   --> src/scripts/audit_canonical_label_semantics.py:358:9
    |
356 |         # raw vs flipped — the JSON stores the AFTER-flip values for static/craf, so we
357 |         # report the values as-stored and note that the audit will recompute under no-flip.
358 |         static = r.get("static_attention", {}) or {}
    |         ^^^^^^
359 |         rows.append(
360 |             {
    |
help: Remove assignment to unused variable `static`

B023 Function definition does not bind loop variable `cid`
   --> src/scripts/build_metrics_manifest.py:207:27
    |
206 |         def _macro(name: str, value):
207 |             key = f"elara{cid}{name}"  # e.g. elaraA2RgaPlusAuc
    |                           ^^^
208 |             if isinstance(value, float):
209 |                 macros[key] = f"{value:.4f}"
    |

B007 Loop control variable `pairing` not used within loop body
   --> src/scripts/emit_locked_audited_statistics.py:215:55
    |
213 |     representative_seed_idx = 0
214 |
215 |     for cell_id, benchmark, protocol, family, status, pairing, holm in FAMILY_REGISTRY:
    |                                                       ^^^^^^^
216 |         if status not in {"audited primary reanalysis", "exploratory", "protocol-diagnostic"}:
217 |             continue
    |
help: Rename unused `pairing` to `_pairing`

B007 Loop control variable `status` not used within loop body
   --> src/scripts/emit_locked_audited_statistics.py:367:47
    |
365 |         "sar_score_adapter",
366 |     )
367 |     for cell_id, benchmark, protocol, family, status, pairing, holm in FAMILY_REGISTRY:
    |                                               ^^^^^^
368 |         rel_path = JSON_PATHS.get((benchmark, protocol))
369 |         if rel_path is None:
    |
help: Rename unused `status` to `_status`

B007 Loop control variable `pairing` not used within loop body
   --> src/scripts/emit_locked_audited_statistics.py:367:55
    |
365 |         "sar_score_adapter",
366 |     )
367 |     for cell_id, benchmark, protocol, family, status, pairing, holm in FAMILY_REGISTRY:
    |                                                       ^^^^^^^
368 |         rel_path = JSON_PATHS.get((benchmark, protocol))
369 |         if rel_path is None:
    |
help: Rename unused `pairing` to `_pairing`

B007 Loop control variable `holm` not used within loop body
   --> src/scripts/emit_locked_audited_statistics.py:367:64
    |
365 |         "sar_score_adapter",
366 |     )
367 |     for cell_id, benchmark, protocol, family, status, pairing, holm in FAMILY_REGISTRY:
    |                                                                ^^^^
368 |         rel_path = JSON_PATHS.get((benchmark, protocol))
369 |         if rel_path is None:
    |
help: Rename unused `holm` to `_holm`

B023 Function definition does not bind loop variable `cs`
   --> src/scripts/emit_rga_plus_validation_frozen_selection.py:231:17
    |
230 |         def _m(name):
231 |             v = cs.get(name, {}).get("roc_auc")
    |                 ^^
232 |             if isinstance(v, dict):
233 |                 return v.get("mean")
    |

invalid-syntax: Cannot use an escape sequence (backslash) in f-strings on Python 3.9 (syntax was added in Python 3.12)
  --> src/scripts/emit_switching_certificate_t5_table.py:45:18
   |
43 |             rf"{_fmt(r.get('rga_auroc_mean'), 3)} & "
44 |             rf"{_fmt(r.get('lcb'), 4, sign=True)} & "
45 |             rf"{'\\textbf{certified}' if r.get('certified') else 'not cert.'} \\"
   |                  ^
46 |         )
47 |     out += [r"\bottomrule", r"\end{tabular}", ""]
   |

invalid-syntax: Cannot use an escape sequence (backslash) in f-strings on Python 3.9 (syntax was added in Python 3.12)
  --> src/scripts/emit_switching_certificate_t5_table.py:45:19
   |
43 |             rf"{_fmt(r.get('rga_auroc_mean'), 3)} & "
44 |             rf"{_fmt(r.get('lcb'), 4, sign=True)} & "
45 |             rf"{'\\textbf{certified}' if r.get('certified') else 'not cert.'} \\"
   |                   ^
46 |         )
47 |     out += [r"\bottomrule", r"\end{tabular}", ""]
   |

B007 Loop control variable `sid` not used within loop body
  --> src/scripts/family_d_v2_execute.py:92:13
   |
90 |     if endpoint == "D-EYE-1":
91 |         # Depth-channel score collapse
92 |         for sid, mods in new.items():
   |             ^^^
93 |             if mods["depth"] is not None:
94 |                 mods["depth"]["score"] = 0.0
   |
help: Rename unused `sid` to `_sid`

B007 Loop control variable `sid` not used within loop body
  --> src/scripts/family_d_v2_execute.py:97:13
   |
95 |     elif endpoint == "D-EYE-2":
96 |         # RGB-channel score collapse
97 |         for sid, mods in new.items():
   |             ^^^
98 |             if mods["rgb"] is not None:
99 |                 mods["rgb"]["score"] = 0.0
   |
help: Rename unused `sid` to `_sid`

B007 Loop control variable `sid` not used within loop body
   --> src/scripts/family_d_v2_execute.py:103:13
    |
101 |         # Single-modality missingness: alternate per sample
102 |         rng = np.random.default_rng(7)
103 |         for sid, mods in new.items():
    |             ^^^
104 |             target = "depth" if rng.random() < 0.5 else "rgb"
105 |             mods[target] = None
    |
help: Rename unused `sid` to `_sid`

F841 Local variable `rgb_feat` is assigned to but never used
   --> src/scripts/family_d_v2_execute.py:137:5
    |
135 |     rgb_scores = np.array(rgb_scores)
136 |     depth_scores = np.array(depth_scores)
137 |     rgb_feat = np.stack(rgb_features)
    |     ^^^^^^^^
138 |     depth_feat = np.stack(depth_features)
    |
help: Remove assignment to unused variable `rgb_feat`

F841 Local variable `depth_feat` is assigned to but never used
   --> src/scripts/family_d_v2_execute.py:138:5
    |
136 |     depth_scores = np.array(depth_scores)
137 |     rgb_feat = np.stack(rgb_features)
138 |     depth_feat = np.stack(depth_features)
    |     ^^^^^^^^^^
139 |
140 |     # Compute per-modality reliability via ReliabilityEstimator's KS-drift
    |
help: Remove assignment to unused variable `depth_feat`

UP035 `typing.Dict` is deprecated, use `dict` instead
 --> src/scripts/generate_reports.py:4:1
  |
3 | import json
4 | from typing import Dict
  | ^^^^^^^^^^^^^^^^^^^^^^^
5 |
6 | import pandas as pd
  |

UP006 Use `dict` instead of `Dict` for type annotation
  --> src/scripts/generate_reports.py:17:41
   |
17 | def load_domain_metrics(domain: str) -> Dict:
   |                                         ^^^^
18 |     metrics_path = EXPERIMENTS_DIR / domain / "metrics"
19 |     if not metrics_path.exists():
   |
help: Replace with `dict`

B007 Loop control variable `key` not used within loop body
   --> src/scripts/phase1_1_canonical_cleanup.py:129:9
    |
127 |         r"\midrule",
128 |     ]
129 |     for key, label, m in rows:
    |         ^^^
130 |         roc = m.get("roc_auc")
131 |         if isinstance(roc, dict):
    |
help: Rename unused `key` to `_key`

C416 Unnecessary dict comprehension (rewrite using `dict()`)
   --> src/scripts/prepare_healthcare_fusion_benchmark.py:202:27
    |
200 |             "embedding_normalization_split": "train",
201 |         },
202 |         "score_features": {domain: base for domain, base in DOMAIN_TO_BASE_FEATURE.items()},
    |                           ^^^^^^^^^^^^^^^^^^^^^^^^^^^^^^^^^^^^^^^^^^^^^^^^^^^^^^^^^^^^^^^^^
203 |     }
204 |     return frame, metadata
    |
help: Rewrite using `dict()`

B007 Loop control variable `key` not used within loop body
   --> src/scripts/prepare_mvtec3d_fusion_benchmark.py:278:13
    |
276 |             key = (pair_categories[idx], bool(labels[idx]))
277 |             bucketed.setdefault(key, []).append(idx)
278 |         for key, indices in bucketed.items():
    |             ^^^
279 |             indices = list(indices)
280 |             rng.shuffle(indices)
    |
help: Rename unused `key` to `_key`

B007 Loop control variable `key` not used within loop body
   --> src/scripts/prepare_mvtec_loco_fusion_benchmark.py:123:9
    |
121 |         bucketed.setdefault(key, []).append(idx)
122 |     assignment: dict[int, str] = {}
123 |     for key, indices in bucketed.items():
    |         ^^^
124 |         indices = list(indices)
125 |         rng.shuffle(indices)
    |
help: Rename unused `key` to `_key`

F841 Local variable `labels` is assigned to but never used
   --> src/scripts/prepare_mvtec_loco_fusion_benchmark.py:156:5
    |
154 |         raise FileNotFoundError(f"No LOCO-AD observations found under {dataset_root}")
155 |
156 |     labels = np.asarray([p.label for p in pairs], dtype=int)
    |     ^^^^^^
157 |     splits = np.asarray([p.split for p in pairs], dtype=object)
158 |     defect_types = np.asarray([p.defect_type for p in pairs], dtype=object)
    |
help: Remove assignment to unused variable `labels`

F841 Local variable `pair_categories` is assigned to but never used
   --> src/scripts/prepare_mvtec_loco_fusion_benchmark.py:159:5
    |
157 |     splits = np.asarray([p.split for p in pairs], dtype=object)
158 |     defect_types = np.asarray([p.defect_type for p in pairs], dtype=object)
159 |     pair_categories = np.asarray([p.category for p in pairs], dtype=object)
    |     ^^^^^^^^^^^^^^^
160 |     train_mask = splits == "train"
161 |     normal_reference_mask = train_mask & (defect_types == "good")
    |
help: Remove assignment to unused variable `pair_categories`

B007 Loop control variable `j` not used within loop body
   --> src/scripts/prepare_real3d_fusion_benchmark.py:434:9
    |
432 |     rng.shuffle(train_indices)
433 |     n_val = max(1, int(round(len(train_indices) * float(val_fraction_of_train))))
434 |     for j, i in enumerate(train_indices[:n_val]):
    |         ^
435 |         effective_splits[i] = "validation"
    |
help: Rename unused `j` to `_j`

B007 Loop control variable `key` not used within loop body
   --> src/scripts/prepare_real3d_fusion_benchmark.py:446:13
    |
444 |             key = (pairs[idx].category, pairs[idx].label)
445 |             bucketed.setdefault(key, []).append(idx)
446 |         for key, indices in bucketed.items():
    |             ^^^
447 |             indices = list(indices)
448 |             rng_sp.shuffle(indices)
    |
help: Rename unused `key` to `_key`

UP035 `typing.Tuple` is deprecated, use `tuple` instead
  --> src/scripts/prepare_realfusion_la_benchmark.py:48:1
   |
46 | import warnings
47 | from pathlib import Path
48 | from typing import Optional, Tuple
   | ^^^^^^^^^^^^^^^^^^^^^^^^^^^^^^^^^^
49 |
50 | import numpy as np
   |

UP006 Use `tuple` instead of `Tuple` for type annotation
  --> src/scripts/prepare_realfusion_la_benchmark.py:61:37
   |
61 | def _load_creditcard(path: Path) -> Tuple[np.ndarray, np.ndarray]:
   |                                     ^^^^^
62 |     """Return (X [N, 29], y [N]) from Kaggle creditcard.csv."""
63 |     df = pd.read_csv(path)
   |
help: Replace with `tuple`

UP006 Use `tuple` instead of `Tuple` for type annotation
  --> src/scripts/prepare_realfusion_la_benchmark.py:69:35
   |
69 | def _load_unswnb15(path: Path) -> Tuple[np.ndarray, np.ndarray]:
   |                                   ^^^^^
70 |     """Return (X, y) from UNSW-NB15 training or full CSV.
   |
help: Replace with `tuple`

UP006 Use `tuple` instead of `Tuple` for type annotation
  --> src/scripts/prepare_realfusion_la_benchmark.py:92:42
   |
92 | def _load_online_shoppers(path: Path) -> Tuple[np.ndarray, np.ndarray]:
   |                                          ^^^^^
93 |     """Return (X, y) from UCI Online Shoppers Intention dataset.
   |
help: Replace with `tuple`

UP045 Use `X | None` for type annotations
   --> src/scripts/prepare_realfusion_la_benchmark.py:107:27
    |
107 | def _load_news_text(path: Optional[Path]) -> Tuple[np.ndarray, np.ndarray]:
    |                           ^^^^^^^^^^^^^^
108 |     """Return TF-IDF features + binary labels from AG News or 20Newsgroups.
    |
help: Convert to `X | None`

UP006 Use `tuple` instead of `Tuple` for type annotation
   --> src/scripts/prepare_realfusion_la_benchmark.py:107:46
    |
107 | def _load_news_text(path: Optional[Path]) -> Tuple[np.ndarray, np.ndarray]:
    |                                              ^^^^^
108 |     """Return TF-IDF features + binary labels from AG News or 20Newsgroups.
    |
help: Replace with `tuple`

UP006 Use `tuple` instead of `Tuple` for type annotation
   --> src/scripts/prepare_realfusion_la_benchmark.py:159:6
    |
157 |     n_embedding_dims: int = 16,
158 |     random_seed: int = 42,
159 | ) -> Tuple[np.ndarray, np.ndarray, np.ndarray]:
    |      ^^^^^
160 |     """Return (scores, confidences, embeddings) for all samples.
    |
help: Replace with `tuple`

F841 Local variable `rng` is assigned to but never used
   --> src/scripts/prepare_realfusion_la_benchmark.py:166:5
    |
164 |     - embedding: PCA-reduced feature vector (n_embedding_dims dims)
165 |     """
166 |     rng = np.random.default_rng(random_seed)
    |     ^^^
167 |     scaler = StandardScaler()
168 |     X_s = scaler.fit_transform(X)
    |
help: Remove assignment to unused variable `rng`

UP045 Use `X | None` for type annotations
   --> src/scripts/prepare_realfusion_la_benchmark.py:291:22
    |
290 | def build_benchmark(
291 |     creditcard_path: Optional[Path] = None,
    |                      ^^^^^^^^^^^^^^
292 |     unswnb15_path: Optional[Path] = None,
293 |     shoppers_path: Optional[Path] = None,
    |
help: Convert to `X | None`

UP045 Use `X | None` for type annotations
   --> src/scripts/prepare_realfusion_la_benchmark.py:292:20
    |
290 | def build_benchmark(
291 |     creditcard_path: Optional[Path] = None,
292 |     unswnb15_path: Optional[Path] = None,
    |                    ^^^^^^^^^^^^^^
293 |     shoppers_path: Optional[Path] = None,
294 |     agnews_path: Optional[Path] = None,
    |
help: Convert to `X | None`

UP045 Use `X | None` for type annotations
   --> src/scripts/prepare_realfusion_la_benchmark.py:293:20
    |
291 |     creditcard_path: Optional[Path] = None,
292 |     unswnb15_path: Optional[Path] = None,
293 |     shoppers_path: Optional[Path] = None,
    |                    ^^^^^^^^^^^^^^
294 |     agnews_path: Optional[Path] = None,
295 |     output_path: Path = Path("data/real_fusion/realfusion_la.csv"),
    |
help: Convert to `X | None`

UP045 Use `X | None` for type annotations
   --> src/scripts/prepare_realfusion_la_benchmark.py:294:18
    |
292 |     unswnb15_path: Optional[Path] = None,
293 |     shoppers_path: Optional[Path] = None,
294 |     agnews_path: Optional[Path] = None,
    |                  ^^^^^^^^^^^^^^
295 |     output_path: Path = Path("data/real_fusion/realfusion_la.csv"),
296 |     n_composite: int = 8000,
    |
help: Convert to `X | None`

C416 Unnecessary dict comprehension (rewrite using `dict()`)
   --> src/scripts/prepare_unsw_paired_fusion_benchmark.py:297:27
    |
295 |             "embedding_normalization_split": "train",
296 |         },
297 |         "score_features": {domain: cols for domain, cols in DOMAIN_TO_FEATURES.items()},
    |                           ^^^^^^^^^^^^^^^^^^^^^^^^^^^^^^^^^^^^^^^^^^^^^^^^^^^^^^^^^^^^^
298 |     }
299 |     return frame, metadata
    |
help: Rewrite using `dict()`

F841 Local variable `categories` is assigned to but never used
   --> src/scripts/prepare_visa_fusion_benchmark.py:102:5
    |
100 |     labels = np.array([o.label for o in observations], dtype=int)
101 |     splits = np.array([o.split for o in observations], dtype=object)
102 |     categories = np.array([o.category for o in observations], dtype=object)
    |     ^^^^^^^^^^
103 |     train_mask = splits == "train"
104 |     normal_reference_mask = train_mask & (labels == 0)
    |
help: Remove assignment to unused variable `categories`

B007 Loop control variable `key` not used within loop body
   --> src/scripts/prepare_visa_fusion_benchmark.py:143:13
    |
141 |             key = (observations[idx].category, observations[idx].label)
142 |             bucketed.setdefault(key, []).append(idx)
143 |         for key, indices in bucketed.items():
    |             ^^^
144 |             indices = list(indices)
145 |             rng_sp.shuffle(indices)
    |
help: Rename unused `key` to `_key`

UP035 `typing.Dict` is deprecated, use `dict` instead
  --> src/scripts/run_breakthrough_experiment.py:29:1
   |
27 | from itertools import combinations
28 | from pathlib import Path
29 | from typing import Dict, List, Optional, Tuple
   | ^^^^^^^^^^^^^^^^^^^^^^^^^^^^^^^^^^^^^^^^^^^^^^
30 |
31 | import numpy as np
   |

UP035 `typing.List` is deprecated, use `list` instead
  --> src/scripts/run_breakthrough_experiment.py:29:1
   |
27 | from itertools import combinations
28 | from pathlib import Path
29 | from typing import Dict, List, Optional, Tuple
   | ^^^^^^^^^^^^^^^^^^^^^^^^^^^^^^^^^^^^^^^^^^^^^^
30 |
31 | import numpy as np
   |

UP035 `typing.Tuple` is deprecated, use `tuple` instead
  --> src/scripts/run_breakthrough_experiment.py:29:1
   |
27 | from itertools import combinations
28 | from pathlib import Path
29 | from typing import Dict, List, Optional, Tuple
   | ^^^^^^^^^^^^^^^^^^^^^^^^^^^^^^^^^^^^^^^^^^^^^^
30 |
31 | import numpy as np
   |

UP006 Use `dict` instead of `Dict` for type annotation
   --> src/scripts/run_breakthrough_experiment.py:98:21
    |
 98 | def _load_data(cfg: Dict):
    |                     ^^^^
 99 |     data_cfg = cfg.get("data", {})
100 |     train_cfg = cfg.get("training", {})
    |
help: Replace with `dict`

UP006 Use `dict` instead of `Dict` for type annotation
   --> src/scripts/run_breakthrough_experiment.py:198:41
    |
198 | def _configured_split_values(train_cfg: Dict, key: str, default: list[str]) -> set[str]:
    |                                         ^^^^
199 |     values = train_cfg.get(key, default)
200 |     if isinstance(values, str):
    |
help: Replace with `dict`

UP006 Use `dict` instead of `Dict` for type annotation
   --> src/scripts/run_breakthrough_experiment.py:205:43
    |
205 | def _split(labels: np.ndarray, train_cfg: Dict, split_values: np.ndarray | None = None):
    |                                           ^^^^
206 |     if split_values is not None:
207 |         split_values = np.asarray(split_values)
    |
help: Replace with `dict`

UP006 Use `dict` instead of `Dict` for type annotation
   --> src/scripts/run_breakthrough_experiment.py:266:10
    |
265 | def _build_model(
266 |     cfg: Dict, num_domains: int, input_dim: int, confidence_index: int | None, device: torch.device
    |          ^^^^
267 | ) -> AttentionFusionModel:
268 |     m = cfg.get("model", {})
    |
help: Replace with `dict`

UP006 Use `dict` instead of `Dict` for type annotation
   --> src/scripts/run_breakthrough_experiment.py:287:33
    |
287 | def _component_weights(rel_cfg: Dict, disabled: Tuple[str, ...] = ()) -> Dict[str, float]:
    |                                 ^^^^
288 |     """Return normalized reliability-component weights with selected terms removed."""
289 |     name_to_key = {
    |
help: Replace with `dict`

UP006 Use `tuple` instead of `Tuple` for type annotation
   --> src/scripts/run_breakthrough_experiment.py:287:49
    |
287 | def _component_weights(rel_cfg: Dict, disabled: Tuple[str, ...] = ()) -> Dict[str, float]:
    |                                                 ^^^^^
288 |     """Return normalized reliability-component weights with selected terms removed."""
289 |     name_to_key = {
    |
help: Replace with `tuple`

UP006 Use `dict` instead of `Dict` for type annotation
   --> src/scripts/run_breakthrough_experiment.py:287:74
    |
287 | def _component_weights(rel_cfg: Dict, disabled: Tuple[str, ...] = ()) -> Dict[str, float]:
    |                                                                          ^^^^
288 |     """Return normalized reliability-component weights with selected terms removed."""
289 |     name_to_key = {
    |
help: Replace with `dict`

UP006 Use `dict` instead of `Dict` for type annotation
   --> src/scripts/run_breakthrough_experiment.py:314:14
    |
313 | def _make_reliability_estimator(
314 |     rel_cfg: Dict,
    |              ^^^^
315 |     domain_order: List[str],
316 |     score_index: int,
    |
help: Replace with `dict`

UP006 Use `list` instead of `List` for type annotation
   --> src/scripts/run_breakthrough_experiment.py:315:19
    |
313 | def _make_reliability_estimator(
314 |     rel_cfg: Dict,
315 |     domain_order: List[str],
    |                   ^^^^
316 |     score_index: int,
317 |     disabled_components: Tuple[str, ...] = (),
    |
help: Replace with `list`

UP006 Use `tuple` instead of `Tuple` for type annotation
   --> src/scripts/run_breakthrough_experiment.py:317:26
    |
315 |     domain_order: List[str],
316 |     score_index: int,
317 |     disabled_components: Tuple[str, ...] = (),
    |                          ^^^^^
318 | ) -> ReliabilityEstimator:
319 |     weights = _component_weights(rel_cfg, disabled=disabled_components)
    |
help: Replace with `tuple`

UP006 Use `dict` instead of `Dict` for type annotation
   --> src/scripts/run_breakthrough_experiment.py:344:78
    |
344 | def _train_model(model: AttentionFusionModel, train_loader, val_loader, cfg: Dict, device: torch.device) -> None:
    |                                                                              ^^^^
345 |     t_cfg = cfg.get("training", {})
346 |     optimizer = torch.optim.AdamW(
    |
help: Replace with `dict`

B007 Loop control variable `epoch` not used within loop body
   --> src/scripts/run_breakthrough_experiment.py:356:9
    |
354 |     no_improve = 0
355 |
356 |     for epoch in range(int(t_cfg.get("epochs", 20))):
    |         ^^^^^
357 |         model.train()
358 |         for batch in train_loader:
    |
help: Rename unused `epoch` to `_epoch`

UP006 Use `dict` instead of `Dict` for type annotation
   --> src/scripts/run_breakthrough_experiment.py:632:6
    |
630 |     gate_mode: str = "mean",
631 |     min_gate_threshold: float | None = None,
632 | ) -> Dict[str, float | bool | int | str]:
    |      ^^^^
633 |     """Summarize whether the reliability gate adapts for one inference batch."""
634 |     if gate_mode not in {"mean", "minimum", "hybrid"}:
    |
help: Replace with `dict`

UP045 Use `X | None` for type annotations
   --> src/scripts/run_breakthrough_experiment.py:669:19
    |
667 |     clean_gate_threshold: float = 0.66,
668 |     per_sample_gating: bool = False,
669 |     learned_gate: Optional[LearnedReliabilityGate] = None,
    |                   ^^^^^^^^^^^^^^^^^^^^^^^^^^^^^^^^
670 | ) -> Tuple[np.ndarray, Dict[str, float | int]]:
671 |     """Predict with reliability-gated attention weights.
    |
help: Convert to `X | None`

UP006 Use `tuple` instead of `Tuple` for type annotation
   --> src/scripts/run_breakthrough_experiment.py:670:6
    |
668 |     per_sample_gating: bool = False,
669 |     learned_gate: Optional[LearnedReliabilityGate] = None,
670 | ) -> Tuple[np.ndarray, Dict[str, float | int]]:
    |      ^^^^^
671 |     """Predict with reliability-gated attention weights.
    |
help: Replace with `tuple`

UP006 Use `dict` instead of `Dict` for type annotation
   --> src/scripts/run_breakthrough_experiment.py:670:24
    |
668 |     per_sample_gating: bool = False,
669 |     learned_gate: Optional[LearnedReliabilityGate] = None,
670 | ) -> Tuple[np.ndarray, Dict[str, float | int]]:
    |                        ^^^^
671 |     """Predict with reliability-gated attention weights.
    |
help: Replace with `dict`

UP006 Use `list` instead of `List` for type annotation
   --> src/scripts/run_breakthrough_experiment.py:778:84
    |
778 | def _calibration_bins(y_true: np.ndarray, y_prob: np.ndarray, n_bins: int = 10) -> List[Dict]:
    |                                                                                    ^^^^
779 |     bins = np.linspace(0.0, 1.0, n_bins + 1)
780 |     bin_ids = np.digitize(y_prob, bins) - 1
    |
help: Replace with `list`

UP006 Use `dict` instead of `Dict` for type annotation
   --> src/scripts/run_breakthrough_experiment.py:778:89
    |
778 | def _calibration_bins(y_true: np.ndarray, y_prob: np.ndarray, n_bins: int = 10) -> List[Dict]:
    |                                                                                         ^^^^
779 |     bins = np.linspace(0.0, 1.0, n_bins + 1)
780 |     bin_ids = np.digitize(y_prob, bins) - 1
    |
help: Replace with `dict`

UP006 Use `tuple` instead of `Tuple` for type annotation
   --> src/scripts/run_breakthrough_experiment.py:802:103
    |
802 | def _make_synthetic(n_samples: int = 800, n_domains: int = 3, n_features: int = 5, seed: int = 42) -> Tuple:
    |                                                                                                       ^^^^^
803 |     rng = np.random.default_rng(seed)
804 |     labels = (rng.random(n_samples) < 0.15).astype(np.float32)
    |
help: Replace with `tuple`

UP006 Use `dict` instead of `Dict` for type annotation
   --> src/scripts/run_breakthrough_experiment.py:823:6
    |
821 |     seed: int,
822 |     threshold: float = 0.5,
823 | ) -> Dict[str, Dict[str, float | None]]:
    |      ^^^^
824 |     """Bootstrap CIs for core probability metrics on one evaluated split."""
    |
help: Replace with `dict`

UP006 Use `dict` instead of `Dict` for type annotation
   --> src/scripts/run_breakthrough_experiment.py:823:16
    |
821 |     seed: int,
822 |     threshold: float = 0.5,
823 | ) -> Dict[str, Dict[str, float | None]]:
    |                ^^^^
824 |     """Bootstrap CIs for core probability metrics on one evaluated split."""
    |
help: Replace with `dict`

UP006 Use `dict` instead of `Dict` for type annotation
   --> src/scripts/run_breakthrough_experiment.py:841:10
    |
839 |         return float(sk_metrics.f1_score(y, (p >= threshold).astype(int), zero_division=0))
840 |
841 |     out: Dict[str, Dict[str, float | None]] = {}
    |          ^^^^
842 |     for offset, (name, fn) in enumerate({"roc_auc": _safe_roc, "pr_auc": _safe_pr, "f1": _safe_f1}.items()):
843 |         low, high = bootstrap_ci(
    |
help: Replace with `dict`

UP006 Use `dict` instead of `Dict` for type annotation
   --> src/scripts/run_breakthrough_experiment.py:841:20
    |
839 |         return float(sk_metrics.f1_score(y, (p >= threshold).astype(int), zero_division=0))
840 |
841 |     out: Dict[str, Dict[str, float | None]] = {}
    |                    ^^^^
842 |     for offset, (name, fn) in enumerate({"roc_auc": _safe_roc, "pr_auc": _safe_pr, "f1": _safe_f1}.items()):
843 |         low, high = bootstrap_ci(
    |
help: Replace with `dict`

UP006 Use `dict` instead of `Dict` for type annotation
   --> src/scripts/run_breakthrough_experiment.py:865:6
    |
863 |     val_probs: np.ndarray,
864 |     strategy: str | None,
865 | ) -> Dict[str, float | str]:
    |      ^^^^
866 |     threshold = select_decision_threshold(val_labels, val_probs, strategy=strategy)
867 |     metrics = classification_metrics(test_labels, test_probs, threshold=threshold)
    |
help: Replace with `dict`

UP006 Use `list` instead of `List` for type annotation
   --> src/scripts/run_breakthrough_experiment.py:931:19
    |
929 |     test_mask: np.ndarray,
930 |     test_labels: np.ndarray,
931 |     domain_order: List[str],
    |                   ^^^^
932 |     score_index: int,
933 |     device: torch.device,
    |
help: Replace with `list`

UP006 Use `list` instead of `List` for type annotation
   --> src/scripts/run_breakthrough_experiment.py:934:19
    |
932 |     score_index: int,
933 |     device: torch.device,
934 |     noise_levels: List[float],
    |                   ^^^^
935 |     clean_gate_threshold: float,
936 |     seed: int,
    |
help: Replace with `list`

UP006 Use `list` instead of `List` for type annotation
    --> src/scripts/run_breakthrough_experiment.py:1001:19
     |
 999 |     test_mask: np.ndarray,
1000 |     test_labels: np.ndarray,
1001 |     domain_order: List[str],
     |                   ^^^^
1002 |     score_index: int,
1003 |     device: torch.device,
     |
help: Replace with `list`

UP006 Use `list` instead of `List` for type annotation
    --> src/scripts/run_breakthrough_experiment.py:1004:19
     |
1002 |     score_index: int,
1003 |     device: torch.device,
1004 |     attack_names: List[str],
     |                   ^^^^
1005 |     sigma: float,
1006 |     clean_gate_threshold: float,
     |
help: Replace with `list`

UP006 Use `list` instead of `List` for type annotation
    --> src/scripts/run_breakthrough_experiment.py:1065:20
     |
1063 |     test_labels: np.ndarray,
1064 |     device: torch.device,
1065 |     dropout_probs: List[float],
     |                    ^^^^
1066 |     clean_gate_threshold: float,
1067 |     seed: int,
     |
help: Replace with `list`

UP006 Use `list` instead of `List` for type annotation
    --> src/scripts/run_breakthrough_experiment.py:1110:19
     |
1108 |     test_feat: np.ndarray,
1109 |     test_mask: np.ndarray,
1110 |     domain_order: List[str],
     |                   ^^^^
1111 |     score_index: int,
1112 |     attack_names: List[str],
     |
help: Replace with `list`

UP006 Use `list` instead of `List` for type annotation
    --> src/scripts/run_breakthrough_experiment.py:1112:19
     |
1110 |     domain_order: List[str],
1111 |     score_index: int,
1112 |     attack_names: List[str],
     |                   ^^^^
1113 |     sigma: float,
1114 |     seed: int,
     |
help: Replace with `list`

UP006 Use `list` instead of `List` for type annotation
    --> src/scripts/run_breakthrough_experiment.py:1156:19
     |
1154 |     test_feat: np.ndarray,
1155 |     test_mask: np.ndarray,
1156 |     domain_order: List[str],
     |                   ^^^^
1157 |     score_index: int,
1158 |     attack_name: str,
     |
help: Replace with `list`

UP006 Use `list` instead of `List` for type annotation
    --> src/scripts/run_breakthrough_experiment.py:1159:15
     |
1157 |     score_index: int,
1158 |     attack_name: str,
1159 |     k_values: List[int],
     |               ^^^^
1160 |     sigma: float,
1161 |     seed: int,
     |
help: Replace with `list`

C401 Unnecessary generator (rewrite as a set comprehension)
    --> src/scripts/run_breakthrough_experiment.py:1171:21
     |
1169 |     engine = AdversarialPerturbationEngine(domain_order, score_index, random_seed=seed)
1170 |     conditions: list[dict] = []
1171 |     for k in sorted(set(int(value) for value in k_values)):
     |                     ^^^^^^^^^^^^^^^^^^^^^^^^^^^^^^^^^^^^^
1172 |         if k < 0 or k > len(domain_order):
1173 |             raise ValueError(f"k-domain corruption value {k} is outside [0, {len(domain_order)}].")
     |
help: Rewrite as a set comprehension

UP006 Use `list` instead of `List` for type annotation
    --> src/scripts/run_breakthrough_experiment.py:1219:19
     |
1217 |     test_mask: np.ndarray,
1218 |     test_labels: np.ndarray,
1219 |     domain_order: List[str],
     |                   ^^^^
1220 |     score_index: int,
1221 |     device: torch.device,
     |
help: Replace with `list`

UP006 Use `list` instead of `List` for type annotation
    --> src/scripts/run_breakthrough_experiment.py:1222:19
     |
1220 |     score_index: int,
1221 |     device: torch.device,
1222 |     attack_names: List[str],
     |                   ^^^^
1223 |     k_values: List[int],
1224 |     gate_modes: List[str],
     |
help: Replace with `list`

UP006 Use `list` instead of `List` for type annotation
    --> src/scripts/run_breakthrough_experiment.py:1223:15
     |
1221 |     device: torch.device,
1222 |     attack_names: List[str],
1223 |     k_values: List[int],
     |               ^^^^
1224 |     gate_modes: List[str],
1225 |     sigma: float,
     |
help: Replace with `list`

UP006 Use `list` instead of `List` for type annotation
    --> src/scripts/run_breakthrough_experiment.py:1224:17
     |
1222 |     attack_names: List[str],
1223 |     k_values: List[int],
1224 |     gate_modes: List[str],
     |                 ^^^^
1225 |     sigma: float,
1226 |     clean_gate_threshold: float,
     |
help: Replace with `list`

UP006 Use `list` instead of `List` for type annotation
    --> src/scripts/run_breakthrough_experiment.py:1310:19
     |
1308 |     test_mask: np.ndarray,
1309 |     test_labels: np.ndarray,
1310 |     domain_order: List[str],
     |                   ^^^^
1311 |     score_index: int,
1312 |     device: torch.device,
     |
help: Replace with `list`

UP006 Use `list` instead of `List` for type annotation
    --> src/scripts/run_breakthrough_experiment.py:1313:17
     |
1311 |     score_index: int,
1312 |     device: torch.device,
1313 |     thresholds: List[float],
     |                 ^^^^
1314 |     attack_names: List[str],
1315 |     sigma: float,
     |
help: Replace with `list`

UP006 Use `list` instead of `List` for type annotation
    --> src/scripts/run_breakthrough_experiment.py:1314:19
     |
1312 |     device: torch.device,
1313 |     thresholds: List[float],
1314 |     attack_names: List[str],
     |                   ^^^^
1315 |     sigma: float,
1316 |     seed: int,
     |
help: Replace with `list`

UP045 Use `X | None` for type annotations
    --> src/scripts/run_breakthrough_experiment.py:1320:19
     |
1318 |     static_decision_threshold: float = 0.5,
1319 |     craf_decision_threshold: float = 0.5,
1320 |     learned_gate: Optional[LearnedReliabilityGate] = None,
     |                   ^^^^^^^^^^^^^^^^^^^^^^^^^^^^^^^^
1321 | ) -> list[dict]:
1322 |     rows: list[dict] = []
     |
help: Convert to `X | None`

UP006 Use `list` instead of `List` for type annotation
    --> src/scripts/run_breakthrough_experiment.py:1404:38
     |
1404 | def _component_ablation_specs(names: List[str]) -> list[dict]:
     |                                      ^^^^
1405 |     if not names:
1406 |         return []
     |
help: Replace with `list`

UP006 Use `dict` instead of `Dict` for type annotation
    --> src/scripts/run_breakthrough_experiment.py:1426:14
     |
1424 | def _evaluate_component_ablation(
1425 |     model: AttentionFusionModel,
1426 |     rel_cfg: Dict,
     |              ^^^^
1427 |     val_feat: np.ndarray,
1428 |     val_mask: np.ndarray,
     |
help: Replace with `dict`

UP006 Use `list` instead of `List` for type annotation
    --> src/scripts/run_breakthrough_experiment.py:1433:19
     |
1431 |     test_mask: np.ndarray,
1432 |     test_labels: np.ndarray,
1433 |     domain_order: List[str],
     |                   ^^^^
1434 |     score_index: int,
1435 |     device: torch.device,
     |
help: Replace with `list`

UP006 Use `list` instead of `List` for type annotation
    --> src/scripts/run_breakthrough_experiment.py:1436:20
     |
1434 |     score_index: int,
1435 |     device: torch.device,
1436 |     variant_names: List[str],
     |                    ^^^^
1437 |     attack_names: List[str],
1438 |     sigma: float,
     |
help: Replace with `list`

UP006 Use `list` instead of `List` for type annotation
    --> src/scripts/run_breakthrough_experiment.py:1437:19
     |
1435 |     device: torch.device,
1436 |     variant_names: List[str],
1437 |     attack_names: List[str],
     |                   ^^^^
1438 |     sigma: float,
1439 |     clean_gate_threshold: float,
     |
help: Replace with `list`

UP006 Use `list` instead of `List` for type annotation
    --> src/scripts/run_breakthrough_experiment.py:1552:54
     |
1552 | def _cda_spearman_status(value: float, domain_order: List[str]) -> str:
     |                                                      ^^^^
1553 |     if _is_finite_number(value):
1554 |         return "computed"
     |
help: Replace with `list`

UP006 Use `list` instead of `List` for type annotation
    --> src/scripts/run_breakthrough_experiment.py:1567:19
     |
1565 |     sample_ids: list,
1566 |     test_idx: np.ndarray,
1567 |     domain_order: List[str],
     |                   ^^^^
1568 |     device: torch.device,
1569 |     n_cda: int,
     |
help: Replace with `list`

UP006 Use `list` instead of `List` for type annotation
    --> src/scripts/run_breakthrough_experiment.py:1610:19
     |
1608 |     masks: np.ndarray,
1609 |     reliability_weights: np.ndarray,
1610 |     domain_order: List[str],
     |                   ^^^^
1611 |     score_index: int,
1612 |     static_decision_threshold: float = 0.5,
     |
help: Replace with `list`

UP006 Use `list` instead of `List` for type annotation
    --> src/scripts/run_breakthrough_experiment.py:1646:19
     |
1644 |     sample_ids: list,
1645 |     test_idx: np.ndarray,
1646 |     domain_order: List[str],
     |                   ^^^^
1647 |     score_index: int,
1648 |     static_decision_threshold: float = 0.5,
     |
help: Replace with `list`

UP006 Use `list` instead of `List` for type annotation
    --> src/scripts/run_breakthrough_experiment.py:1760:19
     |
1758 |     test_mask: np.ndarray,
1759 |     device: torch.device,
1760 |     domain_order: List[str],
     |                   ^^^^
1761 |     seed: int,
1762 |     *,
     |
help: Replace with `list`

UP006 Use `list` instead of `List` for type annotation
    --> src/scripts/run_breakthrough_experiment.py:1839:67
     |
1839 | def _aggregate_causal_attribution(rows: list[dict], domain_order: List[str]) -> dict:
     |                                                                   ^^^^
1840 |     if not rows:
1841 |         return {}
     |
help: Replace with `list`

UP006 Use `list` instead of `List` for type annotation
    --> src/scripts/run_breakthrough_experiment.py:1889:52
     |
1889 | def _aggregate_cda(rows: list[dict], domain_order: List[str]) -> dict:
     |                                                    ^^^^
1890 |     if not rows:
1891 |         return {}
     |
help: Replace with `list`

UP006 Use `dict` instead of `Dict` for type annotation
    --> src/scripts/run_breakthrough_experiment.py:1916:10
     |
1915 | def _run_experiment_arrays(
1916 |     cfg: Dict,
     |          ^^^^
1917 |     features: np.ndarray,
1918 |     masks: np.ndarray,
     |
help: Replace with `dict`

UP006 Use `list` instead of `List` for type annotation
    --> src/scripts/run_breakthrough_experiment.py:1921:19
     |
1919 |     labels: np.ndarray,
1920 |     sample_ids: list,
1921 |     domain_order: List[str],
     |                   ^^^^
1922 |     confidence_index: int | None,
1923 |     score_index: int,
     |
help: Replace with `list`

UP045 Use `X | None` for type annotations
    --> src/scripts/run_breakthrough_experiment.py:1926:20
     |
1924 |     sample_splits: np.ndarray | None = None,
1925 |     sample_categories: np.ndarray | None = None,
1926 |     seed_override: Optional[int] = None,
     |                    ^^^^^^^^^^^^^
1927 |     device: torch.device | None = None,
1928 | ) -> Dict:
     |
help: Convert to `X | None`

UP006 Use `dict` instead of `Dict` for type annotation
    --> src/scripts/run_breakthrough_experiment.py:1928:6
     |
1926 |     seed_override: Optional[int] = None,
1927 |     device: torch.device | None = None,
1928 | ) -> Dict:
     |      ^^^^
1929 |     train_cfg = cfg.get("training", {})
1930 |     eval_cfg = cfg.get("evaluation", {})
     |
help: Replace with `dict`

UP045 Use `X | None` for type annotations
    --> src/scripts/run_breakthrough_experiment.py:2284:32
     |
2282 |             )
2283 |         )
2284 |         learned_gate_for_seed: Optional[LearnedReliabilityGate] = None
     |                                ^^^^^^^^^^^^^^^^^^^^^^^^^^^^^^^^
2285 |         if enable_learned_gate:
2286 |             try:
     |
help: Convert to `X | None`

B023 Function definition does not bind loop variable `model`
    --> src/scripts/run_breakthrough_experiment.py:2301:44
     |
2300 |                 def _gate_static(f, m):
2301 |                     return _predict_static(model, f, m, device)
     |                                            ^^^^^
2302 |
2303 |                 def _gate_weights(f, m):
     |

B023 Function definition does not bind loop variable `estimator`
    --> src/scripts/run_breakthrough_experiment.py:2304:28
     |
2303 |                 def _gate_weights(f, m):
2304 |                     return estimator.compute_reliability_weights(f, m)
     |                            ^^^^^^^^^
2305 |
2306 |                 def _gate_reliability(f, m, w):
     |

B023 Function definition does not bind loop variable `model`
    --> src/scripts/run_breakthrough_experiment.py:2312:25
     |
2310 |                     # satisfied, equivalent to "always fire".
2311 |                     probs, _ = _predict_craf_with_stats(
2312 |                         model,
     |                         ^^^^^
2313 |                         estimator,
2314 |                         f,
     |

B023 Function definition does not bind loop variable `estimator`
    --> src/scripts/run_breakthrough_experiment.py:2313:25
     |
2311 |                     probs, _ = _predict_craf_with_stats(
2312 |                         model,
2313 |                         estimator,
     |                         ^^^^^^^^^
2314 |                         f,
2315 |                         m,
     |

UP006 Use `dict` instead of `Dict` for type annotation
    --> src/scripts/run_breakthrough_experiment.py:2625:25
     |
2625 | def run_experiment(cfg: Dict, seed_override: Optional[int] = None) -> Dict:
     |                         ^^^^
2626 |     logger.info("Phase 0: Loading data")
2627 |     (
     |
help: Replace with `dict`

UP045 Use `X | None` for type annotations
    --> src/scripts/run_breakthrough_experiment.py:2625:46
     |
2625 | def run_experiment(cfg: Dict, seed_override: Optional[int] = None) -> Dict:
     |                                              ^^^^^^^^^^^^^
2626 |     logger.info("Phase 0: Loading data")
2627 |     (
     |
help: Convert to `X | None`

UP006 Use `dict` instead of `Dict` for type annotation
    --> src/scripts/run_breakthrough_experiment.py:2625:71
     |
2625 | def run_experiment(cfg: Dict, seed_override: Optional[int] = None) -> Dict:
     |                                                                       ^^^^
2626 |     logger.info("Phase 0: Loading data")
2627 |     (
     |
help: Replace with `dict`

UP006 Use `dict` instead of `Dict` for type annotation
    --> src/scripts/run_breakthrough_experiment.py:2654:110
     |
2654 | def _run_synthetic_experiment(cfg, features, masks, labels, sample_ids, domain_order, seed_override=None) -> Dict:
     |                                                                                                              ^^^^
2655 |     """Run experiment using pre-loaded synthetic arrays."""
2656 |     return _run_experiment_arrays(
     |
help: Replace with `dict`

UP035 `typing.Dict` is deprecated, use `dict` instead
  --> src/scripts/run_cv_benchmark.py:36:1
   |
34 | import sys
35 | from pathlib import Path
36 | from typing import Dict, List
   | ^^^^^^^^^^^^^^^^^^^^^^^^^^^^^
37 |
38 | import numpy as np
   |

UP035 `typing.List` is deprecated, use `list` instead
  --> src/scripts/run_cv_benchmark.py:36:1
   |
34 | import sys
35 | from pathlib import Path
36 | from typing import Dict, List
   | ^^^^^^^^^^^^^^^^^^^^^^^^^^^^^
37 |
38 | import numpy as np
   |

E402 Module level import not at top of file
  --> src/scripts/run_cv_benchmark.py:45:1
   |
43 |     sys.path.insert(0, str(_REPO_ROOT / "src"))
44 |
45 | import yaml
   | ^^^^^^^^^^^
46 |
47 | from uais.fusion.attention.baselines import (
   |

E402 Module level import not at top of file
  --> src/scripts/run_cv_benchmark.py:47:1
   |
45 |   import yaml
46 |
47 | / from uais.fusion.attention.baselines import (
48 | |     ConfidenceWeightedMean,
49 | |     EarlyFusionMLP,
50 | |     LateFusionEnsemble,
51 | |     RandomForestFusion,
52 | | )
   | |_^
53 |   from uais.fusion.attention.cv_evaluator import (
54 |       BaselineSpec,
   |

E402 Module level import not at top of file
  --> src/scripts/run_cv_benchmark.py:53:1
   |
51 |       RandomForestFusion,
52 |   )
53 | / from uais.fusion.attention.cv_evaluator import (
54 | |     BaselineSpec,
55 | |     CVConfig,
56 | |     cross_validate_baselines,
57 | | )
   | |_^
58 |   from uais.fusion.attention.unsupervised_baselines import (
59 |       AEConfig,
   |

E402 Module level import not at top of file
  --> src/scripts/run_cv_benchmark.py:58:1
   |
56 |       cross_validate_baselines,
57 |   )
58 | / from uais.fusion.attention.unsupervised_baselines import (
59 | |     AEConfig,
60 | |     AutoencoderAnomalyDetector,
61 | |     BGMMAnomalyDetector,
62 | |     BGMMConfig,
63 | |     GMMAnomalyDetector,
64 | |     GMMConfig,
65 | |     IForestConfig,
66 | |     IsolationForestDetector,
67 | |     KMeansAnomalyDetector,
68 | |     KMeansConfig,
69 | |     LOFAnomalyDetector,
70 | |     LOFConfig,
71 | |     OCSVMConfig,
72 | |     OneClassSVMDetector,
73 | | )
   | |_^
74 |
75 |   # ---------------------------------------------------------------------------
   |

UP006 Use `dict` instead of `Dict` for type annotation
  --> src/scripts/run_cv_benchmark.py:97:21
   |
97 | def _load_real(cfg: Dict):
   |                     ^^^^
98 |     """Load fusion CSV via the canonical pipeline."""
99 |     from uais.fusion.attention.attention_utils import (
   |
help: Replace with `dict`

UP006 Use `list` instead of `List` for type annotation
   --> src/scripts/run_cv_benchmark.py:131:31
    |
131 | def build_specs(seed: int) -> List[BaselineSpec]:
    |                               ^^^^
132 |     """Every spec uses the same random_state and identical DR upstream."""
133 |     import torch
    |
help: Replace with `list`

F841 Local variable `y` is assigned to but never used
   --> src/scripts/run_fusion_experiment.py:109:5
    |
107 |     )
108 |     X = df.drop(columns=[target_col])
109 |     y = df[target_col].astype(int)
    |     ^
110 |     preprocessor = StandardScaler()
111 |     ae_model, _, _ = train_autoencoder(df, target_col, preprocessor, cfg, "behavior")
    |
help: Remove assignment to unused variable `y`

E402 Module level import not at top of file
  --> src/scripts/run_phase2_b_mech_1_inference.py:15:1
   |
13 | sys.path.insert(0, str(ROOT / "src"))
14 |
15 | from elara.evaluation.ensemble_inference import audited_analysis, holm_bonferroni
   | ^^^^^^^^^^^^^^^^^^^^^^^^^^^^^^^^^^^^^^^^^^^^^^^^^^^^^^^^^^^^^^^^^^^^^^^^^^^^^^^^^
16 |
17 | ARCHIVE = ROOT / "experiments" / "phase2" / "mechanism" / "b_mech_1_prediction_archives"
   |

B007 Loop control variable `f_arr` not used within loop body
   --> src/scripts/run_phase2_family_d_v2_cell.py:411:20
    |
410 |     # Archive all four (method × condition) score vectors
411 |     for condition, f_arr, m_arr in (
    |                    ^^^^^
412 |         ("clean", test_feat, test_mask),
413 |         (cell_id, deg_feat, deg_mask),
    |
help: Rename unused `f_arr` to `_f_arr`

B007 Loop control variable `m_arr` not used within loop body
   --> src/scripts/run_phase2_family_d_v2_cell.py:411:27
    |
410 |     # Archive all four (method × condition) score vectors
411 |     for condition, f_arr, m_arr in (
    |                           ^^^^^
412 |         ("clean", test_feat, test_mask),
413 |         (cell_id, deg_feat, deg_mask),
    |
help: Rename unused `m_arr` to `_m_arr`

F841 Local variable `static_auc_clean` is assigned to but never used
   --> src/scripts/run_phase2_ks_power_sweep.py:231:5
    |
229 |     # Static AUC on clean data (for roc_auc_delta reference)
230 |     static_probs_clean = _predict_static(model, test_feat, test_mask, device)
231 |     static_auc_clean = _safe_auc(test_labels, static_probs_clean)
    |     ^^^^^^^^^^^^^^^^
232 |
233 |     # RGA AUC on clean data
    |
help: Remove assignment to unused variable `static_auc_clean`

F841 Local variable `rga_auc_clean` is assigned to but never used
   --> src/scripts/run_phase2_ks_power_sweep.py:243:5
    |
241 |         per_sample_gating=True,
242 |     )
243 |     rga_auc_clean = _safe_auc(test_labels, rga_probs_clean)
    |     ^^^^^^^^^^^^^
244 |
245 |     degradation_records = []
    |
help: Remove assignment to unused variable `rga_auc_clean`

B007 Loop control variable `i` not used within loop body
  --> src/scripts/run_phase2_mixture_shift.py:77:9
   |
75 |     rng = np.random.default_rng(seed)
76 |     proportions = []
77 |     for i in range(n_mixtures):
   |         ^
78 |         # Draw Dirichlet-like weights (uniform Dirichlet alpha=1)
79 |         raw = rng.dirichlet(np.ones(len(DOMAIN_NAMES)))
   |
help: Rename unused `i` to `_i`

F401 `uais.fusion.attention.reliability_estimator.CategoryAwareReliabilityEstimator` imported but unused; consider using `importlib.util.find_spec` to test for availability
   --> src/scripts/run_phase2_mixture_shift.py:104:65
    |
102 |     # Domain-aware gate fire: try CategoryAwareReliabilityEstimator if available
103 |     try:
104 |         from uais.fusion.attention.reliability_estimator import CategoryAwareReliabilityEstimator
    |                                                                 ^^^^^^^^^^^^^^^^^^^^^^^^^^^^^^^^^
105 |
106 |         # CategoryAwareReliabilityEstimator has per-category reference; use it
    |
help: Remove unused import: `uais.fusion.attention.reliability_estimator.CategoryAwareReliabilityEstimator`

F841 Local variable `test_labels_arr` is assigned to but never used
   --> src/scripts/run_phase2_mixture_shift.py:173:5
    |
171 |     test_feat = features[test_idx]
172 |     test_mask = masks[test_idx]  # [N, D], True = missing
173 |     test_labels_arr = labels[test_idx]
    |     ^^^^^^^^^^^^^^^
174 |
175 |     # Assign domain category per test sample: lowest missing-mask index (primary domain)
    |
help: Remove assignment to unused variable `test_labels_arr`

F841 Local variable `D` is assigned to but never used
   --> src/scripts/run_phase2_mixture_shift.py:178:5
    |
176 |     # Since masks are boolean (True=missing), the "present" domains are mask=False
177 |     # The category is the position of the first non-missing domain
178 |     D = test_mask.shape[1]
    |     ^
179 |     cat_arr = np.array(
180 |         [
    |
help: Remove assignment to unused variable `D`

F841 Local variable `chosen_val_probs` is assigned to but never used
   --> src/scripts/run_phase2_powered_audited_pilot.py:210:9
    |
208 |     else:
209 |         chosen_head = "router"
210 |         chosen_val_probs = router_val_probs
    |         ^^^^^^^^^^^^^^^^
211 |         chosen_test_probs = router_test_probs
    |
help: Remove assignment to unused variable `chosen_val_probs`

F841 Local variable `chosen_test_probs` is assigned to but never used
   --> src/scripts/run_phase2_powered_audited_pilot.py:211:9
    |
209 |         chosen_head = "router"
210 |         chosen_val_probs = router_val_probs
211 |         chosen_test_probs = router_test_probs
    |         ^^^^^^^^^^^^^^^^^
212 |
213 |     # Archive per-method per-split predictions.
    |
help: Remove assignment to unused variable `chosen_test_probs`

F841 Local variable `mean_r_clean` is assigned to but never used
   --> src/scripts/run_phase2_rga_v2_gate_sweep.py:389:9
    |
387 |         # Measure clean false-fire rate on test fold (k=0)
388 |         w_test_clean = estimator.compute_reliability_weights(test_feat, test_mask)
389 |         mean_r_clean = float(np.nanmean(w_test_clean))
    |         ^^^^^^^^^^^^
390 |         min_r_clean = float(np.nanmin(w_test_clean))
391 |         gate_fired_clean, _, _ = _compute_gate_decision(
    |
help: Remove assignment to unused variable `mean_r_clean`

F841 Local variable `min_r_clean` is assigned to but never used
   --> src/scripts/run_phase2_rga_v2_gate_sweep.py:390:9
    |
388 |         w_test_clean = estimator.compute_reliability_weights(test_feat, test_mask)
389 |         mean_r_clean = float(np.nanmean(w_test_clean))
390 |         min_r_clean = float(np.nanmin(w_test_clean))
    |         ^^^^^^^^^^^
391 |         gate_fired_clean, _, _ = _compute_gate_decision(
392 |             estimator,
    |
help: Remove assignment to unused variable `min_r_clean`

F841 Local variable `thesis_text` is assigned to but never used
  --> src/scripts/validate_phase1_1_pdf_claims.py:48:5
   |
47 |     paper_text = PAPER.read_text() if PAPER.exists() else ""
48 |     thesis_text = THESIS.read_text() if THESIS.exists() else ""
   |     ^^^^^^^^^^^
49 |     paper_pdf_text = _pdf_text(PAPER_PDF)
50 |     thesis_pdf_text = _pdf_text(THESIS_PDF)
   |
help: Remove assignment to unused variable `thesis_text`

UP035 `typing.Dict` is deprecated, use `dict` instead
 --> src/uais/anomaly/evaluate_anomaly.py:4:1
  |
3 | from collections.abc import Iterable
4 | from typing import Dict
  | ^^^^^^^^^^^^^^^^^^^^^^^
5 |
6 | import numpy as np
  |

UP006 Use `dict` instead of `Dict` for type annotation
  --> src/uais/anomaly/evaluate_anomaly.py:11:102
   |
11 | def evaluate_anomaly_scores(y_true: Iterable[int], scores: Iterable[float], contamination: float) -> Dict[str, float]:
   |                                                                                                      ^^^^
12 |     y_true = np.asarray(list(y_true))
13 |     scores = np.asarray(list(scores))
   |
help: Replace with `dict`

UP035 `typing.Dict` is deprecated, use `dict` instead
 --> src/uais/anomaly/train_autoencoder.py:3:1
  |
1 | """Simple feedforward autoencoder for anomaly scoring."""
2 |
3 | from typing import Dict, Tuple
  | ^^^^^^^^^^^^^^^^^^^^^^^^^^^^^^
4 |
5 | import joblib
  |

UP035 `typing.Tuple` is deprecated, use `tuple` instead
 --> src/uais/anomaly/train_autoencoder.py:3:1
  |
1 | """Simple feedforward autoencoder for anomaly scoring."""
2 |
3 | from typing import Dict, Tuple
  | ^^^^^^^^^^^^^^^^^^^^^^^^^^^^^^
4 |
5 | import joblib
  |

UP006 Use `dict` instead of `Dict` for type annotation
  --> src/uais/anomaly/train_autoencoder.py:15:62
   |
15 | def train_autoencoder(df, target: str, preprocessor, config: Dict, domain: str) -> Tuple[MLPRegressor, np.ndarray]:
   |                                                              ^^^^
16 |     X = df.drop(columns=[target])
17 |     y = df[target]
   |
help: Replace with `dict`

UP006 Use `tuple` instead of `Tuple` for type annotation
  --> src/uais/anomaly/train_autoencoder.py:15:84
   |
15 | def train_autoencoder(df, target: str, preprocessor, config: Dict, domain: str) -> Tuple[MLPRegressor, np.ndarray]:
   |                                                                                    ^^^^^
16 |     X = df.drop(columns=[target])
17 |     y = df[target]
   |
help: Replace with `tuple`

UP035 `typing.Tuple` is deprecated, use `tuple` instead
 --> src/uais/anomaly/train_isolation_forest.py:7:1
  |
5 | """
6 |
7 | from typing import Tuple
  | ^^^^^^^^^^^^^^^^^^^^^^^^
8 |
9 | import numpy as np
  |

UP006 Use `tuple` instead of `Tuple` for type annotation
  --> src/uais/anomaly/train_isolation_forest.py:19:6
   |
17 |     random_state: int = 42,
18 |     contamination: float = 0.01,
19 | ) -> Tuple[IsolationForest, StandardScaler]:
   |      ^^^^^
20 |     """
21 |     Train an Isolation Forest model on feature data.
   |
help: Replace with `tuple`

UP006 Use `tuple` instead of `Tuple` for type annotation
  --> src/uais/anomaly/train_isolation_forest.py:56:48
   |
56 | def _prep_numeric_features(X: pd.DataFrame) -> Tuple[pd.DataFrame, pd.Series]:
   |                                                ^^^^^
57 |     """Keep only numeric columns with at least one observed value and fill NaNs with medians."""
58 |     numeric = X.select_dtypes(include=[np.number]).copy()
   |
help: Replace with `tuple`

UP035 `typing.Dict` is deprecated, use `dict` instead
 --> src/uais/anomaly/train_lof.py:3:1
  |
1 | """Local Outlier Factor training."""
2 |
3 | from typing import Dict, Tuple
  | ^^^^^^^^^^^^^^^^^^^^^^^^^^^^^^
4 |
5 | import joblib
  |

UP035 `typing.Tuple` is deprecated, use `tuple` instead
 --> src/uais/anomaly/train_lof.py:3:1
  |
1 | """Local Outlier Factor training."""
2 |
3 | from typing import Dict, Tuple
  | ^^^^^^^^^^^^^^^^^^^^^^^^^^^^^^
4 |
5 | import joblib
  |

UP006 Use `dict` instead of `Dict` for type annotation
  --> src/uais/anomaly/train_lof.py:15:54
   |
15 | def train_lof(df, target: str, preprocessor, config: Dict, domain: str) -> Tuple[LocalOutlierFactor, np.ndarray]:
   |                                                      ^^^^
16 |     contamination = config.get("training", {}).get("anomaly_contamination", 0.05)
17 |     X = df.drop(columns=[target])
   |
help: Replace with `dict`

UP006 Use `tuple` instead of `Tuple` for type annotation
  --> src/uais/anomaly/train_lof.py:15:76
   |
15 | def train_lof(df, target: str, preprocessor, config: Dict, domain: str) -> Tuple[LocalOutlierFactor, np.ndarray]:
   |                                                                            ^^^^^
16 |     contamination = config.get("training", {}).get("anomaly_contamination", 0.05)
17 |     X = df.drop(columns=[target])
   |
help: Replace with `tuple`

UP035 `typing.Dict` is deprecated, use `dict` instead
 --> src/uais/anomaly/train_ocsvm.py:3:1
  |
1 | """One-Class SVM training for anomaly scoring."""
2 |
3 | from typing import Dict, Tuple
  | ^^^^^^^^^^^^^^^^^^^^^^^^^^^^^^
4 |
5 | import joblib
  |

UP035 `typing.Tuple` is deprecated, use `tuple` instead
 --> src/uais/anomaly/train_ocsvm.py:3:1
  |
1 | """One-Class SVM training for anomaly scoring."""
2 |
3 | from typing import Dict, Tuple
  | ^^^^^^^^^^^^^^^^^^^^^^^^^^^^^^
4 |
5 | import joblib
  |

UP006 Use `dict` instead of `Dict` for type annotation
  --> src/uais/anomaly/train_ocsvm.py:15:56
   |
15 | def train_ocsvm(df, target: str, preprocessor, config: Dict, domain: str) -> Tuple[OneClassSVM, np.ndarray]:
   |                                                        ^^^^
16 |     """
17 |     Fit a One-Class SVM on preprocessed features and return scores.
   |
help: Replace with `dict`

UP006 Use `tuple` instead of `Tuple` for type annotation
  --> src/uais/anomaly/train_ocsvm.py:15:78
   |
15 | def train_ocsvm(df, target: str, preprocessor, config: Dict, domain: str) -> Tuple[OneClassSVM, np.ndarray]:
   |                                                                              ^^^^^
16 |     """
17 |     Fit a One-Class SVM on preprocessed features and return scores.
   |
help: Replace with `tuple`

UP035 `typing.Dict` is deprecated, use `dict` instead
 --> src/uais/app/api_schema.py:3:1
  |
1 | """Pydantic schemas for the UAIS local inference API."""
2 |
3 | from typing import Any, Dict, List
  | ^^^^^^^^^^^^^^^^^^^^^^^^^^^^^^^^^^
4 |
5 | from pydantic import BaseModel, Field
  |

UP035 `typing.List` is deprecated, use `list` instead
 --> src/uais/app/api_schema.py:3:1
  |
1 | """Pydantic schemas for the UAIS local inference API."""
2 |
3 | from typing import Any, Dict, List
  | ^^^^^^^^^^^^^^^^^^^^^^^^^^^^^^^^^^
4 |
5 | from pydantic import BaseModel, Field
  |

UP006 Use `list` instead of `List` for type annotation
  --> src/uais/app/api_schema.py:10:14
   |
 8 | class PredictRequest(BaseModel):
 9 |     domain: str = Field(..., description="fraud | cyber | behavior")
10 |     samples: List[Dict[str, Any]]
   |              ^^^^
   |
help: Replace with `list`

UP006 Use `dict` instead of `Dict` for type annotation
  --> src/uais/app/api_schema.py:10:19
   |
 8 | class PredictRequest(BaseModel):
 9 |     domain: str = Field(..., description="fraud | cyber | behavior")
10 |     samples: List[Dict[str, Any]]
   |                   ^^^^
   |
help: Replace with `dict`

UP006 Use `list` instead of `List` for type annotation
  --> src/uais/app/api_schema.py:15:18
   |
13 | class PredictResponse(BaseModel):
14 |     domain: str
15 |     predictions: List[float]
   |                  ^^^^
   |
help: Replace with `list`

F841 Local variable `cfg` is assigned to but never used
  --> src/uais/app/predict_example.py:35:5
   |
33 | def demo():
34 |     domain = "fraud"
35 |     cfg = load_config(domain)
   |     ^^^
36 |     example_samples = [
37 |         {
   |
help: Remove assignment to unused variable `cfg`

UP035 `typing.Dict` is deprecated, use `dict` instead
 --> src/uais/config/config_loader.py:4:1
  |
3 | from pathlib import Path
4 | from typing import Any, Dict
  | ^^^^^^^^^^^^^^^^^^^^^^^^^^^^
5 |
6 | import yaml
  |

UP006 Use `dict` instead of `Dict` for type annotation
  --> src/uais/config/config_loader.py:11:31
   |
11 | def _load_yaml(path: Path) -> Dict[str, Any]:
   |                               ^^^^
12 |     if not path.exists():
13 |         return {}
   |
help: Replace with `dict`

UP006 Use `dict` instead of `Dict` for type annotation
  --> src/uais/config/config_loader.py:18:23
   |
18 | def _deep_merge(base: Dict[str, Any], override: Dict[str, Any]) -> Dict[str, Any]:
   |                       ^^^^
19 |     result = dict(base)
20 |     for key, value in override.items():
   |
help: Replace with `dict`

UP006 Use `dict` instead of `Dict` for type annotation
  --> src/uais/config/config_loader.py:18:49
   |
18 | def _deep_merge(base: Dict[str, Any], override: Dict[str, Any]) -> Dict[str, Any]:
   |                                                 ^^^^
19 |     result = dict(base)
20 |     for key, value in override.items():
   |
help: Replace with `dict`

UP006 Use `dict` instead of `Dict` for type annotation
  --> src/uais/config/config_loader.py:18:68
   |
18 | def _deep_merge(base: Dict[str, Any], override: Dict[str, Any]) -> Dict[str, Any]:
   |                                                                    ^^^^
19 |     result = dict(base)
20 |     for key, value in override.items():
   |
help: Replace with `dict`

UP006 Use `dict` instead of `Dict` for type annotation
  --> src/uais/config/config_loader.py:28:64
   |
28 | def load_config(domain: str, config_dir: Path = CONFIG_DIR) -> Dict[str, Any]:
   |                                                                ^^^^
29 |     domain = domain.lower()
30 |     base_cfg = _load_yaml(config_dir / "base_config.yaml")
   |
help: Replace with `dict`

UP035 `typing.List` is deprecated, use `list` instead
 --> src/uais/data/load_cyber_data.py:2:1
  |
1 | from pathlib import Path
2 | from typing import List, Optional, Union
  | ^^^^^^^^^^^^^^^^^^^^^^^^^^^^^^^^^^^^^^^^
3 |
4 | import numpy as np
  |

UP006 Use `list` instead of `List` for type annotation
  --> src/uais/data/load_cyber_data.py:54:40
   |
54 | def _find_cyber_csvs(raw_dir: Path) -> List[Path]:
   |                                        ^^^^
55 |     if not raw_dir.exists():
56 |         raise FileNotFoundError(f"Cyber raw directory not found: {raw_dir}")
   |
help: Replace with `list`

UP035 `typing.Tuple` is deprecated, use `tuple` instead
 --> src/uais/data/load_datasets.py:5:1
  |
3 | import pickle
4 | from pathlib import Path
5 | from typing import Tuple
  | ^^^^^^^^^^^^^^^^^^^^^^^^
6 |
7 | import numpy as np
  |

UP006 Use `tuple` instead of `Tuple` for type annotation
  --> src/uais/data/load_datasets.py:97:44
   |
97 | def _load_cifar_batch(batch_path: Path) -> Tuple[np.ndarray, np.ndarray]:
   |                                            ^^^^^
98 |     with open(batch_path, "rb") as f:
99 |         batch = pickle.load(f, encoding="latin1")
   |
help: Replace with `tuple`

UP006 Use `tuple` instead of `Tuple` for type annotation
   --> src/uais/data/load_datasets.py:107:43
    |
107 | def load_cifar10(split: str = "train") -> Tuple[np.ndarray, np.ndarray]:
    |                                           ^^^^^
108 |     root = DATA_RAW / "vision" / "cifar-10-python"
109 |     if not root.exists():
    |
help: Replace with `tuple`

UP035 `typing.List` is deprecated, use `list` instead
  --> src/uais/data/load_fraud_data.py:11:1
   |
10 | from pathlib import Path
11 | from typing import List, Optional, Union
   | ^^^^^^^^^^^^^^^^^^^^^^^^^^^^^^^^^^^^^^^^
12 |
13 | import numpy as np
   |

UP006 Use `list` instead of `List` for type annotation
  --> src/uais/data/load_fraud_data.py:49:42
   |
49 | def _find_all_fraud_files(root: Path) -> List[Path]:
   |                                          ^^^^
50 |     """Find all CSV/Parquet files under fraud raw directory."""
51 |     if not root.exists():
   |
help: Replace with `list`

UP035 `typing.Tuple` is deprecated, use `tuple` instead
 --> src/uais/data/split_data.py:3:1
  |
1 | """Train/validation/test splits."""
2 |
3 | from typing import Tuple
  | ^^^^^^^^^^^^^^^^^^^^^^^^
4 |
5 | import pandas as pd
  |

UP006 Use `tuple` instead of `Tuple` for type annotation
  --> src/uais/data/split_data.py:15:6
   |
13 |     val_size: float = 0.1,
14 |     random_state: int = 42,
15 | ) -> Tuple[pd.DataFrame, pd.DataFrame, pd.DataFrame, pd.Series, pd.Series, pd.Series]:
   |      ^^^^^
16 |     X = df.drop(columns=[target])
17 |     y = df[target]
   |
help: Replace with `tuple`

UP035 `typing.Dict` is deprecated, use `dict` instead
 --> src/uais/drift/drift_nlp.py:8:1
  |
6 | from __future__ import annotations
7 |
8 | from typing import Dict
  | ^^^^^^^^^^^^^^^^^^^^^^^
  |

UP006 Use `dict` instead of `Dict` for type annotation
  --> src/uais/drift/drift_nlp.py:11:47
   |
11 | def drift_report_nlp(ref_texts, cur_texts) -> Dict[str, float]:
   |                                               ^^^^
12 |     # TODO: implement real drift detection
13 |     return {"js_divergence": 0.0}
   |
help: Replace with `dict`

UP035 `typing.Dict` is deprecated, use `dict` instead
 --> src/uais/drift/drift_tabular.py:3:1
  |
1 | """Tabular drift detection utilities."""
2 |
3 | from typing import Dict, List
  | ^^^^^^^^^^^^^^^^^^^^^^^^^^^^^
4 |
5 | import pandas as pd
  |

UP035 `typing.List` is deprecated, use `list` instead
 --> src/uais/drift/drift_tabular.py:3:1
  |
1 | """Tabular drift detection utilities."""
2 |
3 | from typing import Dict, List
  | ^^^^^^^^^^^^^^^^^^^^^^^^^^^^^
4 |
5 | import pandas as pd
  |

UP006 Use `list` instead of `List` for type annotation
  --> src/uais/drift/drift_tabular.py:9:67
   |
 9 | def ks_drift(base: pd.DataFrame, new: pd.DataFrame, numeric_cols: List[str]) -> Dict[str, float]:
   |                                                                   ^^^^
10 |     results: Dict[str, float] = {}
11 |     for col in numeric_cols:
   |
help: Replace with `list`

UP006 Use `dict` instead of `Dict` for type annotation
  --> src/uais/drift/drift_tabular.py:9:81
   |
 9 | def ks_drift(base: pd.DataFrame, new: pd.DataFrame, numeric_cols: List[str]) -> Dict[str, float]:
   |                                                                                 ^^^^
10 |     results: Dict[str, float] = {}
11 |     for col in numeric_cols:
   |
help: Replace with `dict`

UP006 Use `dict` instead of `Dict` for type annotation
  --> src/uais/drift/drift_tabular.py:10:14
   |
 9 | def ks_drift(base: pd.DataFrame, new: pd.DataFrame, numeric_cols: List[str]) -> Dict[str, float]:
10 |     results: Dict[str, float] = {}
   |              ^^^^
11 |     for col in numeric_cols:
12 |         if col not in base.columns or col not in new.columns:
   |
help: Replace with `dict`

UP035 `typing.Dict` is deprecated, use `dict` instead
 --> src/uais/drift/drift_time_series.py:3:1
  |
1 | """Time-based drift and stability checks."""
2 |
3 | from typing import Dict
  | ^^^^^^^^^^^^^^^^^^^^^^^
4 |
5 | import pandas as pd
  |

UP006 Use `dict` instead of `Dict` for type annotation
  --> src/uais/drift/drift_time_series.py:8:87
   |
 8 | def rolling_mean_drift(series_a: pd.Series, series_b: pd.Series, window: int = 24) -> Dict[str, float]:
   |                                                                                       ^^^^
 9 |     a_roll = series_a.rolling(window=window, min_periods=1).mean()
10 |     b_roll = series_b.rolling(window=window, min_periods=1).mean()
   |
help: Replace with `dict`

UP035 `typing.Dict` is deprecated, use `dict` instead
 --> src/uais/drift/drift_vision.py:5:1
  |
3 | from __future__ import annotations
4 |
5 | from typing import Dict
  | ^^^^^^^^^^^^^^^^^^^^^^^
  |

UP006 Use `dict` instead of `Dict` for type annotation
  --> src/uais/drift/drift_vision.py:8:60
   |
 8 | def drift_report_vision(ref_embeddings, cur_embeddings) -> Dict[str, float]:
   |                                                            ^^^^
 9 |     # TODO: implement real drift detection (e.g., FID, embedding shift)
10 |     return {"embedding_shift": 0.0}
   |
help: Replace with `dict`

UP035 `typing.Dict` is deprecated, use `dict` instead
 --> src/uais/ensembles/stacking.py:3:1
  |
1 | """Simple stacked generalization utilities."""
2 |
3 | from typing import Dict, Tuple
  | ^^^^^^^^^^^^^^^^^^^^^^^^^^^^^^
4 |
5 | import numpy as np
  |

UP035 `typing.Tuple` is deprecated, use `tuple` instead
 --> src/uais/ensembles/stacking.py:3:1
  |
1 | """Simple stacked generalization utilities."""
2 |
3 | from typing import Dict, Tuple
  | ^^^^^^^^^^^^^^^^^^^^^^^^^^^^^^
4 |
5 | import numpy as np
  |

UP006 Use `dict` instead of `Dict` for type annotation
  --> src/uais/ensembles/stacking.py:12:18
   |
11 | def stack_predictions(
12 |     base_scores: Dict[str, np.ndarray], labels: np.ndarray
   |                  ^^^^
13 | ) -> Tuple[LogisticRegression, Dict[str, float]]:
14 |     keys = sorted(base_scores)
   |
help: Replace with `dict`

UP006 Use `tuple` instead of `Tuple` for type annotation
  --> src/uais/ensembles/stacking.py:13:6
   |
11 | def stack_predictions(
12 |     base_scores: Dict[str, np.ndarray], labels: np.ndarray
13 | ) -> Tuple[LogisticRegression, Dict[str, float]]:
   |      ^^^^^
14 |     keys = sorted(base_scores)
15 |     X = np.column_stack([base_scores[k] for k in keys])
   |
help: Replace with `tuple`

UP006 Use `dict` instead of `Dict` for type annotation
  --> src/uais/ensembles/stacking.py:13:32
   |
11 | def stack_predictions(
12 |     base_scores: Dict[str, np.ndarray], labels: np.ndarray
13 | ) -> Tuple[LogisticRegression, Dict[str, float]]:
   |                                ^^^^
14 |     keys = sorted(base_scores)
15 |     X = np.column_stack([base_scores[k] for k in keys])
   |
help: Replace with `dict`

UP035 `typing.Dict` is deprecated, use `dict` instead
 --> src/uais/explainability/domain_contribution.py:6:1
  |
5 | from collections.abc import Sequence
6 | from typing import Dict
  | ^^^^^^^^^^^^^^^^^^^^^^^
7 |
8 | import numpy as np
  |

UP006 Use `dict` instead of `Dict` for type annotation
  --> src/uais/explainability/domain_contribution.py:11:102
   |
11 | def summarize_domain_contributions(attention_weights, domain_labels: Sequence[str] | None = None) -> Dict[str, float]:
   |                                                                                                      ^^^^
12 |     weights = attention_weights
13 |     if hasattr(weights, "detach"):
   |
help: Replace with `dict`

UP035 `typing.Dict` is deprecated, use `dict` instead
 --> src/uais/explainability/lime_explainer.py:3:1
  |
1 | """LIME helper functions."""
2 |
3 | from typing import Dict, List
  | ^^^^^^^^^^^^^^^^^^^^^^^^^^^^^
4 |
5 | import numpy as np
  |

UP035 `typing.List` is deprecated, use `list` instead
 --> src/uais/explainability/lime_explainer.py:3:1
  |
1 | """LIME helper functions."""
2 |
3 | from typing import Dict, List
  | ^^^^^^^^^^^^^^^^^^^^^^^^^^^^^
4 |
5 | import numpy as np
  |

UP006 Use `list` instead of `List` for type annotation
  --> src/uais/explainability/lime_explainer.py:13:85
   |
13 | def explain_with_lime(model, X_train: pd.DataFrame, sample: pd.Series, class_names: List[str] | None = None) -> Dict:
   |                                                                                     ^^^^
14 |     try:
15 |         from lime.lime_tabular import LimeTabularExplainer
   |
help: Replace with `list`

UP006 Use `dict` instead of `Dict` for type annotation
  --> src/uais/explainability/lime_explainer.py:13:113
   |
13 | def explain_with_lime(model, X_train: pd.DataFrame, sample: pd.Series, class_names: List[str] | None = None) -> Dict:
   |                                                                                                                 ^^^^
14 |     try:
15 |         from lime.lime_tabular import LimeTabularExplainer
   |
help: Replace with `dict`

UP045 Use `X | None` for type annotations
  --> src/uais/explainability/runner.py:16:82
   |
16 | def shap_tabular(model, X: pd.DataFrame, out_dir: Path, class_index: int = 1) -> Optional[Path]:
   |                                                                                  ^^^^^^^^^^^^^^
17 |     try:
18 |         import matplotlib.pyplot as plt
   |
help: Convert to `X | None`

UP045 Use `X | None` for type annotations
  --> src/uais/explainability/runner.py:40:103
   |
40 | def lime_tabular(model, X_train: pd.DataFrame, sample: pd.Series, out_dir: Path, class_names=None) -> Optional[Path]:
   |                                                                                                       ^^^^^^^^^^^^^^
41 |     try:
42 |         from lime.lime_tabular import LimeTabularExplainer
   |
help: Convert to `X | None`

UP045 Use `X | None` for type annotations
  --> src/uais/explainability/runner.py:60:51
   |
60 | def lime_text(model, text: str, out_dir: Path) -> Optional[Path]:
   |                                                   ^^^^^^^^^^^^^^
61 |     try:
62 |         from lime.lime_text import LimeTextExplainer
   |
help: Convert to `X | None`

UP035 `typing.Dict` is deprecated, use `dict` instead
 --> src/uais/explainability/sequence_explainer.py:3:1
  |
1 | """Simple saliency for sequence models (heuristic)."""
2 |
3 | from typing import Dict
  | ^^^^^^^^^^^^^^^^^^^^^^^
4 |
5 | import numpy as np
  |

UP006 Use `dict` instead of `Dict` for type annotation
 --> src/uais/explainability/sequence_explainer.py:8:67
  |
8 | def sequence_saliency(sequences: np.ndarray, mask: np.ndarray) -> Dict[int, float]:
  |                                                                   ^^^^
9 |     """Compute a basic per-time-step saliency using feature magnitudes.
  |
help: Replace with `dict`

UP035 `typing.List` is deprecated, use `list` instead
 --> src/uais/features/scalers_encoders.py:3:1
  |
1 | """Reusable preprocessing pieces."""
2 |
3 | from typing import List
  | ^^^^^^^^^^^^^^^^^^^^^^^
4 |
5 | from sklearn.compose import ColumnTransformer
  |

UP006 Use `list` instead of `List` for type annotation
  --> src/uais/features/scalers_encoders.py:9:42
   |
 9 | def build_preprocessor(numeric_features: List[str], categorical_features: List[str]) -> ColumnTransformer:
   |                                          ^^^^
10 |     numeric_features = numeric_features or []
11 |     categorical_features = categorical_features or []
   |
help: Replace with `list`

UP006 Use `list` instead of `List` for type annotation
  --> src/uais/features/scalers_encoders.py:9:75
   |
 9 | def build_preprocessor(numeric_features: List[str], categorical_features: List[str]) -> ColumnTransformer:
   |                                                                           ^^^^
10 |     numeric_features = numeric_features or []
11 |     categorical_features = categorical_features or []
   |
help: Replace with `list`

UP035 `typing.Dict` is deprecated, use `dict` instead
  --> src/uais/fusion/attention/adversarial_robustness.py:16:1
   |
14 | from collections.abc import Sequence
15 | from enum import Enum
16 | from typing import Dict, List, Optional, Tuple
   | ^^^^^^^^^^^^^^^^^^^^^^^^^^^^^^^^^^^^^^^^^^^^^^
17 |
18 | import numpy as np
   |

UP035 `typing.List` is deprecated, use `list` instead
  --> src/uais/fusion/attention/adversarial_robustness.py:16:1
   |
14 | from collections.abc import Sequence
15 | from enum import Enum
16 | from typing import Dict, List, Optional, Tuple
   | ^^^^^^^^^^^^^^^^^^^^^^^^^^^^^^^^^^^^^^^^^^^^^^
17 |
18 | import numpy as np
   |

UP035 `typing.Tuple` is deprecated, use `tuple` instead
  --> src/uais/fusion/attention/adversarial_robustness.py:16:1
   |
14 | from collections.abc import Sequence
15 | from enum import Enum
16 | from typing import Dict, List, Optional, Tuple
   | ^^^^^^^^^^^^^^^^^^^^^^^^^^^^^^^^^^^^^^^^^^^^^^
17 |
18 | import numpy as np
   |

UP006 Use `list` instead of `List` for type annotation
  --> src/uais/fusion/attention/adversarial_robustness.py:47:23
   |
45 |     def __init__(
46 |         self,
47 |         domain_order: List[str],
   |                       ^^^^
48 |         score_index: int,
49 |         random_seed: int = 42,
   |
help: Replace with `list`

UP045 Use `X | None` for type annotations
  --> src/uais/fusion/attention/adversarial_robustness.py:55:46
   |
53 |         self.rng = np.random.default_rng(random_seed)
54 |
55 |     def _domain_indices(self, target_domain: Optional[str]) -> List[int]:
   |                                              ^^^^^^^^^^^^^
56 |         if target_domain is None:
57 |             return list(range(len(self.domain_order)))
   |
help: Convert to `X | None`

UP006 Use `list` instead of `List` for type annotation
  --> src/uais/fusion/attention/adversarial_robustness.py:55:64
   |
53 |         self.rng = np.random.default_rng(random_seed)
54 |
55 |     def _domain_indices(self, target_domain: Optional[str]) -> List[int]:
   |                                                                ^^^^
56 |         if target_domain is None:
57 |             return list(range(len(self.domain_order)))
   |
help: Replace with `list`

UP045 Use `X | None` for type annotations
  --> src/uais/fusion/attention/adversarial_robustness.py:67:24
   |
65 |         masks: np.ndarray,
66 |         attack_type: AdversarialAttackType,
67 |         target_domain: Optional[str] = None,
   |                        ^^^^^^^^^^^^^
68 |         sigma: float = 0.1,
69 |         eps: float = 0.1,
   |
help: Convert to `X | None`

UP045 Use `X | None` for type annotations
  --> src/uais/fusion/attention/adversarial_robustness.py:70:25
   |
68 |         sigma: float = 0.1,
69 |         eps: float = 0.1,
70 |         reference_mean: Optional[np.ndarray] = None,
   |                         ^^^^^^^^^^^^^^^^^^^^
71 |     ) -> Tuple[np.ndarray, np.ndarray]:
72 |         """Apply a structured attack to domain scores.
   |
help: Convert to `X | None`

UP006 Use `tuple` instead of `Tuple` for type annotation
  --> src/uais/fusion/attention/adversarial_robustness.py:71:10
   |
69 |         eps: float = 0.1,
70 |         reference_mean: Optional[np.ndarray] = None,
71 |     ) -> Tuple[np.ndarray, np.ndarray]:
   |          ^^^^^
72 |         """Apply a structured attack to domain scores.
   |
help: Replace with `tuple`

UP006 Use `list` instead of `List` for type annotation
   --> src/uais/fusion/attention/adversarial_robustness.py:122:23
    |
120 |         masks: np.ndarray,
121 |         target_domain: str,
122 |         noise_levels: List[float],
    |                       ^^^^
123 |         drift_type: str = "gaussian",
124 |         shift_amount: float = 0.1,
    |
help: Replace with `list`

UP006 Use `dict` instead of `Dict` for type annotation
   --> src/uais/fusion/attention/adversarial_robustness.py:126:10
    |
124 |         shift_amount: float = 0.1,
125 |         scale_factor: float = 1.2,
126 |     ) -> Dict[float, np.ndarray]:
    |          ^^^^
127 |         """Sweep domain scores across a range of drift intensities.
    |
help: Replace with `dict`

UP006 Use `dict` instead of `Dict` for type annotation
   --> src/uais/fusion/attention/adversarial_robustness.py:140:17
    |
138 |         """
139 |         d = self.domain_order.index(target_domain)
140 |         result: Dict[float, np.ndarray] = {}
    |                 ^^^^
141 |
142 |         for level in noise_levels:
    |
help: Replace with `dict`

UP006 Use `list` instead of `List` for type annotation
   --> src/uais/fusion/attention/adversarial_robustness.py:177:23
    |
175 |         features: np.ndarray,
176 |         masks: np.ndarray,
177 |         sigma_values: List[float],
    |                       ^^^^
178 |         target_domain: Optional[str] = None,
179 |     ) -> Dict[float, Tuple[np.ndarray, np.ndarray]]:
    |
help: Replace with `list`

UP045 Use `X | None` for type annotations
   --> src/uais/fusion/attention/adversarial_robustness.py:178:24
    |
176 |         masks: np.ndarray,
177 |         sigma_values: List[float],
178 |         target_domain: Optional[str] = None,
    |                        ^^^^^^^^^^^^^
179 |     ) -> Dict[float, Tuple[np.ndarray, np.ndarray]]:
180 |         """Convenience wrapper: apply GAUSSIAN_NOISE at multiple sigma levels."""
    |
help: Convert to `X | None`

UP006 Use `dict` instead of `Dict` for type annotation
   --> src/uais/fusion/attention/adversarial_robustness.py:179:10
    |
177 |         sigma_values: List[float],
178 |         target_domain: Optional[str] = None,
179 |     ) -> Dict[float, Tuple[np.ndarray, np.ndarray]]:
    |          ^^^^
180 |         """Convenience wrapper: apply GAUSSIAN_NOISE at multiple sigma levels."""
181 |         return {
    |
help: Replace with `dict`

UP006 Use `tuple` instead of `Tuple` for type annotation
   --> src/uais/fusion/attention/adversarial_robustness.py:179:22
    |
177 |         sigma_values: List[float],
178 |         target_domain: Optional[str] = None,
179 |     ) -> Dict[float, Tuple[np.ndarray, np.ndarray]]:
    |                      ^^^^^
180 |         """Convenience wrapper: apply GAUSSIAN_NOISE at multiple sigma levels."""
181 |         return {
    |
help: Replace with `tuple`

UP006 Use `tuple` instead of `Tuple` for type annotation
   --> src/uais/fusion/attention/adversarial_robustness.py:203:10
    |
201 |         n_steps: int = 10,
202 |         device=None,
203 |     ) -> Tuple[np.ndarray, np.ndarray]:
    |          ^^^^^
204 |         """Gradient-aligned PGD attack over a subset of domains.
    |
help: Replace with `tuple`

UP035 `typing.List` is deprecated, use `list` instead
  --> src/uais/fusion/attention/attention_utils.py:9:1
   |
 7 | from collections.abc import Sequence
 8 | from pathlib import Path
 9 | from typing import List, Tuple
   | ^^^^^^^^^^^^^^^^^^^^^^^^^^^^^^
10 |
11 | import numpy as np
   |

UP035 `typing.Tuple` is deprecated, use `tuple` instead
  --> src/uais/fusion/attention/attention_utils.py:9:1
   |
 7 | from collections.abc import Sequence
 8 | from pathlib import Path
 9 | from typing import List, Tuple
   | ^^^^^^^^^^^^^^^^^^^^^^^^^^^^^^
10 |
11 | import numpy as np
   |

UP006 Use `list` instead of `List` for type annotation
  --> src/uais/fusion/attention/attention_utils.py:34:6
   |
32 |     feature_columns: Sequence[str] | None = None,
33 |     include_confidence: bool = True,
34 | ) -> List[str]:
   |      ^^^^
35 |     if feature_columns:
36 |         return list(feature_columns)
   |
help: Replace with `list`

B028 No explicit `stacklevel` keyword argument found
  --> src/uais/fusion/attention/attention_utils.py:86:9
   |
84 |     score_oob = int(((score_vals < 0) | (score_vals > 1)).sum())
85 |     if score_oob:
86 |         warnings.warn(f"{score_oob} '{score_column}' values outside [0, 1].", RuntimeWarning)
   |         ^^^^^^^^^^^^^
87 |
88 |     confidence_oob = 0
   |
help: Set `stacklevel=2`

B028 No explicit `stacklevel` keyword argument found
  --> src/uais/fusion/attention/attention_utils.py:93:13
   |
91 |         confidence_oob = int(((conf_vals < 0) | (conf_vals > 1)).sum())
92 |         if confidence_oob:
93 |             warnings.warn(f"{confidence_oob} '{confidence_column}' values outside [0, 1].", RuntimeWarning)
   |             ^^^^^^^^^^^^^
94 |
95 |     stats = {
   |
help: Set `stacklevel=2`

UP006 Use `tuple` instead of `Tuple` for type annotation
   --> src/uais/fusion/attention/attention_utils.py:216:6
    |
214 |     label_column: str | None = "label",
215 |     timestamp_column: str | None = None,
216 | ) -> Tuple[pd.DataFrame, dict]:
    |      ^^^^^
217 |     required = {id_column, domain_column, *feature_columns}
218 |     if timestamp_column:
    |
help: Replace with `tuple`

UP006 Use `tuple` instead of `Tuple` for type annotation
   --> src/uais/fusion/attention/attention_utils.py:275:6
    |
273 |     feature_columns: Sequence[str] | None = None,
274 |     validate_schema: bool = True,
275 | ) -> Tuple[np.ndarray, np.ndarray, np.ndarray | None, List[str], List[str]]:
    |      ^^^^^
276 |     if id_column not in df.columns:
277 |         raise ValueError(f"Missing id column: {id_column}")
    |
help: Replace with `tuple`

UP006 Use `list` instead of `List` for type annotation
   --> src/uais/fusion/attention/attention_utils.py:275:55
    |
273 |     feature_columns: Sequence[str] | None = None,
274 |     validate_schema: bool = True,
275 | ) -> Tuple[np.ndarray, np.ndarray, np.ndarray | None, List[str], List[str]]:
    |                                                       ^^^^
276 |     if id_column not in df.columns:
277 |         raise ValueError(f"Missing id column: {id_column}")
    |
help: Replace with `list`

UP006 Use `list` instead of `List` for type annotation
   --> src/uais/fusion/attention/attention_utils.py:275:66
    |
273 |     feature_columns: Sequence[str] | None = None,
274 |     validate_schema: bool = True,
275 | ) -> Tuple[np.ndarray, np.ndarray, np.ndarray | None, List[str], List[str]]:
    |                                                                  ^^^^
276 |     if id_column not in df.columns:
277 |         raise ValueError(f"Missing id column: {id_column}")
    |
help: Replace with `list`

UP035 `typing.Dict` is deprecated, use `dict` instead
  --> src/uais/fusion/attention/baselines.py:24:1
   |
22 | from __future__ import annotations
23 |
24 | from typing import Dict, List, Optional
   | ^^^^^^^^^^^^^^^^^^^^^^^^^^^^^^^^^^^^^^^
25 |
26 | import numpy as np
   |

UP035 `typing.List` is deprecated, use `list` instead
  --> src/uais/fusion/attention/baselines.py:24:1
   |
22 | from __future__ import annotations
23 |
24 | from typing import Dict, List, Optional
   | ^^^^^^^^^^^^^^^^^^^^^^^^^^^^^^^^^^^^^^^
25 |
26 | import numpy as np
   |

UP006 Use `list` instead of `List` for type annotation
  --> src/uais/fusion/attention/baselines.py:61:53
   |
60 | class _MLPNet(nn.Module):
61 |     def __init__(self, input_dim: int, hidden_dims: List[int], dropout: float = 0.3) -> None:
   |                                                     ^^^^
62 |         super().__init__()
63 |         layers: List[nn.Module] = [nn.BatchNorm1d(input_dim)]
   |
help: Replace with `list`

UP006 Use `list` instead of `List` for type annotation
  --> src/uais/fusion/attention/baselines.py:63:17
   |
61 |     def __init__(self, input_dim: int, hidden_dims: List[int], dropout: float = 0.3) -> None:
62 |         super().__init__()
63 |         layers: List[nn.Module] = [nn.BatchNorm1d(input_dim)]
   |                 ^^^^
64 |         in_dim = input_dim
65 |         for h in hidden_dims:
   |
help: Replace with `list`

UP006 Use `list` instead of `List` for type annotation
  --> src/uais/fusion/attention/baselines.py:84:22
   |
82 |     def __init__(
83 |         self,
84 |         hidden_dims: List[int] = (128, 64),
   |                      ^^^^
85 |         dropout: float = 0.3,
86 |         lr: float = 1e-3,
   |
help: Replace with `list`

UP045 Use `X | None` for type annotations
  --> src/uais/fusion/attention/baselines.py:91:17
   |
89 |         patience: int = 8,
90 |         batch_size: int = 128,
91 |         device: Optional[torch.device] = None,
   |                 ^^^^^^^^^^^^^^^^^^^^^^
92 |         random_seed: int = 42,
93 |     ) -> None:
   |
help: Convert to `X | None`

UP045 Use `X | None` for type annotations
   --> src/uais/fusion/attention/baselines.py:103:22
    |
101 |         self.device = device or torch.device("cpu")
102 |         self.random_seed = random_seed
103 |         self._model: Optional[_MLPNet] = None
    |                      ^^^^^^^^^^^^^^^^^
104 |         self._scaler = StandardScaler()
    |
help: Convert to `X | None`

UP045 Use `X | None` for type annotations
   --> src/uais/fusion/attention/baselines.py:111:23
    |
109 |         masks: np.ndarray,
110 |         labels: np.ndarray,
111 |         val_features: Optional[np.ndarray] = None,
    |                       ^^^^^^^^^^^^^^^^^^^^
112 |         val_masks: Optional[np.ndarray] = None,
113 |         val_labels: Optional[np.ndarray] = None,
    |
help: Convert to `X | None`

UP045 Use `X | None` for type annotations
   --> src/uais/fusion/attention/baselines.py:112:20
    |
110 |         labels: np.ndarray,
111 |         val_features: Optional[np.ndarray] = None,
112 |         val_masks: Optional[np.ndarray] = None,
    |                    ^^^^^^^^^^^^^^^^^^^^
113 |         val_labels: Optional[np.ndarray] = None,
114 |     ) -> EarlyFusionMLP:
    |
help: Convert to `X | None`

UP045 Use `X | None` for type annotations
   --> src/uais/fusion/attention/baselines.py:113:21
    |
111 |         val_features: Optional[np.ndarray] = None,
112 |         val_masks: Optional[np.ndarray] = None,
113 |         val_labels: Optional[np.ndarray] = None,
    |                     ^^^^^^^^^^^^^^^^^^^^
114 |     ) -> EarlyFusionMLP:
115 |         torch.manual_seed(self.random_seed)
    |
help: Convert to `X | None`

UP006 Use `dict` instead of `Dict` for type annotation
   --> src/uais/fusion/attention/baselines.py:210:30
    |
208 |         self.meta_C = meta_C
209 |         self.random_seed = random_seed
210 |         self._domain_models: Dict[int, LogisticRegression] = {}
    |                              ^^^^
211 |         self._domain_scalers: Dict[int, StandardScaler] = {}
212 |         self._meta: Optional[LogisticRegression] = None
    |
help: Replace with `dict`

UP006 Use `dict` instead of `Dict` for type annotation
   --> src/uais/fusion/attention/baselines.py:211:31
    |
209 |         self.random_seed = random_seed
210 |         self._domain_models: Dict[int, LogisticRegression] = {}
211 |         self._domain_scalers: Dict[int, StandardScaler] = {}
    |                               ^^^^
212 |         self._meta: Optional[LogisticRegression] = None
213 |         self._n_domains: int = 0
    |
help: Replace with `dict`

UP045 Use `X | None` for type annotations
   --> src/uais/fusion/attention/baselines.py:212:21
    |
210 |         self._domain_models: Dict[int, LogisticRegression] = {}
211 |         self._domain_scalers: Dict[int, StandardScaler] = {}
212 |         self._meta: Optional[LogisticRegression] = None
    |                     ^^^^^^^^^^^^^^^^^^^^^^^^^^^^
213 |         self._n_domains: int = 0
    |
help: Convert to `X | None`

UP045 Use `X | None` for type annotations
   --> src/uais/fusion/attention/baselines.py:392:20
    |
390 |         self.l2_anchor = l2_anchor
391 |         self._scaler = StandardScaler()
392 |         self._clf: Optional[LogisticRegression] = None
    |                    ^^^^^^^^^^^^^^^^^^^^^^^^^^^^
393 |
394 |     def fit(self, features: np.ndarray, masks: np.ndarray, labels: np.ndarray):
    |
help: Convert to `X | None`

UP006 Use `dict` instead of `Dict` for type annotation
   --> src/uais/fusion/attention/baselines.py:665:6
    |
663 |     val_probs: np.ndarray,
664 |     strategy: str | None,
665 | ) -> Dict[str, float]:
    |      ^^^^
666 |     threshold = select_decision_threshold(val_labels, val_probs, strategy=strategy)
667 |     metrics = classification_metrics(test_labels, test_probs, threshold=threshold)
    |
help: Replace with `dict`

UP045 Use `X | None` for type annotations
   --> src/uais/fusion/attention/baselines.py:680:13
    |
678 |     test_idx: np.ndarray,
679 |     score_index: int = 0,
680 |     device: Optional[torch.device] = None,
    |             ^^^^^^^^^^^^^^^^^^^^^^
681 |     random_seed: int = 42,
682 |     baseline_epochs: Optional[int] = None,
    |
help: Convert to `X | None`

UP045 Use `X | None` for type annotations
   --> src/uais/fusion/attention/baselines.py:682:22
    |
680 |     device: Optional[torch.device] = None,
681 |     random_seed: int = 42,
682 |     baseline_epochs: Optional[int] = None,
    |                      ^^^^^^^^^^^^^
683 |     tta_steps: int = 25,
684 |     decision_threshold_strategy: str | None = "fixed_0p5",
    |
help: Convert to `X | None`

UP006 Use `dict` instead of `Dict` for type annotation
   --> src/uais/fusion/attention/baselines.py:686:6
    |
684 |     decision_threshold_strategy: str | None = "fixed_0p5",
685 |     return_predictions: bool = False,
686 | ) -> Dict[str, Dict] | tuple[Dict[str, Dict], Dict[str, Dict[str, np.ndarray]]]:
    |      ^^^^
687 |     """Fit all baselines and return classification metrics for each.
    |
help: Replace with `dict`

UP006 Use `dict` instead of `Dict` for type annotation
   --> src/uais/fusion/attention/baselines.py:686:16
    |
684 |     decision_threshold_strategy: str | None = "fixed_0p5",
685 |     return_predictions: bool = False,
686 | ) -> Dict[str, Dict] | tuple[Dict[str, Dict], Dict[str, Dict[str, np.ndarray]]]:
    |                ^^^^
687 |     """Fit all baselines and return classification metrics for each.
    |
help: Replace with `dict`

UP006 Use `dict` instead of `Dict` for type annotation
   --> src/uais/fusion/attention/baselines.py:686:30
    |
684 |     decision_threshold_strategy: str | None = "fixed_0p5",
685 |     return_predictions: bool = False,
686 | ) -> Dict[str, Dict] | tuple[Dict[str, Dict], Dict[str, Dict[str, np.ndarray]]]:
    |                              ^^^^
687 |     """Fit all baselines and return classification metrics for each.
    |
help: Replace with `dict`

UP006 Use `dict` instead of `Dict` for type annotation
   --> src/uais/fusion/attention/baselines.py:686:40
    |
684 |     decision_threshold_strategy: str | None = "fixed_0p5",
685 |     return_predictions: bool = False,
686 | ) -> Dict[str, Dict] | tuple[Dict[str, Dict], Dict[str, Dict[str, np.ndarray]]]:
    |                                        ^^^^
687 |     """Fit all baselines and return classification metrics for each.
    |
help: Replace with `dict`

UP006 Use `dict` instead of `Dict` for type annotation
   --> src/uais/fusion/attention/baselines.py:686:47
    |
684 |     decision_threshold_strategy: str | None = "fixed_0p5",
685 |     return_predictions: bool = False,
686 | ) -> Dict[str, Dict] | tuple[Dict[str, Dict], Dict[str, Dict[str, np.ndarray]]]:
    |                                               ^^^^
687 |     """Fit all baselines and return classification metrics for each.
    |
help: Replace with `dict`

UP006 Use `dict` instead of `Dict` for type annotation
   --> src/uais/fusion/attention/baselines.py:686:57
    |
684 |     decision_threshold_strategy: str | None = "fixed_0p5",
685 |     return_predictions: bool = False,
686 | ) -> Dict[str, Dict] | tuple[Dict[str, Dict], Dict[str, Dict[str, np.ndarray]]]:
    |                                                         ^^^^
687 |     """Fit all baselines and return classification metrics for each.
    |
help: Replace with `dict`

UP006 Use `dict` instead of `Dict` for type annotation
   --> src/uais/fusion/attention/baselines.py:698:14
    |
696 |     test_feat, test_mask, test_labels = features[test_idx], masks[test_idx], labels[test_idx]
697 |
698 |     results: Dict[str, Dict] = {}
    |              ^^^^
699 |     predictions: Dict[str, Dict[str, np.ndarray]] = {}
    |
help: Replace with `dict`

UP006 Use `dict` instead of `Dict` for type annotation
   --> src/uais/fusion/attention/baselines.py:698:24
    |
696 |     test_feat, test_mask, test_labels = features[test_idx], masks[test_idx], labels[test_idx]
697 |
698 |     results: Dict[str, Dict] = {}
    |                        ^^^^
699 |     predictions: Dict[str, Dict[str, np.ndarray]] = {}
    |
help: Replace with `dict`

UP006 Use `dict` instead of `Dict` for type annotation
   --> src/uais/fusion/attention/baselines.py:699:18
    |
698 |     results: Dict[str, Dict] = {}
699 |     predictions: Dict[str, Dict[str, np.ndarray]] = {}
    |                  ^^^^
700 |
701 |     mlp_kwargs = {"device": device, "random_seed": random_seed}
    |
help: Replace with `dict`

UP006 Use `dict` instead of `Dict` for type annotation
   --> src/uais/fusion/attention/baselines.py:699:28
    |
698 |     results: Dict[str, Dict] = {}
699 |     predictions: Dict[str, Dict[str, np.ndarray]] = {}
    |                            ^^^^
700 |
701 |     mlp_kwargs = {"device": device, "random_seed": random_seed}
    |
help: Replace with `dict`

UP035 `typing.List` is deprecated, use `list` instead
  --> src/uais/fusion/attention/causal_attribution.py:45:1
   |
43 | import math
44 | from dataclasses import dataclass
45 | from typing import List
   | ^^^^^^^^^^^^^^^^^^^^^^^
46 |
47 | import numpy as np
   |

UP006 Use `list` instead of `List` for type annotation
   --> src/uais/fusion/attention/causal_attribution.py:234:19
    |
232 |     reliability_weights: np.ndarray,
233 |     predictions: np.ndarray,
234 |     domain_order: List[str],
    |                   ^^^^
235 |     *,
236 |     score_index: int = 0,
    |
help: Replace with `list`

UP006 Use `list` instead of `List` for type annotation
   --> src/uais/fusion/attention/causal_attribution.py:418:19
    |
416 |     predict_fn,
417 |     reliability_weights: np.ndarray,
418 |     domain_order: List[str],
    |                   ^^^^
419 |     *,
420 |     n_bootstrap: int = 200,
    |
help: Replace with `list`

UP035 `typing.Dict` is deprecated, use `dict` instead
  --> src/uais/fusion/attention/counterfactual_explainer.py:22:1
   |
20 | import math
21 | from dataclasses import dataclass
22 | from typing import Any, Dict, List, Optional
   | ^^^^^^^^^^^^^^^^^^^^^^^^^^^^^^^^^^^^^^^^^^^^
23 |
24 | import numpy as np
   |

UP035 `typing.List` is deprecated, use `list` instead
  --> src/uais/fusion/attention/counterfactual_explainer.py:22:1
   |
20 | import math
21 | from dataclasses import dataclass
22 | from typing import Any, Dict, List, Optional
   | ^^^^^^^^^^^^^^^^^^^^^^^^^^^^^^^^^^^^^^^^^^^^
23 |
24 | import numpy as np
   |

UP006 Use `dict` instead of `Dict` for type annotation
  --> src/uais/fusion/attention/counterfactual_explainer.py:35:17
   |
33 |     sample_id: Any
34 |     p_baseline: float
35 |     cf_impacts: Dict[str, float]  # domain -> delta (positive = domain raised risk)
   |                 ^^^^
36 |     cf_impacts_pct: Dict[str, float]  # domain -> (delta / p_baseline) * 100
37 |     narrative: str  # multi-line human-readable explanation
   |
help: Replace with `dict`

UP006 Use `dict` instead of `Dict` for type annotation
  --> src/uais/fusion/attention/counterfactual_explainer.py:36:21
   |
34 |     p_baseline: float
35 |     cf_impacts: Dict[str, float]  # domain -> delta (positive = domain raised risk)
36 |     cf_impacts_pct: Dict[str, float]  # domain -> (delta / p_baseline) * 100
   |                     ^^^^
37 |     narrative: str  # multi-line human-readable explanation
   |
help: Replace with `dict`

UP006 Use `dict` instead of `Dict` for type annotation
  --> src/uais/fusion/attention/counterfactual_explainer.py:39:26
   |
37 |     narrative: str  # multi-line human-readable explanation
38 |
39 |     def to_dict(self) -> Dict[str, Any]:
   |                          ^^^^
40 |         return {
41 |             "sample_id": self.sample_id,
   |
help: Replace with `dict`

UP006 Use `list` instead of `List` for type annotation
  --> src/uais/fusion/attention/counterfactual_explainer.py:60:23
   |
58 |         self,
59 |         model: AttentionFusionModel,
60 |         domain_order: List[str],
   |                       ^^^^
61 |         device: Optional[torch.device] = None,
62 |         reliability_estimator: Optional[ReliabilityEstimator] = None,
   |
help: Replace with `list`

UP045 Use `X | None` for type annotations
  --> src/uais/fusion/attention/counterfactual_explainer.py:61:17
   |
59 |         model: AttentionFusionModel,
60 |         domain_order: List[str],
61 |         device: Optional[torch.device] = None,
   |                 ^^^^^^^^^^^^^^^^^^^^^^
62 |         reliability_estimator: Optional[ReliabilityEstimator] = None,
63 |         use_craf_weights: bool = False,
   |
help: Convert to `X | None`

UP045 Use `X | None` for type annotations
  --> src/uais/fusion/attention/counterfactual_explainer.py:62:32
   |
60 |         domain_order: List[str],
61 |         device: Optional[torch.device] = None,
62 |         reliability_estimator: Optional[ReliabilityEstimator] = None,
   |                                ^^^^^^^^^^^^^^^^^^^^^^^^^^^^^^
63 |         use_craf_weights: bool = False,
64 |     ) -> None:
   |
help: Convert to `X | None`

UP045 Use `X | None` for type annotations
  --> src/uais/fusion/attention/counterfactual_explainer.py:80:21
   |
78 |         features: np.ndarray,
79 |         masks: np.ndarray,
80 |         sample_ids: Optional[List] = None,
   |                     ^^^^^^^^^^^^^^
81 |     ) -> List[CounterfactualResult]:
82 |         """Explain all samples in features.
   |
help: Convert to `X | None`

UP006 Use `list` instead of `List` for type annotation
  --> src/uais/fusion/attention/counterfactual_explainer.py:80:30
   |
78 |         features: np.ndarray,
79 |         masks: np.ndarray,
80 |         sample_ids: Optional[List] = None,
   |                              ^^^^
81 |     ) -> List[CounterfactualResult]:
82 |         """Explain all samples in features.
   |
help: Replace with `list`

UP006 Use `list` instead of `List` for type annotation
  --> src/uais/fusion/attention/counterfactual_explainer.py:81:10
   |
79 |         masks: np.ndarray,
80 |         sample_ids: Optional[List] = None,
81 |     ) -> List[CounterfactualResult]:
   |          ^^^^
82 |         """Explain all samples in features.
   |
help: Replace with `list`

UP045 Use `X | None` for type annotations
   --> src/uais/fusion/attention/counterfactual_explainer.py:99:21
    |
 97 |         features: np.ndarray,
 98 |         masks: np.ndarray,
 99 |         sample_ids: Optional[List] = None,
    |                     ^^^^^^^^^^^^^^
100 |         batch_size: int = 64,
101 |     ) -> List[CounterfactualResult]:
    |
help: Convert to `X | None`

UP006 Use `list` instead of `List` for type annotation
   --> src/uais/fusion/attention/counterfactual_explainer.py:99:30
    |
 97 |         features: np.ndarray,
 98 |         masks: np.ndarray,
 99 |         sample_ids: Optional[List] = None,
    |                              ^^^^
100 |         batch_size: int = 64,
101 |     ) -> List[CounterfactualResult]:
    |
help: Replace with `list`

UP006 Use `list` instead of `List` for type annotation
   --> src/uais/fusion/attention/counterfactual_explainer.py:101:10
    |
 99 |         sample_ids: Optional[List] = None,
100 |         batch_size: int = 64,
101 |     ) -> List[CounterfactualResult]:
    |          ^^^^
102 |         """Memory-efficient batched explanation."""
103 |         results: List[CounterfactualResult] = []
    |
help: Replace with `list`

UP006 Use `list` instead of `List` for type annotation
   --> src/uais/fusion/attention/counterfactual_explainer.py:103:18
    |
101 |     ) -> List[CounterfactualResult]:
102 |         """Memory-efficient batched explanation."""
103 |         results: List[CounterfactualResult] = []
    |                  ^^^^
104 |         n = features.shape[0]
105 |         ids = sample_ids if sample_ids is not None else list(range(n))
    |
help: Replace with `list`

UP006 Use `list` instead of `List` for type annotation
   --> src/uais/fusion/attention/counterfactual_explainer.py:116:21
    |
114 |     def correlation_with_shap(
115 |         self,
116 |         cf_results: List[CounterfactualResult],
    |                     ^^^^
117 |         shap_domain_importance: Dict[str, float],
118 |     ) -> float:
    |
help: Replace with `list`

UP006 Use `dict` instead of `Dict` for type annotation
   --> src/uais/fusion/attention/counterfactual_explainer.py:117:33
    |
115 |         self,
116 |         cf_results: List[CounterfactualResult],
117 |         shap_domain_importance: Dict[str, float],
    |                                 ^^^^
118 |     ) -> float:
119 |         """Spearman correlation between mean |CF_impact| and SHAP domain importance.
    |
help: Replace with `dict`

UP006 Use `list` instead of `List` for type annotation
   --> src/uais/fusion/attention/counterfactual_explainer.py:126:18
    |
124 |         from scipy.stats import spearmanr
125 |
126 |         domains: List[str] = []
    |                  ^^^^
127 |         mean_cf_values: List[float] = []
128 |         shap_values: List[float] = []
    |
help: Replace with `list`

UP006 Use `list` instead of `List` for type annotation
   --> src/uais/fusion/attention/counterfactual_explainer.py:127:25
    |
126 |         domains: List[str] = []
127 |         mean_cf_values: List[float] = []
    |                         ^^^^
128 |         shap_values: List[float] = []
129 |         for domain in self.domain_order:
    |
help: Replace with `list`

UP006 Use `list` instead of `List` for type annotation
   --> src/uais/fusion/attention/counterfactual_explainer.py:128:22
    |
126 |         domains: List[str] = []
127 |         mean_cf_values: List[float] = []
128 |         shap_values: List[float] = []
    |                      ^^^^
129 |         for domain in self.domain_order:
130 |             if domain not in shap_domain_importance:
    |
help: Replace with `list`

UP045 Use `X | None` for type annotations
   --> src/uais/fusion/attention/counterfactual_explainer.py:167:17
    |
165 |     ) -> CounterfactualResult:
166 |         # Compute CRAF weights if requested (using single-sample batch)
167 |         craf_w: Optional[np.ndarray] = None
    |                 ^^^^^^^^^^^^^^^^^^^^
168 |         if self.use_craf_weights and self.reliability_estimator is not None:
169 |             craf_w = self.reliability_estimator.compute_reliability_weights(
    |
help: Convert to `X | None`

UP006 Use `dict` instead of `Dict` for type annotation
   --> src/uais/fusion/attention/counterfactual_explainer.py:177:21
    |
175 |         p_baseline = self._forward_single(features_1d, masks_1d, craf_w)
176 |
177 |         cf_impacts: Dict[str, float] = {}
    |                     ^^^^
178 |         p_masked_per_domain: Dict[str, float] = {}
    |
help: Replace with `dict`

UP006 Use `dict` instead of `Dict` for type annotation
   --> src/uais/fusion/attention/counterfactual_explainer.py:178:30
    |
177 |         cf_impacts: Dict[str, float] = {}
178 |         p_masked_per_domain: Dict[str, float] = {}
    |                              ^^^^
179 |
180 |         for di, domain in enumerate(self.domain_order):
    |
help: Replace with `dict`

UP045 Use `X | None` for type annotations
   --> src/uais/fusion/attention/counterfactual_explainer.py:197:24
    |
196 |             # Recompute CRAF weights with domain masked
197 |             cf_craf_w: Optional[np.ndarray] = None
    |                        ^^^^^^^^^^^^^^^^^^^^
198 |             if self.use_craf_weights and self.reliability_estimator is not None:
199 |                 cf_craf_w = self.reliability_estimator.compute_reliability_weights(
    |
help: Convert to `X | None`

UP045 Use `X | None` for type annotations
   --> src/uais/fusion/attention/counterfactual_explainer.py:225:30
    |
223 |         features_1d: np.ndarray,  # [D, F]
224 |         masks_1d: np.ndarray,  # [D] bool
225 |         reliability_weights: Optional[np.ndarray] = None,  # [D] float | None
    |                              ^^^^^^^^^^^^^^^^^^^^
226 |     ) -> float:
227 |         """Run one sample through the model, optionally injecting CRAF weights.
    |
help: Convert to `X | None`

UP006 Use `dict` instead of `Dict` for type annotation
   --> src/uais/fusion/attention/counterfactual_explainer.py:266:21
    |
264 |     def _build_narrative(
265 |         p_baseline: float,
266 |         cf_impacts: Dict[str, float],
    |                     ^^^^
267 |         p_masked: Dict[str, float],
268 |     ) -> str:
    |
help: Replace with `dict`

UP006 Use `dict` instead of `Dict` for type annotation
   --> src/uais/fusion/attention/counterfactual_explainer.py:267:19
    |
265 |         p_baseline: float,
266 |         cf_impacts: Dict[str, float],
267 |         p_masked: Dict[str, float],
    |                   ^^^^
268 |     ) -> str:
269 |         lines = []
    |
help: Replace with `dict`

UP035 `typing.Tuple` is deprecated, use `tuple` instead
 --> src/uais/fusion/attention/cross_modal_attention.py:6:1
  |
5 | import math
6 | from typing import Tuple
  | ^^^^^^^^^^^^^^^^^^^^^^^^
7 |
8 | import torch
  |

UP006 Use `tuple` instead of `Tuple` for type annotation
   --> src/uais/fusion/attention/cross_modal_attention.py:120:10
    |
118 |         position_ids: torch.Tensor | None = None,
119 |         confidence_weights: torch.Tensor | None = None,
120 |     ) -> Tuple[torch.Tensor, torch.Tensor | None]:
    |          ^^^^^
121 |         if domain_embeddings.shape[1] != self.num_domains:
122 |             raise ValueError("domain_embeddings must have shape [batch, num_domains, embed_dim]")
    |
help: Replace with `tuple`

UP035 `typing.Dict` is deprecated, use `dict` instead
  --> src/uais/fusion/attention/cv_evaluator.py:21:1
   |
19 | import logging
20 | from dataclasses import dataclass, field
21 | from typing import Any, Callable, Dict, List, Optional, Tuple
   | ^^^^^^^^^^^^^^^^^^^^^^^^^^^^^^^^^^^^^^^^^^^^^^^^^^^^^^^^^^^^^
22 |
23 | import numpy as np
   |

UP035 `typing.List` is deprecated, use `list` instead
  --> src/uais/fusion/attention/cv_evaluator.py:21:1
   |
19 | import logging
20 | from dataclasses import dataclass, field
21 | from typing import Any, Callable, Dict, List, Optional, Tuple
   | ^^^^^^^^^^^^^^^^^^^^^^^^^^^^^^^^^^^^^^^^^^^^^^^^^^^^^^^^^^^^^
22 |
23 | import numpy as np
   |

UP035 `typing.Tuple` is deprecated, use `tuple` instead
  --> src/uais/fusion/attention/cv_evaluator.py:21:1
   |
19 | import logging
20 | from dataclasses import dataclass, field
21 | from typing import Any, Callable, Dict, List, Optional, Tuple
   | ^^^^^^^^^^^^^^^^^^^^^^^^^^^^^^^^^^^^^^^^^^^^^^^^^^^^^^^^^^^^^
22 |
23 | import numpy as np
   |

UP006 Use `tuple` instead of `Tuple` for type annotation
   --> src/uais/fusion/attention/cv_evaluator.py:118:6
    |
116 |     test_idx: np.ndarray,
117 |     reducer: DimReducer,
118 | ) -> Tuple[np.ndarray, np.ndarray, Dict]:
    |      ^^^^^
119 |     """Fit a single model on the training fold (with DR fit on train only)
120 |     and return (test_labels, test_probs, hyperparameters)."""
    |
help: Replace with `tuple`

UP006 Use `dict` instead of `Dict` for type annotation
   --> src/uais/fusion/attention/cv_evaluator.py:118:36
    |
116 |     test_idx: np.ndarray,
117 |     reducer: DimReducer,
118 | ) -> Tuple[np.ndarray, np.ndarray, Dict]:
    |                                    ^^^^
119 |     """Fit a single model on the training fold (with DR fit on train only)
120 |     and return (test_labels, test_probs, hyperparameters)."""
    |
help: Replace with `dict`

UP006 Use `dict` instead of `Dict` for type annotation
   --> src/uais/fusion/attention/cv_evaluator.py:153:9
    |
151 |             probs = out
152 |
153 |     hp: Dict = {}
    |         ^^^^
154 |     if hasattr(model, "get_hyperparameters"):
155 |         try:
    |
help: Replace with `dict`

UP006 Use `dict` instead of `Dict` for type annotation
   --> src/uais/fusion/attention/cv_evaluator.py:180:21
    |
178 |     bootstrap_alpha: float = 0.05
179 |     reducer_name: str = "none"
180 |     reducer_kwargs: Dict = field(default_factory=dict)
    |                     ^^^^
181 |     leakage_warn_auc: float = 0.99
182 |     leakage_warn_f1: float = 0.99
    |
help: Replace with `dict`

UP006 Use `list` instead of `List` for type annotation
   --> src/uais/fusion/attention/cv_evaluator.py:189:12
    |
187 |     masks: np.ndarray,
188 |     labels: np.ndarray,
189 |     specs: List[BaselineSpec],
    |            ^^^^
190 |     config: Optional[CVConfig] = None,
191 | ) -> Dict[str, Any]:
    |
help: Replace with `list`

UP045 Use `X | None` for type annotations
   --> src/uais/fusion/attention/cv_evaluator.py:190:13
    |
188 |     labels: np.ndarray,
189 |     specs: List[BaselineSpec],
190 |     config: Optional[CVConfig] = None,
    |             ^^^^^^^^^^^^^^^^^^
191 | ) -> Dict[str, Any]:
192 |     """Run StratifiedKFold across all specs with a shared DR transform.
    |
help: Convert to `X | None`

UP006 Use `dict` instead of `Dict` for type annotation
   --> src/uais/fusion/attention/cv_evaluator.py:191:6
    |
189 |     specs: List[BaselineSpec],
190 |     config: Optional[CVConfig] = None,
191 | ) -> Dict[str, Any]:
    |      ^^^^
192 |     """Run StratifiedKFold across all specs with a shared DR transform.
    |
help: Replace with `dict`

UP006 Use `dict` instead of `Dict` for type annotation
   --> src/uais/fusion/attention/cv_evaluator.py:223:19
    |
222 |     # Per-baseline accumulators
223 |     per_baseline: Dict[str, Dict] = {
    |                   ^^^^
224 |         s.name: {
225 |             "per_fold": [],
    |
help: Replace with `dict`

UP006 Use `dict` instead of `Dict` for type annotation
   --> src/uais/fusion/attention/cv_evaluator.py:223:29
    |
222 |     # Per-baseline accumulators
223 |     per_baseline: Dict[str, Dict] = {
    |                             ^^^^
224 |         s.name: {
225 |             "per_fold": [],
    |
help: Replace with `dict`

UP006 Use `list` instead of `List` for type annotation
   --> src/uais/fusion/attention/cv_evaluator.py:233:28
    |
231 |         for s in specs
232 |     }
233 |     contamination_reports: List[Dict] = []
    |                            ^^^^
234 |     test_oversampling_status = "ok"
    |
help: Replace with `list`

UP006 Use `dict` instead of `Dict` for type annotation
   --> src/uais/fusion/attention/cv_evaluator.py:233:33
    |
231 |         for s in specs
232 |     }
233 |     contamination_reports: List[Dict] = []
    |                                 ^^^^
234 |     test_oversampling_status = "ok"
    |
help: Replace with `dict`

UP006 Use `dict` instead of `Dict` for type annotation
   --> src/uais/fusion/attention/cv_evaluator.py:292:25
    |
290 |     from sklearn.metrics import average_precision_score, f1_score, roc_auc_score
291 |
292 |     pooled_predictions: Dict[str, Tuple[np.ndarray, np.ndarray]] = {}
    |                         ^^^^
293 |     for name, data in per_baseline.items():
294 |         data["aggregate"] = aggregate_cv_metrics(data["per_fold"])
    |
help: Replace with `dict`

UP006 Use `tuple` instead of `Tuple` for type annotation
   --> src/uais/fusion/attention/cv_evaluator.py:292:35
    |
290 |     from sklearn.metrics import average_precision_score, f1_score, roc_auc_score
291 |
292 |     pooled_predictions: Dict[str, Tuple[np.ndarray, np.ndarray]] = {}
    |                                   ^^^^^
293 |     for name, data in per_baseline.items():
294 |         data["aggregate"] = aggregate_cv_metrics(data["per_fold"])
    |
help: Replace with `tuple`

UP006 Use `dict` instead of `Dict` for type annotation
   --> src/uais/fusion/attention/cv_evaluator.py:358:26
    |
357 | def pairwise_delong_from_predictions(
358 |     predictions_by_name: Dict[str, Tuple[np.ndarray, np.ndarray]],
    |                          ^^^^
359 | ) -> Dict[str, float]:
360 |     """Compute DeLong p-values for every pair of (y_true, y_prob) arrays.
    |
help: Replace with `dict`

UP006 Use `tuple` instead of `Tuple` for type annotation
   --> src/uais/fusion/attention/cv_evaluator.py:358:36
    |
357 | def pairwise_delong_from_predictions(
358 |     predictions_by_name: Dict[str, Tuple[np.ndarray, np.ndarray]],
    |                                    ^^^^^
359 | ) -> Dict[str, float]:
360 |     """Compute DeLong p-values for every pair of (y_true, y_prob) arrays.
    |
help: Replace with `tuple`

UP006 Use `dict` instead of `Dict` for type annotation
   --> src/uais/fusion/attention/cv_evaluator.py:359:6
    |
357 | def pairwise_delong_from_predictions(
358 |     predictions_by_name: Dict[str, Tuple[np.ndarray, np.ndarray]],
359 | ) -> Dict[str, float]:
    |      ^^^^
360 |     """Compute DeLong p-values for every pair of (y_true, y_prob) arrays.
    |
help: Replace with `dict`

UP006 Use `dict` instead of `Dict` for type annotation
   --> src/uais/fusion/attention/cv_evaluator.py:370:10
    |
368 |     if delong_roc_test is None:
369 |         return {}
370 |     out: Dict[str, float] = {}
    |          ^^^^
371 |     names = list(predictions_by_name.keys())
372 |     for i, a in enumerate(names):
    |
help: Replace with `dict`

UP035 `typing.List` is deprecated, use `list` instead
  --> src/uais/fusion/attention/dim_reduction.py:18:1
   |
17 | from dataclasses import dataclass, field
18 | from typing import List, Optional
   | ^^^^^^^^^^^^^^^^^^^^^^^^^^^^^^^^^
19 |
20 | import numpy as np
   |

UP045 Use `X | None` for type annotations
  --> src/uais/fusion/attention/dim_reduction.py:61:32
   |
59 |     """PCA wrapper with explicit train-fit / test-transform discipline."""
60 |
61 |     def __init__(self, config: Optional[PCAReducerConfig] = None) -> None:
   |                                ^^^^^^^^^^^^^^^^^^^^^^^^^^
62 |         self.config = config or PCAReducerConfig()
63 |         self._scaler = StandardScaler()
   |
help: Convert to `X | None`

UP045 Use `X | None` for type annotations
  --> src/uais/fusion/attention/dim_reduction.py:64:20
   |
62 |         self.config = config or PCAReducerConfig()
63 |         self._scaler = StandardScaler()
64 |         self._pca: Optional[PCA] = None
   |                    ^^^^^^^^^^^^^
65 |
66 |     def fit(self, X: np.ndarray) -> PCAReducer:
   |
help: Convert to `X | None`

UP006 Use `list` instead of `List` for type annotation
  --> src/uais/fusion/attention/dim_reduction.py:97:19
   |
95 |     """
96 |
97 |     encoder_dims: List[int] = field(default_factory=lambda: [64, 32])
   |                   ^^^^
98 |     latent_dim: int = 16
99 |     activation: str = "ReLU"
   |
help: Replace with `list`

UP006 Use `list` instead of `List` for type annotation
   --> src/uais/fusion/attention/dim_reduction.py:112:17
    |
110 |         super().__init__()
111 |         act = getattr(nn, cfg.activation)
112 |         layers: List[nn.Module] = []
    |                 ^^^^
113 |         prev = input_dim
114 |         for h in cfg.encoder_dims:
    |
help: Replace with `list`

UP006 Use `list` instead of `List` for type annotation
   --> src/uais/fusion/attention/dim_reduction.py:128:17
    |
126 |         super().__init__()
127 |         act = getattr(nn, cfg.activation)
128 |         layers: List[nn.Module] = []
    |                 ^^^^
129 |         prev = cfg.latent_dim
130 |         for h in reversed(cfg.encoder_dims):
    |
help: Replace with `list`

UP045 Use `X | None` for type annotations
   --> src/uais/fusion/attention/dim_reduction.py:147:32
    |
145 |     """
146 |
147 |     def __init__(self, config: Optional[AEReducerConfig] = None, device: Optional[torch.device] = None) -> None:
    |                                ^^^^^^^^^^^^^^^^^^^^^^^^^
148 |         self.config = config or AEReducerConfig()
149 |         self.device = device or torch.device("cpu")
    |
help: Convert to `X | None`

UP045 Use `X | None` for type annotations
   --> src/uais/fusion/attention/dim_reduction.py:147:74
    |
145 |     """
146 |
147 |     def __init__(self, config: Optional[AEReducerConfig] = None, device: Optional[torch.device] = None) -> None:
    |                                                                          ^^^^^^^^^^^^^^^^^^^^^^
148 |         self.config = config or AEReducerConfig()
149 |         self.device = device or torch.device("cpu")
    |
help: Convert to `X | None`

UP045 Use `X | None` for type annotations
   --> src/uais/fusion/attention/dim_reduction.py:151:24
    |
149 |         self.device = device or torch.device("cpu")
150 |         self._scaler = StandardScaler()
151 |         self._encoder: Optional[_Encoder] = None
    |                        ^^^^^^^^^^^^^^^^^^
152 |         self._decoder: Optional[_Decoder] = None
    |
help: Convert to `X | None`

UP045 Use `X | None` for type annotations
   --> src/uais/fusion/attention/dim_reduction.py:152:24
    |
150 |         self._scaler = StandardScaler()
151 |         self._encoder: Optional[_Encoder] = None
152 |         self._decoder: Optional[_Decoder] = None
    |                        ^^^^^^^^^^^^^^^^^^
153 |
154 |     def fit(self, X: np.ndarray) -> AutoencoderReducer:
    |
help: Convert to `X | None`

UP035 `typing.Dict` is deprecated, use `dict` instead
 --> src/uais/fusion/attention/evaluate_attention_fusion.py:6:1
  |
5 | from pathlib import Path
6 | from typing import Dict
  | ^^^^^^^^^^^^^^^^^^^^^^^
7 |
8 | import numpy as np
  |

UP006 Use `dict` instead of `Dict` for type annotation
  --> src/uais/fusion/attention/evaluate_attention_fusion.py:34:67
   |
34 | def evaluate_attention_fusion(cfg_path: Path = DEFAULT_CONFIG) -> Dict[str, float]:
   |                                                                   ^^^^
35 |     cfg = load_yaml(cfg_path)
36 |     data_cfg = cfg.get("data", {})
   |
help: Replace with `dict`

UP035 `typing.Dict` is deprecated, use `dict` instead
  --> src/uais/fusion/attention/evaluate_attention_harness.py:10:1
   |
 8 | from collections.abc import Sequence
 9 | from pathlib import Path
10 | from typing import Dict, List, Tuple
   | ^^^^^^^^^^^^^^^^^^^^^^^^^^^^^^^^^^^^
11 |
12 | import numpy as np
   |

UP035 `typing.List` is deprecated, use `list` instead
  --> src/uais/fusion/attention/evaluate_attention_harness.py:10:1
   |
 8 | from collections.abc import Sequence
 9 | from pathlib import Path
10 | from typing import Dict, List, Tuple
   | ^^^^^^^^^^^^^^^^^^^^^^^^^^^^^^^^^^^^
11 |
12 | import numpy as np
   |

UP035 `typing.Tuple` is deprecated, use `tuple` instead
  --> src/uais/fusion/attention/evaluate_attention_harness.py:10:1
   |
 8 | from collections.abc import Sequence
 9 | from pathlib import Path
10 | from typing import Dict, List, Tuple
   | ^^^^^^^^^^^^^^^^^^^^^^^^^^^^^^^^^^^^
11 |
12 | import numpy as np
   |

UP006 Use `dict` instead of `Dict` for type annotation
  --> src/uais/fusion/attention/evaluate_attention_harness.py:49:24
   |
49 | def _prepare_data(cfg: Dict, include_confidence: bool | None = None):
   |                        ^^^^
50 |     data_cfg = cfg.get("data", {})
51 |     model_cfg = cfg.get("model", {})
   |
help: Replace with `dict`

UP006 Use `dict` instead of `Dict` for type annotation
  --> src/uais/fusion/attention/evaluate_attention_harness.py:93:51
   |
93 | def _split_indices(labels: np.ndarray, train_cfg: Dict) -> tuple[np.ndarray, np.ndarray, np.ndarray]:
   |                                                   ^^^^
94 |     from sklearn.model_selection import train_test_split
   |
help: Replace with `dict`

UP006 Use `dict` instead of `Dict` for type annotation
   --> src/uais/fusion/attention/evaluate_attention_harness.py:114:16
    |
113 | def _build_model(
114 |     model_cfg: Dict,
    |                ^^^^
115 |     num_domains: int,
116 |     input_dim: int,
    |
help: Replace with `dict`

UP006 Use `tuple` instead of `Tuple` for type annotation
   --> src/uais/fusion/attention/evaluate_attention_harness.py:141:6
    |
139 |     device: torch.device,
140 |     return_attention: bool = False,
141 | ) -> Tuple[np.ndarray, np.ndarray, np.ndarray | None]:
    |      ^^^^^
142 |     model.eval()
143 |     all_probs = []
    |
help: Replace with `tuple`

UP006 Use `dict` instead of `Dict` for type annotation
   --> src/uais/fusion/attention/evaluate_attention_harness.py:170:95
    |
170 | def _evaluate_model(model: AttentionFusionModel, loader: DataLoader, device: torch.device) -> Dict[str, float]:
    |                                                                                               ^^^^
171 |     y_true, y_prob, _ = _collect_predictions(model, loader, device, return_attention=False)
172 |     return classification_metrics(y_true, y_prob, threshold=0.5)
    |
help: Replace with `dict`

UP006 Use `dict` instead of `Dict` for type annotation
   --> src/uais/fusion/attention/evaluate_attention_harness.py:176:10
    |
175 | def _train_model(
176 |     cfg: Dict,
    |          ^^^^
177 |     features: np.ndarray,
178 |     masks: np.ndarray,
    |
help: Replace with `dict`

UP006 Use `dict` instead of `Dict` for type annotation
   --> src/uais/fusion/attention/evaluate_attention_harness.py:182:34
    |
180 |     domain_order: Sequence[str],
181 |     confidence_index: int | None,
182 | ) -> tuple[AttentionFusionModel, Dict[str, float], Dict[str, float]]:
    |                                  ^^^^
183 |     train_cfg = cfg.get("training", {})
184 |     model_cfg = cfg.get("model", {})
    |
help: Replace with `dict`

UP006 Use `dict` instead of `Dict` for type annotation
   --> src/uais/fusion/attention/evaluate_attention_harness.py:182:52
    |
180 |     domain_order: Sequence[str],
181 |     confidence_index: int | None,
182 | ) -> tuple[AttentionFusionModel, Dict[str, float], Dict[str, float]]:
    |                                                    ^^^^
183 |     train_cfg = cfg.get("training", {})
184 |     model_cfg = cfg.get("model", {})
    |
help: Replace with `dict`

UP006 Use `dict` instead of `Dict` for type annotation
   --> src/uais/fusion/attention/evaluate_attention_harness.py:269:6
    |
267 |     drop_domains: Sequence[str],
268 |     drop_pairs: bool,
269 | ) -> Dict[str, Dict[str, Dict[str, float]]]:
    |      ^^^^
270 |     results: Dict[str, Dict[str, Dict[str, float]]] = {"random": {}, "drop_domain": {}, "drop_pair": {}}
271 |     for prob in drop_probs:
    |
help: Replace with `dict`

UP006 Use `dict` instead of `Dict` for type annotation
   --> src/uais/fusion/attention/evaluate_attention_harness.py:269:16
    |
267 |     drop_domains: Sequence[str],
268 |     drop_pairs: bool,
269 | ) -> Dict[str, Dict[str, Dict[str, float]]]:
    |                ^^^^
270 |     results: Dict[str, Dict[str, Dict[str, float]]] = {"random": {}, "drop_domain": {}, "drop_pair": {}}
271 |     for prob in drop_probs:
    |
help: Replace with `dict`

UP006 Use `dict` instead of `Dict` for type annotation
   --> src/uais/fusion/attention/evaluate_attention_harness.py:269:26
    |
267 |     drop_domains: Sequence[str],
268 |     drop_pairs: bool,
269 | ) -> Dict[str, Dict[str, Dict[str, float]]]:
    |                          ^^^^
270 |     results: Dict[str, Dict[str, Dict[str, float]]] = {"random": {}, "drop_domain": {}, "drop_pair": {}}
271 |     for prob in drop_probs:
    |
help: Replace with `dict`

UP006 Use `dict` instead of `Dict` for type annotation
   --> src/uais/fusion/attention/evaluate_attention_harness.py:270:14
    |
268 |     drop_pairs: bool,
269 | ) -> Dict[str, Dict[str, Dict[str, float]]]:
270 |     results: Dict[str, Dict[str, Dict[str, float]]] = {"random": {}, "drop_domain": {}, "drop_pair": {}}
    |              ^^^^
271 |     for prob in drop_probs:
272 |         new_masks = apply_domain_dropout(torch.as_tensor(masks), prob).cpu().numpy()
    |
help: Replace with `dict`

UP006 Use `dict` instead of `Dict` for type annotation
   --> src/uais/fusion/attention/evaluate_attention_harness.py:270:24
    |
268 |     drop_pairs: bool,
269 | ) -> Dict[str, Dict[str, Dict[str, float]]]:
270 |     results: Dict[str, Dict[str, Dict[str, float]]] = {"random": {}, "drop_domain": {}, "drop_pair": {}}
    |                        ^^^^
271 |     for prob in drop_probs:
272 |         new_masks = apply_domain_dropout(torch.as_tensor(masks), prob).cpu().numpy()
    |
help: Replace with `dict`

UP006 Use `dict` instead of `Dict` for type annotation
   --> src/uais/fusion/attention/evaluate_attention_harness.py:270:34
    |
268 |     drop_pairs: bool,
269 | ) -> Dict[str, Dict[str, Dict[str, float]]]:
270 |     results: Dict[str, Dict[str, Dict[str, float]]] = {"random": {}, "drop_domain": {}, "drop_pair": {}}
    |                                  ^^^^
271 |     for prob in drop_probs:
272 |         new_masks = apply_domain_dropout(torch.as_tensor(masks), prob).cpu().numpy()
    |
help: Replace with `dict`

UP006 Use `dict` instead of `Dict` for type annotation
   --> src/uais/fusion/attention/evaluate_attention_harness.py:310:6
    |
308 |     runs: int,
309 |     max_batches: int | None = None,
310 | ) -> Dict[str, float]:
    |      ^^^^
311 |     dataset = FusionDataset(features, masks, labels)
312 |     loader = DataLoader(dataset, batch_size=batch_size)
    |
help: Replace with `dict`

UP006 Use `tuple` instead of `Tuple` for type annotation
   --> src/uais/fusion/attention/evaluate_attention_harness.py:362:6
    |
360 |     batch_size: int,
361 |     device: torch.device,
362 | ) -> Tuple[np.ndarray, np.ndarray]:
    |      ^^^^^
363 |     """Collect predictions using CRAF reliability weights injected at fusion layer."""
364 |     model.eval()
    |
help: Replace with `tuple`

UP006 Use `list` instead of `List` for type annotation
   --> src/uais/fusion/attention/evaluate_attention_harness.py:365:16
    |
363 |     """Collect predictions using CRAF reliability weights injected at fusion layer."""
364 |     model.eval()
365 |     all_probs: List[np.ndarray] = []
    |                ^^^^
366 |     all_labels: List[np.ndarray] = []
    |
help: Replace with `list`

UP006 Use `list` instead of `List` for type annotation
   --> src/uais/fusion/attention/evaluate_attention_harness.py:366:17
    |
364 |     model.eval()
365 |     all_probs: List[np.ndarray] = []
366 |     all_labels: List[np.ndarray] = []
    |                 ^^^^
367 |
368 |     for start in range(0, len(labels_np), batch_size):
    |
help: Replace with `list`

UP006 Use `dict` instead of `Dict` for type annotation
   --> src/uais/fusion/attention/evaluate_attention_harness.py:437:6
    |
435 |     alpha: float,
436 |     seed: int,
437 | ) -> Dict[str, Dict[str, float]]:
    |      ^^^^
438 |     def _f1_metric(y_true_arr: np.ndarray, y_prob_arr: np.ndarray) -> float:
439 |         return classification_metrics(y_true_arr, y_prob_arr, threshold=0.5)["f1"]
    |
help: Replace with `dict`

UP006 Use `dict` instead of `Dict` for type annotation
   --> src/uais/fusion/attention/evaluate_attention_harness.py:437:16
    |
435 |     alpha: float,
436 |     seed: int,
437 | ) -> Dict[str, Dict[str, float]]:
    |                ^^^^
438 |     def _f1_metric(y_true_arr: np.ndarray, y_prob_arr: np.ndarray) -> float:
439 |         return classification_metrics(y_true_arr, y_prob_arr, threshold=0.5)["f1"]
    |
help: Replace with `dict`

UP006 Use `dict` instead of `Dict` for type annotation
   --> src/uais/fusion/attention/evaluate_attention_harness.py:474:6
    |
472 |     test_idx: np.ndarray,
473 |     domain_order: Sequence[str],
474 | ) -> Dict[str, Dict[str, np.ndarray]]:
    |      ^^^^
475 |     baselines: Dict[str, Dict[str, np.ndarray]] = {}
476 |     present = ~masks
    |
help: Replace with `dict`

UP006 Use `dict` instead of `Dict` for type annotation
   --> src/uais/fusion/attention/evaluate_attention_harness.py:474:16
    |
472 |     test_idx: np.ndarray,
473 |     domain_order: Sequence[str],
474 | ) -> Dict[str, Dict[str, np.ndarray]]:
    |                ^^^^
475 |     baselines: Dict[str, Dict[str, np.ndarray]] = {}
476 |     present = ~masks
    |
help: Replace with `dict`

UP006 Use `dict` instead of `Dict` for type annotation
   --> src/uais/fusion/attention/evaluate_attention_harness.py:475:16
    |
473 |     domain_order: Sequence[str],
474 | ) -> Dict[str, Dict[str, np.ndarray]]:
475 |     baselines: Dict[str, Dict[str, np.ndarray]] = {}
    |                ^^^^
476 |     present = ~masks
477 |     denom = present.sum(axis=1).clip(min=1)
    |
help: Replace with `dict`

UP006 Use `dict` instead of `Dict` for type annotation
   --> src/uais/fusion/attention/evaluate_attention_harness.py:475:26
    |
473 |     domain_order: Sequence[str],
474 | ) -> Dict[str, Dict[str, np.ndarray]]:
475 |     baselines: Dict[str, Dict[str, np.ndarray]] = {}
    |                          ^^^^
476 |     present = ~masks
477 |     denom = present.sum(axis=1).clip(min=1)
    |
help: Replace with `dict`

UP006 Use `dict` instead of `Dict` for type annotation
   --> src/uais/fusion/attention/evaluate_attention_harness.py:566:6
    |
564 |     batch_size: int,
565 |     device: torch.device,
566 | ) -> Dict[str, object]:
    |      ^^^^
567 |     if score_index is None:
568 |         return {}
    |
help: Replace with `dict`

UP006 Use `dict` instead of `Dict` for type annotation
   --> src/uais/fusion/attention/evaluate_attention_harness.py:572:22
    |
570 |     loader = DataLoader(dataset, batch_size=batch_size)
571 |     _, _, attn = _collect_predictions(model, loader, device, return_attention=True)
572 |     attention_means: Dict[str, float] = {}
    |                      ^^^^
573 |     for idx, domain in enumerate(domain_order):
574 |         present = ~masks[:, idx]
    |
help: Replace with `dict`

UP006 Use `dict` instead of `Dict` for type annotation
   --> src/uais/fusion/attention/evaluate_attention_harness.py:581:23
    |
580 |     reliabilities = compute_domain_reliability(features, masks, labels, domain_order, score_index)
581 |     confidence_means: Dict[str, float] = {}
    |                       ^^^^
582 |     if confidence_index is not None:
583 |         conf = features[:, :, confidence_index]
    |
help: Replace with `dict`

UP006 Use `dict` instead of `Dict` for type annotation
   --> src/uais/fusion/attention/evaluate_attention_harness.py:591:22
    |
589 |                 confidence_means[domain] = float(conf[present, idx].mean())
590 |
591 |     def _spearman(a: Dict[str, float], b: Dict[str, float]) -> float:
    |                      ^^^^
592 |         pairs = [(a[key], b[key]) for key in a if key in b and np.isfinite(a[key]) and np.isfinite(b[key])]
593 |         if len(pairs) < 2:
    |
help: Replace with `dict`

UP006 Use `dict` instead of `Dict` for type annotation
   --> src/uais/fusion/attention/evaluate_attention_harness.py:591:43
    |
589 |                 confidence_means[domain] = float(conf[present, idx].mean())
590 |
591 |     def _spearman(a: Dict[str, float], b: Dict[str, float]) -> float:
    |                                           ^^^^
592 |         pairs = [(a[key], b[key]) for key in a if key in b and np.isfinite(a[key]) and np.isfinite(b[key])]
593 |         if len(pairs) < 2:
    |
help: Replace with `dict`

UP006 Use `list` instead of `List` for type annotation
   --> src/uais/fusion/attention/evaluate_attention_harness.py:609:42
    |
609 | def _aggregate_metric_dict(metric_dicts: List[Dict[str, float]]) -> Dict[str, Dict[str, float]]:
    |                                          ^^^^
610 |     summary: Dict[str, Dict[str, float]] = {}
    |
help: Replace with `list`

UP006 Use `dict` instead of `Dict` for type annotation
   --> src/uais/fusion/attention/evaluate_attention_harness.py:609:47
    |
609 | def _aggregate_metric_dict(metric_dicts: List[Dict[str, float]]) -> Dict[str, Dict[str, float]]:
    |                                               ^^^^
610 |     summary: Dict[str, Dict[str, float]] = {}
    |
help: Replace with `dict`

UP006 Use `dict` instead of `Dict` for type annotation
   --> src/uais/fusion/attention/evaluate_attention_harness.py:609:69
    |
609 | def _aggregate_metric_dict(metric_dicts: List[Dict[str, float]]) -> Dict[str, Dict[str, float]]:
    |                                                                     ^^^^
610 |     summary: Dict[str, Dict[str, float]] = {}
    |
help: Replace with `dict`

UP006 Use `dict` instead of `Dict` for type annotation
   --> src/uais/fusion/attention/evaluate_attention_harness.py:609:79
    |
609 | def _aggregate_metric_dict(metric_dicts: List[Dict[str, float]]) -> Dict[str, Dict[str, float]]:
    |                                                                               ^^^^
610 |     summary: Dict[str, Dict[str, float]] = {}
    |
help: Replace with `dict`

UP006 Use `dict` instead of `Dict` for type annotation
   --> src/uais/fusion/attention/evaluate_attention_harness.py:610:14
    |
609 | def _aggregate_metric_dict(metric_dicts: List[Dict[str, float]]) -> Dict[str, Dict[str, float]]:
610 |     summary: Dict[str, Dict[str, float]] = {}
    |              ^^^^
611 |
612 |     def _is_finite(value: float) -> bool:
    |
help: Replace with `dict`

UP006 Use `dict` instead of `Dict` for type annotation
   --> src/uais/fusion/attention/evaluate_attention_harness.py:610:24
    |
609 | def _aggregate_metric_dict(metric_dicts: List[Dict[str, float]]) -> Dict[str, Dict[str, float]]:
610 |     summary: Dict[str, Dict[str, float]] = {}
    |                        ^^^^
611 |
612 |     def _is_finite(value: float) -> bool:
    |
help: Replace with `dict`

UP006 Use `list` instead of `List` for type annotation
   --> src/uais/fusion/attention/evaluate_attention_harness.py:629:44
    |
629 | def _aggregate_domain_values(domain_dicts: List[Dict[str, float]]) -> Dict[str, Dict[str, float]]:
    |                                            ^^^^
630 |     summary: Dict[str, Dict[str, float]] = {}
    |
help: Replace with `list`

UP006 Use `dict` instead of `Dict` for type annotation
   --> src/uais/fusion/attention/evaluate_attention_harness.py:629:49
    |
629 | def _aggregate_domain_values(domain_dicts: List[Dict[str, float]]) -> Dict[str, Dict[str, float]]:
    |                                                 ^^^^
630 |     summary: Dict[str, Dict[str, float]] = {}
    |
help: Replace with `dict`

UP006 Use `dict` instead of `Dict` for type annotation
   --> src/uais/fusion/attention/evaluate_attention_harness.py:629:71
    |
629 | def _aggregate_domain_values(domain_dicts: List[Dict[str, float]]) -> Dict[str, Dict[str, float]]:
    |                                                                       ^^^^
630 |     summary: Dict[str, Dict[str, float]] = {}
    |
help: Replace with `dict`

UP006 Use `dict` instead of `Dict` for type annotation
   --> src/uais/fusion/attention/evaluate_attention_harness.py:629:81
    |
629 | def _aggregate_domain_values(domain_dicts: List[Dict[str, float]]) -> Dict[str, Dict[str, float]]:
    |                                                                                 ^^^^
630 |     summary: Dict[str, Dict[str, float]] = {}
    |
help: Replace with `dict`

UP006 Use `dict` instead of `Dict` for type annotation
   --> src/uais/fusion/attention/evaluate_attention_harness.py:630:14
    |
629 | def _aggregate_domain_values(domain_dicts: List[Dict[str, float]]) -> Dict[str, Dict[str, float]]:
630 |     summary: Dict[str, Dict[str, float]] = {}
    |              ^^^^
631 |
632 |     def _is_finite(value: float) -> bool:
    |
help: Replace with `dict`

UP006 Use `dict` instead of `Dict` for type annotation
   --> src/uais/fusion/attention/evaluate_attention_harness.py:630:24
    |
629 | def _aggregate_domain_values(domain_dicts: List[Dict[str, float]]) -> Dict[str, Dict[str, float]]:
630 |     summary: Dict[str, Dict[str, float]] = {}
    |                        ^^^^
631 |
632 |     def _is_finite(value: float) -> bool:
    |
help: Replace with `dict`

UP006 Use `list` instead of `List` for type annotation
   --> src/uais/fusion/attention/evaluate_attention_harness.py:650:21
    |
649 | def _aggregate_nested_metrics(
650 |     nested_results: List[Dict[str, Dict[str, Dict[str, float]]]],
    |                     ^^^^
651 | ) -> Dict[str, Dict[str, Dict[str, Dict[str, float]]]]:
652 |     summary: Dict[str, Dict[str, Dict[str, Dict[str, float]]]] = {}
    |
help: Replace with `list`

UP006 Use `dict` instead of `Dict` for type annotation
   --> src/uais/fusion/attention/evaluate_attention_harness.py:650:26
    |
649 | def _aggregate_nested_metrics(
650 |     nested_results: List[Dict[str, Dict[str, Dict[str, float]]]],
    |                          ^^^^
651 | ) -> Dict[str, Dict[str, Dict[str, Dict[str, float]]]]:
652 |     summary: Dict[str, Dict[str, Dict[str, Dict[str, float]]]] = {}
    |
help: Replace with `dict`

UP006 Use `dict` instead of `Dict` for type annotation
   --> src/uais/fusion/attention/evaluate_attention_harness.py:650:36
    |
649 | def _aggregate_nested_metrics(
650 |     nested_results: List[Dict[str, Dict[str, Dict[str, float]]]],
    |                                    ^^^^
651 | ) -> Dict[str, Dict[str, Dict[str, Dict[str, float]]]]:
652 |     summary: Dict[str, Dict[str, Dict[str, Dict[str, float]]]] = {}
    |
help: Replace with `dict`

UP006 Use `dict` instead of `Dict` for type annotation
   --> src/uais/fusion/attention/evaluate_attention_harness.py:650:46
    |
649 | def _aggregate_nested_metrics(
650 |     nested_results: List[Dict[str, Dict[str, Dict[str, float]]]],
    |                                              ^^^^
651 | ) -> Dict[str, Dict[str, Dict[str, Dict[str, float]]]]:
652 |     summary: Dict[str, Dict[str, Dict[str, Dict[str, float]]]] = {}
    |
help: Replace with `dict`

UP006 Use `dict` instead of `Dict` for type annotation
   --> src/uais/fusion/attention/evaluate_attention_harness.py:651:6
    |
649 | def _aggregate_nested_metrics(
650 |     nested_results: List[Dict[str, Dict[str, Dict[str, float]]]],
651 | ) -> Dict[str, Dict[str, Dict[str, Dict[str, float]]]]:
    |      ^^^^
652 |     summary: Dict[str, Dict[str, Dict[str, Dict[str, float]]]] = {}
653 |     for category in ["random", "drop_domain", "drop_pair"]:
    |
help: Replace with `dict`

UP006 Use `dict` instead of `Dict` for type annotation
   --> src/uais/fusion/attention/evaluate_attention_harness.py:651:16
    |
649 | def _aggregate_nested_metrics(
650 |     nested_results: List[Dict[str, Dict[str, Dict[str, float]]]],
651 | ) -> Dict[str, Dict[str, Dict[str, Dict[str, float]]]]:
    |                ^^^^
652 |     summary: Dict[str, Dict[str, Dict[str, Dict[str, float]]]] = {}
653 |     for category in ["random", "drop_domain", "drop_pair"]:
    |
help: Replace with `dict`

UP006 Use `dict` instead of `Dict` for type annotation
   --> src/uais/fusion/attention/evaluate_attention_harness.py:651:26
    |
649 | def _aggregate_nested_metrics(
650 |     nested_results: List[Dict[str, Dict[str, Dict[str, float]]]],
651 | ) -> Dict[str, Dict[str, Dict[str, Dict[str, float]]]]:
    |                          ^^^^
652 |     summary: Dict[str, Dict[str, Dict[str, Dict[str, float]]]] = {}
653 |     for category in ["random", "drop_domain", "drop_pair"]:
    |
help: Replace with `dict`

UP006 Use `dict` instead of `Dict` for type annotation
   --> src/uais/fusion/attention/evaluate_attention_harness.py:651:36
    |
649 | def _aggregate_nested_metrics(
650 |     nested_results: List[Dict[str, Dict[str, Dict[str, float]]]],
651 | ) -> Dict[str, Dict[str, Dict[str, Dict[str, float]]]]:
    |                                    ^^^^
652 |     summary: Dict[str, Dict[str, Dict[str, Dict[str, float]]]] = {}
653 |     for category in ["random", "drop_domain", "drop_pair"]:
    |
help: Replace with `dict`

UP006 Use `dict` instead of `Dict` for type annotation
   --> src/uais/fusion/attention/evaluate_attention_harness.py:652:14
    |
650 |     nested_results: List[Dict[str, Dict[str, Dict[str, float]]]],
651 | ) -> Dict[str, Dict[str, Dict[str, Dict[str, float]]]]:
652 |     summary: Dict[str, Dict[str, Dict[str, Dict[str, float]]]] = {}
    |              ^^^^
653 |     for category in ["random", "drop_domain", "drop_pair"]:
654 |         category_entries: Dict[str, Dict[str, Dict[str, float]]] = {}
    |
help: Replace with `dict`

UP006 Use `dict` instead of `Dict` for type annotation
   --> src/uais/fusion/attention/evaluate_attention_harness.py:652:24
    |
650 |     nested_results: List[Dict[str, Dict[str, Dict[str, float]]]],
651 | ) -> Dict[str, Dict[str, Dict[str, Dict[str, float]]]]:
652 |     summary: Dict[str, Dict[str, Dict[str, Dict[str, float]]]] = {}
    |                        ^^^^
653 |     for category in ["random", "drop_domain", "drop_pair"]:
654 |         category_entries: Dict[str, Dict[str, Dict[str, float]]] = {}
    |
help: Replace with `dict`

UP006 Use `dict` instead of `Dict` for type annotation
   --> src/uais/fusion/attention/evaluate_attention_harness.py:652:34
    |
650 |     nested_results: List[Dict[str, Dict[str, Dict[str, float]]]],
651 | ) -> Dict[str, Dict[str, Dict[str, Dict[str, float]]]]:
652 |     summary: Dict[str, Dict[str, Dict[str, Dict[str, float]]]] = {}
    |                                  ^^^^
653 |     for category in ["random", "drop_domain", "drop_pair"]:
654 |         category_entries: Dict[str, Dict[str, Dict[str, float]]] = {}
    |
help: Replace with `dict`

UP006 Use `dict` instead of `Dict` for type annotation
   --> src/uais/fusion/attention/evaluate_attention_harness.py:652:44
    |
650 |     nested_results: List[Dict[str, Dict[str, Dict[str, float]]]],
651 | ) -> Dict[str, Dict[str, Dict[str, Dict[str, float]]]]:
652 |     summary: Dict[str, Dict[str, Dict[str, Dict[str, float]]]] = {}
    |                                            ^^^^
653 |     for category in ["random", "drop_domain", "drop_pair"]:
654 |         category_entries: Dict[str, Dict[str, Dict[str, float]]] = {}
    |
help: Replace with `dict`

UP006 Use `dict` instead of `Dict` for type annotation
   --> src/uais/fusion/attention/evaluate_attention_harness.py:654:27
    |
652 |     summary: Dict[str, Dict[str, Dict[str, Dict[str, float]]]] = {}
653 |     for category in ["random", "drop_domain", "drop_pair"]:
654 |         category_entries: Dict[str, Dict[str, Dict[str, float]]] = {}
    |                           ^^^^
655 |         keys = {key for result in nested_results for key in result.get(category, {})}
656 |         for key in sorted(keys):
    |
help: Replace with `dict`

UP006 Use `dict` instead of `Dict` for type annotation
   --> src/uais/fusion/attention/evaluate_attention_harness.py:654:37
    |
652 |     summary: Dict[str, Dict[str, Dict[str, Dict[str, float]]]] = {}
653 |     for category in ["random", "drop_domain", "drop_pair"]:
654 |         category_entries: Dict[str, Dict[str, Dict[str, float]]] = {}
    |                                     ^^^^
655 |         keys = {key for result in nested_results for key in result.get(category, {})}
656 |         for key in sorted(keys):
    |
help: Replace with `dict`

UP006 Use `dict` instead of `Dict` for type annotation
   --> src/uais/fusion/attention/evaluate_attention_harness.py:654:47
    |
652 |     summary: Dict[str, Dict[str, Dict[str, Dict[str, float]]]] = {}
653 |     for category in ["random", "drop_domain", "drop_pair"]:
654 |         category_entries: Dict[str, Dict[str, Dict[str, float]]] = {}
    |                                               ^^^^
655 |         keys = {key for result in nested_results for key in result.get(category, {})}
656 |         for key in sorted(keys):
    |
help: Replace with `dict`

UP006 Use `dict` instead of `Dict` for type annotation
   --> src/uais/fusion/attention/evaluate_attention_harness.py:663:68
    |
663 | def evaluate_attention_harness(cfg_path: Path = DEFAULT_CONFIG) -> Dict[str, Dict]:
    |                                                                    ^^^^
664 |     cfg = load_yaml(cfg_path)
665 |     train_cfg = cfg.get("training", {})
    |
help: Replace with `dict`

UP006 Use `dict` instead of `Dict` for type annotation
   --> src/uais/fusion/attention/evaluate_attention_harness.py:663:78
    |
663 | def evaluate_attention_harness(cfg_path: Path = DEFAULT_CONFIG) -> Dict[str, Dict]:
    |                                                                              ^^^^
664 |     cfg = load_yaml(cfg_path)
665 |     train_cfg = cfg.get("training", {})
    |
help: Replace with `dict`

UP006 Use `dict` instead of `Dict` for type annotation
   --> src/uais/fusion/attention/evaluate_attention_harness.py:694:14
    |
692 |     alpha = float(eval_cfg.get("bootstrap_alpha", 0.05))
693 |
694 |     results: Dict[str, Dict] = {}
    |              ^^^^
695 |
696 |     for ablation in ablations:
    |
help: Replace with `dict`

UP006 Use `dict` instead of `Dict` for type annotation
   --> src/uais/fusion/attention/evaluate_attention_harness.py:694:24
    |
692 |     alpha = float(eval_cfg.get("bootstrap_alpha", 0.05))
693 |
694 |     results: Dict[str, Dict] = {}
    |                        ^^^^
695 |
696 |     for ablation in ablations:
    |
help: Replace with `dict`

UP006 Use `dict` instead of `Dict` for type annotation
   --> src/uais/fusion/attention/evaluate_attention_harness.py:712:23
    |
710 |             continue
711 |
712 |         seed_outputs: Dict[str, Dict] = {}
    |                       ^^^^
713 |         test_metric_list: List[Dict[str, float]] = []
714 |         baseline_metric_lists: Dict[str, List[Dict[str, float]]] = {}
    |
help: Replace with `dict`

UP006 Use `dict` instead of `Dict` for type annotation
   --> src/uais/fusion/attention/evaluate_attention_harness.py:712:33
    |
710 |             continue
711 |
712 |         seed_outputs: Dict[str, Dict] = {}
    |                                 ^^^^
713 |         test_metric_list: List[Dict[str, float]] = []
714 |         baseline_metric_lists: Dict[str, List[Dict[str, float]]] = {}
    |
help: Replace with `dict`

UP006 Use `list` instead of `List` for type annotation
   --> src/uais/fusion/attention/evaluate_attention_harness.py:713:27
    |
712 |         seed_outputs: Dict[str, Dict] = {}
713 |         test_metric_list: List[Dict[str, float]] = []
    |                           ^^^^
714 |         baseline_metric_lists: Dict[str, List[Dict[str, float]]] = {}
715 |         baseline_p_lists: Dict[str, List[Dict[str, float]]] = {}
    |
help: Replace with `list`

UP006 Use `dict` instead of `Dict` for type annotation
   --> src/uais/fusion/attention/evaluate_attention_harness.py:713:32
    |
712 |         seed_outputs: Dict[str, Dict] = {}
713 |         test_metric_list: List[Dict[str, float]] = []
    |                                ^^^^
714 |         baseline_metric_lists: Dict[str, List[Dict[str, float]]] = {}
715 |         baseline_p_lists: Dict[str, List[Dict[str, float]]] = {}
    |
help: Replace with `dict`

UP006 Use `dict` instead of `Dict` for type annotation
   --> src/uais/fusion/attention/evaluate_attention_harness.py:714:32
    |
712 |         seed_outputs: Dict[str, Dict] = {}
713 |         test_metric_list: List[Dict[str, float]] = []
714 |         baseline_metric_lists: Dict[str, List[Dict[str, float]]] = {}
    |                                ^^^^
715 |         baseline_p_lists: Dict[str, List[Dict[str, float]]] = {}
716 |         interpretability_list: List[Dict[str, object]] = []
    |
help: Replace with `dict`

UP006 Use `list` instead of `List` for type annotation
   --> src/uais/fusion/attention/evaluate_attention_harness.py:714:42
    |
712 |         seed_outputs: Dict[str, Dict] = {}
713 |         test_metric_list: List[Dict[str, float]] = []
714 |         baseline_metric_lists: Dict[str, List[Dict[str, float]]] = {}
    |                                          ^^^^
715 |         baseline_p_lists: Dict[str, List[Dict[str, float]]] = {}
716 |         interpretability_list: List[Dict[str, object]] = []
    |
help: Replace with `list`

UP006 Use `dict` instead of `Dict` for type annotation
   --> src/uais/fusion/attention/evaluate_attention_harness.py:714:47
    |
712 |         seed_outputs: Dict[str, Dict] = {}
713 |         test_metric_list: List[Dict[str, float]] = []
714 |         baseline_metric_lists: Dict[str, List[Dict[str, float]]] = {}
    |                                               ^^^^
715 |         baseline_p_lists: Dict[str, List[Dict[str, float]]] = {}
716 |         interpretability_list: List[Dict[str, object]] = []
    |
help: Replace with `dict`

UP006 Use `dict` instead of `Dict` for type annotation
   --> src/uais/fusion/attention/evaluate_attention_harness.py:715:27
    |
713 |         test_metric_list: List[Dict[str, float]] = []
714 |         baseline_metric_lists: Dict[str, List[Dict[str, float]]] = {}
715 |         baseline_p_lists: Dict[str, List[Dict[str, float]]] = {}
    |                           ^^^^
716 |         interpretability_list: List[Dict[str, object]] = []
717 |         dropout_list: List[Dict[str, Dict[str, Dict[str, float]]]] = []
    |
help: Replace with `dict`

UP006 Use `list` instead of `List` for type annotation
   --> src/uais/fusion/attention/evaluate_attention_harness.py:715:37
    |
713 |         test_metric_list: List[Dict[str, float]] = []
714 |         baseline_metric_lists: Dict[str, List[Dict[str, float]]] = {}
715 |         baseline_p_lists: Dict[str, List[Dict[str, float]]] = {}
    |                                     ^^^^
716 |         interpretability_list: List[Dict[str, object]] = []
717 |         dropout_list: List[Dict[str, Dict[str, Dict[str, float]]]] = []
    |
help: Replace with `list`

UP006 Use `dict` instead of `Dict` for type annotation
   --> src/uais/fusion/attention/evaluate_attention_harness.py:715:42
    |
713 |         test_metric_list: List[Dict[str, float]] = []
714 |         baseline_metric_lists: Dict[str, List[Dict[str, float]]] = {}
715 |         baseline_p_lists: Dict[str, List[Dict[str, float]]] = {}
    |                                          ^^^^
716 |         interpretability_list: List[Dict[str, object]] = []
717 |         dropout_list: List[Dict[str, Dict[str, Dict[str, float]]]] = []
    |
help: Replace with `dict`

UP006 Use `list` instead of `List` for type annotation
   --> src/uais/fusion/attention/evaluate_attention_harness.py:716:32
    |
714 |         baseline_metric_lists: Dict[str, List[Dict[str, float]]] = {}
715 |         baseline_p_lists: Dict[str, List[Dict[str, float]]] = {}
716 |         interpretability_list: List[Dict[str, object]] = []
    |                                ^^^^
717 |         dropout_list: List[Dict[str, Dict[str, Dict[str, float]]]] = []
718 |         performance_list: List[Dict[str, float]] = []
    |
help: Replace with `list`

UP006 Use `dict` instead of `Dict` for type annotation
   --> src/uais/fusion/attention/evaluate_attention_harness.py:716:37
    |
714 |         baseline_metric_lists: Dict[str, List[Dict[str, float]]] = {}
715 |         baseline_p_lists: Dict[str, List[Dict[str, float]]] = {}
716 |         interpretability_list: List[Dict[str, object]] = []
    |                                     ^^^^
717 |         dropout_list: List[Dict[str, Dict[str, Dict[str, float]]]] = []
718 |         performance_list: List[Dict[str, float]] = []
    |
help: Replace with `dict`

UP006 Use `list` instead of `List` for type annotation
   --> src/uais/fusion/attention/evaluate_attention_harness.py:717:23
    |
715 |         baseline_p_lists: Dict[str, List[Dict[str, float]]] = {}
716 |         interpretability_list: List[Dict[str, object]] = []
717 |         dropout_list: List[Dict[str, Dict[str, Dict[str, float]]]] = []
    |                       ^^^^
718 |         performance_list: List[Dict[str, float]] = []
    |
help: Replace with `list`

UP006 Use `dict` instead of `Dict` for type annotation
   --> src/uais/fusion/attention/evaluate_attention_harness.py:717:28
    |
715 |         baseline_p_lists: Dict[str, List[Dict[str, float]]] = {}
716 |         interpretability_list: List[Dict[str, object]] = []
717 |         dropout_list: List[Dict[str, Dict[str, Dict[str, float]]]] = []
    |                            ^^^^
718 |         performance_list: List[Dict[str, float]] = []
    |
help: Replace with `dict`

UP006 Use `dict` instead of `Dict` for type annotation
   --> src/uais/fusion/attention/evaluate_attention_harness.py:717:38
    |
715 |         baseline_p_lists: Dict[str, List[Dict[str, float]]] = {}
716 |         interpretability_list: List[Dict[str, object]] = []
717 |         dropout_list: List[Dict[str, Dict[str, Dict[str, float]]]] = []
    |                                      ^^^^
718 |         performance_list: List[Dict[str, float]] = []
    |
help: Replace with `dict`

UP006 Use `dict` instead of `Dict` for type annotation
   --> src/uais/fusion/attention/evaluate_attention_harness.py:717:48
    |
715 |         baseline_p_lists: Dict[str, List[Dict[str, float]]] = {}
716 |         interpretability_list: List[Dict[str, object]] = []
717 |         dropout_list: List[Dict[str, Dict[str, Dict[str, float]]]] = []
    |                                                ^^^^
718 |         performance_list: List[Dict[str, float]] = []
    |
help: Replace with `dict`

UP006 Use `list` instead of `List` for type annotation
   --> src/uais/fusion/attention/evaluate_attention_harness.py:718:27
    |
716 |         interpretability_list: List[Dict[str, object]] = []
717 |         dropout_list: List[Dict[str, Dict[str, Dict[str, float]]]] = []
718 |         performance_list: List[Dict[str, float]] = []
    |                           ^^^^
719 |
720 |         for seed in seeds:
    |
help: Replace with `list`

UP006 Use `dict` instead of `Dict` for type annotation
   --> src/uais/fusion/attention/evaluate_attention_harness.py:718:32
    |
716 |         interpretability_list: List[Dict[str, object]] = []
717 |         dropout_list: List[Dict[str, Dict[str, Dict[str, float]]]] = []
718 |         performance_list: List[Dict[str, float]] = []
    |                                ^^^^
719 |
720 |         for seed in seeds:
    |
help: Replace with `dict`

UP006 Use `dict` instead of `Dict` for type annotation
   --> src/uais/fusion/attention/evaluate_attention_harness.py:830:27
    |
829 |             # --- CRAF evaluation (gated by enable_craf) ---
830 |             craf_metrics: Dict = {}
    |                           ^^^^
831 |             if eval_cfg.get("enable_craf", False) and score_index is not None:
832 |                 try:
    |
help: Replace with `dict`

UP006 Use `dict` instead of `Dict` for type annotation
   --> src/uais/fusion/attention/evaluate_attention_harness.py:858:25
    |
857 |             # --- CDA evaluation (gated by enable_cda) ---
858 |             cda_output: Dict = {}
    |                         ^^^^
859 |             if eval_cfg.get("enable_cda", False) and score_index is not None:
860 |                 try:
    |
help: Replace with `dict`

UP035 `typing.Dict` is deprecated, use `dict` instead
  --> src/uais/fusion/attention/leakage_guard.py:39:1
   |
37 | import hashlib
38 | from contextlib import contextmanager
39 | from typing import Dict, List
   | ^^^^^^^^^^^^^^^^^^^^^^^^^^^^^
40 |
41 | import numpy as np
   |

UP035 `typing.List` is deprecated, use `list` instead
  --> src/uais/fusion/attention/leakage_guard.py:39:1
   |
37 | import hashlib
38 | from contextlib import contextmanager
39 | from typing import Dict, List
   | ^^^^^^^^^^^^^^^^^^^^^^^^^^^^^
40 |
41 | import numpy as np
   |

UP006 Use `dict` instead of `Dict` for type annotation
  --> src/uais/fusion/attention/leakage_guard.py:62:80
   |
62 | def check_train_test_contamination(train_X: np.ndarray, test_X: np.ndarray) -> Dict[str, float]:
   |                                                                                ^^^^
63 |     """Detect rows that appear in BOTH train and test (verbatim duplicates)."""
64 |     th = set(_row_hashes(train_X).tolist())
   |
help: Replace with `dict`

UP006 Use `dict` instead of `Dict` for type annotation
  --> src/uais/fusion/attention/leakage_guard.py:80:6
   |
78 |     test_X: np.ndarray,
79 |     test_y: np.ndarray,
80 | ) -> Dict[str, int]:
   |      ^^^^
81 |     """Find samples whose features match across splits but with differing labels.
   |
help: Replace with `dict`

UP006 Use `dict` instead of `Dict` for type annotation
  --> src/uais/fusion/attention/leakage_guard.py:89:16
   |
87 |     h_train = _row_hashes(train_X)
88 |     h_test = _row_hashes(test_X)
89 |     train_map: Dict[str, int] = {h: int(y) for h, y in zip(h_train, train_y)}
   |                ^^^^
90 |     conflicts = 0
91 |     for h, y in zip(h_test, test_y):
   |
help: Replace with `dict`

UP006 Use `dict` instead of `Dict` for type annotation
   --> src/uais/fusion/attention/leakage_guard.py:128:19
    |
127 | def flag_suspicious_metrics(
128 |     metrics_dict: Dict[str, float],
    |                   ^^^^
129 |     auc_threshold: float = 0.99,
130 |     f1_threshold: float = 0.99,
    |
help: Replace with `dict`

UP006 Use `list` instead of `List` for type annotation
   --> src/uais/fusion/attention/leakage_guard.py:131:6
    |
129 |     auc_threshold: float = 0.99,
130 |     f1_threshold: float = 0.99,
131 | ) -> List[str]:
    |      ^^^^
132 |     """Return a list of warning strings if any metric looks unrealistically high.
    |
help: Replace with `list`

UP006 Use `list` instead of `List` for type annotation
   --> src/uais/fusion/attention/leakage_guard.py:137:20
    |
135 |     leakage, overfitting, or memorization.'
136 |     """
137 |     warnings_list: List[str] = []
    |                    ^^^^
138 |     for key, thr in (
139 |         ("roc_auc", auc_threshold),
    |
help: Replace with `list`

UP006 Use `list` instead of `List` for type annotation
   --> src/uais/fusion/attention/leakage_guard.py:177:38
    |
176 |     def __init__(self) -> None:
177 |         self._train_hashes_at_split: List[str] = []
    |                                      ^^^^
178 |         self._test_hashes_at_split: List[str] = []
    |
help: Replace with `list`

UP006 Use `list` instead of `List` for type annotation
   --> src/uais/fusion/attention/leakage_guard.py:178:37
    |
176 |     def __init__(self) -> None:
177 |         self._train_hashes_at_split: List[str] = []
178 |         self._test_hashes_at_split: List[str] = []
    |                                     ^^^^
179 |
180 |     def record_split(self, train_X: np.ndarray, test_X: np.ndarray) -> None:
    |
help: Replace with `list`

UP035 `typing.List` is deprecated, use `list` instead
  --> src/uais/fusion/attention/learned_gate.py:23:1
   |
22 | from dataclasses import dataclass
23 | from typing import Callable, List, Optional, Tuple
   | ^^^^^^^^^^^^^^^^^^^^^^^^^^^^^^^^^^^^^^^^^^^^^^^^^^
24 |
25 | import numpy as np
   |

UP035 `typing.Tuple` is deprecated, use `tuple` instead
  --> src/uais/fusion/attention/learned_gate.py:23:1
   |
22 | from dataclasses import dataclass
23 | from typing import Callable, List, Optional, Tuple
   | ^^^^^^^^^^^^^^^^^^^^^^^^^^^^^^^^^^^^^^^^^^^^^^^^^^
24 |
25 | import numpy as np
   |

UP006 Use `tuple` instead of `Tuple` for type annotation
  --> src/uais/fusion/attention/learned_gate.py:33:19
   |
31 |     """Hyperparameters for the learned gate."""
32 |
33 |     drift_levels: Tuple[float, ...] = (0.0, 0.05, 0.1, 0.2, 0.3)
   |                   ^^^^^
34 |     feature_mode: str = "vector"  # "vector" → r ∈ R^D + mean; "scalar" → mean only
35 |     use_mask_indicators: bool = True  # append [D] missing-domain flags
   |
help: Replace with `tuple`

UP045 Use `X | None` for type annotations
  --> src/uais/fusion/attention/learned_gate.py:54:32
   |
52 |     """
53 |
54 |     def __init__(self, config: Optional[LearnedGateConfig] = None) -> None:
   |                                ^^^^^^^^^^^^^^^^^^^^^^^^^^^
55 |         self.config = config or LearnedGateConfig()
56 |         self._clf: Optional[LogisticRegression] = None
   |
help: Convert to `X | None`

UP045 Use `X | None` for type annotations
  --> src/uais/fusion/attention/learned_gate.py:56:20
   |
54 |     def __init__(self, config: Optional[LearnedGateConfig] = None) -> None:
55 |         self.config = config or LearnedGateConfig()
56 |         self._clf: Optional[LogisticRegression] = None
   |                    ^^^^^^^^^^^^^^^^^^^^^^^^^^^^
57 |         self.fitted: bool = False
58 |         self.train_label_balance_: Optional[float] = None
   |
help: Convert to `X | None`

UP045 Use `X | None` for type annotations
  --> src/uais/fusion/attention/learned_gate.py:58:36
   |
56 |         self._clf: Optional[LogisticRegression] = None
57 |         self.fitted: bool = False
58 |         self.train_label_balance_: Optional[float] = None
   |                                    ^^^^^^^^^^^^^^^
59 |         self.train_n_episodes_: int = 0
   |
help: Convert to `X | None`

UP006 Use `list` instead of `List` for type annotation
  --> src/uais/fusion/attention/learned_gate.py:95:19
   |
93 |     def fit_from_episodes(
94 |         self,
95 |         episodes: List[dict],
   |                   ^^^^
96 |     ) -> LearnedReliabilityGate:
97 |         """Fit from pre-computed episode dicts.
   |
help: Replace with `list`

UP006 Use `list` instead of `List` for type annotation
   --> src/uais/fusion/attention/learned_gate.py:110:13
    |
108 |         if not episodes:
109 |             raise ValueError("No drift episodes provided to fit the learned gate.")
110 |         Xs: List[np.ndarray] = []
    |             ^^^^
111 |         ys: List[np.ndarray] = []
112 |         for ep in episodes:
    |
help: Replace with `list`

UP006 Use `list` instead of `List` for type annotation
   --> src/uais/fusion/attention/learned_gate.py:111:13
    |
109 |             raise ValueError("No drift episodes provided to fit the learned gate.")
110 |         Xs: List[np.ndarray] = []
111 |         ys: List[np.ndarray] = []
    |             ^^^^
112 |         for ep in episodes:
113 |             X = self._featurize(ep["weights"], ep["masks"])
    |
help: Replace with `list`

UP006 Use `list` instead of `List` for type annotation
   --> src/uais/fusion/attention/learned_gate.py:148:27
    |
146 |         predict_static: Callable[[np.ndarray, np.ndarray], np.ndarray],
147 |         predict_reliability: Callable[[np.ndarray, np.ndarray, np.ndarray], np.ndarray],
148 |         perturbation_fns: List[Callable[[np.ndarray, np.ndarray], Tuple[np.ndarray, np.ndarray]]],
    |                           ^^^^
149 |     ) -> LearnedReliabilityGate:
150 |         """Generate val drift episodes and fit the gate.
    |
help: Replace with `list`

UP006 Use `tuple` instead of `Tuple` for type annotation
   --> src/uais/fusion/attention/learned_gate.py:148:67
    |
146 |         predict_static: Callable[[np.ndarray, np.ndarray], np.ndarray],
147 |         predict_reliability: Callable[[np.ndarray, np.ndarray, np.ndarray], np.ndarray],
148 |         perturbation_fns: List[Callable[[np.ndarray, np.ndarray], Tuple[np.ndarray, np.ndarray]]],
    |                                                                   ^^^^^
149 |     ) -> LearnedReliabilityGate:
150 |         """Generate val drift episodes and fit the gate.
    |
help: Replace with `tuple`

UP035 `typing.Tuple` is deprecated, use `tuple` instead
  --> src/uais/fusion/attention/m3dm_features.py:21:1
   |
19 | from collections.abc import Sequence
20 | from pathlib import Path
21 | from typing import Tuple
   | ^^^^^^^^^^^^^^^^^^^^^^^^
22 |
23 | import numpy as np
   |

UP006 Use `tuple` instead of `Tuple` for type annotation
  --> src/uais/fusion/attention/m3dm_features.py:32:24
   |
32 | def _get_backbone() -> Tuple[torch.nn.Module, torch.device]:
   |                        ^^^^^
33 |     """Lazily load ResNet-50 with ImageNet weights; cache on first call."""
34 |     global _BACKBONE, _DEVICE
   |
help: Replace with `tuple`

UP006 Use `tuple` instead of `Tuple` for type annotation
   --> src/uais/fusion/attention/m3dm_features.py:209:6
    |
207 |     fit_mask: np.ndarray,
208 |     embedding_dim: int,
209 | ) -> Tuple[np.ndarray, np.ndarray, np.ndarray, np.ndarray]:
    |      ^^^^^
210 |     """Fit PCA on the train fold; return (proj_features, mean, components, scale)."""
211 |     fit_rows = features[fit_mask]
    |
help: Replace with `tuple`

UP035 `typing.Dict` is deprecated, use `dict` instead
  --> src/uais/fusion/attention/reliability_estimator.py:19:1
   |
18 | from pathlib import Path
19 | from typing import Dict, List, Optional
   | ^^^^^^^^^^^^^^^^^^^^^^^^^^^^^^^^^^^^^^^
20 |
21 | import joblib
   |

UP035 `typing.List` is deprecated, use `list` instead
  --> src/uais/fusion/attention/reliability_estimator.py:19:1
   |
18 | from pathlib import Path
19 | from typing import Dict, List, Optional
   | ^^^^^^^^^^^^^^^^^^^^^^^^^^^^^^^^^^^^^^^
20 |
21 | import joblib
   |

UP006 Use `list` instead of `List` for type annotation
  --> src/uais/fusion/attention/reliability_estimator.py:43:23
   |
41 |     def __init__(
42 |         self,
43 |         domain_order: List[str],
   |                       ^^^^
44 |         score_index: int,
45 |         ece_weight: float = 0.45,
   |
help: Replace with `list`

UP045 Use `X | None` for type annotations
  --> src/uais/fusion/attention/reliability_estimator.py:52:29
   |
50 |         gate_threshold: float = 0.66,
51 |         gate_mode: str = "mean",
52 |         min_gate_threshold: Optional[float] = None,
   |                             ^^^^^^^^^^^^^^^
53 |         top_q: int = 1,
54 |         top_q_threshold: Optional[float] = None,
   |
help: Convert to `X | None`

UP045 Use `X | None` for type annotations
  --> src/uais/fusion/attention/reliability_estimator.py:54:26
   |
52 |         min_gate_threshold: Optional[float] = None,
53 |         top_q: int = 1,
54 |         top_q_threshold: Optional[float] = None,
   |                          ^^^^^^^^^^^^^^^
55 |         ks_window_size: Optional[int] = None,
56 |     ) -> None:
   |
help: Convert to `X | None`

UP045 Use `X | None` for type annotations
  --> src/uais/fusion/attention/reliability_estimator.py:55:25
   |
53 |         top_q: int = 1,
54 |         top_q_threshold: Optional[float] = None,
55 |         ks_window_size: Optional[int] = None,
   |                         ^^^^^^^^^^^^^
56 |     ) -> None:
57 |         if abs(ece_weight + ks_weight + sharpness_weight - 1.0) > 1e-6:
   |
help: Convert to `X | None`

UP006 Use `dict` instead of `Dict` for type annotation
  --> src/uais/fusion/attention/reliability_estimator.py:85:28
   |
83 |         self.ks_window_size = int(ks_window_size) if ks_window_size is not None else None
84 |
85 |         self._calibrators: Dict[str, IsotonicRegression] = {}
   |                            ^^^^
86 |         self._reference_scores: Dict[str, np.ndarray] = {}
87 |         self._domain_ece: Dict[str, float] = {}
   |
help: Replace with `dict`

UP006 Use `dict` instead of `Dict` for type annotation
  --> src/uais/fusion/attention/reliability_estimator.py:86:33
   |
85 |         self._calibrators: Dict[str, IsotonicRegression] = {}
86 |         self._reference_scores: Dict[str, np.ndarray] = {}
   |                                 ^^^^
87 |         self._domain_ece: Dict[str, float] = {}
88 |         self.fitted: bool = False
   |
help: Replace with `dict`

UP006 Use `dict` instead of `Dict` for type annotation
  --> src/uais/fusion/attention/reliability_estimator.py:87:27
   |
85 |         self._calibrators: Dict[str, IsotonicRegression] = {}
86 |         self._reference_scores: Dict[str, np.ndarray] = {}
87 |         self._domain_ece: Dict[str, float] = {}
   |                           ^^^^
88 |         self.fitted: bool = False
   |
help: Replace with `dict`

UP045 Use `X | None` for type annotations
   --> src/uais/fusion/attention/reliability_estimator.py:207:25
    |
205 |         weights: np.ndarray,
206 |         masks: np.ndarray,
207 |         gate_threshold: Optional[float] = None,
    |                         ^^^^^^^^^^^^^^^
208 |         gate_mode: Optional[str] = None,
209 |         min_gate_threshold: Optional[float] = None,
    |
help: Convert to `X | None`

UP045 Use `X | None` for type annotations
   --> src/uais/fusion/attention/reliability_estimator.py:208:20
    |
206 |         masks: np.ndarray,
207 |         gate_threshold: Optional[float] = None,
208 |         gate_mode: Optional[str] = None,
    |                    ^^^^^^^^^^^^^
209 |         min_gate_threshold: Optional[float] = None,
210 |         top_q: Optional[int] = None,
    |
help: Convert to `X | None`

UP045 Use `X | None` for type annotations
   --> src/uais/fusion/attention/reliability_estimator.py:209:29
    |
207 |         gate_threshold: Optional[float] = None,
208 |         gate_mode: Optional[str] = None,
209 |         min_gate_threshold: Optional[float] = None,
    |                             ^^^^^^^^^^^^^^^
210 |         top_q: Optional[int] = None,
211 |         top_q_threshold: Optional[float] = None,
    |
help: Convert to `X | None`

UP045 Use `X | None` for type annotations
   --> src/uais/fusion/attention/reliability_estimator.py:210:16
    |
208 |         gate_mode: Optional[str] = None,
209 |         min_gate_threshold: Optional[float] = None,
210 |         top_q: Optional[int] = None,
    |                ^^^^^^^^^^^^^
211 |         top_q_threshold: Optional[float] = None,
212 |     ) -> np.ndarray:
    |
help: Convert to `X | None`

UP045 Use `X | None` for type annotations
   --> src/uais/fusion/attention/reliability_estimator.py:211:26
    |
209 |         min_gate_threshold: Optional[float] = None,
210 |         top_q: Optional[int] = None,
211 |         top_q_threshold: Optional[float] = None,
    |                          ^^^^^^^^^^^^^^^
212 |     ) -> np.ndarray:
213 |         """Return [N] bool: True = use reliability path, False = use static path.
    |
help: Convert to `X | None`

UP006 Use `dict` instead of `Dict` for type annotation
   --> src/uais/fusion/attention/reliability_estimator.py:270:33
    |
268 |     # ------------------------------------------------------------------
269 |
270 |     def get_domain_ece(self) -> Dict[str, float]:
    |                                 ^^^^
271 |         """Return stored per-domain ECE from the calibration fit."""
272 |         if not self.fitted:
    |
help: Replace with `dict`

UP006 Use `dict` instead of `Dict` for type annotation
   --> src/uais/fusion/attention/reliability_estimator.py:353:42
    |
351 |             raise ValueError("unknown_category_policy must be 'global' or 'assume_reliable'.")
352 |         self.unknown_category_policy = unknown_category_policy
353 |         self._category_reference_scores: Dict[str, Dict[str, np.ndarray]] = {}
    |                                          ^^^^
354 |
355 |     def fit(
    |
help: Replace with `dict`

UP006 Use `dict` instead of `Dict` for type annotation
   --> src/uais/fusion/attention/reliability_estimator.py:353:52
    |
351 |             raise ValueError("unknown_category_policy must be 'global' or 'assume_reliable'.")
352 |         self.unknown_category_policy = unknown_category_policy
353 |         self._category_reference_scores: Dict[str, Dict[str, np.ndarray]] = {}
    |                                                    ^^^^
354 |
355 |     def fit(
    |
help: Replace with `dict`

UP045 Use `X | None` for type annotations
   --> src/uais/fusion/attention/reliability_estimator.py:360:21
    |
358 |         masks: np.ndarray,
359 |         labels: np.ndarray,
360 |         categories: Optional[np.ndarray] = None,
    |                     ^^^^^^^^^^^^^^^^^^^^
361 |     ) -> CategoryAwareReliabilityEstimator:
362 |         super().fit(features, masks, labels)
    |
help: Convert to `X | None`

UP045 Use `X | None` for type annotations
   --> src/uais/fusion/attention/reliability_estimator.py:391:21
    |
389 |         features: np.ndarray,
390 |         masks: np.ndarray,
391 |         categories: Optional[np.ndarray] = None,
    |                     ^^^^^^^^^^^^^^^^^^^^
392 |     ) -> np.ndarray:
393 |         if categories is None or not self._category_reference_scores:
    |
help: Convert to `X | None`

UP035 `typing.Dict` is deprecated, use `dict` instead
 --> src/uais/fusion/attention/train_attention_fusion.py:7:1
  |
5 | import json
6 | from pathlib import Path
7 | from typing import Dict, Tuple
  | ^^^^^^^^^^^^^^^^^^^^^^^^^^^^^^
8 |
9 | import numpy as np
  |

UP035 `typing.Tuple` is deprecated, use `tuple` instead
 --> src/uais/fusion/attention/train_attention_fusion.py:7:1
  |
5 | import json
6 | from pathlib import Path
7 | from typing import Dict, Tuple
  | ^^^^^^^^^^^^^^^^^^^^^^^^^^^^^^
8 |
9 | import numpy as np
  |

UP006 Use `tuple` instead of `Tuple` for type annotation
  --> src/uais/fusion/attention/train_attention_fusion.py:47:6
   |
45 |     confidences: torch.Tensor | None = None,
46 |     lambda_reg: float = 0.01,
47 | ) -> Tuple[torch.Tensor, Dict[str, float]]:
   |      ^^^^^
48 |     bce_loss = nn.functional.binary_cross_entropy_with_logits(logits, targets)
49 |     entropy = torch.tensor(0.0, device=logits.device)
   |
help: Replace with `tuple`

UP006 Use `dict` instead of `Dict` for type annotation
  --> src/uais/fusion/attention/train_attention_fusion.py:47:26
   |
45 |     confidences: torch.Tensor | None = None,
46 |     lambda_reg: float = 0.01,
47 | ) -> Tuple[torch.Tensor, Dict[str, float]]:
   |                          ^^^^
48 |     bce_loss = nn.functional.binary_cross_entropy_with_logits(logits, targets)
49 |     entropy = torch.tensor(0.0, device=logits.device)
   |
help: Replace with `dict`

UP006 Use `dict` instead of `Dict` for type annotation
  --> src/uais/fusion/attention/train_attention_fusion.py:65:94
   |
65 | def evaluate_model(model: AttentionFusionModel, loader: DataLoader, device: torch.device) -> Dict[str, float]:
   |                                                                                              ^^^^
66 |     model.eval()
67 |     all_probs = []
   |
help: Replace with `dict`

UP035 `typing.Dict` is deprecated, use `dict` instead
  --> src/uais/fusion/attention/unsupervised_baselines.py:37:1
   |
36 | from dataclasses import dataclass, field
37 | from typing import Dict, List, Optional, Tuple
   | ^^^^^^^^^^^^^^^^^^^^^^^^^^^^^^^^^^^^^^^^^^^^^^
38 |
39 | import numpy as np
   |

UP035 `typing.List` is deprecated, use `list` instead
  --> src/uais/fusion/attention/unsupervised_baselines.py:37:1
   |
36 | from dataclasses import dataclass, field
37 | from typing import Dict, List, Optional, Tuple
   | ^^^^^^^^^^^^^^^^^^^^^^^^^^^^^^^^^^^^^^^^^^^^^^
38 |
39 | import numpy as np
   |

UP035 `typing.Tuple` is deprecated, use `tuple` instead
  --> src/uais/fusion/attention/unsupervised_baselines.py:37:1
   |
36 | from dataclasses import dataclass, field
37 | from typing import Dict, List, Optional, Tuple
   | ^^^^^^^^^^^^^^^^^^^^^^^^^^^^^^^^^^^^^^^^^^^^^^
38 |
39 | import numpy as np
   |

UP006 Use `tuple` instead of `Tuple` for type annotation
  --> src/uais/fusion/attention/unsupervised_baselines.py:69:6
   |
67 |     masks: np.ndarray,
68 |     labels: np.ndarray,
69 | ) -> Tuple[np.ndarray, np.ndarray]:
   |      ^^^^^
70 |     """Filter to label==0 rows.  Anomaly labels are never seen during fit().
   |
help: Replace with `tuple`

UP006 Use `list` instead of `List` for type annotation
   --> src/uais/fusion/attention/unsupervised_baselines.py:169:19
    |
167 |     """
168 |
169 |     encoder_dims: List[int] = field(default_factory=lambda: [64, 32])
    |                   ^^^^
170 |     latent_dim: int = 8
171 |     decoder_dims: List[int] = field(default_factory=lambda: [32, 64])
    |
help: Replace with `list`

UP006 Use `list` instead of `List` for type annotation
   --> src/uais/fusion/attention/unsupervised_baselines.py:171:19
    |
169 |     encoder_dims: List[int] = field(default_factory=lambda: [64, 32])
170 |     latent_dim: int = 8
171 |     decoder_dims: List[int] = field(default_factory=lambda: [32, 64])
    |                   ^^^^
172 |     activation: str = "ReLU"
173 |     dropout: float = 0.0
    |
help: Replace with `list`

UP045 Use `X | None` for type annotations
   --> src/uais/fusion/attention/unsupervised_baselines.py:195:33
    |
193 |         self.config = config or self._config_cls()
194 |         self._scaler = StandardScaler()
195 |         self._train_raw_scores: Optional[np.ndarray] = None
    |                                 ^^^^^^^^^^^^^^^^^^^^
196 |         self._fitted = False
    |
help: Convert to `X | None`

UP045 Use `X | None` for type annotations
   --> src/uais/fusion/attention/unsupervised_baselines.py:201:68
    |
199 |     # Public API — every detector implements _fit_normal and _raw_scores
200 |     # ------------------------------------------------------------------
201 |     def fit(self, features: np.ndarray, masks: np.ndarray, labels: Optional[np.ndarray] = None) -> _BaseUnsupervised:
    |                                                                    ^^^^^^^^^^^^^^^^^^^^
202 |         f_norm, m_norm = _normal_only(features, masks, labels)
203 |         if len(f_norm) == 0:
    |
help: Convert to `X | None`

UP006 Use `dict` instead of `Dict` for type annotation
   --> src/uais/fusion/attention/unsupervised_baselines.py:221:38
    |
219 |         return _percentile_calibrate(raw, self._train_raw_scores)
220 |
221 |     def get_hyperparameters(self) -> Dict:
    |                                      ^^^^
222 |         """Return all hyperparameters used by this baseline (for reproducibility)."""
223 |         return {k: getattr(self.config, k) for k in self.config.__dataclass_fields__}
    |
help: Replace with `dict`

UP006 Use `list` instead of `List` for type annotation
   --> src/uais/fusion/attention/unsupervised_baselines.py:410:21
    |
408 |         super().__init__()
409 |         act = getattr(nn, cfg.activation)
410 |         enc_layers: List[nn.Module] = []
    |                     ^^^^
411 |         prev = input_dim
412 |         for h in cfg.encoder_dims:
    |
help: Replace with `list`

UP006 Use `list` instead of `List` for type annotation
   --> src/uais/fusion/attention/unsupervised_baselines.py:420:21
    |
418 |         self.encoder = nn.Sequential(*enc_layers)
419 |
420 |         dec_layers: List[nn.Module] = []
    |                     ^^^^
421 |         prev = cfg.latent_dim
422 |         for h in cfg.decoder_dims:
    |
help: Replace with `list`

UP045 Use `X | None` for type annotations
   --> src/uais/fusion/attention/unsupervised_baselines.py:439:32
    |
437 |     _config_cls = AEConfig
438 |
439 |     def __init__(self, config: Optional[AEConfig] = None, device: Optional[torch.device] = None) -> None:
    |                                ^^^^^^^^^^^^^^^^^^
440 |         super().__init__(config)
441 |         self.device = device or torch.device("cpu")
    |
help: Convert to `X | None`

UP045 Use `X | None` for type annotations
   --> src/uais/fusion/attention/unsupervised_baselines.py:439:67
    |
437 |     _config_cls = AEConfig
438 |
439 |     def __init__(self, config: Optional[AEConfig] = None, device: Optional[torch.device] = None) -> None:
    |                                                                   ^^^^^^^^^^^^^^^^^^^^^^
440 |         super().__init__(config)
441 |         self.device = device or torch.device("cpu")
    |
help: Convert to `X | None`

UP045 Use `X | None` for type annotations
   --> src/uais/fusion/attention/unsupervised_baselines.py:442:22
    |
440 |         super().__init__(config)
441 |         self.device = device or torch.device("cpu")
442 |         self._model: Optional[_SymmetricAE] = None
    |                      ^^^^^^^^^^^^^^^^^^^^^^
443 |
444 |     def _fit_normal(self, X: np.ndarray) -> None:
    |
help: Convert to `X | None`

UP045 Use `X | None` for type annotations
   --> src/uais/fusion/attention/unsupervised_baselines.py:511:15
    |
509 |     test_idx: np.ndarray,
510 |     *,
511 |     bgmm_cfg: Optional[BGMMConfig] = None,
    |               ^^^^^^^^^^^^^^^^^^^^
512 |     gmm_cfg: Optional[GMMConfig] = None,
513 |     kmeans_cfg: Optional[KMeansConfig] = None,
    |
help: Convert to `X | None`

UP045 Use `X | None` for type annotations
   --> src/uais/fusion/attention/unsupervised_baselines.py:512:14
    |
510 |     *,
511 |     bgmm_cfg: Optional[BGMMConfig] = None,
512 |     gmm_cfg: Optional[GMMConfig] = None,
    |              ^^^^^^^^^^^^^^^^^^^
513 |     kmeans_cfg: Optional[KMeansConfig] = None,
514 |     iforest_cfg: Optional[IForestConfig] = None,
    |
help: Convert to `X | None`

UP045 Use `X | None` for type annotations
   --> src/uais/fusion/attention/unsupervised_baselines.py:513:17
    |
511 |     bgmm_cfg: Optional[BGMMConfig] = None,
512 |     gmm_cfg: Optional[GMMConfig] = None,
513 |     kmeans_cfg: Optional[KMeansConfig] = None,
    |                 ^^^^^^^^^^^^^^^^^^^^^^
514 |     iforest_cfg: Optional[IForestConfig] = None,
515 |     ocsvm_cfg: Optional[OCSVMConfig] = None,
    |
help: Convert to `X | None`

UP045 Use `X | None` for type annotations
   --> src/uais/fusion/attention/unsupervised_baselines.py:514:18
    |
512 |     gmm_cfg: Optional[GMMConfig] = None,
513 |     kmeans_cfg: Optional[KMeansConfig] = None,
514 |     iforest_cfg: Optional[IForestConfig] = None,
    |                  ^^^^^^^^^^^^^^^^^^^^^^^
515 |     ocsvm_cfg: Optional[OCSVMConfig] = None,
516 |     lof_cfg: Optional[LOFConfig] = None,
    |
help: Convert to `X | None`

UP045 Use `X | None` for type annotations
   --> src/uais/fusion/attention/unsupervised_baselines.py:515:16
    |
513 |     kmeans_cfg: Optional[KMeansConfig] = None,
514 |     iforest_cfg: Optional[IForestConfig] = None,
515 |     ocsvm_cfg: Optional[OCSVMConfig] = None,
    |                ^^^^^^^^^^^^^^^^^^^^^
516 |     lof_cfg: Optional[LOFConfig] = None,
517 |     ae_cfg: Optional[AEConfig] = None,
    |
help: Convert to `X | None`

UP045 Use `X | None` for type annotations
   --> src/uais/fusion/attention/unsupervised_baselines.py:516:14
    |
514 |     iforest_cfg: Optional[IForestConfig] = None,
515 |     ocsvm_cfg: Optional[OCSVMConfig] = None,
516 |     lof_cfg: Optional[LOFConfig] = None,
    |              ^^^^^^^^^^^^^^^^^^^
517 |     ae_cfg: Optional[AEConfig] = None,
518 |     device: Optional[torch.device] = None,
    |
help: Convert to `X | None`

UP045 Use `X | None` for type annotations
   --> src/uais/fusion/attention/unsupervised_baselines.py:517:13
    |
515 |     ocsvm_cfg: Optional[OCSVMConfig] = None,
516 |     lof_cfg: Optional[LOFConfig] = None,
517 |     ae_cfg: Optional[AEConfig] = None,
    |             ^^^^^^^^^^^^^^^^^^
518 |     device: Optional[torch.device] = None,
519 | ) -> Dict[str, Dict]:
    |
help: Convert to `X | None`

UP045 Use `X | None` for type annotations
   --> src/uais/fusion/attention/unsupervised_baselines.py:518:13
    |
516 |     lof_cfg: Optional[LOFConfig] = None,
517 |     ae_cfg: Optional[AEConfig] = None,
518 |     device: Optional[torch.device] = None,
    |             ^^^^^^^^^^^^^^^^^^^^^^
519 | ) -> Dict[str, Dict]:
520 |     """Fit every unsupervised baseline on training-set normals only,
    |
help: Convert to `X | None`

UP006 Use `dict` instead of `Dict` for type annotation
   --> src/uais/fusion/attention/unsupervised_baselines.py:519:6
    |
517 |     ae_cfg: Optional[AEConfig] = None,
518 |     device: Optional[torch.device] = None,
519 | ) -> Dict[str, Dict]:
    |      ^^^^
520 |     """Fit every unsupervised baseline on training-set normals only,
521 |     score the test set, and return {name: classification_metrics}."""
    |
help: Replace with `dict`

UP006 Use `dict` instead of `Dict` for type annotation
   --> src/uais/fusion/attention/unsupervised_baselines.py:519:16
    |
517 |     ae_cfg: Optional[AEConfig] = None,
518 |     device: Optional[torch.device] = None,
519 | ) -> Dict[str, Dict]:
    |                ^^^^
520 |     """Fit every unsupervised baseline on training-set normals only,
521 |     score the test set, and return {name: classification_metrics}."""
    |
help: Replace with `dict`

UP006 Use `dict` instead of `Dict` for type annotation
   --> src/uais/fusion/attention/unsupervised_baselines.py:537:14
    |
535 |     }
536 |
537 |     results: Dict[str, Dict] = {}
    |              ^^^^
538 |     for name, det in detectors.items():
539 |         try:
    |
help: Replace with `dict`

UP006 Use `dict` instead of `Dict` for type annotation
   --> src/uais/fusion/attention/unsupervised_baselines.py:537:24
    |
535 |     }
536 |
537 |     results: Dict[str, Dict] = {}
    |                        ^^^^
538 |     for name, det in detectors.items():
539 |         try:
    |
help: Replace with `dict`

UP035 `typing.Dict` is deprecated, use `dict` instead
 --> src/uais/fusion/attention/validate_fusion_inputs.py:7:1
  |
5 | import json
6 | from pathlib import Path
7 | from typing import Dict
  | ^^^^^^^^^^^^^^^^^^^^^^^
8 |
9 | from uais.fusion.attention.attention_utils import (
  |

UP006 Use `dict` instead of `Dict` for type annotation
  --> src/uais/fusion/attention/validate_fusion_inputs.py:29:67
   |
29 | def validate_attention_inputs(cfg_path: Path = DEFAULT_CONFIG) -> Dict[str, object]:
   |                                                                   ^^^^
30 |     cfg = load_yaml(cfg_path)
31 |     data_cfg = cfg.get("data", {})
   |
help: Replace with `dict`

UP035 `typing.Dict` is deprecated, use `dict` instead
 --> src/uais/fusion/build_embeddings.py:4:1
  |
3 | from collections.abc import Iterable
4 | from typing import Dict
  | ^^^^^^^^^^^^^^^^^^^^^^^
5 |
6 | import numpy as np
  |

UP006 Use `dict` instead of `Dict` for type annotation
  --> src/uais/fusion/build_embeddings.py:16:34
   |
16 | def merge_embeddings(embeddings: Dict[str, np.ndarray]) -> np.ndarray:
   |                                  ^^^^
17 |     """Horizontally concatenate embeddings from multiple domains.
   |
help: Replace with `dict`

UP006 Use `dict` instead of `Dict` for type annotation
  --> src/uais/fusion/build_embeddings.py:28:40
   |
28 | def generate_meta_features(score_dict: Dict[str, Iterable[float]]) -> np.ndarray:
   |                                        ^^^^
29 |     """Convert domain -> score iterable into a 2D meta-feature array."""
30 |     keys = sorted(score_dict)
   |
help: Replace with `dict`

UP035 `typing.Dict` is deprecated, use `dict` instead
 --> src/uais/fusion/evaluate_fusion.py:3:1
  |
1 | """Evaluation utilities for fusion models."""
2 |
3 | from typing import Dict
  | ^^^^^^^^^^^^^^^^^^^^^^^
4 |
5 | import numpy as np
  |

UP006 Use `dict` instead of `Dict` for type annotation
  --> src/uais/fusion/evaluate_fusion.py:10:61
   |
10 | def evaluate_fusion(model, X: np.ndarray, y: np.ndarray) -> Dict[str, float]:
   |                                                             ^^^^
11 |     y_pred = model.predict(X)
12 |     proba = model.predict_proba(X)[:, 1] if hasattr(model, "predict_proba") else None
   |
help: Replace with `dict`

UP035 `typing.Dict` is deprecated, use `dict` instead
  --> src/uais/fusion/run_fusion.py:11:1
   |
10 | from pathlib import Path
11 | from typing import Dict, Tuple
   | ^^^^^^^^^^^^^^^^^^^^^^^^^^^^^^
12 |
13 | import joblib
   |

UP035 `typing.Tuple` is deprecated, use `tuple` instead
  --> src/uais/fusion/run_fusion.py:11:1
   |
10 | from pathlib import Path
11 | from typing import Dict, Tuple
   | ^^^^^^^^^^^^^^^^^^^^^^^^^^^^^^
12 |
13 | import joblib
   |

UP006 Use `dict` instead of `Dict` for type annotation
  --> src/uais/fusion/run_fusion.py:27:31
   |
27 | def _load_yaml(path: Path) -> Dict:
   |                               ^^^^
28 |     import yaml
   |
help: Replace with `dict`

UP006 Use `tuple` instead of `Tuple` for type annotation
  --> src/uais/fusion/run_fusion.py:37:6
   |
35 |     score_col: str,
36 |     label_col: str | None,
37 | ) -> Tuple[np.ndarray, np.ndarray | None, pd.DataFrame | None]:
   |      ^^^^^
38 |     if not path.exists():
39 |         raise FileNotFoundError(f"Score file not found: {path}")
   |
help: Replace with `tuple`

UP006 Use `dict` instead of `Dict` for type annotation
  --> src/uais/fusion/run_fusion.py:75:31
   |
75 | def _align_scores(score_dict: Dict[str, np.ndarray]) -> Dict[str, np.ndarray]:
   |                               ^^^^
76 |     min_len = min(len(v) for v in score_dict.values())
77 |     return {k: v[:min_len] for k, v in score_dict.items()}
   |
help: Replace with `dict`

UP006 Use `dict` instead of `Dict` for type annotation
  --> src/uais/fusion/run_fusion.py:75:57
   |
75 | def _align_scores(score_dict: Dict[str, np.ndarray]) -> Dict[str, np.ndarray]:
   |                                                         ^^^^
76 |     min_len = min(len(v) for v in score_dict.values())
77 |     return {k: v[:min_len] for k, v in score_dict.items()}
   |
help: Replace with `dict`

UP006 Use `tuple` instead of `Tuple` for type annotation
  --> src/uais/fusion/run_fusion.py:80:37
   |
80 | def _load_inputs(cfg_path: Path) -> Tuple[Dict[str, np.ndarray], np.ndarray]:
   |                                     ^^^^^
81 |     cfg = _load_yaml(cfg_path)
82 |     fusion_cfg = cfg.get("fusion", {}) if isinstance(cfg, dict) else {}
   |
help: Replace with `tuple`

UP006 Use `dict` instead of `Dict` for type annotation
  --> src/uais/fusion/run_fusion.py:80:43
   |
80 | def _load_inputs(cfg_path: Path) -> Tuple[Dict[str, np.ndarray], np.ndarray]:
   |                                           ^^^^
81 |     cfg = _load_yaml(cfg_path)
82 |     fusion_cfg = cfg.get("fusion", {}) if isinstance(cfg, dict) else {}
   |
help: Replace with `dict`

UP006 Use `dict` instead of `Dict` for type annotation
  --> src/uais/fusion/run_fusion.py:93:19
   |
91 |     scores = {}
92 |     labels = None
93 |     score_frames: Dict[str, pd.DataFrame] = {}
   |                   ^^^^
94 |     for domain, path in score_paths.items():
95 |         s, l, frame = _read_scores(Path(path), score_col, label_col)
   |
help: Replace with `dict`

E741 Ambiguous variable name: `l`
  --> src/uais/fusion/run_fusion.py:95:12
   |
93 |     score_frames: Dict[str, pd.DataFrame] = {}
94 |     for domain, path in score_paths.items():
95 |         s, l, frame = _read_scores(Path(path), score_col, label_col)
   |            ^
96 |         scores[domain] = s
97 |         if l is not None:
   |

UP035 `typing.Dict` is deprecated, use `dict` instead
  --> src/uais/fusion/train_fusion_meta.py:8:1
   |
 7 | from pathlib import Path
 8 | from typing import Dict, Tuple
   | ^^^^^^^^^^^^^^^^^^^^^^^^^^^^^^
 9 |
10 | import numpy as np
   |

UP035 `typing.Tuple` is deprecated, use `tuple` instead
  --> src/uais/fusion/train_fusion_meta.py:8:1
   |
 7 | from pathlib import Path
 8 | from typing import Dict, Tuple
   | ^^^^^^^^^^^^^^^^^^^^^^^^^^^^^^
 9 |
10 | import numpy as np
   |

UP006 Use `dict` instead of `Dict` for type annotation
  --> src/uais/fusion/train_fusion_meta.py:18:39
   |
18 | def build_fusion_dataset(score_paths: Dict[str, Path] | None = None) -> Tuple[Dict[str, np.ndarray], np.ndarray]:
   |                                       ^^^^
19 |     """Load per-domain score CSVs and align lengths.
   |
help: Replace with `dict`

UP006 Use `tuple` instead of `Tuple` for type annotation
  --> src/uais/fusion/train_fusion_meta.py:18:73
   |
18 | def build_fusion_dataset(score_paths: Dict[str, Path] | None = None) -> Tuple[Dict[str, np.ndarray], np.ndarray]:
   |                                                                         ^^^^^
19 |     """Load per-domain score CSVs and align lengths.
   |
help: Replace with `tuple`

UP006 Use `dict` instead of `Dict` for type annotation
  --> src/uais/fusion/train_fusion_meta.py:18:79
   |
18 | def build_fusion_dataset(score_paths: Dict[str, Path] | None = None) -> Tuple[Dict[str, np.ndarray], np.ndarray]:
   |                                                                               ^^^^
19 |     """Load per-domain score CSVs and align lengths.
   |
help: Replace with `dict`

UP006 Use `dict` instead of `Dict` for type annotation
  --> src/uais/fusion/train_fusion_meta.py:35:19
   |
33 |     labels = None
34 |     sample_id_sets = []
35 |     score_frames: Dict[str, pd.DataFrame] = {}
   |                   ^^^^
36 |     for domain, path in score_paths.items():
37 |         # Allow relative paths to be resolved from project root for notebooks/scripts.
   |
help: Replace with `dict`

UP006 Use `dict` instead of `Dict` for type annotation
   --> src/uais/fusion/train_fusion_meta.py:106:37
    |
106 | def train_fusion_model(score_paths: Dict[str, Path] | None = None, config: Dict | None = None):
    |                                     ^^^^
107 |     score_dict, labels = build_fusion_dataset(score_paths)
108 |     config = config or {"data": {"test_size": 0.2}, "seed": 42}
    |
help: Replace with `dict`

UP006 Use `dict` instead of `Dict` for type annotation
   --> src/uais/fusion/train_fusion_meta.py:106:76
    |
106 | def train_fusion_model(score_paths: Dict[str, Path] | None = None, config: Dict | None = None):
    |                                                                            ^^^^
107 |     score_dict, labels = build_fusion_dataset(score_paths)
108 |     config = config or {"data": {"test_size": 0.2}, "seed": 42}
    |
help: Replace with `dict`

UP035 `typing.Dict` is deprecated, use `dict` instead
 --> src/uais/fusion/train_fusion_model.py:3:1
  |
1 | """Fusion model that learns from multiple domain embeddings/scores."""
2 |
3 | from typing import Dict, Tuple
  | ^^^^^^^^^^^^^^^^^^^^^^^^^^^^^^
4 |
5 | import joblib
  |

UP035 `typing.Tuple` is deprecated, use `tuple` instead
 --> src/uais/fusion/train_fusion_model.py:3:1
  |
1 | """Fusion model that learns from multiple domain embeddings/scores."""
2 |
3 | from typing import Dict, Tuple
  | ^^^^^^^^^^^^^^^^^^^^^^^^^^^^^^
4 |
5 | import joblib
  |

UP006 Use `dict` instead of `Dict` for type annotation
  --> src/uais/fusion/train_fusion_model.py:20:17
   |
19 | def train_fusion_meta_model(
20 |     score_dict: Dict[str, np.ndarray],
   |                 ^^^^
21 |     labels: np.ndarray,
22 |     config: Dict,
   |
help: Replace with `dict`

UP006 Use `dict` instead of `Dict` for type annotation
  --> src/uais/fusion/train_fusion_model.py:22:13
   |
20 |     score_dict: Dict[str, np.ndarray],
21 |     labels: np.ndarray,
22 |     config: Dict,
   |             ^^^^
23 | ) -> Tuple[LogisticRegression, Dict[str, float]]:
24 |     ensure_directories()
   |
help: Replace with `dict`

UP006 Use `tuple` instead of `Tuple` for type annotation
  --> src/uais/fusion/train_fusion_model.py:23:6
   |
21 |     labels: np.ndarray,
22 |     config: Dict,
23 | ) -> Tuple[LogisticRegression, Dict[str, float]]:
   |      ^^^^^
24 |     ensure_directories()
25 |     X_meta = generate_meta_features(score_dict)
   |
help: Replace with `tuple`

UP006 Use `dict` instead of `Dict` for type annotation
  --> src/uais/fusion/train_fusion_model.py:23:32
   |
21 |     labels: np.ndarray,
22 |     config: Dict,
23 | ) -> Tuple[LogisticRegression, Dict[str, float]]:
   |                                ^^^^
24 |     ensure_directories()
25 |     X_meta = generate_meta_features(score_dict)
   |
help: Replace with `dict`

UP035 `typing.Dict` is deprecated, use `dict` instead
 --> src/uais/generative/train_vae.py:7:1
  |
5 | from dataclasses import dataclass
6 | from pathlib import Path
7 | from typing import Dict
  | ^^^^^^^^^^^^^^^^^^^^^^^
8 |
9 | import numpy as np
  |

UP006 Use `dict` instead of `Dict` for type annotation
   --> src/uais/generative/train_vae.py:115:41
    |
115 | def run_vae_pipeline(cfg: VAEConfig) -> Dict[str, float]:
    |                                         ^^^^
116 |     path = cfg.resolve_path()
117 |     df = pd.read_parquet(path) if path.suffix == ".parquet" else pd.read_csv(path)
    |
help: Replace with `dict`

B007 Loop control variable `epoch` not used within loop body
   --> src/uais/generative/train_vae.py:136:9
    |
134 |     }
135 |
136 |     for epoch in range(cfg.epochs):
    |         ^^^^^
137 |         perm = np.random.permutation(len(X_train))
138 |         vae.reset_metrics()
    |
help: Rename unused `epoch` to `_epoch`

UP035 `typing.Dict` is deprecated, use `dict` instead
  --> src/uais/generative/train_wgan.py:14:1
   |
12 | from dataclasses import dataclass, field
13 | from pathlib import Path
14 | from typing import Dict, Optional, Tuple
   | ^^^^^^^^^^^^^^^^^^^^^^^^^^^^^^^^^^^^^^^^
15 |
16 | import numpy as np
   |

UP035 `typing.Tuple` is deprecated, use `tuple` instead
  --> src/uais/generative/train_wgan.py:14:1
   |
12 | from dataclasses import dataclass, field
13 | from pathlib import Path
14 | from typing import Dict, Optional, Tuple
   | ^^^^^^^^^^^^^^^^^^^^^^^^^^^^^^^^^^^^^^^^
15 |
16 | import numpy as np
   |

UP006 Use `tuple` instead of `Tuple` for type annotation
  --> src/uais/generative/train_wgan.py:28:23
   |
26 |     dataset_path: Path
27 |     latent_dim: int = 128
28 |     generator_hidden: Tuple[int, ...] = field(default_factory=lambda: (256, 256))
   |                       ^^^^^
29 |     critic_hidden: Tuple[int, ...] = field(default_factory=lambda: (256, 256))
30 |     epochs: int = 100
   |
help: Replace with `tuple`

UP006 Use `tuple` instead of `Tuple` for type annotation
  --> src/uais/generative/train_wgan.py:29:20
   |
27 |     latent_dim: int = 128
28 |     generator_hidden: Tuple[int, ...] = field(default_factory=lambda: (256, 256))
29 |     critic_hidden: Tuple[int, ...] = field(default_factory=lambda: (256, 256))
   |                    ^^^^^
30 |     epochs: int = 100
31 |     batch_size: int = 128
   |
help: Replace with `tuple`

UP006 Use `tuple` instead of `Tuple` for type annotation
  --> src/uais/generative/train_wgan.py:53:71
   |
51 |     """Maps latent noise z → synthetic tabular sample."""
52 |
53 |     def __init__(self, latent_dim: int, output_dim: int, hidden_dims: Tuple[int, ...]) -> None:
   |                                                                       ^^^^^
54 |         super().__init__()
55 |         layers: list[nn.Module] = []
   |
help: Replace with `tuple`

UP006 Use `tuple` instead of `Tuple` for type annotation
  --> src/uais/generative/train_wgan.py:70:53
   |
68 |     """Scores how 'real' a tabular sample is — no sigmoid, no BatchNorm."""
69 |
70 |     def __init__(self, input_dim: int, hidden_dims: Tuple[int, ...]) -> None:
   |                                                     ^^^^^
71 |         super().__init__()
72 |         layers: list[nn.Module] = []
   |
help: Replace with `tuple`

UP006 Use `dict` instead of `Dict` for type annotation
   --> src/uais/generative/train_wgan.py:107:43
    |
107 | def run_wgan_pipeline(cfg: WGANConfig) -> Dict[str, object]:
    |                                           ^^^^
108 |     """Train a WGAN-GP on numeric tabular data.
    |
help: Replace with `dict`

B007 Loop control variable `epoch` not used within loop body
   --> src/uais/generative/train_wgan.py:142:9
    |
140 |     g_loss = torch.tensor(0.0)
141 |
142 |     for epoch in range(cfg.epochs):
    |         ^^^^^
143 |         perm = torch.randperm(len(X_tensor), device=device)
144 |         X_tensor = X_tensor[perm]
    |
help: Rename unused `epoch` to `_epoch`

UP045 Use `X | None` for type annotations
   --> src/uais/generative/train_wgan.py:199:13
    |
197 |     latent_dim: int,
198 |     scaler: StandardScaler,
199 |     device: Optional[torch.device] = None,
    |             ^^^^^^^^^^^^^^^^^^^^^^
200 | ) -> np.ndarray:
201 |     """Draw n_samples from a trained generator, inverse-scaled to original units."""
    |
help: Convert to `X | None`

UP035 `typing.List` is deprecated, use `list` instead
  --> src/uais/nlp/nlp_utils.py:9:1
   |
 7 | from __future__ import annotations
 8 |
 9 | from typing import List, Tuple
   | ^^^^^^^^^^^^^^^^^^^^^^^^^^^^^^
10 |
11 | import pandas as pd
   |

UP035 `typing.Tuple` is deprecated, use `tuple` instead
  --> src/uais/nlp/nlp_utils.py:9:1
   |
 7 | from __future__ import annotations
 8 |
 9 | from typing import List, Tuple
   | ^^^^^^^^^^^^^^^^^^^^^^^^^^^^^^
10 |
11 | import pandas as pd
   |

UP006 Use `list` instead of `List` for type annotation
  --> src/uais/nlp/nlp_utils.py:15:35
   |
15 | def simple_train_val_split(texts: List[str], labels: List[int], test_size: float = 0.2, seed: int = 42) -> Tuple:
   |                                   ^^^^
16 |     """Small helper to split text/labels into train/val.
   |
help: Replace with `list`

UP006 Use `list` instead of `List` for type annotation
  --> src/uais/nlp/nlp_utils.py:15:54
   |
15 | def simple_train_val_split(texts: List[str], labels: List[int], test_size: float = 0.2, seed: int = 42) -> Tuple:
   |                                                      ^^^^
16 |     """Small helper to split text/labels into train/val.
   |
help: Replace with `list`

UP006 Use `tuple` instead of `Tuple` for type annotation
  --> src/uais/nlp/nlp_utils.py:15:108
   |
15 | def simple_train_val_split(texts: List[str], labels: List[int], test_size: float = 0.2, seed: int = 42) -> Tuple:
   |                                                                                                            ^^^^^
16 |     """Small helper to split text/labels into train/val.
   |
help: Replace with `tuple`

UP006 Use `tuple` instead of `Tuple` for type annotation
  --> src/uais/nlp/nlp_utils.py:25:89
   |
25 | def load_csv_text_label(path: str, text_col: str = "text", label_col: str = "label") -> Tuple[list[str], list[int]]:
   |                                                                                         ^^^^^
26 |     df = pd.read_csv(path)
27 |     if text_col not in df.columns or label_col not in df.columns:
   |
help: Replace with `tuple`

UP035 `typing.Dict` is deprecated, use `dict` instead
  --> src/uais/nlp/train_sentiment_model.py:9:1
   |
 7 | from __future__ import annotations
 8 |
 9 | from typing import Dict, List
   | ^^^^^^^^^^^^^^^^^^^^^^^^^^^^^
10 |
11 | from .train_transformer_text import train_transformer_text
   |

UP035 `typing.List` is deprecated, use `list` instead
  --> src/uais/nlp/train_sentiment_model.py:9:1
   |
 7 | from __future__ import annotations
 8 |
 9 | from typing import Dict, List
   | ^^^^^^^^^^^^^^^^^^^^^^^^^^^^^
10 |
11 | from .train_transformer_text import train_transformer_text
   |

UP006 Use `list` instead of `List` for type annotation
  --> src/uais/nlp/train_sentiment_model.py:15:12
   |
14 | def train_sentiment_model(
15 |     texts: List[str],
   |            ^^^^
16 |     labels: List[int],
17 |     model_name: str = "distilbert-base-uncased",
   |
help: Replace with `list`

UP006 Use `list` instead of `List` for type annotation
  --> src/uais/nlp/train_sentiment_model.py:16:13
   |
14 | def train_sentiment_model(
15 |     texts: List[str],
16 |     labels: List[int],
   |             ^^^^
17 |     model_name: str = "distilbert-base-uncased",
18 |     **kwargs: object,
   |
help: Replace with `list`

UP006 Use `dict` instead of `Dict` for type annotation
  --> src/uais/nlp/train_sentiment_model.py:19:6
   |
17 |     model_name: str = "distilbert-base-uncased",
18 |     **kwargs: object,
19 | ) -> Dict[str, float]:
   |      ^^^^
20 |     """Fine-tune DistilBERT for sentiment-based anomaly detection.
   |
help: Replace with `dict`

UP035 `typing.Dict` is deprecated, use `dict` instead
  --> src/uais/nlp/train_text_classifier.py:12:1
   |
10 | from dataclasses import dataclass
11 | from pathlib import Path
12 | from typing import Dict, Tuple
   | ^^^^^^^^^^^^^^^^^^^^^^^^^^^^^^
13 |
14 | import numpy as np
   |

UP035 `typing.Tuple` is deprecated, use `tuple` instead
  --> src/uais/nlp/train_text_classifier.py:12:1
   |
10 | from dataclasses import dataclass
11 | from pathlib import Path
12 | from typing import Dict, Tuple
   | ^^^^^^^^^^^^^^^^^^^^^^^^^^^^^^
13 |
14 | import numpy as np
   |

UP006 Use `tuple` instead of `Tuple` for type annotation
  --> src/uais/nlp/train_text_classifier.py:42:38
   |
42 | def _load_dataset(cfg: NLPConfig) -> Tuple[pd.Series, pd.Series]:
   |                                      ^^^^^
43 |     path = cfg.resolve_path()
44 |     df = pd.read_csv(path)
   |
help: Replace with `tuple`

UP006 Use `dict` instead of `Dict` for type annotation
  --> src/uais/nlp/train_text_classifier.py:53:44
   |
53 | def run_text_experiment(cfg: NLPConfig) -> Dict[str, float]:
   |                                            ^^^^
54 |     """Train a baseline TF-IDF + logistic regression model and return metrics."""
   |
help: Replace with `dict`

UP006 Use `dict` instead of `Dict` for type annotation
  --> src/uais/nlp/train_text_classifier.py:75:14
   |
73 |     y_pred = (y_prob >= 0.5).astype(int)
74 |
75 |     metrics: Dict[str, float] = {
   |              ^^^^
76 |         "roc_auc": float(roc_auc_score(y_test, y_prob)),
77 |         "accuracy": float(np.mean(y_pred == y_test)),
   |
help: Replace with `dict`

UP035 `typing.Dict` is deprecated, use `dict` instead
  --> src/uais/nlp/train_transformer_text.py:9:1
   |
 7 | from __future__ import annotations
 8 |
 9 | from typing import Dict, List
   | ^^^^^^^^^^^^^^^^^^^^^^^^^^^^^
10 |
11 | import torch
   |

UP035 `typing.List` is deprecated, use `list` instead
  --> src/uais/nlp/train_transformer_text.py:9:1
   |
 7 | from __future__ import annotations
 8 |
 9 | from typing import Dict, List
   | ^^^^^^^^^^^^^^^^^^^^^^^^^^^^^
10 |
11 | import torch
   |

UP006 Use `list` instead of `List` for type annotation
  --> src/uais/nlp/train_transformer_text.py:25:49
   |
24 | class _TextDataset(Dataset):
25 |     def __init__(self, encodings: dict, labels: List[int]) -> None:
   |                                                 ^^^^
26 |         self.encodings = encodings
27 |         self.labels = labels
   |
help: Replace with `list`

UP006 Use `list` instead of `List` for type annotation
  --> src/uais/nlp/train_transformer_text.py:50:12
   |
49 | def train_transformer_text(
50 |     texts: List[str],
   |            ^^^^
51 |     labels: List[int],
52 |     model_name: str = "distilbert-base-uncased",
   |
help: Replace with `list`

UP006 Use `list` instead of `List` for type annotation
  --> src/uais/nlp/train_transformer_text.py:51:13
   |
49 | def train_transformer_text(
50 |     texts: List[str],
51 |     labels: List[int],
   |             ^^^^
52 |     model_name: str = "distilbert-base-uncased",
53 |     max_length: int = 128,
   |
help: Replace with `list`

UP006 Use `dict` instead of `Dict` for type annotation
  --> src/uais/nlp/train_transformer_text.py:63:6
   |
61 |     seed: int = 42,
62 |     **_: object,
63 | ) -> Dict[str, float]:
   |      ^^^^
64 |     """Fine-tune a DistilBERT model for binary text classification.
   |
help: Replace with `dict`

UP035 `typing.List` is deprecated, use `list` instead
 --> src/uais/preprocessing/pipeline.py:5:1
  |
3 | from __future__ import annotations
4 |
5 | from typing import List
  | ^^^^^^^^^^^^^^^^^^^^^^^
6 |
7 | import numpy as np
  |

UP006 Use `list` instead of `List` for type annotation
  --> src/uais/preprocessing/pipeline.py:45:20
   |
43 |     transformers = []
44 |     if numeric_cols:
45 |         num_steps: List = [("imputer", SimpleImputer(strategy="median"))]
   |                    ^^^^
46 |         if scale:
47 |             num_steps.append(("scaler", StandardScaler()))
   |
help: Replace with `list`

UP035 `typing.Tuple` is deprecated, use `tuple` instead
 --> src/uais/recommender/rules.py:5:1
  |
3 | from __future__ import annotations
4 |
5 | from typing import Tuple
  | ^^^^^^^^^^^^^^^^^^^^^^^^
  |

UP006 Use `tuple` instead of `Tuple` for type annotation
  --> src/uais/recommender/rules.py:17:6
   |
15 |     med: float = 0.65,
16 |     lo: float = 0.50,
17 | ) -> Tuple[str, str]:
   |      ^^^^^
18 |     """Return (action, reason) based on score thresholds.
   |
help: Replace with `tuple`

UP035 `typing.Dict` is deprecated, use `dict` instead
  --> src/uais/sequence/ablation.py:18:1
   |
16 | import time
17 | from dataclasses import dataclass, field
18 | from typing import Dict, List, Optional
   | ^^^^^^^^^^^^^^^^^^^^^^^^^^^^^^^^^^^^^^^
19 |
20 | import numpy as np
   |

UP035 `typing.List` is deprecated, use `list` instead
  --> src/uais/sequence/ablation.py:18:1
   |
16 | import time
17 | from dataclasses import dataclass, field
18 | from typing import Dict, List, Optional
   | ^^^^^^^^^^^^^^^^^^^^^^^^^^^^^^^^^^^^^^^
19 |
20 | import numpy as np
   |

UP006 Use `list` instead of `List` for type annotation
  --> src/uais/sequence/ablation.py:41:18
   |
40 |     # Architectures to compare
41 |     model_types: List[str] = field(default_factory=lambda: ["lstm", "gru", "transformer", "tcn"])
   |                  ^^^^
42 |     # Hidden dimensions to sweep — tests capacity scaling
43 |     hidden_dims: List[int] = field(default_factory=lambda: [32, 64, 128])
   |
help: Replace with `list`

UP006 Use `list` instead of `List` for type annotation
  --> src/uais/sequence/ablation.py:43:18
   |
41 |     model_types: List[str] = field(default_factory=lambda: ["lstm", "gru", "transformer", "tcn"])
42 |     # Hidden dimensions to sweep — tests capacity scaling
43 |     hidden_dims: List[int] = field(default_factory=lambda: [32, 64, 128])
   |                  ^^^^
44 |     # Number of layers to sweep (for LSTM/GRU/Transformer)
45 |     num_layers_options: List[int] = field(default_factory=lambda: [1, 2])
   |
help: Replace with `list`

UP006 Use `list` instead of `List` for type annotation
  --> src/uais/sequence/ablation.py:45:25
   |
43 |     hidden_dims: List[int] = field(default_factory=lambda: [32, 64, 128])
44 |     # Number of layers to sweep (for LSTM/GRU/Transformer)
45 |     num_layers_options: List[int] = field(default_factory=lambda: [1, 2])
   |                         ^^^^
46 |
47 |     # Training hyperparameters (fixed across all ablation runs for fair comparison)
   |
help: Replace with `list`

UP045 Use `X | None` for type annotations
  --> src/uais/sequence/ablation.py:59:17
   |
58 |     # If True, save the results DataFrame to this path
59 |     output_csv: Optional[str] = None
   |                 ^^^^^^^^^^^^^
   |
help: Convert to `X | None`

UP006 Use `dict` instead of `Dict` for type annotation
  --> src/uais/sequence/ablation.py:75:6
   |
73 |     labels: np.ndarray,
74 |     cfg: AblationConfig,
75 | ) -> Dict[str, object]:
   |      ^^^^
76 |     """Train a single model variant and return its metrics + timing."""
77 |     t0 = time.time()
   |
help: Replace with `dict`

UP045 Use `X | None` for type annotations
   --> src/uais/sequence/ablation.py:170:10
    |
168 |     mask: np.ndarray,
169 |     labels: np.ndarray,
170 |     cfg: Optional[AblationConfig] = None,
    |          ^^^^^^^^^^^^^^^^^^^^^^^^
171 | ) -> pd.DataFrame:
172 |     """Run the full ablation grid and return results as a sorted DataFrame.
    |
help: Convert to `X | None`

UP006 Use `list` instead of `List` for type annotation
   --> src/uais/sequence/ablation.py:187:11
    |
185 |         cfg = AblationConfig()
186 |
187 |     rows: List[Dict] = []
    |           ^^^^
188 |     total = len(cfg.model_types) * len(cfg.hidden_dims) * len(cfg.num_layers_options)
189 |     run = 0
    |
help: Replace with `list`

UP006 Use `dict` instead of `Dict` for type annotation
   --> src/uais/sequence/ablation.py:187:16
    |
185 |         cfg = AblationConfig()
186 |
187 |     rows: List[Dict] = []
    |                ^^^^
188 |     total = len(cfg.model_types) * len(cfg.hidden_dims) * len(cfg.num_layers_options)
189 |     run = 0
    |
help: Replace with `dict`

UP035 `typing.List` is deprecated, use `list` instead
 --> src/uais/sequence/build_sequences.py:3:1
  |
1 | """Sequence building utilities."""
2 |
3 | from typing import List, Tuple
  | ^^^^^^^^^^^^^^^^^^^^^^^^^^^^^^
4 |
5 | import numpy as np
  |

UP035 `typing.Tuple` is deprecated, use `tuple` instead
 --> src/uais/sequence/build_sequences.py:3:1
  |
1 | """Sequence building utilities."""
2 |
3 | from typing import List, Tuple
  | ^^^^^^^^^^^^^^^^^^^^^^^^^^^^^^
4 |
5 | import numpy as np
  |

UP006 Use `tuple` instead of `Tuple` for type annotation
  --> src/uais/sequence/build_sequences.py:14:6
   |
12 |     time_column: str,
13 |     target_column: str,
14 | ) -> Tuple[List[np.ndarray], List[int]]:
   |      ^^^^^
15 |     """Group events by id and sort by time to produce variable-length sequences."""
16 |     sequences: List[np.ndarray] = []
   |
help: Replace with `tuple`

UP006 Use `list` instead of `List` for type annotation
  --> src/uais/sequence/build_sequences.py:14:12
   |
12 |     time_column: str,
13 |     target_column: str,
14 | ) -> Tuple[List[np.ndarray], List[int]]:
   |            ^^^^
15 |     """Group events by id and sort by time to produce variable-length sequences."""
16 |     sequences: List[np.ndarray] = []
   |
help: Replace with `list`

UP006 Use `list` instead of `List` for type annotation
  --> src/uais/sequence/build_sequences.py:14:30
   |
12 |     time_column: str,
13 |     target_column: str,
14 | ) -> Tuple[List[np.ndarray], List[int]]:
   |                              ^^^^
15 |     """Group events by id and sort by time to produce variable-length sequences."""
16 |     sequences: List[np.ndarray] = []
   |
help: Replace with `list`

UP006 Use `list` instead of `List` for type annotation
  --> src/uais/sequence/build_sequences.py:16:16
   |
14 | ) -> Tuple[List[np.ndarray], List[int]]:
15 |     """Group events by id and sort by time to produce variable-length sequences."""
16 |     sequences: List[np.ndarray] = []
   |                ^^^^
17 |     labels: List[int] = []
   |
help: Replace with `list`

UP006 Use `list` instead of `List` for type annotation
  --> src/uais/sequence/build_sequences.py:17:13
   |
15 |     """Group events by id and sort by time to produce variable-length sequences."""
16 |     sequences: List[np.ndarray] = []
17 |     labels: List[int] = []
   |             ^^^^
18 |
19 |     df = df.sort_values(time_column)
   |
help: Replace with `list`

UP006 Use `list` instead of `List` for type annotation
  --> src/uais/sequence/build_sequences.py:28:30
   |
28 | def pad_sequences(sequences: List[np.ndarray], max_len: int | None = None) -> Tuple[np.ndarray, np.ndarray]:
   |                              ^^^^
29 |     if not sequences:
30 |         return np.array([]), np.array([])
   |
help: Replace with `list`

UP006 Use `tuple` instead of `Tuple` for type annotation
  --> src/uais/sequence/build_sequences.py:28:79
   |
28 | def pad_sequences(sequences: List[np.ndarray], max_len: int | None = None) -> Tuple[np.ndarray, np.ndarray]:
   |                                                                               ^^^^^
29 |     if not sequences:
30 |         return np.array([]), np.array([])
   |
help: Replace with `tuple`

UP035 `typing.Dict` is deprecated, use `dict` instead
 --> src/uais/sequence/evaluate_sequence.py:3:1
  |
1 | """Evaluation helpers for sequence models."""
2 |
3 | from typing import Dict
  | ^^^^^^^^^^^^^^^^^^^^^^^
4 |
5 | import numpy as np
  |

UP006 Use `dict` instead of `Dict` for type annotation
  --> src/uais/sequence/evaluate_sequence.py:10:56
   |
10 | def evaluate_sequence_predictions(y_true, y_scores) -> Dict[str, float]:
   |                                                        ^^^^
11 |     y_true = np.asarray(y_true)
12 |     y_scores = np.asarray(y_scores)
   |
help: Replace with `dict`

UP035 `typing.Dict` is deprecated, use `dict` instead
  --> src/uais/sequence/train_gru.py:11:1
   |
 9 | import copy
10 | from dataclasses import dataclass
11 | from typing import Dict, List, Optional, Tuple
   | ^^^^^^^^^^^^^^^^^^^^^^^^^^^^^^^^^^^^^^^^^^^^^^
12 |
13 | import numpy as np
   |

UP035 `typing.List` is deprecated, use `list` instead
  --> src/uais/sequence/train_gru.py:11:1
   |
 9 | import copy
10 | from dataclasses import dataclass
11 | from typing import Dict, List, Optional, Tuple
   | ^^^^^^^^^^^^^^^^^^^^^^^^^^^^^^^^^^^^^^^^^^^^^^
12 |
13 | import numpy as np
   |

UP035 `typing.Tuple` is deprecated, use `tuple` instead
  --> src/uais/sequence/train_gru.py:11:1
   |
 9 | import copy
10 | from dataclasses import dataclass
11 | from typing import Dict, List, Optional, Tuple
   | ^^^^^^^^^^^^^^^^^^^^^^^^^^^^^^^^^^^^^^^^^^^^^^
12 |
13 | import numpy as np
   |

UP006 Use `tuple` instead of `Tuple` for type annotation
  --> src/uais/sequence/train_gru.py:50:40
   |
48 |         return len(self.labels)
49 |
50 |     def __getitem__(self, idx: int) -> Tuple[torch.Tensor, torch.Tensor, torch.Tensor]:
   |                                        ^^^^^
51 |         return self.sequences[idx], self.mask[idx], self.labels[idx]
   |
help: Replace with `tuple`

UP045 Use `X | None` for type annotations
  --> src/uais/sequence/train_gru.py:91:16
   |
89 |     loader: DataLoader,
90 |     criterion: nn.Module,
91 |     optimizer: Optional[torch.optim.Optimizer],
   |                ^^^^^^^^^^^^^^^^^^^^^^^^^^^^^^^
92 |     device: torch.device,
93 |     grad_clip: float,
   |
help: Convert to `X | None`

UP006 Use `tuple` instead of `Tuple` for type annotation
  --> src/uais/sequence/train_gru.py:95:6
   |
93 |     grad_clip: float,
94 |     training: bool,
95 | ) -> Tuple[float, np.ndarray, np.ndarray]:
   |      ^^^^^
96 |     model.train() if training else model.eval()
97 |     total_loss, all_probs, all_labels = 0.0, [], []
   |
help: Replace with `tuple`

UP045 Use `X | None` for type annotations
   --> src/uais/sequence/train_gru.py:123:10
    |
121 |     mask: np.ndarray,
122 |     labels: np.ndarray,
123 |     cfg: Optional[GRUConfig] = None,
    |          ^^^^^^^^^^^^^^^^^^^
124 |     config: Optional[Dict] = None,
125 | ) -> Tuple[GRUClassifier, Dict[str, float]]:
    |
help: Convert to `X | None`

UP045 Use `X | None` for type annotations
   --> src/uais/sequence/train_gru.py:124:13
    |
122 |     labels: np.ndarray,
123 |     cfg: Optional[GRUConfig] = None,
124 |     config: Optional[Dict] = None,
    |             ^^^^^^^^^^^^^^
125 | ) -> Tuple[GRUClassifier, Dict[str, float]]:
126 |     """Train a bidirectional GRU with early stopping.
    |
help: Convert to `X | None`

UP006 Use `dict` instead of `Dict` for type annotation
   --> src/uais/sequence/train_gru.py:124:22
    |
122 |     labels: np.ndarray,
123 |     cfg: Optional[GRUConfig] = None,
124 |     config: Optional[Dict] = None,
    |                      ^^^^
125 | ) -> Tuple[GRUClassifier, Dict[str, float]]:
126 |     """Train a bidirectional GRU with early stopping.
    |
help: Replace with `dict`

UP006 Use `tuple` instead of `Tuple` for type annotation
   --> src/uais/sequence/train_gru.py:125:6
    |
123 |     cfg: Optional[GRUConfig] = None,
124 |     config: Optional[Dict] = None,
125 | ) -> Tuple[GRUClassifier, Dict[str, float]]:
    |      ^^^^^
126 |     """Train a bidirectional GRU with early stopping.
    |
help: Replace with `tuple`

UP006 Use `dict` instead of `Dict` for type annotation
   --> src/uais/sequence/train_gru.py:125:27
    |
123 |     cfg: Optional[GRUConfig] = None,
124 |     config: Optional[Dict] = None,
125 | ) -> Tuple[GRUClassifier, Dict[str, float]]:
    |                           ^^^^
126 |     """Train a bidirectional GRU with early stopping.
    |
help: Replace with `dict`

UP006 Use `dict` instead of `Dict` for type annotation
   --> src/uais/sequence/train_gru.py:158:14
    |
157 |     best_auroc, best_state, patience_left = -1.0, None, cfg.patience
158 |     history: Dict[str, List[float]] = {"train_loss": [], "val_loss": [], "val_auroc": []}
    |              ^^^^
159 |
160 |     for epoch in range(cfg.epochs):
    |
help: Replace with `dict`

UP006 Use `list` instead of `List` for type annotation
   --> src/uais/sequence/train_gru.py:158:24
    |
157 |     best_auroc, best_state, patience_left = -1.0, None, cfg.patience
158 |     history: Dict[str, List[float]] = {"train_loss": [], "val_loss": [], "val_auroc": []}
    |                        ^^^^
159 |
160 |     for epoch in range(cfg.epochs):
    |
help: Replace with `list`

UP035 `typing.Dict` is deprecated, use `dict` instead
  --> src/uais/sequence/train_lstm.py:14:1
   |
12 | import copy
13 | from dataclasses import dataclass
14 | from typing import Dict, List, Optional, Tuple
   | ^^^^^^^^^^^^^^^^^^^^^^^^^^^^^^^^^^^^^^^^^^^^^^
15 |
16 | import numpy as np
   |

UP035 `typing.List` is deprecated, use `list` instead
  --> src/uais/sequence/train_lstm.py:14:1
   |
12 | import copy
13 | from dataclasses import dataclass
14 | from typing import Dict, List, Optional, Tuple
   | ^^^^^^^^^^^^^^^^^^^^^^^^^^^^^^^^^^^^^^^^^^^^^^
15 |
16 | import numpy as np
   |

UP035 `typing.Tuple` is deprecated, use `tuple` instead
  --> src/uais/sequence/train_lstm.py:14:1
   |
12 | import copy
13 | from dataclasses import dataclass
14 | from typing import Dict, List, Optional, Tuple
   | ^^^^^^^^^^^^^^^^^^^^^^^^^^^^^^^^^^^^^^^^^^^^^^
15 |
16 | import numpy as np
   |

UP006 Use `tuple` instead of `Tuple` for type annotation
  --> src/uais/sequence/train_lstm.py:53:40
   |
51 |         return len(self.labels)
52 |
53 |     def __getitem__(self, idx: int) -> Tuple[torch.Tensor, torch.Tensor, torch.Tensor]:
   |                                        ^^^^^
54 |         return self.sequences[idx], self.mask[idx], self.labels[idx]
   |
help: Replace with `tuple`

UP045 Use `X | None` for type annotations
  --> src/uais/sequence/train_lstm.py:95:16
   |
93 |     loader: DataLoader,
94 |     criterion: nn.Module,
95 |     optimizer: Optional[torch.optim.Optimizer],
   |                ^^^^^^^^^^^^^^^^^^^^^^^^^^^^^^^
96 |     device: torch.device,
97 |     grad_clip: float,
   |
help: Convert to `X | None`

UP006 Use `tuple` instead of `Tuple` for type annotation
   --> src/uais/sequence/train_lstm.py:99:6
    |
 97 |     grad_clip: float,
 98 |     training: bool,
 99 | ) -> Tuple[float, np.ndarray, np.ndarray]:
    |      ^^^^^
100 |     model.train() if training else model.eval()
101 |     total_loss, all_probs, all_labels = 0.0, [], []
    |
help: Replace with `tuple`

UP045 Use `X | None` for type annotations
   --> src/uais/sequence/train_lstm.py:127:10
    |
125 |     mask: np.ndarray,
126 |     labels: np.ndarray,
127 |     cfg: Optional[LSTMConfig] = None,
    |          ^^^^^^^^^^^^^^^^^^^^
128 |     # Legacy dict-based config still accepted for backward compat
129 |     config: Optional[Dict] = None,
    |
help: Convert to `X | None`

UP045 Use `X | None` for type annotations
   --> src/uais/sequence/train_lstm.py:129:13
    |
127 |     cfg: Optional[LSTMConfig] = None,
128 |     # Legacy dict-based config still accepted for backward compat
129 |     config: Optional[Dict] = None,
    |             ^^^^^^^^^^^^^^
130 | ) -> Tuple[LSTMClassifier, Dict[str, float]]:
131 |     """Train a bidirectional LSTM with early stopping.
    |
help: Convert to `X | None`

UP006 Use `dict` instead of `Dict` for type annotation
   --> src/uais/sequence/train_lstm.py:129:22
    |
127 |     cfg: Optional[LSTMConfig] = None,
128 |     # Legacy dict-based config still accepted for backward compat
129 |     config: Optional[Dict] = None,
    |                      ^^^^
130 | ) -> Tuple[LSTMClassifier, Dict[str, float]]:
131 |     """Train a bidirectional LSTM with early stopping.
    |
help: Replace with `dict`

UP006 Use `tuple` instead of `Tuple` for type annotation
   --> src/uais/sequence/train_lstm.py:130:6
    |
128 |     # Legacy dict-based config still accepted for backward compat
129 |     config: Optional[Dict] = None,
130 | ) -> Tuple[LSTMClassifier, Dict[str, float]]:
    |      ^^^^^
131 |     """Train a bidirectional LSTM with early stopping.
    |
help: Replace with `tuple`

UP006 Use `dict` instead of `Dict` for type annotation
   --> src/uais/sequence/train_lstm.py:130:28
    |
128 |     # Legacy dict-based config still accepted for backward compat
129 |     config: Optional[Dict] = None,
130 | ) -> Tuple[LSTMClassifier, Dict[str, float]]:
    |                            ^^^^
131 |     """Train a bidirectional LSTM with early stopping.
    |
help: Replace with `dict`

UP006 Use `dict` instead of `Dict` for type annotation
   --> src/uais/sequence/train_lstm.py:165:14
    |
164 |     best_auroc, best_state, patience_left = -1.0, None, cfg.patience
165 |     history: Dict[str, List[float]] = {"train_loss": [], "val_loss": [], "val_auroc": []}
    |              ^^^^
166 |
167 |     for epoch in range(cfg.epochs):
    |
help: Replace with `dict`

UP006 Use `list` instead of `List` for type annotation
   --> src/uais/sequence/train_lstm.py:165:24
    |
164 |     best_auroc, best_state, patience_left = -1.0, None, cfg.patience
165 |     history: Dict[str, List[float]] = {"train_loss": [], "val_loss": [], "val_auroc": []}
    |                        ^^^^
166 |
167 |     for epoch in range(cfg.epochs):
    |
help: Replace with `list`

UP035 `typing.Dict` is deprecated, use `dict` instead
  --> src/uais/sequence/transformer_tcn.py:15:1
   |
13 | import copy
14 | from dataclasses import dataclass
15 | from typing import Dict, List, Optional, Tuple
   | ^^^^^^^^^^^^^^^^^^^^^^^^^^^^^^^^^^^^^^^^^^^^^^
16 |
17 | import numpy as np
   |

UP035 `typing.List` is deprecated, use `list` instead
  --> src/uais/sequence/transformer_tcn.py:15:1
   |
13 | import copy
14 | from dataclasses import dataclass
15 | from typing import Dict, List, Optional, Tuple
   | ^^^^^^^^^^^^^^^^^^^^^^^^^^^^^^^^^^^^^^^^^^^^^^
16 |
17 | import numpy as np
   |

UP035 `typing.Tuple` is deprecated, use `tuple` instead
  --> src/uais/sequence/transformer_tcn.py:15:1
   |
13 | import copy
14 | from dataclasses import dataclass
15 | from typing import Dict, List, Optional, Tuple
   | ^^^^^^^^^^^^^^^^^^^^^^^^^^^^^^^^^^^^^^^^^^^^^^
16 |
17 | import numpy as np
   |

UP045 Use `X | None` for type annotations
  --> src/uais/sequence/transformer_tcn.py:47:73
   |
46 | class SequenceDataset(Dataset):
47 |     def __init__(self, sequences: np.ndarray, labels: np.ndarray, mask: Optional[np.ndarray] = None) -> None:
   |                                                                         ^^^^^^^^^^^^^^^^^^^^
48 |         self.sequences = torch.tensor(sequences, dtype=torch.float32)
49 |         self.labels = torch.tensor(labels, dtype=torch.float32)
   |
help: Convert to `X | None`

UP006 Use `tuple` instead of `Tuple` for type annotation
  --> src/uais/sequence/transformer_tcn.py:58:40
   |
56 |         return len(self.labels)
57 |
58 |     def __getitem__(self, idx: int) -> Tuple[torch.Tensor, torch.Tensor, torch.Tensor]:
   |                                        ^^^^^
59 |         return self.sequences[idx], self.mask[idx], self.labels[idx]
   |
help: Replace with `tuple`

UP045 Use `X | None` for type annotations
  --> src/uais/sequence/transformer_tcn.py:87:46
   |
85 |         self.fc = nn.Linear(hidden_dim, 1)
86 |
87 |     def forward(self, x: torch.Tensor, mask: Optional[torch.Tensor] = None) -> torch.Tensor:
   |                                              ^^^^^^^^^^^^^^^^^^^^^^
88 |         x = self.proj(x)  # (batch, seq, hidden_dim)
89 |         # src_key_padding_mask: True where the token should be ignored (i.e. padding)
   |
help: Convert to `X | None`

UP045 Use `X | None` for type annotations
   --> src/uais/sequence/transformer_tcn.py:134:46
    |
132 |         self.fc = nn.Linear(hidden_dim, 1)
133 |
134 |     def forward(self, x: torch.Tensor, mask: Optional[torch.Tensor] = None) -> torch.Tensor:
    |                                              ^^^^^^^^^^^^^^^^^^^^^^
135 |         # x: (batch, seq, feat) → (batch, feat, seq) for Conv1d
136 |         out = x.transpose(1, 2)
    |
help: Convert to `X | None`

UP045 Use `X | None` for type annotations
   --> src/uais/sequence/transformer_tcn.py:156:16
    |
154 |     loader: DataLoader,
155 |     criterion: nn.Module,
156 |     optimizer: Optional[torch.optim.Optimizer],
    |                ^^^^^^^^^^^^^^^^^^^^^^^^^^^^^^^
157 |     device: torch.device,
158 |     grad_clip: float,
    |
help: Convert to `X | None`

UP006 Use `tuple` instead of `Tuple` for type annotation
   --> src/uais/sequence/transformer_tcn.py:160:6
    |
158 |     grad_clip: float,
159 |     training: bool,
160 | ) -> Tuple[float, np.ndarray, np.ndarray]:
    |      ^^^^^
161 |     model.train() if training else model.eval()
162 |     total_loss, all_probs, all_labels = 0.0, [], []
    |
help: Replace with `tuple`

UP045 Use `X | None` for type annotations
   --> src/uais/sequence/transformer_tcn.py:187:10
    |
185 |     sequences: np.ndarray,
186 |     labels: np.ndarray,
187 |     cfg: Optional[SequenceModelConfig] = None,
    |          ^^^^^^^^^^^^^^^^^^^^^^^^^^^^^
188 |     mask: Optional[np.ndarray] = None,
189 |     # Legacy dict-based config still accepted
    |
help: Convert to `X | None`

UP045 Use `X | None` for type annotations
   --> src/uais/sequence/transformer_tcn.py:188:11
    |
186 |     labels: np.ndarray,
187 |     cfg: Optional[SequenceModelConfig] = None,
188 |     mask: Optional[np.ndarray] = None,
    |           ^^^^^^^^^^^^^^^^^^^^
189 |     # Legacy dict-based config still accepted
190 |     config: Optional[Dict] = None,
    |
help: Convert to `X | None`

UP045 Use `X | None` for type annotations
   --> src/uais/sequence/transformer_tcn.py:190:13
    |
188 |     mask: Optional[np.ndarray] = None,
189 |     # Legacy dict-based config still accepted
190 |     config: Optional[Dict] = None,
    |             ^^^^^^^^^^^^^^
191 |     model_type: str = "transformer",
192 | ) -> Tuple[nn.Module, Dict[str, float]]:
    |
help: Convert to `X | None`

UP006 Use `dict` instead of `Dict` for type annotation
   --> src/uais/sequence/transformer_tcn.py:190:22
    |
188 |     mask: Optional[np.ndarray] = None,
189 |     # Legacy dict-based config still accepted
190 |     config: Optional[Dict] = None,
    |                      ^^^^
191 |     model_type: str = "transformer",
192 | ) -> Tuple[nn.Module, Dict[str, float]]:
    |
help: Replace with `dict`

UP006 Use `tuple` instead of `Tuple` for type annotation
   --> src/uais/sequence/transformer_tcn.py:192:6
    |
190 |     config: Optional[Dict] = None,
191 |     model_type: str = "transformer",
192 | ) -> Tuple[nn.Module, Dict[str, float]]:
    |      ^^^^^
193 |     """Train a Transformer or TCN sequence classifier with early stopping.
    |
help: Replace with `tuple`

UP006 Use `dict` instead of `Dict` for type annotation
   --> src/uais/sequence/transformer_tcn.py:192:23
    |
190 |     config: Optional[Dict] = None,
191 |     model_type: str = "transformer",
192 | ) -> Tuple[nn.Module, Dict[str, float]]:
    |                       ^^^^
193 |     """Train a Transformer or TCN sequence classifier with early stopping.
    |
help: Replace with `dict`

UP006 Use `dict` instead of `Dict` for type annotation
   --> src/uais/sequence/transformer_tcn.py:229:14
    |
228 |     best_auroc, best_state, patience_left = -1.0, None, cfg.patience
229 |     history: Dict[str, List[float]] = {"train_loss": [], "val_loss": [], "val_auroc": []}
    |              ^^^^
230 |
231 |     for epoch in range(cfg.epochs):
    |
help: Replace with `dict`

UP006 Use `list` instead of `List` for type annotation
   --> src/uais/sequence/transformer_tcn.py:229:24
    |
228 |     best_auroc, best_state, patience_left = -1.0, None, cfg.patience
229 |     history: Dict[str, List[float]] = {"train_loss": [], "val_loss": [], "val_auroc": []}
    |                        ^^^^
230 |
231 |     for epoch in range(cfg.epochs):
    |
help: Replace with `list`

UP045 Use `X | None` for type annotations
   --> src/uais/sequence/transformer_tcn.py:276:11
    |
274 |     model: nn.Module,
275 |     sequences: np.ndarray,
276 |     mask: Optional[np.ndarray] = None,
    |           ^^^^^^^^^^^^^^^^^^^^
277 | ) -> np.ndarray:
278 |     if mask is None:
    |
help: Convert to `X | None`

UP035 `typing.Dict` is deprecated, use `dict` instead
 --> src/uais/supervised/evaluate_supervised.py:3:1
  |
1 | """Evaluation utilities for supervised models."""
2 |
3 | from typing import Dict, Tuple
  | ^^^^^^^^^^^^^^^^^^^^^^^^^^^^^^
4 |
5 | import numpy as np
  |

UP035 `typing.Tuple` is deprecated, use `tuple` instead
 --> src/uais/supervised/evaluate_supervised.py:3:1
  |
1 | """Evaluation utilities for supervised models."""
2 |
3 | from typing import Dict, Tuple
  | ^^^^^^^^^^^^^^^^^^^^^^^^^^^^^^
4 |
5 | import numpy as np
  |

UP006 Use `tuple` instead of `Tuple` for type annotation
  --> src/uais/supervised/evaluate_supervised.py:11:41
   |
11 | def evaluate_supervised(model, X, y) -> Tuple[Dict[str, float], np.ndarray]:
   |                                         ^^^^^
12 |     y_pred = model.predict(X)
13 |     y_proba = None
   |
help: Replace with `tuple`

UP006 Use `dict` instead of `Dict` for type annotation
  --> src/uais/supervised/evaluate_supervised.py:11:47
   |
11 | def evaluate_supervised(model, X, y) -> Tuple[Dict[str, float], np.ndarray]:
   |                                               ^^^^
12 |     y_pred = model.predict(X)
13 |     y_proba = None
   |
help: Replace with `dict`

UP035 `typing.Dict` is deprecated, use `dict` instead
 --> src/uais/supervised/train_cyber_supervised.py:2:1
  |
1 | from dataclasses import dataclass
2 | from typing import Dict, Literal, Tuple
  | ^^^^^^^^^^^^^^^^^^^^^^^^^^^^^^^^^^^^^^^
3 |
4 | import numpy as np
  |

UP035 `typing.Tuple` is deprecated, use `tuple` instead
 --> src/uais/supervised/train_cyber_supervised.py:2:1
  |
1 | from dataclasses import dataclass
2 | from typing import Dict, Literal, Tuple
  | ^^^^^^^^^^^^^^^^^^^^^^^^^^^^^^^^^^^^^^^
3 |
4 | import numpy as np
  |

UP006 Use `tuple` instead of `Tuple` for type annotation
  --> src/uais/supervised/train_cyber_supervised.py:92:6
   |
90 |     config: CyberModelConfig,
91 |     use_pipeline: bool = False,
92 | ) -> Tuple[object, Dict[str, float]]:
   |      ^^^^^
93 |     """Train a supervised cyber intrusion model and return model + validation metrics."""
94 |     model = _build_model(config)
   |
help: Replace with `tuple`

UP006 Use `dict` instead of `Dict` for type annotation
  --> src/uais/supervised/train_cyber_supervised.py:92:20
   |
90 |     config: CyberModelConfig,
91 |     use_pipeline: bool = False,
92 | ) -> Tuple[object, Dict[str, float]]:
   |                    ^^^^
93 |     """Train a supervised cyber intrusion model and return model + validation metrics."""
94 |     model = _build_model(config)
   |
help: Replace with `dict`

UP006 Use `tuple` instead of `Tuple` for type annotation
   --> src/uais/supervised/train_cyber_supervised.py:122:6
    |
120 |     n_splits: int = 3,
121 |     random_state: int = 42,
122 | ) -> Tuple[list[object], Dict[str, float]]:
    |      ^^^^^
123 |     """Stratified K-fold training; keep n_splits modest to bound compute time."""
124 |     skf = StratifiedKFold(n_splits=n_splits, shuffle=True, random_state=random_state)
    |
help: Replace with `tuple`

UP006 Use `dict` instead of `Dict` for type annotation
   --> src/uais/supervised/train_cyber_supervised.py:122:26
    |
120 |     n_splits: int = 3,
121 |     random_state: int = 42,
122 | ) -> Tuple[list[object], Dict[str, float]]:
    |                          ^^^^
123 |     """Stratified K-fold training; keep n_splits modest to bound compute time."""
124 |     skf = StratifiedKFold(n_splits=n_splits, shuffle=True, random_state=random_state)
    |
help: Replace with `dict`

UP035 `typing.Dict` is deprecated, use `dict` instead
 --> src/uais/supervised/train_fraud_supervised.py:6:1
  |
5 | from dataclasses import dataclass
6 | from typing import Any, Dict, Tuple
  | ^^^^^^^^^^^^^^^^^^^^^^^^^^^^^^^^^^^
7 |
8 | import numpy as np
  |

UP035 `typing.Tuple` is deprecated, use `tuple` instead
 --> src/uais/supervised/train_fraud_supervised.py:6:1
  |
5 | from dataclasses import dataclass
6 | from typing import Any, Dict, Tuple
  | ^^^^^^^^^^^^^^^^^^^^^^^^^^^^^^^^^^^
7 |
8 | import numpy as np
  |

UP006 Use `tuple` instead of `Tuple` for type annotation
  --> src/uais/supervised/train_fraud_supervised.py:97:6
   |
95 |     config: FraudModelConfig,
96 |     use_pipeline: bool = True,
97 | ) -> Tuple[Any, Dict[str, float]]:
   |      ^^^^^
98 |     """Train a supervised fraud model and return model + validation metrics."""
99 |     model = _build_model(config)
   |
help: Replace with `tuple`

UP006 Use `dict` instead of `Dict` for type annotation
  --> src/uais/supervised/train_fraud_supervised.py:97:17
   |
95 |     config: FraudModelConfig,
96 |     use_pipeline: bool = True,
97 | ) -> Tuple[Any, Dict[str, float]]:
   |                 ^^^^
98 |     """Train a supervised fraud model and return model + validation metrics."""
99 |     model = _build_model(config)
   |
help: Replace with `dict`

UP006 Use `tuple` instead of `Tuple` for type annotation
   --> src/uais/supervised/train_fraud_supervised.py:140:6
    |
138 |     random_state: int = 42,
139 |     use_pipeline: bool | None = None,
140 | ) -> Tuple[list[Any], Dict[str, float]]:
    |      ^^^^^
141 |     """Stratified K-fold training for stability; uses low n_splits to limit budget."""
142 |     skf = StratifiedKFold(n_splits=n_splits, shuffle=True, random_state=random_state)
    |
help: Replace with `tuple`

UP006 Use `dict` instead of `Dict` for type annotation
   --> src/uais/supervised/train_fraud_supervised.py:140:23
    |
138 |     random_state: int = 42,
139 |     use_pipeline: bool | None = None,
140 | ) -> Tuple[list[Any], Dict[str, float]]:
    |                       ^^^^
141 |     """Stratified K-fold training for stability; uses low n_splits to limit budget."""
142 |     skf = StratifiedKFold(n_splits=n_splits, shuffle=True, random_state=random_state)
    |
help: Replace with `dict`

UP035 `typing.Dict` is deprecated, use `dict` instead
 --> src/uais/utils/config_loader.py:6:1
  |
5 | from pathlib import Path
6 | from typing import Any, Dict
  | ^^^^^^^^^^^^^^^^^^^^^^^^^^^^
7 |
8 | import yaml
  |

UP006 Use `dict` instead of `Dict` for type annotation
  --> src/uais/utils/config_loader.py:11:36
   |
11 | def load_yaml(path: str | Path) -> Dict[str, Any]:
   |                                    ^^^^
12 |     p = Path(path)
13 |     if not p.exists():
   |
help: Replace with `dict`

UP035 `typing.Dict` is deprecated, use `dict` instead
 --> src/uais/utils/metrics.py:5:1
  |
3 | from __future__ import annotations
4 |
5 | from typing import Dict
  | ^^^^^^^^^^^^^^^^^^^^^^^
6 |
7 | import numpy as np
  |

UP006 Use `dict` instead of `Dict` for type annotation
  --> src/uais/utils/metrics.py:33:96
   |
33 | def detection_rate_at_fpr(y_true: np.ndarray, y_prob: np.ndarray, target_fpr: float = 0.01) -> Dict[str, float]:
   |                                                                                                ^^^^
34 |     y_true = np.asarray(y_true)
35 |     y_prob = np.asarray(y_prob)
   |
help: Replace with `dict`

UP006 Use `dict` instead of `Dict` for type annotation
  --> src/uais/utils/metrics.py:47:96
   |
47 | def _compute_from_pred_and_prob(y_true: np.ndarray, y_pred: np.ndarray, y_prob: np.ndarray) -> Dict[str, float]:
   |                                                                                                ^^^^
48 |     scores: Dict[str, float] = {}
49 |     try:
   |
help: Replace with `dict`

UP006 Use `dict` instead of `Dict` for type annotation
  --> src/uais/utils/metrics.py:48:13
   |
47 | def _compute_from_pred_and_prob(y_true: np.ndarray, y_pred: np.ndarray, y_prob: np.ndarray) -> Dict[str, float]:
48 |     scores: Dict[str, float] = {}
   |             ^^^^
49 |     try:
50 |         scores["roc_auc"] = metrics.roc_auc_score(y_true, y_prob)
   |
help: Replace with `dict`

UP006 Use `dict` instead of `Dict` for type annotation
  --> src/uais/utils/metrics.py:88:103
   |
88 | def compute_classification_metrics(y_true: np.ndarray, y_prob: np.ndarray, threshold: float = 0.5) -> Dict[str, float]:
   |                                                                                                       ^^^^
89 |     y_true = np.asarray(y_true)
90 |     y_prob = np.asarray(y_prob)
   |
help: Replace with `dict`

UP006 Use `dict` instead of `Dict` for type annotation
   --> src/uais/utils/metrics.py:107:6
    |
105 |     y_prob: np.ndarray | float | None = None,
106 |     threshold: float = 0.5,
107 | ) -> Dict[str, float]:
    |      ^^^^
108 |     """Backward-compatible wrapper for mixed call signatures."""
109 |     y_true = np.asarray(y_true)
    |
help: Replace with `dict`

UP006 Use `dict` instead of `Dict` for type annotation
   --> src/uais/utils/metrics.py:170:6
    |
168 |     max_brier_delta: float = 0.05,
169 |     n_bins: int = 10,
170 | ) -> Dict[str, object]:
    |      ^^^^
171 |     """Compare deployment calibration against a reference window.
    |
help: Replace with `dict`

UP006 Use `dict` instead of `Dict` for type annotation
   --> src/uais/utils/metrics.py:217:6
    |
215 |     fire_decisions: np.ndarray,
216 |     margin_epsilon: float = 0.0,
217 | ) -> Dict[str, float | bool]:
    |      ^^^^
218 |     """Empirical certificate for when a reliability switch is preferable.
    |
help: Replace with `dict`

UP006 Use `dict` instead of `Dict` for type annotation
   --> src/uais/utils/metrics.py:282:6
    |
280 |     alpha: float = 0.05,
281 |     random_state: int = 42,
282 | ) -> Dict[str, float]:
    |      ^^^^
283 |     """Bootstrap a 1-alpha confidence interval for any (y_true, y_score) metric.
    |
help: Replace with `dict`

UP006 Use `dict` instead of `Dict` for type annotation
   --> src/uais/utils/metrics.py:312:45
    |
312 | def aggregate_cv_metrics(per_fold: list) -> Dict[str, Dict[str, float]]:
    |                                             ^^^^
313 |     """Aggregate per-fold metric dicts into mean/std/95% CI across folds.
    |
help: Replace with `dict`

UP006 Use `dict` instead of `Dict` for type annotation
   --> src/uais/utils/metrics.py:312:55
    |
312 | def aggregate_cv_metrics(per_fold: list) -> Dict[str, Dict[str, float]]:
    |                                                       ^^^^
313 |     """Aggregate per-fold metric dicts into mean/std/95% CI across folds.
    |
help: Replace with `dict`

UP006 Use `dict` instead of `Dict` for type annotation
   --> src/uais/utils/metrics.py:321:10
    |
319 |         return {}
320 |     keys = set().union(*per_fold)
321 |     out: Dict[str, Dict[str, float]] = {}
    |          ^^^^
322 |     for k in keys:
323 |         vals = []
    |
help: Replace with `dict`

UP006 Use `dict` instead of `Dict` for type annotation
   --> src/uais/utils/metrics.py:321:20
    |
319 |         return {}
320 |     keys = set().union(*per_fold)
321 |     out: Dict[str, Dict[str, float]] = {}
    |                    ^^^^
322 |     for k in keys:
323 |         vals = []
    |
help: Replace with `dict`

UP006 Use `dict` instead of `Dict` for type annotation
   --> src/uais/utils/metrics.py:351:19
    |
350 | def flag_suspicious_performance(
351 |     metrics_dict: Dict[str, float], auc_threshold: float = 0.99, f1_threshold: float = 0.99
    |                   ^^^^
352 | ) -> Dict[str, bool]:
353 |     """Detect suspiciously-perfect metric values that often indicate leakage.
    |
help: Replace with `dict`

UP006 Use `dict` instead of `Dict` for type annotation
   --> src/uais/utils/metrics.py:352:6
    |
350 | def flag_suspicious_performance(
351 |     metrics_dict: Dict[str, float], auc_threshold: float = 0.99, f1_threshold: float = 0.99
352 | ) -> Dict[str, bool]:
    |      ^^^^
353 |     """Detect suspiciously-perfect metric values that often indicate leakage.
    |
help: Replace with `dict`

UP035 `typing.Dict` is deprecated, use `dict` instead
 --> src/uais/utils/mlflow_utils.py:6:1
  |
5 | from pathlib import Path
6 | from typing import Dict
  | ^^^^^^^^^^^^^^^^^^^^^^^
7 |
8 | try:
  |

UP006 Use `dict` instead of `Dict` for type annotation
  --> src/uais/utils/mlflow_utils.py:20:68
   |
20 | def load_mlflow_settings(config_path: str | Path | None = None) -> Dict[str, str]:
   |                                                                    ^^^^
21 |     """Load tracking URI and experiment name from YAML."""
22 |     path = Path(config_path) if config_path else PROJECT_ROOT / "mlflow_config.yaml"
   |
help: Replace with `dict`

UP006 Use `dict` instead of `Dict` for type annotation
  --> src/uais/utils/mlflow_utils.py:51:21
   |
51 | def log_run(params: Dict[str, float] | None, metrics: Dict[str, float]) -> None:
   |                     ^^^^
52 |     """Log parameters and metrics to MLflow inside a single run."""
53 |     if not _MLFLOW_AVAILABLE:
   |
help: Replace with `dict`

UP006 Use `dict` instead of `Dict` for type annotation
  --> src/uais/utils/mlflow_utils.py:51:55
   |
51 | def log_run(params: Dict[str, float] | None, metrics: Dict[str, float]) -> None:
   |                                                       ^^^^
52 |     """Log parameters and metrics to MLflow inside a single run."""
53 |     if not _MLFLOW_AVAILABLE:
   |
help: Replace with `dict`

UP035 `typing.Dict` is deprecated, use `dict` instead
 --> src/uais/utils/paths.py:4:1
  |
3 | from pathlib import Path
4 | from typing import Dict
  | ^^^^^^^^^^^^^^^^^^^^^^^
5 |
6 | PROJECT_ROOT = Path(__file__).resolve().parents[2]
  |

UP006 Use `dict` instead of `Dict` for type annotation
  --> src/uais/utils/paths.py:22:34
   |
22 | def domain_paths(domain: str) -> Dict[str, Path]:
   |                                  ^^^^
23 |     """Return resolved paths for a given domain (fraud/cyber/behavior/fusion)."""
24 |     ensure_directories()
   |
help: Replace with `dict`

C416 Unnecessary dict comprehension (rewrite using `dict()`)
  --> src/uais/utils/result_aggregation.py:84:15
   |
82 |     for key_tuple in sorted(grouped, key=lambda item: tuple(str(x) for x in item)):
83 |         group_rows = grouped[key_tuple]
84 |         out = {key: value for key, value in zip(group_keys, key_tuple)}
   |               ^^^^^^^^^^^^^^^^^^^^^^^^^^^^^^^^^^^^^^^^^^^^^^^^^^^^^^^^^
85 |         seeds = {row.get("seed") for row in group_rows if row.get("seed") is not None}
86 |         out["n_seeds"] = len(seeds) if seeds else len(group_rows)
   |
help: Rewrite using `dict()`

UP035 `typing.Tuple` is deprecated, use `tuple` instead
 --> src/uais/utils/runtime.py:6:1
  |
5 | import time
6 | from typing import Any, Callable, Tuple
  | ^^^^^^^^^^^^^^^^^^^^^^^^^^^^^^^^^^^^^^^
  |

UP006 Use `tuple` instead of `Tuple` for type annotation
  --> src/uais/utils/runtime.py:9:50
   |
 9 | def time_block(fn: Callable, *args, **kwargs) -> Tuple[float, Any]:
   |                                                  ^^^^^
10 |     """Measure wall time of a function call."""
11 |     start = time.perf_counter()
   |
help: Replace with `tuple`

UP035 `typing.Tuple` is deprecated, use `tuple` instead
 --> src/uais/utils/stats.py:5:1
  |
3 | from __future__ import annotations
4 |
5 | from typing import Callable, Tuple
  | ^^^^^^^^^^^^^^^^^^^^^^^^^^^^^^^^^^
6 |
7 | import numpy as np
  |

UP006 Use `tuple` instead of `Tuple` for type annotation
  --> src/uais/utils/stats.py:26:80
   |
26 | def _auc_structural_components(predictions: np.ndarray, labels: np.ndarray) -> Tuple[float, np.ndarray, np.ndarray]:
   |                                                                                ^^^^^
27 |     pos = predictions[labels == 1]
28 |     neg = predictions[labels == 0]
   |
help: Replace with `tuple`

UP006 Use `tuple` instead of `Tuple` for type annotation
  --> src/uais/utils/stats.py:39:66
   |
39 | def _fast_delong(predictions: np.ndarray, labels: np.ndarray) -> Tuple[float, float]:
   |                                                                  ^^^^^
40 |     predictions = np.asarray(predictions, dtype=float).ravel()
41 |     labels = np.asarray(labels).ravel()
   |
help: Replace with `tuple`

UP006 Use `tuple` instead of `Tuple` for type annotation
  --> src/uais/utils/stats.py:87:6
   |
85 |     alpha: float = 0.05,
86 |     random_state: int = 42,
87 | ) -> Tuple[float, float]:
   |      ^^^^^
88 |     """Compute bootstrap confidence interval for a metric.
   |
help: Replace with `tuple`

UP035 `typing.Dict` is deprecated, use `dict` instead
  --> src/uais/vision/train_autoencoder_vision.py:12:1
   |
10 | from dataclasses import dataclass
11 | from pathlib import Path
12 | from typing import Dict
   | ^^^^^^^^^^^^^^^^^^^^^^^
13 |
14 | import numpy as np
   |

UP006 Use `dict` instead of `Dict` for type annotation
   --> src/uais/vision/train_autoencoder_vision.py:116:6
    |
114 |     seed: int = 42,
115 |     **_: object,
116 | ) -> Dict[str, float]:
    |      ^^^^
117 |     """Train a convolutional autoencoder and return reconstruction-based anomaly metrics.
    |
help: Replace with `dict`

C408 Unnecessary `dict()` call (rewrite as a literal)
   --> src/uais/vision/train_autoencoder_vision.py:139:19
    |
137 |           raise FileNotFoundError(f"Vision data directory not found: {root}")
138 |
139 |       load_kwargs = dict(
    |  ___________________^
140 | |         directory=root,
141 | |         image_size=(cfg.image_size, cfg.image_size),
142 | |         batch_size=cfg.batch_size,
143 | |         validation_split=cfg.validation_split,
144 | |         seed=cfg.seed,
145 | |     )
    | |_____^
146 |       train_ds = tf.keras.preprocessing.image_dataset_from_directory(subset="training", **load_kwargs)
147 |       val_ds = tf.keras.preprocessing.image_dataset_from_directory(subset="validation", **load_kwargs)
    |
help: Rewrite as a literal

UP035 `typing.Dict` is deprecated, use `dict` instead
  --> src/uais/vision/train_vision_model.py:12:1
   |
10 | from dataclasses import dataclass
11 | from pathlib import Path
12 | from typing import Dict
   | ^^^^^^^^^^^^^^^^^^^^^^^
13 |
14 | import tensorflow as tf
   |

UP006 Use `dict` instead of `Dict` for type annotation
   --> src/uais/vision/train_vision_model.py:113:49
    |
113 | def run_vision_experiment(cfg: VisionConfig) -> Dict[str, float]:
    |                                                 ^^^^
114 |     resolved_dir = cfg.resolve_dir()
115 |     data_dir = _normalize_dataset_root(resolved_dir)
    |
help: Replace with `dict`

UP035 `typing.Dict` is deprecated, use `dict` instead
 --> src/uais_v/data/build_30seq_dataset.py:4:1
  |
3 | from dataclasses import dataclass
4 | from typing import Dict, Tuple
  | ^^^^^^^^^^^^^^^^^^^^^^^^^^^^^^
5 |
6 | import numpy as np
  |

UP035 `typing.Tuple` is deprecated, use `tuple` instead
 --> src/uais_v/data/build_30seq_dataset.py:4:1
  |
3 | from dataclasses import dataclass
4 | from typing import Dict, Tuple
  | ^^^^^^^^^^^^^^^^^^^^^^^^^^^^^^
5 |
6 | import numpy as np
  |

UP006 Use `tuple` instead of `Tuple` for type annotation
  --> src/uais_v/data/build_30seq_dataset.py:55:62
   |
55 | def _prepare_behavior_sequences(cfg: SequenceBuildConfig) -> Tuple[Dict[str, np.ndarray], np.ndarray]:
   |                                                              ^^^^^
56 |     df = load_behavior_events()
   |
help: Replace with `tuple`

UP006 Use `dict` instead of `Dict` for type annotation
  --> src/uais_v/data/build_30seq_dataset.py:55:68
   |
55 | def _prepare_behavior_sequences(cfg: SequenceBuildConfig) -> Tuple[Dict[str, np.ndarray], np.ndarray]:
   |                                                                    ^^^^
56 |     df = load_behavior_events()
   |
help: Replace with `dict`

B007 Loop control variable `entity` not used within loop body
  --> src/uais_v/data/build_30seq_dataset.py:95:9
   |
93 |     sequences = []
94 |     labels = []
95 |     for entity, group in df.groupby(entity_col):
   |         ^^^^^^
96 |         if len(group) < cfg.min_events_per_entity:
97 |             continue
   |
help: Rename unused `entity` to `_entity`

UP006 Use `dict` instead of `Dict` for type annotation
   --> src/uais_v/data/build_30seq_dataset.py:112:13
    |
111 |     rng = np.random.default_rng(cfg.seed)
112 |     X_dict: Dict[str, np.ndarray] = {}
    |             ^^^^
113 |     for i in range(30):
114 |         noise_scale = 0.01 * (i + 1)
    |
help: Replace with `dict`

UP006 Use `tuple` instead of `Tuple` for type annotation
   --> src/uais_v/data/build_30seq_dataset.py:121:77
    |
121 | def _synthetic_sequences(cfg: SequenceBuildConfig, n_samples: int = 400) -> Tuple[Dict[str, np.ndarray], np.ndarray]:
    |                                                                             ^^^^^
122 |     rng = np.random.default_rng(cfg.seed)
123 |     base = rng.normal(0.0, 1.0, size=(n_samples, cfg.seq_len, cfg.n_features)).astype(np.float32)
    |
help: Replace with `tuple`

UP006 Use `dict` instead of `Dict` for type annotation
   --> src/uais_v/data/build_30seq_dataset.py:121:83
    |
121 | def _synthetic_sequences(cfg: SequenceBuildConfig, n_samples: int = 400) -> Tuple[Dict[str, np.ndarray], np.ndarray]:
    |                                                                                   ^^^^
122 |     rng = np.random.default_rng(cfg.seed)
123 |     base = rng.normal(0.0, 1.0, size=(n_samples, cfg.seq_len, cfg.n_features)).astype(np.float32)
    |
help: Replace with `dict`

UP006 Use `dict` instead of `Dict` for type annotation
   --> src/uais_v/data/build_30seq_dataset.py:127:13
    |
125 |     base[labels == 1] += rng.normal(1.2, 0.5, size=base[labels == 1].shape).astype(np.float32)
126 |
127 |     X_dict: Dict[str, np.ndarray] = {}
    |             ^^^^
128 |     for i in range(30):
129 |         jitter = rng.normal(0.0, 0.02 * (i + 1), size=base.shape).astype(np.float32)
    |
help: Replace with `dict`

UP006 Use `tuple` instead of `Tuple` for type annotation
   --> src/uais_v/data/build_30seq_dataset.py:134:67
    |
134 | def build_30seq_arrays(cfg: SequenceBuildConfig | None = None) -> Tuple[Dict[str, np.ndarray], np.ndarray]:
    |                                                                   ^^^^^
135 |     cfg = cfg or SequenceBuildConfig()
136 |     set_global_seed(cfg.seed)
    |
help: Replace with `tuple`

UP006 Use `dict` instead of `Dict` for type annotation
   --> src/uais_v/data/build_30seq_dataset.py:134:73
    |
134 | def build_30seq_arrays(cfg: SequenceBuildConfig | None = None) -> Tuple[Dict[str, np.ndarray], np.ndarray]:
    |                                                                         ^^^^
135 |     cfg = cfg or SequenceBuildConfig()
136 |     set_global_seed(cfg.seed)
    |
help: Replace with `dict`

UP006 Use `tuple` instead of `Tuple` for type annotation
   --> src/uais_v/data/build_30seq_dataset.py:153:28
    |
153 | def load_30seq_arrays() -> Tuple[Dict[str, np.ndarray], np.ndarray]:
    |                            ^^^^^
154 |     X_dict = np.load(SEQUENCES_DIR / "X_30seq.npy", allow_pickle=True).item()
155 |     y = np.load(SEQUENCES_DIR / "y_30seq.npy")
    |
help: Replace with `tuple`

UP006 Use `dict` instead of `Dict` for type annotation
   --> src/uais_v/data/build_30seq_dataset.py:153:34
    |
153 | def load_30seq_arrays() -> Tuple[Dict[str, np.ndarray], np.ndarray]:
    |                                  ^^^^
154 |     X_dict = np.load(SEQUENCES_DIR / "X_30seq.npy", allow_pickle=True).item()
155 |     y = np.load(SEQUENCES_DIR / "y_30seq.npy")
    |
help: Replace with `dict`

F841 Local variable `rng` is assigned to but never used
   --> tests/test_baselines.py:133:5
    |
131 | def test_confidence_weighted_mean_sharpness_ordering():
132 |     """Domain with higher score deviation should get more weight."""
133 |     rng = np.random.default_rng(42)
    |     ^^^
134 |     # 2-domain case: domain 0 has high scores (far from 0.5), domain 1 near 0.5
135 |     features = np.zeros((10, 2, 3), dtype=np.float32)
    |
help: Remove assignment to unused variable `rng`

B007 Loop control variable `name` not used within loop body
  --> tests/test_cv_evaluator.py:90:9
   |
89 | def test_cv_aggregate_has_mean_std_ci(cv_results):
90 |     for name, data in cv_results["per_baseline"].items():
   |         ^^^^
91 |         agg = data["aggregate"]
92 |         if "roc_auc" not in agg:
   |
help: Rename unused `name` to `_name`

B007 Loop control variable `name` not used within loop body
   --> tests/test_cv_evaluator.py:99:9
    |
 98 | def test_cv_bootstrap_ci_present(cv_results):
 99 |     for name, data in cv_results["per_baseline"].items():
    |         ^^^^
100 |         if "bootstrap_ci" not in data:
101 |             continue
    |
help: Rename unused `name` to `_name`

B007 Loop control variable `name` not used within loop body
   --> tests/test_cv_evaluator.py:123:9
    |
121 | def test_cv_hyperparameters_recorded(cv_results):
122 |     """Every baseline must record its hyperparameter dict for reproducibility."""
123 |     for name, data in cv_results["per_baseline"].items():
    |         ^^^^
124 |         # Some may be empty dict for sklearn defaults, but key must exist
125 |         assert "hyperparameters" in data
    |
help: Rename unused `name` to `_name`

E712 Avoid equality comparisons to `True`; use `result["reject"][1]:` for truth checks
  --> tests/test_holm_bonferroni.py:22:12
   |
20 |     result = holm_bonferroni(p, alpha=0.05)
21 |     # Only the 0.01 should be rejected; 0.04 needs 0.04*3 = 0.12 > 0.05
22 |     assert result["reject"][1] == True
   |            ^^^^^^^^^^^^^^^^^^^^^^^^^^^
23 |     assert result["reject"][0] == False
24 |     assert result["reject"][2] == False
   |
help: Replace with `result["reject"][1]`

E712 Avoid equality comparisons to `False`; use `not result["reject"][0]:` for false checks
  --> tests/test_holm_bonferroni.py:23:12
   |
21 |     # Only the 0.01 should be rejected; 0.04 needs 0.04*3 = 0.12 > 0.05
22 |     assert result["reject"][1] == True
23 |     assert result["reject"][0] == False
   |            ^^^^^^^^^^^^^^^^^^^^^^^^^^^^
24 |     assert result["reject"][2] == False
25 |     assert result["reject"][3] == False
   |
help: Replace with `not result["reject"][0]`

E712 Avoid equality comparisons to `False`; use `not result["reject"][2]:` for false checks
  --> tests/test_holm_bonferroni.py:24:12
   |
22 |     assert result["reject"][1] == True
23 |     assert result["reject"][0] == False
24 |     assert result["reject"][2] == False
   |            ^^^^^^^^^^^^^^^^^^^^^^^^^^^^
25 |     assert result["reject"][3] == False
   |
help: Replace with `not result["reject"][2]`

E712 Avoid equality comparisons to `False`; use `not result["reject"][3]:` for false checks
  --> tests/test_holm_bonferroni.py:25:12
   |
23 |     assert result["reject"][0] == False
24 |     assert result["reject"][2] == False
25 |     assert result["reject"][3] == False
   |            ^^^^^^^^^^^^^^^^^^^^^^^^^^^^
   |
help: Replace with `not result["reject"][3]`

E712 Avoid equality comparisons to `False`; use `not result["reject"][3]:` for false checks
  --> tests/test_holm_bonferroni.py:34:12
   |
32 |     # All three small ones pass step-down: 0.001*4=0.004, 0.002*3=0.006, 0.003*2=0.006
33 |     assert result["reject"][:3].all()
34 |     assert result["reject"][3] == False
   |            ^^^^^^^^^^^^^^^^^^^^^^^^^^^^
   |
help: Replace with `not result["reject"][3]`

E712 Avoid equality comparisons to `True`; use `result["reject"][0]:` for truth checks
  --> tests/test_holm_bonferroni.py:59:12
   |
57 |     assert result["n_tests"] == 3
58 |     # Smallest of 3 valid: 0.01 * 3 = 0.03 ≤ 0.05 → reject
59 |     assert result["reject"][0] == True
   |            ^^^^^^^^^^^^^^^^^^^^^^^^^^^
60 |     assert result["reject"][1] == False  # NaN entry never rejected
61 |     assert np.isnan(result["p_adjusted"][1])
   |
help: Replace with `result["reject"][0]`

E712 Avoid equality comparisons to `False`; use `not result["reject"][1]:` for false checks
  --> tests/test_holm_bonferroni.py:60:12
   |
58 |     # Smallest of 3 valid: 0.01 * 3 = 0.03 ≤ 0.05 → reject
59 |     assert result["reject"][0] == True
60 |     assert result["reject"][1] == False  # NaN entry never rejected
   |            ^^^^^^^^^^^^^^^^^^^^^^^^^^^^
61 |     assert np.isnan(result["p_adjusted"][1])
   |
help: Replace with `not result["reject"][1]`

F841 Local variable `train_X_scaled` is assigned to but never used
   --> tests/test_leakage_guard.py:109:9
    |
107 |     with assert_split_before_preprocess(train_X, test_X) as guard:
108 |         # Preprocess train only
109 |         train_X_scaled = train_X * 10.0
    |         ^^^^^^^^^^^^^^
110 |         assert guard.n_unique_in_test() == 50
    |
help: Remove assignment to unused variable `train_X_scaled`

E712 Avoid equality comparisons to `True`; use `decisions[0]:` for truth checks
  --> tests/test_learned_gate.py:86:12
   |
84 |     test_m = np.zeros_like(test_w, dtype=bool)
85 |     decisions = gate.decide(test_w, test_m)
86 |     assert decisions[0] == True  # low reliability → fire
   |            ^^^^^^^^^^^^^^^^^^^^
87 |     assert decisions[1] == False  # high reliability → static
   |
help: Replace with `decisions[0]`

E712 Avoid equality comparisons to `False`; use `not decisions[1]:` for false checks
  --> tests/test_learned_gate.py:87:12
   |
85 |     decisions = gate.decide(test_w, test_m)
86 |     assert decisions[0] == True  # low reliability → fire
87 |     assert decisions[1] == False  # high reliability → static
   |            ^^^^^^^^^^^^^^^^^^^^^
   |
help: Replace with `not decisions[1]`

E712 Avoid equality comparisons to `False`; use `not decisions:` for false checks
   --> tests/test_learned_gate.py:100:13
    |
 98 |     decisions = gate.decide(w, masks)
 99 |     assert decisions.shape == (n,)
100 |     assert (decisions == False).all()
    |             ^^^^^^^^^^^^^^^^^^
101 |     assert gate.train_label_balance_ == 0.0
    |
help: Replace with `not decisions`

F841 Local variable `torch` is assigned to but never used
 --> tests/test_nlp_tiny.py:5:5
  |
4 | def test_distilbert_forward_smoke():
5 |     torch = pytest.importorskip("torch")
  |     ^^^^^
6 |     transformers = pytest.importorskip("transformers")
7 |     from uais_v.models.nlp_text_model import DistilBERTClassifier, get_tokenizer
  |
help: Remove assignment to unused variable `torch`

F841 Local variable `transformers` is assigned to but never used
 --> tests/test_nlp_tiny.py:6:5
  |
4 | def test_distilbert_forward_smoke():
5 |     torch = pytest.importorskip("torch")
6 |     transformers = pytest.importorskip("transformers")
  |     ^^^^^^^^^^^^
7 |     from uais_v.models.nlp_text_model import DistilBERTClassifier, get_tokenizer
  |
help: Remove assignment to unused variable `transformers`

F841 Local variable `static_auc` is assigned to but never used
   --> tests/test_phase2_2b1_driver_computation.py:112:9
    |
110 |         assert gate_fired.dtype == bool, f"{gate_id}: wrong dtype"
111 |
112 |         static_auc = mod._safe_auc(labels, np.random.default_rng(0).random(60))
    |         ^^^^^^^^^^
113 |         result_rows.append(
114 |             {
    |
help: Remove assignment to unused variable `static_auc`

B904 Within an `except` clause, raise exceptions with `raise ... from err` or `raise ... from None` to distinguish them from errors in exception handling
  --> tests/test_phase2_family_a_k5_primary_surface.py:45:17
   |
43 |                 float(r["delong_p_holm_k5"])
44 |             except ValueError:
45 |                 raise AssertionError(f"K5_FULL_FAMILY row has non-numeric holm p: {r['delong_p_holm_k5']!r}")
   |                 ^^^^^^^^^^^^^^^^^^^^^^^^^^^^^^^^^^^^^^^^^^^^^^^^^^^^^^^^^^^^^^^^^^^^^^^^^^^^^^^^^^^^^^^^^^^^^
46 |         else:
47 |             assert r["delong_p_holm_k5"] == "pending_full_family"
   |

E712 Avoid equality comparisons to `False`; use `not df["selection_used_test_metrics"]:` for false checks
  --> tests/test_phase2_family_a_prediction_archive_complete.py:78:17
   |
76 |             df = pd.read_parquet(p)
77 |             assert (
78 |                 df["selection_used_test_metrics"] == False
   |                 ^^^^^^^^^^^^^^^^^^^^^^^^^^^^^^^^^^^^^^^^^^
79 |             ).all(), f"{row['experiment_id']} {m} {p.name}: row with selection_used_test_metrics=True"  # noqa: E712
   |
help: Replace with `not df["selection_used_test_metrics"]`

F841 Local variable `est` is assigned to but never used
  --> tests/test_phase2_family_b_g3_top_q_gate.py:63:5
   |
62 | def test_top_q_rejects_q_less_than_1():
63 |     est = _estimator()
   |     ^^^
64 |     with pytest.raises(ValueError):
65 |         # construction-time guard
   |
help: Remove assignment to unused variable `est`

F841 Local variable `rng` is assigned to but never used
   --> tests/test_reliability_estimator.py:115:5
    |
113 | def test_ks_reliability_decreases_with_drift():
114 |     """A drifted domain should receive a lower reliability weight than the clean domain."""
115 |     rng = np.random.default_rng(42)
    |     ^^^
116 |     features, masks, labels = _make_data(seed=42, missing_prob=0.0)
    |
help: Remove assignment to unused variable `rng`

B007 Loop control variable `name` not used within loop body
   --> tests/test_unsupervised_baselines.py:161:9
    |
159 |     expected_keys = {"bgmm", "gmm", "kmeans", "isolation_forest", "one_class_svm", "lof", "autoencoder"}
160 |     assert set(results.keys()) == expected_keys
161 |     for name, metrics_d in results.items():
    |         ^^^^
162 |         if "error" in metrics_d:
163 |             continue
    |
help: Rename unused `name` to `_name`

F841 Local variable `torchvision` is assigned to but never used
 --> tests/test_vision_resnet.py:6:5
  |
4 | def test_resnet_forward_smoke():
5 |     torch = pytest.importorskip("torch")
6 |     torchvision = pytest.importorskip("torchvision")
  |     ^^^^^^^^^^^
7 |     from uais_v.models.vision_resnet import VisionConfig, build_resnet_classifier
  |
help: Remove assignment to unused variable `torchvision`

Found 791 errors.
No fixes available (582 hidden fixes can be enabled with the `--unsafe-fixes` option).
STEP2:1
All done! ✨ 🍰 ✨
360 files left unchanged.
STEP3:0
Fixing /Volumes/T9/uav/AutoML_Flagship_V8/src/uais/fusion/attention/__init__.py
Fixing /Volumes/T9/uav/AutoML_Flagship_V8/deploy/api/main.py
Skipped 302 files
STEP4:0
warning: The top-level linter settings are deprecated in favour of their counterparts in the `lint` section. Please update the following options in `pyproject.toml`:
  - 'ignore' -> 'lint.ignore'
  - 'select' -> 'lint.select'
  - 'per-file-ignores' -> 'lint.per-file-ignores'
B904 Within an `except` clause, raise exceptions with `raise ... from err` or `raise ... from None` to distinguish them from errors in exception handling
  --> deploy/api/auth.py:88:9
   |
86 |         return TokenData(username=username, scopes=token_scopes)
87 |     except JWTError:
88 |         raise credentials_exception
   |         ^^^^^^^^^^^^^^^^^^^^^^^^^^^
   |

UP035 `typing.Dict` is deprecated, use `dict` instead
  --> deploy/api/main.py:16:1
   |
14 | from io import BytesIO
15 | from pathlib import Path
16 | from typing import Dict, List, Optional
   | ^^^^^^^^^^^^^^^^^^^^^^^^^^^^^^^^^^^^^^^
17 |
18 | import joblib
   |

UP035 `typing.List` is deprecated, use `list` instead
  --> deploy/api/main.py:16:1
   |
14 | from io import BytesIO
15 | from pathlib import Path
16 | from typing import Dict, List, Optional
   | ^^^^^^^^^^^^^^^^^^^^^^^^^^^^^^^^^^^^^^^
17 |
18 | import joblib
   |

I001 [*] Import block is un-sorted or un-formatted
   --> deploy/api/main.py:99:9
    |
 97 |           return _nlp_model, _nlp_tokenizer
 98 |       try:
 99 | /         import torch
100 | |
101 | |         from uais_v.models.nlp_text_model import DistilBERTClassifier, get_tokenizer
    | |____________________________________________________________________________________^
102 |       except Exception:
103 |           _nlp_artifacts_loaded = True
    |
help: Organize imports

UP006 Use `list` instead of `List` for type annotation
   --> deploy/api/main.py:210:15
    |
208 | # Request/Response models
209 | class FraudRequest(BaseModel):
210 |     features: List[float] = Field(..., min_items=1, description="Feature vector for fraud detection")
    |               ^^^^
211 |
212 |     @validator("features")
    |
help: Replace with `list`

UP006 Use `list` instead of `List` for type annotation
   --> deploy/api/main.py:226:15
    |
225 | class CyberRequest(BaseModel):
226 |     features: List[float] = Field(..., min_items=1, description="Feature vector for cyber attack detection")
    |               ^^^^
    |
help: Replace with `list`

UP006 Use `dict` instead of `Dict` for type annotation
   --> deploy/api/main.py:235:13
    |
234 | class FusionRequest(BaseModel):
235 |     scores: Dict[str, float] = Field(..., description="Domain-specific anomaly scores")
    |             ^^^^
236 |
237 |     @validator("scores")
    |
help: Replace with `dict`

UP006 Use `list` instead of `List` for type annotation
   --> deploy/api/main.py:247:14
    |
245 | class FusionResponse(BaseModel):
246 |     fusion_risk: float
247 |     domains: List[str]
    |              ^^^^
248 |     overall_risk_level: str
    |
help: Replace with `list`

UP006 Use `list` instead of `List` for type annotation
   --> deploy/api/main.py:255:26
    |
253 |     score: float = Field(..., ge=0.0, le=1.0)
254 |     confidence: Optional[float] = Field(None, ge=0.0, le=1.0)
255 |     embeddings: Optional[List[float]] = None
    |                          ^^^^
    |
help: Replace with `list`

UP006 Use `list` instead of `List` for type annotation
   --> deploy/api/main.py:259:14
    |
258 | class AttentionFusionRequest(BaseModel):
259 |     domains: List[AttentionDomainInput]
    |              ^^^^
    |
help: Replace with `list`

UP006 Use `list` instead of `List` for type annotation
   --> deploy/api/main.py:264:19
    |
262 | class AttentionFusionResponse(BaseModel):
263 |     fusion_risk: float
264 |     domain_order: List[str]
    |                   ^^^^
265 |     attention_mean: Optional[List[float]]
266 |     domain_confidence: Optional[List[float]]
    |
help: Replace with `list`

UP006 Use `list` instead of `List` for type annotation
   --> deploy/api/main.py:265:30
    |
263 |     fusion_risk: float
264 |     domain_order: List[str]
265 |     attention_mean: Optional[List[float]]
    |                              ^^^^
266 |     domain_confidence: Optional[List[float]]
    |
help: Replace with `list`

UP006 Use `list` instead of `List` for type annotation
   --> deploy/api/main.py:266:33
    |
264 |     domain_order: List[str]
265 |     attention_mean: Optional[List[float]]
266 |     domain_confidence: Optional[List[float]]
    |                                 ^^^^
    |
help: Replace with `list`

UP006 Use `dict` instead of `Dict` for type annotation
   --> deploy/api/main.py:290:66
    |
290 | def _build_attention_features(req: AttentionFusionRequest, meta: Dict[str, object]) -> tuple[np.ndarray, np.ndarray]:
    |                                                                  ^^^^
291 |     domain_order = meta.get("domain_order", [])
292 |     feature_columns = meta.get("feature_columns", [])
    |
help: Replace with `dict`

B904 Within an `except` clause, raise exceptions with `raise ... from err` or `raise ... from None` to distinguish them from errors in exception handling
   --> deploy/api/main.py:408:9
    |
406 |         )
407 |     except Exception as e:
408 |         raise HTTPException(status_code=status.HTTP_500_INTERNAL_SERVER_ERROR, detail=f"Prediction failed: {str(e)}")
    |         ^^^^^^^^^^^^^^^^^^^^^^^^^^^^^^^^^^^^^^^^^^^^^^^^^^^^^^^^^^^^^^^^^^^^^^^^^^^^^^^^^^^^^^^^^^^^^^^^^^^^^^^^^^^^^
    |

B904 Within an `except` clause, raise exceptions with `raise ... from err` or `raise ... from None` to distinguish them from errors in exception handling
   --> deploy/api/main.py:429:9
    |
427 |         return CyberResponse(cyber_attack_probability=proba, threat_level=get_risk_level(proba))
428 |     except Exception as e:
429 |         raise HTTPException(status_code=status.HTTP_500_INTERNAL_SERVER_ERROR, detail=f"Prediction failed: {str(e)}")
    |         ^^^^^^^^^^^^^^^^^^^^^^^^^^^^^^^^^^^^^^^^^^^^^^^^^^^^^^^^^^^^^^^^^^^^^^^^^^^^^^^^^^^^^^^^^^^^^^^^^^^^^^^^^^^^^
    |

B904 Within an `except` clause, raise exceptions with `raise ... from err` or `raise ... from None` to distinguish them from errors in exception handling
   --> deploy/api/main.py:451:9
    |
449 |         return FusionResponse(fusion_risk=proba, domains=keys, overall_risk_level=get_risk_level(proba))
450 |     except Exception as e:
451 |         raise HTTPException(status_code=status.HTTP_500_INTERNAL_SERVER_ERROR, detail=f"Prediction failed: {str(e)}")
    |         ^^^^^^^^^^^^^^^^^^^^^^^^^^^^^^^^^^^^^^^^^^^^^^^^^^^^^^^^^^^^^^^^^^^^^^^^^^^^^^^^^^^^^^^^^^^^^^^^^^^^^^^^^^^^^
    |

B904 Within an `except` clause, raise exceptions with `raise ... from err` or `raise ... from None` to distinguish them from errors in exception handling
   --> deploy/api/main.py:500:9
    |
498 |           )
499 |       except Exception as e:
500 | /         raise HTTPException(
501 | |             status_code=status.HTTP_500_INTERNAL_SERVER_ERROR,
502 | |             detail=f"Attention fusion prediction failed: {str(e)}",
503 | |         )
    | |_________^
    |

B904 Within an `except` clause, raise exceptions with `raise ... from err` or `raise ... from None` to distinguish them from errors in exception handling
   --> deploy/api/main.py:531:9
    |
529 |         return {"nlp_suspicion_probability": proba, "risk_level": get_risk_level(proba)}
530 |     except Exception as e:
531 |         raise HTTPException(status_code=status.HTTP_500_INTERNAL_SERVER_ERROR, detail=f"NLP inference failed: {str(e)}")
    |         ^^^^^^^^^^^^^^^^^^^^^^^^^^^^^^^^^^^^^^^^^^^^^^^^^^^^^^^^^^^^^^^^^^^^^^^^^^^^^^^^^^^^^^^^^^^^^^^^^^^^^^^^^^^^^^^^
    |

B904 Within an `except` clause, raise exceptions with `raise ... from err` or `raise ... from None` to distinguish them from errors in exception handling
   --> deploy/api/main.py:572:9
    |
570 |           return {"vision_anomaly_probability": proba, "risk_level": get_risk_level(proba)}
571 |       except Exception as e:
572 | /         raise HTTPException(
573 | |             status_code=status.HTTP_500_INTERNAL_SERVER_ERROR, detail=f"Vision inference failed: {str(e)}"
574 | |         )
    | |_________^
    |

UP035 `typing.Dict` is deprecated, use `dict` instead
 --> deploy/api/monitoring.py:6:1
  |
4 | from collections import defaultdict
5 | from datetime import datetime
6 | from typing import Callable, Dict, List, Optional
  | ^^^^^^^^^^^^^^^^^^^^^^^^^^^^^^^^^^^^^^^^^^^^^^^^^
7 |
8 | import psutil
  |

UP035 `typing.List` is deprecated, use `list` instead
 --> deploy/api/monitoring.py:6:1
  |
4 | from collections import defaultdict
5 | from datetime import datetime
6 | from typing import Callable, Dict, List, Optional
  | ^^^^^^^^^^^^^^^^^^^^^^^^^^^^^^^^^^^^^^^^^^^^^^^^^
7 |
8 | import psutil
  |

UP006 Use `dict` instead of `Dict` for type annotation
  --> deploy/api/monitoring.py:94:22
   |
93 |     def __init__(self):
94 |         self.checks: Dict[str, Callable] = {}
   |                      ^^^^
95 |         self.history: Dict[str, List[Dict]] = defaultdict(list)
96 |         self.max_history = 100
   |
help: Replace with `dict`

UP006 Use `dict` instead of `Dict` for type annotation
  --> deploy/api/monitoring.py:95:23
   |
93 |     def __init__(self):
94 |         self.checks: Dict[str, Callable] = {}
95 |         self.history: Dict[str, List[Dict]] = defaultdict(list)
   |                       ^^^^
96 |         self.max_history = 100
   |
help: Replace with `dict`

UP006 Use `list` instead of `List` for type annotation
  --> deploy/api/monitoring.py:95:33
   |
93 |     def __init__(self):
94 |         self.checks: Dict[str, Callable] = {}
95 |         self.history: Dict[str, List[Dict]] = defaultdict(list)
   |                                 ^^^^
96 |         self.max_history = 100
   |
help: Replace with `list`

UP006 Use `dict` instead of `Dict` for type annotation
  --> deploy/api/monitoring.py:95:38
   |
93 |     def __init__(self):
94 |         self.checks: Dict[str, Callable] = {}
95 |         self.history: Dict[str, List[Dict]] = defaultdict(list)
   |                                      ^^^^
96 |         self.max_history = 100
   |
help: Replace with `dict`

UP006 Use `dict` instead of `Dict` for type annotation
   --> deploy/api/monitoring.py:102:35
    |
100 |         self.checks[name] = check_fn
101 |
102 |     async def run_checks(self) -> Dict[str, any]:
    |                                   ^^^^
103 |         """Run all health checks."""
104 |         results = {"status": "healthy", "timestamp": datetime.utcnow().isoformat(), "checks": {}}
    |
help: Replace with `dict`

UP006 Use `dict` instead of `Dict` for type annotation
   --> deploy/api/monitoring.py:138:64
    |
136 |         return results
137 |
138 |     def get_history(self, check_name: Optional[str] = None) -> Dict:
    |                                                                ^^^^
139 |         """Get health check history."""
140 |         if check_name:
    |
help: Replace with `dict`

UP006 Use `dict` instead of `Dict` for type annotation
   --> deploy/api/monitoring.py:149:29
    |
149 | def get_system_metrics() -> Dict:
    |                             ^^^^
150 |     """Get current system metrics."""
151 |     process = psutil.Process()
    |
help: Replace with `dict`

E402 Module level import not at top of cell
  --> notebooks/00_data_overview.ipynb:cell 1:12:1
   |
10 |     sys.path.append(str(src_path))
11 |
12 | from uais.data.load_fraud_data import load_fraud_data
   | ^^^^^^^^^^^^^^^^^^^^^^^^^^^^^^^^^^^^^^^^^^^^^^^^^^^^^
13 |
   |

E402 Module level import not at top of cell
  --> notebooks/01_eda_fraud.ipynb:cell 1:13:1
   |
11 |     sys.path.append(str(src_path))
12 |
13 | from uais.data.load_fraud_data import load_fraud_data
   | ^^^^^^^^^^^^^^^^^^^^^^^^^^^^^^^^^^^^^^^^^^^^^^^^^^^^^
14 | from uais.features.fraud_features import build_fraud_feature_table
   |

E402 Module level import not at top of cell
  --> notebooks/01_eda_fraud.ipynb:cell 1:14:1
   |
13 | from uais.data.load_fraud_data import load_fraud_data
14 | from uais.features.fraud_features import build_fraud_feature_table
   | ^^^^^^^^^^^^^^^^^^^^^^^^^^^^^^^^^^^^^^^^^^^^^^^^^^^^^^^^^^^^^^^^^^
15 |
   |

E402 Module level import not at top of cell
  --> notebooks/02_eda_cyber.ipynb:cell 1:13:1
   |
11 |     sys.path.append(str(src_path))
12 |
13 | from uais.data.load_cyber_data import load_cyber_data
   | ^^^^^^^^^^^^^^^^^^^^^^^^^^^^^^^^^^^^^^^^^^^^^^^^^^^^^
14 | from uais.features.cyber_features import build_cyber_feature_table
   |

E402 Module level import not at top of cell
  --> notebooks/02_eda_cyber.ipynb:cell 1:14:1
   |
13 | from uais.data.load_cyber_data import load_cyber_data
14 | from uais.features.cyber_features import build_cyber_feature_table
   | ^^^^^^^^^^^^^^^^^^^^^^^^^^^^^^^^^^^^^^^^^^^^^^^^^^^^^^^^^^^^^^^^^^
15 |
   |

E402 Module level import not at top of cell
  --> notebooks/100_fusion_and_dashboard.ipynb:cell 3:11:1
   |
 9 |     sys.path.append(str(project_root))
10 |
11 | from dashboard.app_streamlit import launch_preview
   | ^^^^^^^^^^^^^^^^^^^^^^^^^^^^^^^^^^^^^^^^^^^^^^^^^^
12 | from uais.fusion.train_fusion_meta import build_fusion_dataset, train_fusion_model
   |

E402 Module level import not at top of cell
  --> notebooks/100_fusion_and_dashboard.ipynb:cell 3:12:1
   |
11 | from dashboard.app_streamlit import launch_preview
12 | from uais.fusion.train_fusion_meta import build_fusion_dataset, train_fusion_model
   | ^^^^^^^^^^^^^^^^^^^^^^^^^^^^^^^^^^^^^^^^^^^^^^^^^^^^^^^^^^^^^^^^^^^^^^^^^^^^^^^^^^
13 |
14 | print('Project root:', project_root)
   |

E402 Module level import not at top of cell
  --> notebooks/10_supervised_fraud.ipynb:cell 1:15:1
   |
13 |     sys.path.append(str(src_path))
14 |
15 | from uais.supervised.train_fraud_supervised import FraudModelConfig, train_fraud_model
   | ^^^^^^^^^^^^^^^^^^^^^^^^^^^^^^^^^^^^^^^^^^^^^^^^^^^^^^^^^^^^^^^^^^^^^^^^^^^^^^^^^^^^^^
16 | from uais.utils.metrics import compute_classification_metrics, compute_confusion_matrix
17 | from uais.utils.plotting import plot_pr_curve, plot_roc_curve
   |

E402 Module level import not at top of cell
  --> notebooks/10_supervised_fraud.ipynb:cell 1:16:1
   |
15 | from uais.supervised.train_fraud_supervised import FraudModelConfig, train_fraud_model
16 | from uais.utils.metrics import compute_classification_metrics, compute_confusion_matrix
   | ^^^^^^^^^^^^^^^^^^^^^^^^^^^^^^^^^^^^^^^^^^^^^^^^^^^^^^^^^^^^^^^^^^^^^^^^^^^^^^^^^^^^^^^
17 | from uais.utils.plotting import plot_pr_curve, plot_roc_curve
   |

E402 Module level import not at top of cell
  --> notebooks/10_supervised_fraud.ipynb:cell 1:17:1
   |
15 | from uais.supervised.train_fraud_supervised import FraudModelConfig, train_fraud_model
16 | from uais.utils.metrics import compute_classification_metrics, compute_confusion_matrix
17 | from uais.utils.plotting import plot_pr_curve, plot_roc_curve
   | ^^^^^^^^^^^^^^^^^^^^^^^^^^^^^^^^^^^^^^^^^^^^^^^^^^^^^^^^^^^^^
18 |
   |

E402 Module level import not at top of cell
  --> notebooks/11_supervised_cyber.ipynb:cell 1:15:1
   |
13 |     sys.path.append(str(src_path))
14 |
15 | from uais.supervised.train_cyber_supervised import CyberModelConfig, train_cyber_model
   | ^^^^^^^^^^^^^^^^^^^^^^^^^^^^^^^^^^^^^^^^^^^^^^^^^^^^^^^^^^^^^^^^^^^^^^^^^^^^^^^^^^^^^^
16 | from uais.utils.metrics import compute_classification_metrics, compute_confusion_matrix
17 | from uais.utils.plotting import plot_pr_curve, plot_roc_curve
   |

E402 Module level import not at top of cell
  --> notebooks/11_supervised_cyber.ipynb:cell 1:16:1
   |
15 | from uais.supervised.train_cyber_supervised import CyberModelConfig, train_cyber_model
16 | from uais.utils.metrics import compute_classification_metrics, compute_confusion_matrix
   | ^^^^^^^^^^^^^^^^^^^^^^^^^^^^^^^^^^^^^^^^^^^^^^^^^^^^^^^^^^^^^^^^^^^^^^^^^^^^^^^^^^^^^^^
17 | from uais.utils.plotting import plot_pr_curve, plot_roc_curve
   |

E402 Module level import not at top of cell
  --> notebooks/11_supervised_cyber.ipynb:cell 1:17:1
   |
15 | from uais.supervised.train_cyber_supervised import CyberModelConfig, train_cyber_model
16 | from uais.utils.metrics import compute_classification_metrics, compute_confusion_matrix
17 | from uais.utils.plotting import plot_pr_curve, plot_roc_curve
   | ^^^^^^^^^^^^^^^^^^^^^^^^^^^^^^^^^^^^^^^^^^^^^^^^^^^^^^^^^^^^^
18 |
   |

E402 Module level import not at top of cell
  --> notebooks/20_unsupervised_fraud.ipynb:cell 1:14:1
   |
12 |     sys.path.append(str(src_path))
13 |
14 | from uais.anomaly.train_isolation_forest import compute_anomaly_score, train_isolation_forest
   | ^^^^^^^^^^^^^^^^^^^^^^^^^^^^^^^^^^^^^^^^^^^^^^^^^^^^^^^^^^^^^^^^^^^^^^^^^^^^^^^^^^^^^^^^^^^^^
15 | from uais.utils.metrics import compute_classification_metrics
16 | from uais.utils.plotting import plot_pr_curve, plot_roc_curve
   |

E402 Module level import not at top of cell
  --> notebooks/20_unsupervised_fraud.ipynb:cell 1:15:1
   |
14 | from uais.anomaly.train_isolation_forest import compute_anomaly_score, train_isolation_forest
15 | from uais.utils.metrics import compute_classification_metrics
   | ^^^^^^^^^^^^^^^^^^^^^^^^^^^^^^^^^^^^^^^^^^^^^^^^^^^^^^^^^^^^^
16 | from uais.utils.plotting import plot_pr_curve, plot_roc_curve
   |

E402 Module level import not at top of cell
  --> notebooks/20_unsupervised_fraud.ipynb:cell 1:16:1
   |
14 | from uais.anomaly.train_isolation_forest import compute_anomaly_score, train_isolation_forest
15 | from uais.utils.metrics import compute_classification_metrics
16 | from uais.utils.plotting import plot_pr_curve, plot_roc_curve
   | ^^^^^^^^^^^^^^^^^^^^^^^^^^^^^^^^^^^^^^^^^^^^^^^^^^^^^^^^^^^^^
17 |
   |

E402 Module level import not at top of cell
  --> notebooks/21_unsupervised_cyber.ipynb:cell 1:14:1
   |
12 |     sys.path.append(str(src_path))
13 |
14 | from uais.anomaly.train_isolation_forest import compute_anomaly_score, train_isolation_forest
   | ^^^^^^^^^^^^^^^^^^^^^^^^^^^^^^^^^^^^^^^^^^^^^^^^^^^^^^^^^^^^^^^^^^^^^^^^^^^^^^^^^^^^^^^^^^^^^
15 | from uais.utils.metrics import compute_classification_metrics
16 | from uais.utils.plotting import plot_pr_curve, plot_roc_curve
   |

E402 Module level import not at top of cell
  --> notebooks/21_unsupervised_cyber.ipynb:cell 1:15:1
   |
14 | from uais.anomaly.train_isolation_forest import compute_anomaly_score, train_isolation_forest
15 | from uais.utils.metrics import compute_classification_metrics
   | ^^^^^^^^^^^^^^^^^^^^^^^^^^^^^^^^^^^^^^^^^^^^^^^^^^^^^^^^^^^^^
16 | from uais.utils.plotting import plot_pr_curve, plot_roc_curve
   |

E402 Module level import not at top of cell
  --> notebooks/21_unsupervised_cyber.ipynb:cell 1:16:1
   |
14 | from uais.anomaly.train_isolation_forest import compute_anomaly_score, train_isolation_forest
15 | from uais.utils.metrics import compute_classification_metrics
16 | from uais.utils.plotting import plot_pr_curve, plot_roc_curve
   | ^^^^^^^^^^^^^^^^^^^^^^^^^^^^^^^^^^^^^^^^^^^^^^^^^^^^^^^^^^^^^
17 |
   |

E402 Module level import not at top of cell
  --> notebooks/30_sequence_models.ipynb:cell 3:12:1
   |
10 |     sys.path.append(str(src_path))
11 |
12 | from uais.explainability.sequence_explainer import sequence_saliency
   | ^^^^^^^^^^^^^^^^^^^^^^^^^^^^^^^^^^^^^^^^^^^^^^^^^^^^^^^^^^^^^^^^^^^^
13 | from uais.sequence.build_sequences import build_sequences, pad_sequences
14 | from uais.sequence.evaluate_sequence import evaluate_sequence_predictions
   |

E402 Module level import not at top of cell
  --> notebooks/30_sequence_models.ipynb:cell 3:13:1
   |
12 | from uais.explainability.sequence_explainer import sequence_saliency
13 | from uais.sequence.build_sequences import build_sequences, pad_sequences
   | ^^^^^^^^^^^^^^^^^^^^^^^^^^^^^^^^^^^^^^^^^^^^^^^^^^^^^^^^^^^^^^^^^^^^^^^^
14 | from uais.sequence.evaluate_sequence import evaluate_sequence_predictions
15 | from uais.sequence.train_gru import predict_gru, train_gru_classifier
   |

E402 Module level import not at top of cell
  --> notebooks/30_sequence_models.ipynb:cell 3:14:1
   |
12 | from uais.explainability.sequence_explainer import sequence_saliency
13 | from uais.sequence.build_sequences import build_sequences, pad_sequences
14 | from uais.sequence.evaluate_sequence import evaluate_sequence_predictions
   | ^^^^^^^^^^^^^^^^^^^^^^^^^^^^^^^^^^^^^^^^^^^^^^^^^^^^^^^^^^^^^^^^^^^^^^^^^
15 | from uais.sequence.train_gru import predict_gru, train_gru_classifier
16 | from uais.sequence.train_lstm import predict_lstm, train_lstm_classifier
   |

E402 Module level import not at top of cell
  --> notebooks/30_sequence_models.ipynb:cell 3:15:1
   |
13 | from uais.sequence.build_sequences import build_sequences, pad_sequences
14 | from uais.sequence.evaluate_sequence import evaluate_sequence_predictions
15 | from uais.sequence.train_gru import predict_gru, train_gru_classifier
   | ^^^^^^^^^^^^^^^^^^^^^^^^^^^^^^^^^^^^^^^^^^^^^^^^^^^^^^^^^^^^^^^^^^^^^
16 | from uais.sequence.train_lstm import predict_lstm, train_lstm_classifier
   |

E402 Module level import not at top of cell
  --> notebooks/30_sequence_models.ipynb:cell 3:16:1
   |
14 | from uais.sequence.evaluate_sequence import evaluate_sequence_predictions
15 | from uais.sequence.train_gru import predict_gru, train_gru_classifier
16 | from uais.sequence.train_lstm import predict_lstm, train_lstm_classifier
   | ^^^^^^^^^^^^^^^^^^^^^^^^^^^^^^^^^^^^^^^^^^^^^^^^^^^^^^^^^^^^^^^^^^^^^^^^
17 |
18 | np.random.seed(42)
   |

E402 Module level import not at top of cell
  --> notebooks/30_sequence_models.ipynb:cell 3:19:1
   |
18 | np.random.seed(42)
19 | import torch
   | ^^^^^^^^^^^^
20 |
21 | _ = torch.manual_seed(42)
   |

E402 Module level import not at top of cell
  --> notebooks/40_fusion_model.ipynb:cell 1:16:1
   |
14 |     sys.path.append(str(src_path))
15 |
16 | from uais.utils.metrics import compute_classification_metrics
   | ^^^^^^^^^^^^^^^^^^^^^^^^^^^^^^^^^^^^^^^^^^^^^^^^^^^^^^^^^^^^^
17 | from uais.utils.plotting import plot_pr_curve, plot_roc_curve
   |

E402 Module level import not at top of cell
  --> notebooks/40_fusion_model.ipynb:cell 1:17:1
   |
16 | from uais.utils.metrics import compute_classification_metrics
17 | from uais.utils.plotting import plot_pr_curve, plot_roc_curve
   | ^^^^^^^^^^^^^^^^^^^^^^^^^^^^^^^^^^^^^^^^^^^^^^^^^^^^^^^^^^^^^
18 |
   |

E402 Module level import not at top of cell
  --> notebooks/40_hybrid_fraud_score.ipynb:cell 1:14:1
   |
12 |     sys.path.append(str(src_path))
13 |
14 | from uais.anomaly.train_isolation_forest import compute_anomaly_score, train_isolation_forest
   | ^^^^^^^^^^^^^^^^^^^^^^^^^^^^^^^^^^^^^^^^^^^^^^^^^^^^^^^^^^^^^^^^^^^^^^^^^^^^^^^^^^^^^^^^^^^^^
15 | from uais.data.load_fraud_data import load_fraud_data
16 | from uais.ensembles.blending import blend_supervised_and_anomaly
   |

E402 Module level import not at top of cell
  --> notebooks/40_hybrid_fraud_score.ipynb:cell 1:15:1
   |
14 | from uais.anomaly.train_isolation_forest import compute_anomaly_score, train_isolation_forest
15 | from uais.data.load_fraud_data import load_fraud_data
   | ^^^^^^^^^^^^^^^^^^^^^^^^^^^^^^^^^^^^^^^^^^^^^^^^^^^^^
16 | from uais.ensembles.blending import blend_supervised_and_anomaly
17 | from uais.features.fraud_features import build_fraud_feature_table
   |

E402 Module level import not at top of cell
  --> notebooks/40_hybrid_fraud_score.ipynb:cell 1:16:1
   |
14 | from uais.anomaly.train_isolation_forest import compute_anomaly_score, train_isolation_forest
15 | from uais.data.load_fraud_data import load_fraud_data
16 | from uais.ensembles.blending import blend_supervised_and_anomaly
   | ^^^^^^^^^^^^^^^^^^^^^^^^^^^^^^^^^^^^^^^^^^^^^^^^^^^^^^^^^^^^^^^^
17 | from uais.features.fraud_features import build_fraud_feature_table
18 | from uais.supervised.train_fraud_supervised import FraudModelConfig, train_fraud_model
   |

E402 Module level import not at top of cell
  --> notebooks/40_hybrid_fraud_score.ipynb:cell 1:17:1
   |
15 | from uais.data.load_fraud_data import load_fraud_data
16 | from uais.ensembles.blending import blend_supervised_and_anomaly
17 | from uais.features.fraud_features import build_fraud_feature_table
   | ^^^^^^^^^^^^^^^^^^^^^^^^^^^^^^^^^^^^^^^^^^^^^^^^^^^^^^^^^^^^^^^^^^
18 | from uais.supervised.train_fraud_supervised import FraudModelConfig, train_fraud_model
19 | from uais.utils.metrics import compute_classification_metrics
   |

E402 Module level import not at top of cell
  --> notebooks/40_hybrid_fraud_score.ipynb:cell 1:18:1
   |
16 | from uais.ensembles.blending import blend_supervised_and_anomaly
17 | from uais.features.fraud_features import build_fraud_feature_table
18 | from uais.supervised.train_fraud_supervised import FraudModelConfig, train_fraud_model
   | ^^^^^^^^^^^^^^^^^^^^^^^^^^^^^^^^^^^^^^^^^^^^^^^^^^^^^^^^^^^^^^^^^^^^^^^^^^^^^^^^^^^^^^
19 | from uais.utils.metrics import compute_classification_metrics
20 | from uais.utils.plotting import plot_pr_curve, plot_roc_curve
   |

E402 Module level import not at top of cell
  --> notebooks/40_hybrid_fraud_score.ipynb:cell 1:19:1
   |
17 | from uais.features.fraud_features import build_fraud_feature_table
18 | from uais.supervised.train_fraud_supervised import FraudModelConfig, train_fraud_model
19 | from uais.utils.metrics import compute_classification_metrics
   | ^^^^^^^^^^^^^^^^^^^^^^^^^^^^^^^^^^^^^^^^^^^^^^^^^^^^^^^^^^^^^
20 | from uais.utils.plotting import plot_pr_curve, plot_roc_curve
   |

E402 Module level import not at top of cell
  --> notebooks/40_hybrid_fraud_score.ipynb:cell 1:20:1
   |
18 | from uais.supervised.train_fraud_supervised import FraudModelConfig, train_fraud_model
19 | from uais.utils.metrics import compute_classification_metrics
20 | from uais.utils.plotting import plot_pr_curve, plot_roc_curve
   | ^^^^^^^^^^^^^^^^^^^^^^^^^^^^^^^^^^^^^^^^^^^^^^^^^^^^^^^^^^^^^
21 |
   |

E402 Module level import not at top of cell
  --> notebooks/50_explainability.ipynb:cell 1:11:1
   |
 9 |     sys.path.append(str(src_path))
10 |
11 | from sklearn.model_selection import train_test_split
   | ^^^^^^^^^^^^^^^^^^^^^^^^^^^^^^^^^^^^^^^^^^^^^^^^^^^^
12 |
13 | from uais.data.load_fraud_data import load_fraud_data
   |

E402 Module level import not at top of cell
  --> notebooks/50_explainability.ipynb:cell 1:13:1
   |
11 | from sklearn.model_selection import train_test_split
12 |
13 | from uais.data.load_fraud_data import load_fraud_data
   | ^^^^^^^^^^^^^^^^^^^^^^^^^^^^^^^^^^^^^^^^^^^^^^^^^^^^^
14 | from uais.explainability.shap_explainer import compute_shap_values, plot_shap_summary
15 | from uais.features.fraud_features import build_fraud_feature_table
   |

E402 Module level import not at top of cell
  --> notebooks/50_explainability.ipynb:cell 1:14:1
   |
13 | from uais.data.load_fraud_data import load_fraud_data
14 | from uais.explainability.shap_explainer import compute_shap_values, plot_shap_summary
   | ^^^^^^^^^^^^^^^^^^^^^^^^^^^^^^^^^^^^^^^^^^^^^^^^^^^^^^^^^^^^^^^^^^^^^^^^^^^^^^^^^^^^^
15 | from uais.features.fraud_features import build_fraud_feature_table
16 | from uais.supervised.train_fraud_supervised import FraudModelConfig, train_fraud_model
   |

E402 Module level import not at top of cell
  --> notebooks/50_explainability.ipynb:cell 1:15:1
   |
13 | from uais.data.load_fraud_data import load_fraud_data
14 | from uais.explainability.shap_explainer import compute_shap_values, plot_shap_summary
15 | from uais.features.fraud_features import build_fraud_feature_table
   | ^^^^^^^^^^^^^^^^^^^^^^^^^^^^^^^^^^^^^^^^^^^^^^^^^^^^^^^^^^^^^^^^^^
16 | from uais.supervised.train_fraud_supervised import FraudModelConfig, train_fraud_model
   |

E402 Module level import not at top of cell
  --> notebooks/50_explainability.ipynb:cell 1:16:1
   |
14 | from uais.explainability.shap_explainer import compute_shap_values, plot_shap_summary
15 | from uais.features.fraud_features import build_fraud_feature_table
16 | from uais.supervised.train_fraud_supervised import FraudModelConfig, train_fraud_model
   | ^^^^^^^^^^^^^^^^^^^^^^^^^^^^^^^^^^^^^^^^^^^^^^^^^^^^^^^^^^^^^^^^^^^^^^^^^^^^^^^^^^^^^^
17 |
   |

E402 Module level import not at top of cell
  --> notebooks/60_evaluation_drift.ipynb:cell 1:16:1
   |
14 |     sys.path.append(str(src_path))
15 |
16 | from sklearn.model_selection import train_test_split
   | ^^^^^^^^^^^^^^^^^^^^^^^^^^^^^^^^^^^^^^^^^^^^^^^^^^^^
17 |
18 | from uais.data.load_fraud_data import load_fraud_data
   |

E402 Module level import not at top of cell
  --> notebooks/60_evaluation_drift.ipynb:cell 1:18:1
   |
16 | from sklearn.model_selection import train_test_split
17 |
18 | from uais.data.load_fraud_data import load_fraud_data
   | ^^^^^^^^^^^^^^^^^^^^^^^^^^^^^^^^^^^^^^^^^^^^^^^^^^^^^
19 | from uais.features.fraud_features import build_fraud_feature_table
   |

E402 Module level import not at top of cell
  --> notebooks/60_evaluation_drift.ipynb:cell 1:19:1
   |
18 | from uais.data.load_fraud_data import load_fraud_data
19 | from uais.features.fraud_features import build_fraud_feature_table
   | ^^^^^^^^^^^^^^^^^^^^^^^^^^^^^^^^^^^^^^^^^^^^^^^^^^^^^^^^^^^^^^^^^^
20 |
   |

E402 Module level import not at top of cell
  --> notebooks/70_nlp_email_anomalies.ipynb:cell 2:12:1
   |
10 |     sys.path.append(str(src_path))
11 |
12 | from uais.nlp.train_text_classifier import NLPConfig, run_text_experiment
   | ^^^^^^^^^^^^^^^^^^^^^^^^^^^^^^^^^^^^^^^^^^^^^^^^^^^^^^^^^^^^^^^^^^^^^^^^^
13 |
14 | print('Project root:', project_root)
   |

E402 Module level import not at top of cell
  --> notebooks/80_vision_forgery_detection.ipynb:cell 3:13:1
   |
11 |     sys.path.append(str(src_path))
12 |
13 | from uais.vision.train_vision_model import VisionConfig, run_vision_experiment
   | ^^^^^^^^^^^^^^^^^^^^^^^^^^^^^^^^^^^^^^^^^^^^^^^^^^^^^^^^^^^^^^^^^^^^^^^^^^^^^^
14 |
15 | # Default to Intel image classification dataset pulled via KaggleHub
   |

E702 Multiple statements on one line (semicolon)
  --> notebooks/80_vision_forgery_detection.ipynb:cell 6:20:19
   |
18 |     ax.set_title(d.name)
19 |     ax.axis('off')
20 | plt.tight_layout(); plt.show()
   |                   ^
21 |
   |

E702 Multiple statements on one line (semicolon)
  --> notebooks/80_vision_forgery_detection.ipynb:cell 9:17:28
   |
15 |     ax[0].plot(hist.get('loss', []), label='train')
16 |     ax[0].plot(hist.get('val_loss', []), label='val')
17 |     ax[0].set_title('Loss'); ax[0].legend()
   |                            ^
18 |     ax[1].plot(hist.get('accuracy', []), label='train')
19 |     ax[1].plot(hist.get('val_accuracy', []), label='val')
   |

E702 Multiple statements on one line (semicolon)
  --> notebooks/80_vision_forgery_detection.ipynb:cell 9:20:32
   |
18 |     ax[1].plot(hist.get('accuracy', []), label='train')
19 |     ax[1].plot(hist.get('val_accuracy', []), label='val')
20 |     ax[1].set_title('Accuracy'); ax[1].legend()
   |                                ^
21 |     plt.tight_layout(); plt.show()
   |

E702 Multiple statements on one line (semicolon)
  --> notebooks/80_vision_forgery_detection.ipynb:cell 9:21:23
   |
19 |     ax[1].plot(hist.get('val_accuracy', []), label='val')
20 |     ax[1].set_title('Accuracy'); ax[1].legend()
21 |     plt.tight_layout(); plt.show()
   |                       ^
   |

E402 Module level import not at top of cell
  --> notebooks/90_generative_synthesis.ipynb:cell 4:11:1
   |
 9 |     sys.path.append(str(src_path))
10 |
11 | from uais.generative.train_vae import VAEConfig, run_vae_pipeline
   | ^^^^^^^^^^^^^^^^^^^^^^^^^^^^^^^^^^^^^^^^^^^^^^^^^^^^^^^^^^^^^^^^^
12 |
   |

E702 Multiple statements on one line (semicolon)
  --> notebooks/90_generative_synthesis.ipynb:cell 7:13:17
   |
11 |     plt.plot(hist.get('loss', []), label='train')
12 |     plt.plot(hist.get('val_loss', []), label='val')
13 |     plt.legend(); plt.title('VAE loss'); plt.xlabel('epoch'); plt.ylabel('loss'); plt.tight_layout()
   |                 ^
14 |     plt.savefig(plot_path, dpi=150)
15 |     plt.show()
   |

E702 Multiple statements on one line (semicolon)
  --> notebooks/90_generative_synthesis.ipynb:cell 7:13:40
   |
11 |     plt.plot(hist.get('loss', []), label='train')
12 |     plt.plot(hist.get('val_loss', []), label='val')
13 |     plt.legend(); plt.title('VAE loss'); plt.xlabel('epoch'); plt.ylabel('loss'); plt.tight_layout()
   |                                        ^
14 |     plt.savefig(plot_path, dpi=150)
15 |     plt.show()
   |

E702 Multiple statements on one line (semicolon)
  --> notebooks/90_generative_synthesis.ipynb:cell 7:13:61
   |
11 |     plt.plot(hist.get('loss', []), label='train')
12 |     plt.plot(hist.get('val_loss', []), label='val')
13 |     plt.legend(); plt.title('VAE loss'); plt.xlabel('epoch'); plt.ylabel('loss'); plt.tight_layout()
   |                                                             ^
14 |     plt.savefig(plot_path, dpi=150)
15 |     plt.show()
   |

E702 Multiple statements on one line (semicolon)
  --> notebooks/90_generative_synthesis.ipynb:cell 7:13:81
   |
11 |     plt.plot(hist.get('loss', []), label='train')
12 |     plt.plot(hist.get('val_loss', []), label='val')
13 |     plt.legend(); plt.title('VAE loss'); plt.xlabel('epoch'); plt.ylabel('loss'); plt.tight_layout()
   |                                                                                 ^
14 |     plt.savefig(plot_path, dpi=150)
15 |     plt.show()
   |

B018 Found useless expression. Either assign it to a variable or remove it.
  --> notebooks/Untitled-1.py:1:1
   |
 1 | / {
 2 | |   "cells": [
 3 | |     {
 4 | |       "cell_type": "markdown",
 5 | |       "metadata": { "language": "markdown" },
 6 | |       "source": [
 7 | |         "# CERT Sequence Anomaly Detection (LSTM Autoencoder)",
 8 | |         "Optimized, GPU-optional, fast CPU version."
 9 | |       ]
10 | |     },
11 | |     {
12 | |       "cell_type": "code",
13 | |       "metadata": { "language": "python" },
14 | |       "source": [
15 | |         "from pathlib import Path",
16 | |         "import pandas as pd, numpy as np, sys",
17 | |         "from sklearn.model_selection import train_test_split",
18 | |         "import tensorflow as tf",
19 | |         "from tensorflow.keras import layers, models",
20 | |         "",
21 | |         "project_root = Path(\"..\" ).resolve()",
22 | |         "csv_path = project_root / \"data\" / \"raw\" / \"behavior\" / \"r4.2\" / \"logon.csv\"  # change to device.csv if needed",
23 | |         "df = pd.read_csv(csv_path, nrows=2000, low_memory=False)  # small slice",
24 | |         "print(\"Cols:\", df.columns.tolist())",
25 | |         "",
26 | |         "time_col = next(c for c in df.columns if \"time\" in c.lower() or \"date\" in c.lower())",
27 | |         "user_col = next(c for c in df.columns if \"user\" in c.lower())",
28 | |         "",
29 | |         "df[time_col] = pd.to_datetime(df[time_col], errors=\"coerce\")",
30 | |         "df = df.dropna(subset=[time_col]).sort_values([user_col, time_col])",
31 | |         "df[\"hour\"] = df[time_col].dt.hour",
32 | |         "df[\"dayofweek\"] = df[time_col].dt.dayofweek",
33 | |         "feature_cols = [\"hour\", \"dayofweek\"]",
34 | |         "",
35 | |         "sequence_length = 10",
36 | |         "max_users = 50",
37 | |         "max_seq_per_user = 1",
38 | |         "",
39 | |         "seqs = []",
40 | |         "for idx, (u, g) in enumerate(df.groupby(user_col)):",
41 | |         "    if idx >= max_users:",
42 | |         "        break",
43 | |         "    X = g[feature_cols].values",
44 | |         "    if len(X) <= sequence_length:",
45 | |         "        continue",
46 | |         "    n_take = min(max_seq_per_user, len(X) - sequence_length + 1)",
47 | |         "    for i in range(n_take):",
48 | |         "        seqs.append(X[i:i+sequence_length])",
49 | |         "X_seq = np.array(seqs, dtype=np.float32)",
50 | |         "print(\"Sequences:\", X_seq.shape)",
51 | |         "if len(X_seq) == 0:",
52 | |         "    raise ValueError(\"No sequences built; lower caps or check file/columns.\")",
53 | |         "",
54 | |         "X_train, X_test = train_test_split(X_seq, test_size=0.2, random_state=42)",
55 | |         "",
56 | |         "input_shape = (sequence_length, len(feature_cols))",
57 | |         "model = models.Sequential([",
58 | |         "    layers.Input(shape=input_shape),",
59 | |         "    layers.LSTM(8, return_sequences=False),",
60 | |         "    layers.RepeatVector(sequence_length),",
61 | |         "    layers.LSTM(8, return_sequences=True),",
62 | |         "    layers.TimeDistributed(layers.Dense(len(feature_cols)))",
63 | |         "])",
64 | |         "model.compile(optimizer=\"adam\", loss=\"mse\")",
65 | |         "history = model.fit(X_train, X_train, epochs=1, batch_size=128, verbose=1, validation_split=0.1)",
66 | |         "",
67 | |         "recon = model.predict(X_test, batch_size=256, verbose=0)",
68 | |         "mse = np.mean((X_test - recon) ** 2, axis=(1,2))",
69 | |         "print(\"Score stats:\", pd.Series(mse).describe())",
70 | |         "",
71 | |         "out = project_root / \"experiments\" / \"behavior\" / \"scores_cert_sequence_min.csv\"",
72 | |         "out.parent.mkdir(parents=True, exist_ok=True)",
73 | |         "pd.DataFrame({\"sequence_id\": np.arange(len(mse)), \"anomaly_score\": mse}).to_csv(out, index=False)",
74 | |         "print(\"Saved:\", out)"
75 | |       ]
76 | |     }
77 | |   ]
78 | | }
   | |_^
   |

B007 Loop control variable `u` not used within loop body
  --> notebooks/hkadh.py:27:11
   |
26 | seqs = []
27 | for idx, (u, g) in enumerate(df.groupby(user_col)):
   |           ^
28 |     if idx >= max_users:
29 |         break
   |
help: Rename unused `u` to `_u`

C401 Unnecessary generator (rewrite as a set comprehension)
  --> src/elara/family_b/corruption.py:80:21
   |
78 |     engine = AdversarialPerturbationEngine(domain_order, score_index, random_seed=int(seed))
79 |     out: list[KOfDCorruptionResult] = []
80 |     for k in sorted(set(int(v) for v in k_values)):
   |                     ^^^^^^^^^^^^^^^^^^^^^^^^^^^^^
81 |         if k < 0 or k > len(domain_order):
82 |             raise ValueError(f"k {k} outside [0, {len(domain_order)}]")
   |
help: Rewrite as a set comprehension

C408 Unnecessary `tuple()` call (rewrite as a literal)
  --> src/elara/family_b/corruption.py:88:36
   |
86 |                     condition="clean:k0",
87 |                     attack="none",
88 |                     failed_domains=tuple(),
   |                                    ^^^^^^^
89 |                     failed_domain_count=0,
90 |                     features=features,
   |
help: Rewrite as a literal

UP035 `typing.Dict` is deprecated, use `dict` instead
 --> src/pipeline/build_features.py:5:1
  |
3 | import json
4 | from pathlib import Path
5 | from typing import Any, Dict
  | ^^^^^^^^^^^^^^^^^^^^^^^^^^^^
6 |
7 | import pandas as pd
  |

UP006 Use `dict` instead of `Dict` for type annotation
  --> src/pipeline/build_features.py:15:37
   |
15 | def _load_config(cfg_path: Path) -> Dict[str, Any]:
   |                                     ^^^^
16 |     with cfg_path.open("r", encoding="utf-8") as f:
17 |         return yaml.safe_load(f)
   |
help: Replace with `dict`

UP035 `typing.Dict` is deprecated, use `dict` instead
 --> src/pipeline/train_models.py:5:1
  |
3 | import json
4 | from pathlib import Path
5 | from typing import Any, Dict
  | ^^^^^^^^^^^^^^^^^^^^^^^^^^^^
6 |
7 | import numpy as np
  |

UP006 Use `dict` instead of `Dict` for type annotation
  --> src/pipeline/train_models.py:18:37
   |
18 | def _load_config(cfg_path: Path) -> Dict[str, Any]:
   |                                     ^^^^
19 |     with cfg_path.open("r", encoding="utf-8") as f:
20 |         return yaml.safe_load(f)
   |
help: Replace with `dict`

UP006 Use `dict` instead of `Dict` for type annotation
  --> src/pipeline/train_models.py:23:30
   |
23 | def _maybe_start_mlflow(cfg: Dict[str, Any]):
   |                              ^^^^
24 |     mlflow_cfg = cfg.get("mlflow", {})
25 |     enabled = mlflow_cfg.get("enabled", False)
   |
help: Replace with `dict`

UP006 Use `dict` instead of `Dict` for type annotation
  --> src/pipeline/train_models.py:42:10
   |
41 | def _log_mlflow_params_metrics(
42 |     cfg: Dict[str, Any], model_params: Dict[str, Any], val_metrics: Dict[str, float], test_metrics: Dict[str, float]
   |          ^^^^
43 | ):
44 |     try:
   |
help: Replace with `dict`

UP006 Use `dict` instead of `Dict` for type annotation
  --> src/pipeline/train_models.py:42:40
   |
41 | def _log_mlflow_params_metrics(
42 |     cfg: Dict[str, Any], model_params: Dict[str, Any], val_metrics: Dict[str, float], test_metrics: Dict[str, float]
   |                                        ^^^^
43 | ):
44 |     try:
   |
help: Replace with `dict`

UP006 Use `dict` instead of `Dict` for type annotation
  --> src/pipeline/train_models.py:42:69
   |
41 | def _log_mlflow_params_metrics(
42 |     cfg: Dict[str, Any], model_params: Dict[str, Any], val_metrics: Dict[str, float], test_metrics: Dict[str, float]
   |                                                                     ^^^^
43 | ):
44 |     try:
   |
help: Replace with `dict`

UP006 Use `dict` instead of `Dict` for type annotation
  --> src/pipeline/train_models.py:42:101
   |
41 | def _log_mlflow_params_metrics(
42 |     cfg: Dict[str, Any], model_params: Dict[str, Any], val_metrics: Dict[str, float], test_metrics: Dict[str, float]
   |                                                                                                     ^^^^
43 | ):
44 |     try:
   |
help: Replace with `dict`

F841 Local variable `y_pred` is assigned to but never used
   --> src/scripts/audit_canonical_label_semantics.py:118:5
    |
116 |     if inverted:
117 |         scores = 1.0 - scores
118 |     y_pred = (scores >= 0.5).astype(int)
    |     ^^^^^^
119 |     return {
120 |         "seed": seed,
    |
help: Remove assignment to unused variable `y_pred`

F841 Local variable `static` is assigned to but never used
   --> src/scripts/audit_canonical_label_semantics.py:358:9
    |
356 |         # raw vs flipped — the JSON stores the AFTER-flip values for static/craf, so we
357 |         # report the values as-stored and note that the audit will recompute under no-flip.
358 |         static = r.get("static_attention", {}) or {}
    |         ^^^^^^
359 |         rows.append(
360 |             {
    |
help: Remove assignment to unused variable `static`

B023 Function definition does not bind loop variable `cid`
   --> src/scripts/build_metrics_manifest.py:207:27
    |
206 |         def _macro(name: str, value):
207 |             key = f"elara{cid}{name}"  # e.g. elaraA2RgaPlusAuc
    |                           ^^^
208 |             if isinstance(value, float):
209 |                 macros[key] = f"{value:.4f}"
    |

B007 Loop control variable `pairing` not used within loop body
   --> src/scripts/emit_locked_audited_statistics.py:215:55
    |
213 |     representative_seed_idx = 0
214 |
215 |     for cell_id, benchmark, protocol, family, status, pairing, holm in FAMILY_REGISTRY:
    |                                                       ^^^^^^^
216 |         if status not in {"audited primary reanalysis", "exploratory", "protocol-diagnostic"}:
217 |             continue
    |
help: Rename unused `pairing` to `_pairing`

B007 Loop control variable `status` not used within loop body
   --> src/scripts/emit_locked_audited_statistics.py:367:47
    |
365 |         "sar_score_adapter",
366 |     )
367 |     for cell_id, benchmark, protocol, family, status, pairing, holm in FAMILY_REGISTRY:
    |                                               ^^^^^^
368 |         rel_path = JSON_PATHS.get((benchmark, protocol))
369 |         if rel_path is None:
    |
help: Rename unused `status` to `_status`

B007 Loop control variable `pairing` not used within loop body
   --> src/scripts/emit_locked_audited_statistics.py:367:55
    |
365 |         "sar_score_adapter",
366 |     )
367 |     for cell_id, benchmark, protocol, family, status, pairing, holm in FAMILY_REGISTRY:
    |                                                       ^^^^^^^
368 |         rel_path = JSON_PATHS.get((benchmark, protocol))
369 |         if rel_path is None:
    |
help: Rename unused `pairing` to `_pairing`

B007 Loop control variable `holm` not used within loop body
   --> src/scripts/emit_locked_audited_statistics.py:367:64
    |
365 |         "sar_score_adapter",
366 |     )
367 |     for cell_id, benchmark, protocol, family, status, pairing, holm in FAMILY_REGISTRY:
    |                                                                ^^^^
368 |         rel_path = JSON_PATHS.get((benchmark, protocol))
369 |         if rel_path is None:
    |
help: Rename unused `holm` to `_holm`

B023 Function definition does not bind loop variable `cs`
   --> src/scripts/emit_rga_plus_validation_frozen_selection.py:231:17
    |
230 |         def _m(name):
231 |             v = cs.get(name, {}).get("roc_auc")
    |                 ^^
232 |             if isinstance(v, dict):
233 |                 return v.get("mean")
    |

invalid-syntax: Cannot use an escape sequence (backslash) in f-strings on Python 3.9 (syntax was added in Python 3.12)
  --> src/scripts/emit_switching_certificate_t5_table.py:45:18
   |
43 |             rf"{_fmt(r.get('rga_auroc_mean'), 3)} & "
44 |             rf"{_fmt(r.get('lcb'), 4, sign=True)} & "
45 |             rf"{'\\textbf{certified}' if r.get('certified') else 'not cert.'} \\"
   |                  ^
46 |         )
47 |     out += [r"\bottomrule", r"\end{tabular}", ""]
   |

invalid-syntax: Cannot use an escape sequence (backslash) in f-strings on Python 3.9 (syntax was added in Python 3.12)
  --> src/scripts/emit_switching_certificate_t5_table.py:45:19
   |
43 |             rf"{_fmt(r.get('rga_auroc_mean'), 3)} & "
44 |             rf"{_fmt(r.get('lcb'), 4, sign=True)} & "
45 |             rf"{'\\textbf{certified}' if r.get('certified') else 'not cert.'} \\"
   |                   ^
46 |         )
47 |     out += [r"\bottomrule", r"\end{tabular}", ""]
   |

B007 Loop control variable `sid` not used within loop body
  --> src/scripts/family_d_v2_execute.py:92:13
   |
90 |     if endpoint == "D-EYE-1":
91 |         # Depth-channel score collapse
92 |         for sid, mods in new.items():
   |             ^^^
93 |             if mods["depth"] is not None:
94 |                 mods["depth"]["score"] = 0.0
   |
help: Rename unused `sid` to `_sid`

B007 Loop control variable `sid` not used within loop body
  --> src/scripts/family_d_v2_execute.py:97:13
   |
95 |     elif endpoint == "D-EYE-2":
96 |         # RGB-channel score collapse
97 |         for sid, mods in new.items():
   |             ^^^
98 |             if mods["rgb"] is not None:
99 |                 mods["rgb"]["score"] = 0.0
   |
help: Rename unused `sid` to `_sid`

B007 Loop control variable `sid` not used within loop body
   --> src/scripts/family_d_v2_execute.py:103:13
    |
101 |         # Single-modality missingness: alternate per sample
102 |         rng = np.random.default_rng(7)
103 |         for sid, mods in new.items():
    |             ^^^
104 |             target = "depth" if rng.random() < 0.5 else "rgb"
105 |             mods[target] = None
    |
help: Rename unused `sid` to `_sid`

F841 Local variable `rgb_feat` is assigned to but never used
   --> src/scripts/family_d_v2_execute.py:137:5
    |
135 |     rgb_scores = np.array(rgb_scores)
136 |     depth_scores = np.array(depth_scores)
137 |     rgb_feat = np.stack(rgb_features)
    |     ^^^^^^^^
138 |     depth_feat = np.stack(depth_features)
    |
help: Remove assignment to unused variable `rgb_feat`

F841 Local variable `depth_feat` is assigned to but never used
   --> src/scripts/family_d_v2_execute.py:138:5
    |
136 |     depth_scores = np.array(depth_scores)
137 |     rgb_feat = np.stack(rgb_features)
138 |     depth_feat = np.stack(depth_features)
    |     ^^^^^^^^^^
139 |
140 |     # Compute per-modality reliability via ReliabilityEstimator's KS-drift
    |
help: Remove assignment to unused variable `depth_feat`

UP035 `typing.Dict` is deprecated, use `dict` instead
 --> src/scripts/generate_reports.py:4:1
  |
3 | import json
4 | from typing import Dict
  | ^^^^^^^^^^^^^^^^^^^^^^^
5 |
6 | import pandas as pd
  |

UP006 Use `dict` instead of `Dict` for type annotation
  --> src/scripts/generate_reports.py:17:41
   |
17 | def load_domain_metrics(domain: str) -> Dict:
   |                                         ^^^^
18 |     metrics_path = EXPERIMENTS_DIR / domain / "metrics"
19 |     if not metrics_path.exists():
   |
help: Replace with `dict`

B007 Loop control variable `key` not used within loop body
   --> src/scripts/phase1_1_canonical_cleanup.py:129:9
    |
127 |         r"\midrule",
128 |     ]
129 |     for key, label, m in rows:
    |         ^^^
130 |         roc = m.get("roc_auc")
131 |         if isinstance(roc, dict):
    |
help: Rename unused `key` to `_key`

C416 Unnecessary dict comprehension (rewrite using `dict()`)
   --> src/scripts/prepare_healthcare_fusion_benchmark.py:202:27
    |
200 |             "embedding_normalization_split": "train",
201 |         },
202 |         "score_features": {domain: base for domain, base in DOMAIN_TO_BASE_FEATURE.items()},
    |                           ^^^^^^^^^^^^^^^^^^^^^^^^^^^^^^^^^^^^^^^^^^^^^^^^^^^^^^^^^^^^^^^^^
203 |     }
204 |     return frame, metadata
    |
help: Rewrite using `dict()`

B007 Loop control variable `key` not used within loop body
   --> src/scripts/prepare_mvtec3d_fusion_benchmark.py:278:13
    |
276 |             key = (pair_categories[idx], bool(labels[idx]))
277 |             bucketed.setdefault(key, []).append(idx)
278 |         for key, indices in bucketed.items():
    |             ^^^
279 |             indices = list(indices)
280 |             rng.shuffle(indices)
    |
help: Rename unused `key` to `_key`

B007 Loop control variable `key` not used within loop body
   --> src/scripts/prepare_mvtec_loco_fusion_benchmark.py:123:9
    |
121 |         bucketed.setdefault(key, []).append(idx)
122 |     assignment: dict[int, str] = {}
123 |     for key, indices in bucketed.items():
    |         ^^^
124 |         indices = list(indices)
125 |         rng.shuffle(indices)
    |
help: Rename unused `key` to `_key`

F841 Local variable `labels` is assigned to but never used
   --> src/scripts/prepare_mvtec_loco_fusion_benchmark.py:156:5
    |
154 |         raise FileNotFoundError(f"No LOCO-AD observations found under {dataset_root}")
155 |
156 |     labels = np.asarray([p.label for p in pairs], dtype=int)
    |     ^^^^^^
157 |     splits = np.asarray([p.split for p in pairs], dtype=object)
158 |     defect_types = np.asarray([p.defect_type for p in pairs], dtype=object)
    |
help: Remove assignment to unused variable `labels`

F841 Local variable `pair_categories` is assigned to but never used
   --> src/scripts/prepare_mvtec_loco_fusion_benchmark.py:159:5
    |
157 |     splits = np.asarray([p.split for p in pairs], dtype=object)
158 |     defect_types = np.asarray([p.defect_type for p in pairs], dtype=object)
159 |     pair_categories = np.asarray([p.category for p in pairs], dtype=object)
    |     ^^^^^^^^^^^^^^^
160 |     train_mask = splits == "train"
161 |     normal_reference_mask = train_mask & (defect_types == "good")
    |
help: Remove assignment to unused variable `pair_categories`

B007 Loop control variable `j` not used within loop body
   --> src/scripts/prepare_real3d_fusion_benchmark.py:434:9
    |
432 |     rng.shuffle(train_indices)
433 |     n_val = max(1, int(round(len(train_indices) * float(val_fraction_of_train))))
434 |     for j, i in enumerate(train_indices[:n_val]):
    |         ^
435 |         effective_splits[i] = "validation"
    |
help: Rename unused `j` to `_j`

B007 Loop control variable `key` not used within loop body
   --> src/scripts/prepare_real3d_fusion_benchmark.py:446:13
    |
444 |             key = (pairs[idx].category, pairs[idx].label)
445 |             bucketed.setdefault(key, []).append(idx)
446 |         for key, indices in bucketed.items():
    |             ^^^
447 |             indices = list(indices)
448 |             rng_sp.shuffle(indices)
    |
help: Rename unused `key` to `_key`

UP035 `typing.Tuple` is deprecated, use `tuple` instead
  --> src/scripts/prepare_realfusion_la_benchmark.py:48:1
   |
46 | import warnings
47 | from pathlib import Path
48 | from typing import Optional, Tuple
   | ^^^^^^^^^^^^^^^^^^^^^^^^^^^^^^^^^^
49 |
50 | import numpy as np
   |

UP006 Use `tuple` instead of `Tuple` for type annotation
  --> src/scripts/prepare_realfusion_la_benchmark.py:61:37
   |
61 | def _load_creditcard(path: Path) -> Tuple[np.ndarray, np.ndarray]:
   |                                     ^^^^^
62 |     """Return (X [N, 29], y [N]) from Kaggle creditcard.csv."""
63 |     df = pd.read_csv(path)
   |
help: Replace with `tuple`

UP006 Use `tuple` instead of `Tuple` for type annotation
  --> src/scripts/prepare_realfusion_la_benchmark.py:69:35
   |
69 | def _load_unswnb15(path: Path) -> Tuple[np.ndarray, np.ndarray]:
   |                                   ^^^^^
70 |     """Return (X, y) from UNSW-NB15 training or full CSV.
   |
help: Replace with `tuple`

UP006 Use `tuple` instead of `Tuple` for type annotation
  --> src/scripts/prepare_realfusion_la_benchmark.py:92:42
   |
92 | def _load_online_shoppers(path: Path) -> Tuple[np.ndarray, np.ndarray]:
   |                                          ^^^^^
93 |     """Return (X, y) from UCI Online Shoppers Intention dataset.
   |
help: Replace with `tuple`

UP045 Use `X | None` for type annotations
   --> src/scripts/prepare_realfusion_la_benchmark.py:107:27
    |
107 | def _load_news_text(path: Optional[Path]) -> Tuple[np.ndarray, np.ndarray]:
    |                           ^^^^^^^^^^^^^^
108 |     """Return TF-IDF features + binary labels from AG News or 20Newsgroups.
    |
help: Convert to `X | None`

UP006 Use `tuple` instead of `Tuple` for type annotation
   --> src/scripts/prepare_realfusion_la_benchmark.py:107:46
    |
107 | def _load_news_text(path: Optional[Path]) -> Tuple[np.ndarray, np.ndarray]:
    |                                              ^^^^^
108 |     """Return TF-IDF features + binary labels from AG News or 20Newsgroups.
    |
help: Replace with `tuple`

UP006 Use `tuple` instead of `Tuple` for type annotation
   --> src/scripts/prepare_realfusion_la_benchmark.py:159:6
    |
157 |     n_embedding_dims: int = 16,
158 |     random_seed: int = 42,
159 | ) -> Tuple[np.ndarray, np.ndarray, np.ndarray]:
    |      ^^^^^
160 |     """Return (scores, confidences, embeddings) for all samples.
    |
help: Replace with `tuple`

F841 Local variable `rng` is assigned to but never used
   --> src/scripts/prepare_realfusion_la_benchmark.py:166:5
    |
164 |     - embedding: PCA-reduced feature vector (n_embedding_dims dims)
165 |     """
166 |     rng = np.random.default_rng(random_seed)
    |     ^^^
167 |     scaler = StandardScaler()
168 |     X_s = scaler.fit_transform(X)
    |
help: Remove assignment to unused variable `rng`

UP045 Use `X | None` for type annotations
   --> src/scripts/prepare_realfusion_la_benchmark.py:291:22
    |
290 | def build_benchmark(
291 |     creditcard_path: Optional[Path] = None,
    |                      ^^^^^^^^^^^^^^
292 |     unswnb15_path: Optional[Path] = None,
293 |     shoppers_path: Optional[Path] = None,
    |
help: Convert to `X | None`

UP045 Use `X | None` for type annotations
   --> src/scripts/prepare_realfusion_la_benchmark.py:292:20
    |
290 | def build_benchmark(
291 |     creditcard_path: Optional[Path] = None,
292 |     unswnb15_path: Optional[Path] = None,
    |                    ^^^^^^^^^^^^^^
293 |     shoppers_path: Optional[Path] = None,
294 |     agnews_path: Optional[Path] = None,
    |
help: Convert to `X | None`

UP045 Use `X | None` for type annotations
   --> src/scripts/prepare_realfusion_la_benchmark.py:293:20
    |
291 |     creditcard_path: Optional[Path] = None,
292 |     unswnb15_path: Optional[Path] = None,
293 |     shoppers_path: Optional[Path] = None,
    |                    ^^^^^^^^^^^^^^
294 |     agnews_path: Optional[Path] = None,
295 |     output_path: Path = Path("data/real_fusion/realfusion_la.csv"),
    |
help: Convert to `X | None`

UP045 Use `X | None` for type annotations
   --> src/scripts/prepare_realfusion_la_benchmark.py:294:18
    |
292 |     unswnb15_path: Optional[Path] = None,
293 |     shoppers_path: Optional[Path] = None,
294 |     agnews_path: Optional[Path] = None,
    |                  ^^^^^^^^^^^^^^
295 |     output_path: Path = Path("data/real_fusion/realfusion_la.csv"),
296 |     n_composite: int = 8000,
    |
help: Convert to `X | None`

C416 Unnecessary dict comprehension (rewrite using `dict()`)
   --> src/scripts/prepare_unsw_paired_fusion_benchmark.py:297:27
    |
295 |             "embedding_normalization_split": "train",
296 |         },
297 |         "score_features": {domain: cols for domain, cols in DOMAIN_TO_FEATURES.items()},
    |                           ^^^^^^^^^^^^^^^^^^^^^^^^^^^^^^^^^^^^^^^^^^^^^^^^^^^^^^^^^^^^^
298 |     }
299 |     return frame, metadata
    |
help: Rewrite using `dict()`

F841 Local variable `categories` is assigned to but never used
   --> src/scripts/prepare_visa_fusion_benchmark.py:102:5
    |
100 |     labels = np.array([o.label for o in observations], dtype=int)
101 |     splits = np.array([o.split for o in observations], dtype=object)
102 |     categories = np.array([o.category for o in observations], dtype=object)
    |     ^^^^^^^^^^
103 |     train_mask = splits == "train"
104 |     normal_reference_mask = train_mask & (labels == 0)
    |
help: Remove assignment to unused variable `categories`

B007 Loop control variable `key` not used within loop body
   --> src/scripts/prepare_visa_fusion_benchmark.py:143:13
    |
141 |             key = (observations[idx].category, observations[idx].label)
142 |             bucketed.setdefault(key, []).append(idx)
143 |         for key, indices in bucketed.items():
    |             ^^^
144 |             indices = list(indices)
145 |             rng_sp.shuffle(indices)
    |
help: Rename unused `key` to `_key`

UP035 `typing.Dict` is deprecated, use `dict` instead
  --> src/scripts/run_breakthrough_experiment.py:29:1
   |
27 | from itertools import combinations
28 | from pathlib import Path
29 | from typing import Dict, List, Optional, Tuple
   | ^^^^^^^^^^^^^^^^^^^^^^^^^^^^^^^^^^^^^^^^^^^^^^
30 |
31 | import numpy as np
   |

UP035 `typing.List` is deprecated, use `list` instead
  --> src/scripts/run_breakthrough_experiment.py:29:1
   |
27 | from itertools import combinations
28 | from pathlib import Path
29 | from typing import Dict, List, Optional, Tuple
   | ^^^^^^^^^^^^^^^^^^^^^^^^^^^^^^^^^^^^^^^^^^^^^^
30 |
31 | import numpy as np
   |

UP035 `typing.Tuple` is deprecated, use `tuple` instead
  --> src/scripts/run_breakthrough_experiment.py:29:1
   |
27 | from itertools import combinations
28 | from pathlib import Path
29 | from typing import Dict, List, Optional, Tuple
   | ^^^^^^^^^^^^^^^^^^^^^^^^^^^^^^^^^^^^^^^^^^^^^^
30 |
31 | import numpy as np
   |

UP006 Use `dict` instead of `Dict` for type annotation
   --> src/scripts/run_breakthrough_experiment.py:98:21
    |
 98 | def _load_data(cfg: Dict):
    |                     ^^^^
 99 |     data_cfg = cfg.get("data", {})
100 |     train_cfg = cfg.get("training", {})
    |
help: Replace with `dict`

UP006 Use `dict` instead of `Dict` for type annotation
   --> src/scripts/run_breakthrough_experiment.py:198:41
    |
198 | def _configured_split_values(train_cfg: Dict, key: str, default: list[str]) -> set[str]:
    |                                         ^^^^
199 |     values = train_cfg.get(key, default)
200 |     if isinstance(values, str):
    |
help: Replace with `dict`

UP006 Use `dict` instead of `Dict` for type annotation
   --> src/scripts/run_breakthrough_experiment.py:205:43
    |
205 | def _split(labels: np.ndarray, train_cfg: Dict, split_values: np.ndarray | None = None):
    |                                           ^^^^
206 |     if split_values is not None:
207 |         split_values = np.asarray(split_values)
    |
help: Replace with `dict`

UP006 Use `dict` instead of `Dict` for type annotation
   --> src/scripts/run_breakthrough_experiment.py:266:10
    |
265 | def _build_model(
266 |     cfg: Dict, num_domains: int, input_dim: int, confidence_index: int | None, device: torch.device
    |          ^^^^
267 | ) -> AttentionFusionModel:
268 |     m = cfg.get("model", {})
    |
help: Replace with `dict`

UP006 Use `dict` instead of `Dict` for type annotation
   --> src/scripts/run_breakthrough_experiment.py:287:33
    |
287 | def _component_weights(rel_cfg: Dict, disabled: Tuple[str, ...] = ()) -> Dict[str, float]:
    |                                 ^^^^
288 |     """Return normalized reliability-component weights with selected terms removed."""
289 |     name_to_key = {
    |
help: Replace with `dict`

UP006 Use `tuple` instead of `Tuple` for type annotation
   --> src/scripts/run_breakthrough_experiment.py:287:49
    |
287 | def _component_weights(rel_cfg: Dict, disabled: Tuple[str, ...] = ()) -> Dict[str, float]:
    |                                                 ^^^^^
288 |     """Return normalized reliability-component weights with selected terms removed."""
289 |     name_to_key = {
    |
help: Replace with `tuple`

UP006 Use `dict` instead of `Dict` for type annotation
   --> src/scripts/run_breakthrough_experiment.py:287:74
    |
287 | def _component_weights(rel_cfg: Dict, disabled: Tuple[str, ...] = ()) -> Dict[str, float]:
    |                                                                          ^^^^
288 |     """Return normalized reliability-component weights with selected terms removed."""
289 |     name_to_key = {
    |
help: Replace with `dict`

UP006 Use `dict` instead of `Dict` for type annotation
   --> src/scripts/run_breakthrough_experiment.py:314:14
    |
313 | def _make_reliability_estimator(
314 |     rel_cfg: Dict,
    |              ^^^^
315 |     domain_order: List[str],
316 |     score_index: int,
    |
help: Replace with `dict`

UP006 Use `list` instead of `List` for type annotation
   --> src/scripts/run_breakthrough_experiment.py:315:19
    |
313 | def _make_reliability_estimator(
314 |     rel_cfg: Dict,
315 |     domain_order: List[str],
    |                   ^^^^
316 |     score_index: int,
317 |     disabled_components: Tuple[str, ...] = (),
    |
help: Replace with `list`

UP006 Use `tuple` instead of `Tuple` for type annotation
   --> src/scripts/run_breakthrough_experiment.py:317:26
    |
315 |     domain_order: List[str],
316 |     score_index: int,
317 |     disabled_components: Tuple[str, ...] = (),
    |                          ^^^^^
318 | ) -> ReliabilityEstimator:
319 |     weights = _component_weights(rel_cfg, disabled=disabled_components)
    |
help: Replace with `tuple`

UP006 Use `dict` instead of `Dict` for type annotation
   --> src/scripts/run_breakthrough_experiment.py:344:78
    |
344 | def _train_model(model: AttentionFusionModel, train_loader, val_loader, cfg: Dict, device: torch.device) -> None:
    |                                                                              ^^^^
345 |     t_cfg = cfg.get("training", {})
346 |     optimizer = torch.optim.AdamW(
    |
help: Replace with `dict`

B007 Loop control variable `epoch` not used within loop body
   --> src/scripts/run_breakthrough_experiment.py:356:9
    |
354 |     no_improve = 0
355 |
356 |     for epoch in range(int(t_cfg.get("epochs", 20))):
    |         ^^^^^
357 |         model.train()
358 |         for batch in train_loader:
    |
help: Rename unused `epoch` to `_epoch`

UP006 Use `dict` instead of `Dict` for type annotation
   --> src/scripts/run_breakthrough_experiment.py:632:6
    |
630 |     gate_mode: str = "mean",
631 |     min_gate_threshold: float | None = None,
632 | ) -> Dict[str, float | bool | int | str]:
    |      ^^^^
633 |     """Summarize whether the reliability gate adapts for one inference batch."""
634 |     if gate_mode not in {"mean", "minimum", "hybrid"}:
    |
help: Replace with `dict`

UP045 Use `X | None` for type annotations
   --> src/scripts/run_breakthrough_experiment.py:669:19
    |
667 |     clean_gate_threshold: float = 0.66,
668 |     per_sample_gating: bool = False,
669 |     learned_gate: Optional[LearnedReliabilityGate] = None,
    |                   ^^^^^^^^^^^^^^^^^^^^^^^^^^^^^^^^
670 | ) -> Tuple[np.ndarray, Dict[str, float | int]]:
671 |     """Predict with reliability-gated attention weights.
    |
help: Convert to `X | None`

UP006 Use `tuple` instead of `Tuple` for type annotation
   --> src/scripts/run_breakthrough_experiment.py:670:6
    |
668 |     per_sample_gating: bool = False,
669 |     learned_gate: Optional[LearnedReliabilityGate] = None,
670 | ) -> Tuple[np.ndarray, Dict[str, float | int]]:
    |      ^^^^^
671 |     """Predict with reliability-gated attention weights.
    |
help: Replace with `tuple`

UP006 Use `dict` instead of `Dict` for type annotation
   --> src/scripts/run_breakthrough_experiment.py:670:24
    |
668 |     per_sample_gating: bool = False,
669 |     learned_gate: Optional[LearnedReliabilityGate] = None,
670 | ) -> Tuple[np.ndarray, Dict[str, float | int]]:
    |                        ^^^^
671 |     """Predict with reliability-gated attention weights.
    |
help: Replace with `dict`

UP006 Use `list` instead of `List` for type annotation
   --> src/scripts/run_breakthrough_experiment.py:778:84
    |
778 | def _calibration_bins(y_true: np.ndarray, y_prob: np.ndarray, n_bins: int = 10) -> List[Dict]:
    |                                                                                    ^^^^
779 |     bins = np.linspace(0.0, 1.0, n_bins + 1)
780 |     bin_ids = np.digitize(y_prob, bins) - 1
    |
help: Replace with `list`

UP006 Use `dict` instead of `Dict` for type annotation
   --> src/scripts/run_breakthrough_experiment.py:778:89
    |
778 | def _calibration_bins(y_true: np.ndarray, y_prob: np.ndarray, n_bins: int = 10) -> List[Dict]:
    |                                                                                         ^^^^
779 |     bins = np.linspace(0.0, 1.0, n_bins + 1)
780 |     bin_ids = np.digitize(y_prob, bins) - 1
    |
help: Replace with `dict`

UP006 Use `tuple` instead of `Tuple` for type annotation
   --> src/scripts/run_breakthrough_experiment.py:802:103
    |
802 | def _make_synthetic(n_samples: int = 800, n_domains: int = 3, n_features: int = 5, seed: int = 42) -> Tuple:
    |                                                                                                       ^^^^^
803 |     rng = np.random.default_rng(seed)
804 |     labels = (rng.random(n_samples) < 0.15).astype(np.float32)
    |
help: Replace with `tuple`

UP006 Use `dict` instead of `Dict` for type annotation
   --> src/scripts/run_breakthrough_experiment.py:823:6
    |
821 |     seed: int,
822 |     threshold: float = 0.5,
823 | ) -> Dict[str, Dict[str, float | None]]:
    |      ^^^^
824 |     """Bootstrap CIs for core probability metrics on one evaluated split."""
    |
help: Replace with `dict`

UP006 Use `dict` instead of `Dict` for type annotation
   --> src/scripts/run_breakthrough_experiment.py:823:16
    |
821 |     seed: int,
822 |     threshold: float = 0.5,
823 | ) -> Dict[str, Dict[str, float | None]]:
    |                ^^^^
824 |     """Bootstrap CIs for core probability metrics on one evaluated split."""
    |
help: Replace with `dict`

UP006 Use `dict` instead of `Dict` for type annotation
   --> src/scripts/run_breakthrough_experiment.py:841:10
    |
839 |         return float(sk_metrics.f1_score(y, (p >= threshold).astype(int), zero_division=0))
840 |
841 |     out: Dict[str, Dict[str, float | None]] = {}
    |          ^^^^
842 |     for offset, (name, fn) in enumerate({"roc_auc": _safe_roc, "pr_auc": _safe_pr, "f1": _safe_f1}.items()):
843 |         low, high = bootstrap_ci(
    |
help: Replace with `dict`

UP006 Use `dict` instead of `Dict` for type annotation
   --> src/scripts/run_breakthrough_experiment.py:841:20
    |
839 |         return float(sk_metrics.f1_score(y, (p >= threshold).astype(int), zero_division=0))
840 |
841 |     out: Dict[str, Dict[str, float | None]] = {}
    |                    ^^^^
842 |     for offset, (name, fn) in enumerate({"roc_auc": _safe_roc, "pr_auc": _safe_pr, "f1": _safe_f1}.items()):
843 |         low, high = bootstrap_ci(
    |
help: Replace with `dict`

UP006 Use `dict` instead of `Dict` for type annotation
   --> src/scripts/run_breakthrough_experiment.py:865:6
    |
863 |     val_probs: np.ndarray,
864 |     strategy: str | None,
865 | ) -> Dict[str, float | str]:
    |      ^^^^
866 |     threshold = select_decision_threshold(val_labels, val_probs, strategy=strategy)
867 |     metrics = classification_metrics(test_labels, test_probs, threshold=threshold)
    |
help: Replace with `dict`

UP006 Use `list` instead of `List` for type annotation
   --> src/scripts/run_breakthrough_experiment.py:931:19
    |
929 |     test_mask: np.ndarray,
930 |     test_labels: np.ndarray,
931 |     domain_order: List[str],
    |                   ^^^^
932 |     score_index: int,
933 |     device: torch.device,
    |
help: Replace with `list`

UP006 Use `list` instead of `List` for type annotation
   --> src/scripts/run_breakthrough_experiment.py:934:19
    |
932 |     score_index: int,
933 |     device: torch.device,
934 |     noise_levels: List[float],
    |                   ^^^^
935 |     clean_gate_threshold: float,
936 |     seed: int,
    |
help: Replace with `list`

UP006 Use `list` instead of `List` for type annotation
    --> src/scripts/run_breakthrough_experiment.py:1001:19
     |
 999 |     test_mask: np.ndarray,
1000 |     test_labels: np.ndarray,
1001 |     domain_order: List[str],
     |                   ^^^^
1002 |     score_index: int,
1003 |     device: torch.device,
     |
help: Replace with `list`

UP006 Use `list` instead of `List` for type annotation
    --> src/scripts/run_breakthrough_experiment.py:1004:19
     |
1002 |     score_index: int,
1003 |     device: torch.device,
1004 |     attack_names: List[str],
     |                   ^^^^
1005 |     sigma: float,
1006 |     clean_gate_threshold: float,
     |
help: Replace with `list`

UP006 Use `list` instead of `List` for type annotation
    --> src/scripts/run_breakthrough_experiment.py:1065:20
     |
1063 |     test_labels: np.ndarray,
1064 |     device: torch.device,
1065 |     dropout_probs: List[float],
     |                    ^^^^
1066 |     clean_gate_threshold: float,
1067 |     seed: int,
     |
help: Replace with `list`

UP006 Use `list` instead of `List` for type annotation
    --> src/scripts/run_breakthrough_experiment.py:1110:19
     |
1108 |     test_feat: np.ndarray,
1109 |     test_mask: np.ndarray,
1110 |     domain_order: List[str],
     |                   ^^^^
1111 |     score_index: int,
1112 |     attack_names: List[str],
     |
help: Replace with `list`

UP006 Use `list` instead of `List` for type annotation
    --> src/scripts/run_breakthrough_experiment.py:1112:19
     |
1110 |     domain_order: List[str],
1111 |     score_index: int,
1112 |     attack_names: List[str],
     |                   ^^^^
1113 |     sigma: float,
1114 |     seed: int,
     |
help: Replace with `list`

UP006 Use `list` instead of `List` for type annotation
    --> src/scripts/run_breakthrough_experiment.py:1156:19
     |
1154 |     test_feat: np.ndarray,
1155 |     test_mask: np.ndarray,
1156 |     domain_order: List[str],
     |                   ^^^^
1157 |     score_index: int,
1158 |     attack_name: str,
     |
help: Replace with `list`

UP006 Use `list` instead of `List` for type annotation
    --> src/scripts/run_breakthrough_experiment.py:1159:15
     |
1157 |     score_index: int,
1158 |     attack_name: str,
1159 |     k_values: List[int],
     |               ^^^^
1160 |     sigma: float,
1161 |     seed: int,
     |
help: Replace with `list`

C401 Unnecessary generator (rewrite as a set comprehension)
    --> src/scripts/run_breakthrough_experiment.py:1171:21
     |
1169 |     engine = AdversarialPerturbationEngine(domain_order, score_index, random_seed=seed)
1170 |     conditions: list[dict] = []
1171 |     for k in sorted(set(int(value) for value in k_values)):
     |                     ^^^^^^^^^^^^^^^^^^^^^^^^^^^^^^^^^^^^^
1172 |         if k < 0 or k > len(domain_order):
1173 |             raise ValueError(f"k-domain corruption value {k} is outside [0, {len(domain_order)}].")
     |
help: Rewrite as a set comprehension

UP006 Use `list` instead of `List` for type annotation
    --> src/scripts/run_breakthrough_experiment.py:1219:19
     |
1217 |     test_mask: np.ndarray,
1218 |     test_labels: np.ndarray,
1219 |     domain_order: List[str],
     |                   ^^^^
1220 |     score_index: int,
1221 |     device: torch.device,
     |
help: Replace with `list`

UP006 Use `list` instead of `List` for type annotation
    --> src/scripts/run_breakthrough_experiment.py:1222:19
     |
1220 |     score_index: int,
1221 |     device: torch.device,
1222 |     attack_names: List[str],
     |                   ^^^^
1223 |     k_values: List[int],
1224 |     gate_modes: List[str],
     |
help: Replace with `list`

UP006 Use `list` instead of `List` for type annotation
    --> src/scripts/run_breakthrough_experiment.py:1223:15
     |
1221 |     device: torch.device,
1222 |     attack_names: List[str],
1223 |     k_values: List[int],
     |               ^^^^
1224 |     gate_modes: List[str],
1225 |     sigma: float,
     |
help: Replace with `list`

UP006 Use `list` instead of `List` for type annotation
    --> src/scripts/run_breakthrough_experiment.py:1224:17
     |
1222 |     attack_names: List[str],
1223 |     k_values: List[int],
1224 |     gate_modes: List[str],
     |                 ^^^^
1225 |     sigma: float,
1226 |     clean_gate_threshold: float,
     |
help: Replace with `list`

UP006 Use `list` instead of `List` for type annotation
    --> src/scripts/run_breakthrough_experiment.py:1310:19
     |
1308 |     test_mask: np.ndarray,
1309 |     test_labels: np.ndarray,
1310 |     domain_order: List[str],
     |                   ^^^^
1311 |     score_index: int,
1312 |     device: torch.device,
     |
help: Replace with `list`

UP006 Use `list` instead of `List` for type annotation
    --> src/scripts/run_breakthrough_experiment.py:1313:17
     |
1311 |     score_index: int,
1312 |     device: torch.device,
1313 |     thresholds: List[float],
     |                 ^^^^
1314 |     attack_names: List[str],
1315 |     sigma: float,
     |
help: Replace with `list`

UP006 Use `list` instead of `List` for type annotation
    --> src/scripts/run_breakthrough_experiment.py:1314:19
     |
1312 |     device: torch.device,
1313 |     thresholds: List[float],
1314 |     attack_names: List[str],
     |                   ^^^^
1315 |     sigma: float,
1316 |     seed: int,
     |
help: Replace with `list`

UP045 Use `X | None` for type annotations
    --> src/scripts/run_breakthrough_experiment.py:1320:19
     |
1318 |     static_decision_threshold: float = 0.5,
1319 |     craf_decision_threshold: float = 0.5,
1320 |     learned_gate: Optional[LearnedReliabilityGate] = None,
     |                   ^^^^^^^^^^^^^^^^^^^^^^^^^^^^^^^^
1321 | ) -> list[dict]:
1322 |     rows: list[dict] = []
     |
help: Convert to `X | None`

UP006 Use `list` instead of `List` for type annotation
    --> src/scripts/run_breakthrough_experiment.py:1404:38
     |
1404 | def _component_ablation_specs(names: List[str]) -> list[dict]:
     |                                      ^^^^
1405 |     if not names:
1406 |         return []
     |
help: Replace with `list`

UP006 Use `dict` instead of `Dict` for type annotation
    --> src/scripts/run_breakthrough_experiment.py:1426:14
     |
1424 | def _evaluate_component_ablation(
1425 |     model: AttentionFusionModel,
1426 |     rel_cfg: Dict,
     |              ^^^^
1427 |     val_feat: np.ndarray,
1428 |     val_mask: np.ndarray,
     |
help: Replace with `dict`

UP006 Use `list` instead of `List` for type annotation
    --> src/scripts/run_breakthrough_experiment.py:1433:19
     |
1431 |     test_mask: np.ndarray,
1432 |     test_labels: np.ndarray,
1433 |     domain_order: List[str],
     |                   ^^^^
1434 |     score_index: int,
1435 |     device: torch.device,
     |
help: Replace with `list`

UP006 Use `list` instead of `List` for type annotation
    --> src/scripts/run_breakthrough_experiment.py:1436:20
     |
1434 |     score_index: int,
1435 |     device: torch.device,
1436 |     variant_names: List[str],
     |                    ^^^^
1437 |     attack_names: List[str],
1438 |     sigma: float,
     |
help: Replace with `list`

UP006 Use `list` instead of `List` for type annotation
    --> src/scripts/run_breakthrough_experiment.py:1437:19
     |
1435 |     device: torch.device,
1436 |     variant_names: List[str],
1437 |     attack_names: List[str],
     |                   ^^^^
1438 |     sigma: float,
1439 |     clean_gate_threshold: float,
     |
help: Replace with `list`

UP006 Use `list` instead of `List` for type annotation
    --> src/scripts/run_breakthrough_experiment.py:1552:54
     |
1552 | def _cda_spearman_status(value: float, domain_order: List[str]) -> str:
     |                                                      ^^^^
1553 |     if _is_finite_number(value):
1554 |         return "computed"
     |
help: Replace with `list`

UP006 Use `list` instead of `List` for type annotation
    --> src/scripts/run_breakthrough_experiment.py:1567:19
     |
1565 |     sample_ids: list,
1566 |     test_idx: np.ndarray,
1567 |     domain_order: List[str],
     |                   ^^^^
1568 |     device: torch.device,
1569 |     n_cda: int,
     |
help: Replace with `list`

UP006 Use `list` instead of `List` for type annotation
    --> src/scripts/run_breakthrough_experiment.py:1610:19
     |
1608 |     masks: np.ndarray,
1609 |     reliability_weights: np.ndarray,
1610 |     domain_order: List[str],
     |                   ^^^^
1611 |     score_index: int,
1612 |     static_decision_threshold: float = 0.5,
     |
help: Replace with `list`

UP006 Use `list` instead of `List` for type annotation
    --> src/scripts/run_breakthrough_experiment.py:1646:19
     |
1644 |     sample_ids: list,
1645 |     test_idx: np.ndarray,
1646 |     domain_order: List[str],
     |                   ^^^^
1647 |     score_index: int,
1648 |     static_decision_threshold: float = 0.5,
     |
help: Replace with `list`

UP006 Use `list` instead of `List` for type annotation
    --> src/scripts/run_breakthrough_experiment.py:1760:19
     |
1758 |     test_mask: np.ndarray,
1759 |     device: torch.device,
1760 |     domain_order: List[str],
     |                   ^^^^
1761 |     seed: int,
1762 |     *,
     |
help: Replace with `list`

UP006 Use `list` instead of `List` for type annotation
    --> src/scripts/run_breakthrough_experiment.py:1839:67
     |
1839 | def _aggregate_causal_attribution(rows: list[dict], domain_order: List[str]) -> dict:
     |                                                                   ^^^^
1840 |     if not rows:
1841 |         return {}
     |
help: Replace with `list`

UP006 Use `list` instead of `List` for type annotation
    --> src/scripts/run_breakthrough_experiment.py:1889:52
     |
1889 | def _aggregate_cda(rows: list[dict], domain_order: List[str]) -> dict:
     |                                                    ^^^^
1890 |     if not rows:
1891 |         return {}
     |
help: Replace with `list`

UP006 Use `dict` instead of `Dict` for type annotation
    --> src/scripts/run_breakthrough_experiment.py:1916:10
     |
1915 | def _run_experiment_arrays(
1916 |     cfg: Dict,
     |          ^^^^
1917 |     features: np.ndarray,
1918 |     masks: np.ndarray,
     |
help: Replace with `dict`

UP006 Use `list` instead of `List` for type annotation
    --> src/scripts/run_breakthrough_experiment.py:1921:19
     |
1919 |     labels: np.ndarray,
1920 |     sample_ids: list,
1921 |     domain_order: List[str],
     |                   ^^^^
1922 |     confidence_index: int | None,
1923 |     score_index: int,
     |
help: Replace with `list`

UP045 Use `X | None` for type annotations
    --> src/scripts/run_breakthrough_experiment.py:1926:20
     |
1924 |     sample_splits: np.ndarray | None = None,
1925 |     sample_categories: np.ndarray | None = None,
1926 |     seed_override: Optional[int] = None,
     |                    ^^^^^^^^^^^^^
1927 |     device: torch.device | None = None,
1928 | ) -> Dict:
     |
help: Convert to `X | None`

UP006 Use `dict` instead of `Dict` for type annotation
    --> src/scripts/run_breakthrough_experiment.py:1928:6
     |
1926 |     seed_override: Optional[int] = None,
1927 |     device: torch.device | None = None,
1928 | ) -> Dict:
     |      ^^^^
1929 |     train_cfg = cfg.get("training", {})
1930 |     eval_cfg = cfg.get("evaluation", {})
     |
help: Replace with `dict`

UP045 Use `X | None` for type annotations
    --> src/scripts/run_breakthrough_experiment.py:2284:32
     |
2282 |             )
2283 |         )
2284 |         learned_gate_for_seed: Optional[LearnedReliabilityGate] = None
     |                                ^^^^^^^^^^^^^^^^^^^^^^^^^^^^^^^^
2285 |         if enable_learned_gate:
2286 |             try:
     |
help: Convert to `X | None`

B023 Function definition does not bind loop variable `model`
    --> src/scripts/run_breakthrough_experiment.py:2301:44
     |
2300 |                 def _gate_static(f, m):
2301 |                     return _predict_static(model, f, m, device)
     |                                            ^^^^^
2302 |
2303 |                 def _gate_weights(f, m):
     |

B023 Function definition does not bind loop variable `estimator`
    --> src/scripts/run_breakthrough_experiment.py:2304:28
     |
2303 |                 def _gate_weights(f, m):
2304 |                     return estimator.compute_reliability_weights(f, m)
     |                            ^^^^^^^^^
2305 |
2306 |                 def _gate_reliability(f, m, w):
     |

B023 Function definition does not bind loop variable `model`
    --> src/scripts/run_breakthrough_experiment.py:2312:25
     |
2310 |                     # satisfied, equivalent to "always fire".
2311 |                     probs, _ = _predict_craf_with_stats(
2312 |                         model,
     |                         ^^^^^
2313 |                         estimator,
2314 |                         f,
     |

B023 Function definition does not bind loop variable `estimator`
    --> src/scripts/run_breakthrough_experiment.py:2313:25
     |
2311 |                     probs, _ = _predict_craf_with_stats(
2312 |                         model,
2313 |                         estimator,
     |                         ^^^^^^^^^
2314 |                         f,
2315 |                         m,
     |

UP006 Use `dict` instead of `Dict` for type annotation
    --> src/scripts/run_breakthrough_experiment.py:2625:25
     |
2625 | def run_experiment(cfg: Dict, seed_override: Optional[int] = None) -> Dict:
     |                         ^^^^
2626 |     logger.info("Phase 0: Loading data")
2627 |     (
     |
help: Replace with `dict`

UP045 Use `X | None` for type annotations
    --> src/scripts/run_breakthrough_experiment.py:2625:46
     |
2625 | def run_experiment(cfg: Dict, seed_override: Optional[int] = None) -> Dict:
     |                                              ^^^^^^^^^^^^^
2626 |     logger.info("Phase 0: Loading data")
2627 |     (
     |
help: Convert to `X | None`

UP006 Use `dict` instead of `Dict` for type annotation
    --> src/scripts/run_breakthrough_experiment.py:2625:71
     |
2625 | def run_experiment(cfg: Dict, seed_override: Optional[int] = None) -> Dict:
     |                                                                       ^^^^
2626 |     logger.info("Phase 0: Loading data")
2627 |     (
     |
help: Replace with `dict`

UP006 Use `dict` instead of `Dict` for type annotation
    --> src/scripts/run_breakthrough_experiment.py:2654:110
     |
2654 | def _run_synthetic_experiment(cfg, features, masks, labels, sample_ids, domain_order, seed_override=None) -> Dict:
     |                                                                                                              ^^^^
2655 |     """Run experiment using pre-loaded synthetic arrays."""
2656 |     return _run_experiment_arrays(
     |
help: Replace with `dict`

UP035 `typing.Dict` is deprecated, use `dict` instead
  --> src/scripts/run_cv_benchmark.py:36:1
   |
34 | import sys
35 | from pathlib import Path
36 | from typing import Dict, List
   | ^^^^^^^^^^^^^^^^^^^^^^^^^^^^^
37 |
38 | import numpy as np
   |

UP035 `typing.List` is deprecated, use `list` instead
  --> src/scripts/run_cv_benchmark.py:36:1
   |
34 | import sys
35 | from pathlib import Path
36 | from typing import Dict, List
   | ^^^^^^^^^^^^^^^^^^^^^^^^^^^^^
37 |
38 | import numpy as np
   |

E402 Module level import not at top of file
  --> src/scripts/run_cv_benchmark.py:45:1
   |
43 |     sys.path.insert(0, str(_REPO_ROOT / "src"))
44 |
45 | import yaml
   | ^^^^^^^^^^^
46 |
47 | from uais.fusion.attention.baselines import (
   |

E402 Module level import not at top of file
  --> src/scripts/run_cv_benchmark.py:47:1
   |
45 |   import yaml
46 |
47 | / from uais.fusion.attention.baselines import (
48 | |     ConfidenceWeightedMean,
49 | |     EarlyFusionMLP,
50 | |     LateFusionEnsemble,
51 | |     RandomForestFusion,
52 | | )
   | |_^
53 |   from uais.fusion.attention.cv_evaluator import (
54 |       BaselineSpec,
   |

E402 Module level import not at top of file
  --> src/scripts/run_cv_benchmark.py:53:1
   |
51 |       RandomForestFusion,
52 |   )
53 | / from uais.fusion.attention.cv_evaluator import (
54 | |     BaselineSpec,
55 | |     CVConfig,
56 | |     cross_validate_baselines,
57 | | )
   | |_^
58 |   from uais.fusion.attention.unsupervised_baselines import (
59 |       AEConfig,
   |

E402 Module level import not at top of file
  --> src/scripts/run_cv_benchmark.py:58:1
   |
56 |       cross_validate_baselines,
57 |   )
58 | / from uais.fusion.attention.unsupervised_baselines import (
59 | |     AEConfig,
60 | |     AutoencoderAnomalyDetector,
61 | |     BGMMAnomalyDetector,
62 | |     BGMMConfig,
63 | |     GMMAnomalyDetector,
64 | |     GMMConfig,
65 | |     IForestConfig,
66 | |     IsolationForestDetector,
67 | |     KMeansAnomalyDetector,
68 | |     KMeansConfig,
69 | |     LOFAnomalyDetector,
70 | |     LOFConfig,
71 | |     OCSVMConfig,
72 | |     OneClassSVMDetector,
73 | | )
   | |_^
74 |
75 |   # ---------------------------------------------------------------------------
   |

UP006 Use `dict` instead of `Dict` for type annotation
  --> src/scripts/run_cv_benchmark.py:97:21
   |
97 | def _load_real(cfg: Dict):
   |                     ^^^^
98 |     """Load fusion CSV via the canonical pipeline."""
99 |     from uais.fusion.attention.attention_utils import (
   |
help: Replace with `dict`

UP006 Use `list` instead of `List` for type annotation
   --> src/scripts/run_cv_benchmark.py:131:31
    |
131 | def build_specs(seed: int) -> List[BaselineSpec]:
    |                               ^^^^
132 |     """Every spec uses the same random_state and identical DR upstream."""
133 |     import torch
    |
help: Replace with `list`

F841 Local variable `y` is assigned to but never used
   --> src/scripts/run_fusion_experiment.py:109:5
    |
107 |     )
108 |     X = df.drop(columns=[target_col])
109 |     y = df[target_col].astype(int)
    |     ^
110 |     preprocessor = StandardScaler()
111 |     ae_model, _, _ = train_autoencoder(df, target_col, preprocessor, cfg, "behavior")
    |
help: Remove assignment to unused variable `y`

E402 Module level import not at top of file
  --> src/scripts/run_phase2_b_mech_1_inference.py:15:1
   |
13 | sys.path.insert(0, str(ROOT / "src"))
14 |
15 | from elara.evaluation.ensemble_inference import audited_analysis, holm_bonferroni
   | ^^^^^^^^^^^^^^^^^^^^^^^^^^^^^^^^^^^^^^^^^^^^^^^^^^^^^^^^^^^^^^^^^^^^^^^^^^^^^^^^^
16 |
17 | ARCHIVE = ROOT / "experiments" / "phase2" / "mechanism" / "b_mech_1_prediction_archives"
   |

B007 Loop control variable `f_arr` not used within loop body
   --> src/scripts/run_phase2_family_d_v2_cell.py:411:20
    |
410 |     # Archive all four (method × condition) score vectors
411 |     for condition, f_arr, m_arr in (
    |                    ^^^^^
412 |         ("clean", test_feat, test_mask),
413 |         (cell_id, deg_feat, deg_mask),
    |
help: Rename unused `f_arr` to `_f_arr`

B007 Loop control variable `m_arr` not used within loop body
   --> src/scripts/run_phase2_family_d_v2_cell.py:411:27
    |
410 |     # Archive all four (method × condition) score vectors
411 |     for condition, f_arr, m_arr in (
    |                           ^^^^^
412 |         ("clean", test_feat, test_mask),
413 |         (cell_id, deg_feat, deg_mask),
    |
help: Rename unused `m_arr` to `_m_arr`

F841 Local variable `static_auc_clean` is assigned to but never used
   --> src/scripts/run_phase2_ks_power_sweep.py:231:5
    |
229 |     # Static AUC on clean data (for roc_auc_delta reference)
230 |     static_probs_clean = _predict_static(model, test_feat, test_mask, device)
231 |     static_auc_clean = _safe_auc(test_labels, static_probs_clean)
    |     ^^^^^^^^^^^^^^^^
232 |
233 |     # RGA AUC on clean data
    |
help: Remove assignment to unused variable `static_auc_clean`

F841 Local variable `rga_auc_clean` is assigned to but never used
   --> src/scripts/run_phase2_ks_power_sweep.py:243:5
    |
241 |         per_sample_gating=True,
242 |     )
243 |     rga_auc_clean = _safe_auc(test_labels, rga_probs_clean)
    |     ^^^^^^^^^^^^^
244 |
245 |     degradation_records = []
    |
help: Remove assignment to unused variable `rga_auc_clean`

B007 Loop control variable `i` not used within loop body
  --> src/scripts/run_phase2_mixture_shift.py:77:9
   |
75 |     rng = np.random.default_rng(seed)
76 |     proportions = []
77 |     for i in range(n_mixtures):
   |         ^
78 |         # Draw Dirichlet-like weights (uniform Dirichlet alpha=1)
79 |         raw = rng.dirichlet(np.ones(len(DOMAIN_NAMES)))
   |
help: Rename unused `i` to `_i`

F401 `uais.fusion.attention.reliability_estimator.CategoryAwareReliabilityEstimator` imported but unused; consider using `importlib.util.find_spec` to test for availability
   --> src/scripts/run_phase2_mixture_shift.py:104:65
    |
102 |     # Domain-aware gate fire: try CategoryAwareReliabilityEstimator if available
103 |     try:
104 |         from uais.fusion.attention.reliability_estimator import CategoryAwareReliabilityEstimator
    |                                                                 ^^^^^^^^^^^^^^^^^^^^^^^^^^^^^^^^^
105 |
106 |         # CategoryAwareReliabilityEstimator has per-category reference; use it
    |
help: Remove unused import: `uais.fusion.attention.reliability_estimator.CategoryAwareReliabilityEstimator`

F841 Local variable `test_labels_arr` is assigned to but never used
   --> src/scripts/run_phase2_mixture_shift.py:173:5
    |
171 |     test_feat = features[test_idx]
172 |     test_mask = masks[test_idx]  # [N, D], True = missing
173 |     test_labels_arr = labels[test_idx]
    |     ^^^^^^^^^^^^^^^
174 |
175 |     # Assign domain category per test sample: lowest missing-mask index (primary domain)
    |
help: Remove assignment to unused variable `test_labels_arr`

F841 Local variable `D` is assigned to but never used
   --> src/scripts/run_phase2_mixture_shift.py:178:5
    |
176 |     # Since masks are boolean (True=missing), the "present" domains are mask=False
177 |     # The category is the position of the first non-missing domain
178 |     D = test_mask.shape[1]
    |     ^
179 |     cat_arr = np.array(
180 |         [
    |
help: Remove assignment to unused variable `D`

F841 Local variable `chosen_val_probs` is assigned to but never used
   --> src/scripts/run_phase2_powered_audited_pilot.py:210:9
    |
208 |     else:
209 |         chosen_head = "router"
210 |         chosen_val_probs = router_val_probs
    |         ^^^^^^^^^^^^^^^^
211 |         chosen_test_probs = router_test_probs
    |
help: Remove assignment to unused variable `chosen_val_probs`

F841 Local variable `chosen_test_probs` is assigned to but never used
   --> src/scripts/run_phase2_powered_audited_pilot.py:211:9
    |
209 |         chosen_head = "router"
210 |         chosen_val_probs = router_val_probs
211 |         chosen_test_probs = router_test_probs
    |         ^^^^^^^^^^^^^^^^^
212 |
213 |     # Archive per-method per-split predictions.
    |
help: Remove assignment to unused variable `chosen_test_probs`

F841 Local variable `mean_r_clean` is assigned to but never used
   --> src/scripts/run_phase2_rga_v2_gate_sweep.py:389:9
    |
387 |         # Measure clean false-fire rate on test fold (k=0)
388 |         w_test_clean = estimator.compute_reliability_weights(test_feat, test_mask)
389 |         mean_r_clean = float(np.nanmean(w_test_clean))
    |         ^^^^^^^^^^^^
390 |         min_r_clean = float(np.nanmin(w_test_clean))
391 |         gate_fired_clean, _, _ = _compute_gate_decision(
    |
help: Remove assignment to unused variable `mean_r_clean`

F841 Local variable `min_r_clean` is assigned to but never used
   --> src/scripts/run_phase2_rga_v2_gate_sweep.py:390:9
    |
388 |         w_test_clean = estimator.compute_reliability_weights(test_feat, test_mask)
389 |         mean_r_clean = float(np.nanmean(w_test_clean))
390 |         min_r_clean = float(np.nanmin(w_test_clean))
    |         ^^^^^^^^^^^
391 |         gate_fired_clean, _, _ = _compute_gate_decision(
392 |             estimator,
    |
help: Remove assignment to unused variable `min_r_clean`

F841 Local variable `thesis_text` is assigned to but never used
  --> src/scripts/validate_phase1_1_pdf_claims.py:48:5
   |
47 |     paper_text = PAPER.read_text() if PAPER.exists() else ""
48 |     thesis_text = THESIS.read_text() if THESIS.exists() else ""
   |     ^^^^^^^^^^^
49 |     paper_pdf_text = _pdf_text(PAPER_PDF)
50 |     thesis_pdf_text = _pdf_text(THESIS_PDF)
   |
help: Remove assignment to unused variable `thesis_text`

UP035 `typing.Dict` is deprecated, use `dict` instead
 --> src/uais/anomaly/evaluate_anomaly.py:4:1
  |
3 | from collections.abc import Iterable
4 | from typing import Dict
  | ^^^^^^^^^^^^^^^^^^^^^^^
5 |
6 | import numpy as np
  |

UP006 Use `dict` instead of `Dict` for type annotation
  --> src/uais/anomaly/evaluate_anomaly.py:11:102
   |
11 | def evaluate_anomaly_scores(y_true: Iterable[int], scores: Iterable[float], contamination: float) -> Dict[str, float]:
   |                                                                                                      ^^^^
12 |     y_true = np.asarray(list(y_true))
13 |     scores = np.asarray(list(scores))
   |
help: Replace with `dict`

UP035 `typing.Dict` is deprecated, use `dict` instead
 --> src/uais/anomaly/train_autoencoder.py:3:1
  |
1 | """Simple feedforward autoencoder for anomaly scoring."""
2 |
3 | from typing import Dict, Tuple
  | ^^^^^^^^^^^^^^^^^^^^^^^^^^^^^^
4 |
5 | import joblib
  |

UP035 `typing.Tuple` is deprecated, use `tuple` instead
 --> src/uais/anomaly/train_autoencoder.py:3:1
  |
1 | """Simple feedforward autoencoder for anomaly scoring."""
2 |
3 | from typing import Dict, Tuple
  | ^^^^^^^^^^^^^^^^^^^^^^^^^^^^^^
4 |
5 | import joblib
  |

UP006 Use `dict` instead of `Dict` for type annotation
  --> src/uais/anomaly/train_autoencoder.py:15:62
   |
15 | def train_autoencoder(df, target: str, preprocessor, config: Dict, domain: str) -> Tuple[MLPRegressor, np.ndarray]:
   |                                                              ^^^^
16 |     X = df.drop(columns=[target])
17 |     y = df[target]
   |
help: Replace with `dict`

UP006 Use `tuple` instead of `Tuple` for type annotation
  --> src/uais/anomaly/train_autoencoder.py:15:84
   |
15 | def train_autoencoder(df, target: str, preprocessor, config: Dict, domain: str) -> Tuple[MLPRegressor, np.ndarray]:
   |                                                                                    ^^^^^
16 |     X = df.drop(columns=[target])
17 |     y = df[target]
   |
help: Replace with `tuple`

UP035 `typing.Tuple` is deprecated, use `tuple` instead
 --> src/uais/anomaly/train_isolation_forest.py:7:1
  |
5 | """
6 |
7 | from typing import Tuple
  | ^^^^^^^^^^^^^^^^^^^^^^^^
8 |
9 | import numpy as np
  |

UP006 Use `tuple` instead of `Tuple` for type annotation
  --> src/uais/anomaly/train_isolation_forest.py:19:6
   |
17 |     random_state: int = 42,
18 |     contamination: float = 0.01,
19 | ) -> Tuple[IsolationForest, StandardScaler]:
   |      ^^^^^
20 |     """
21 |     Train an Isolation Forest model on feature data.
   |
help: Replace with `tuple`

UP006 Use `tuple` instead of `Tuple` for type annotation
  --> src/uais/anomaly/train_isolation_forest.py:56:48
   |
56 | def _prep_numeric_features(X: pd.DataFrame) -> Tuple[pd.DataFrame, pd.Series]:
   |                                                ^^^^^
57 |     """Keep only numeric columns with at least one observed value and fill NaNs with medians."""
58 |     numeric = X.select_dtypes(include=[np.number]).copy()
   |
help: Replace with `tuple`

UP035 `typing.Dict` is deprecated, use `dict` instead
 --> src/uais/anomaly/train_lof.py:3:1
  |
1 | """Local Outlier Factor training."""
2 |
3 | from typing import Dict, Tuple
  | ^^^^^^^^^^^^^^^^^^^^^^^^^^^^^^
4 |
5 | import joblib
  |

UP035 `typing.Tuple` is deprecated, use `tuple` instead
 --> src/uais/anomaly/train_lof.py:3:1
  |
1 | """Local Outlier Factor training."""
2 |
3 | from typing import Dict, Tuple
  | ^^^^^^^^^^^^^^^^^^^^^^^^^^^^^^
4 |
5 | import joblib
  |

UP006 Use `dict` instead of `Dict` for type annotation
  --> src/uais/anomaly/train_lof.py:15:54
   |
15 | def train_lof(df, target: str, preprocessor, config: Dict, domain: str) -> Tuple[LocalOutlierFactor, np.ndarray]:
   |                                                      ^^^^
16 |     contamination = config.get("training", {}).get("anomaly_contamination", 0.05)
17 |     X = df.drop(columns=[target])
   |
help: Replace with `dict`

UP006 Use `tuple` instead of `Tuple` for type annotation
  --> src/uais/anomaly/train_lof.py:15:76
   |
15 | def train_lof(df, target: str, preprocessor, config: Dict, domain: str) -> Tuple[LocalOutlierFactor, np.ndarray]:
   |                                                                            ^^^^^
16 |     contamination = config.get("training", {}).get("anomaly_contamination", 0.05)
17 |     X = df.drop(columns=[target])
   |
help: Replace with `tuple`

UP035 `typing.Dict` is deprecated, use `dict` instead
 --> src/uais/anomaly/train_ocsvm.py:3:1
  |
1 | """One-Class SVM training for anomaly scoring."""
2 |
3 | from typing import Dict, Tuple
  | ^^^^^^^^^^^^^^^^^^^^^^^^^^^^^^
4 |
5 | import joblib
  |

UP035 `typing.Tuple` is deprecated, use `tuple` instead
 --> src/uais/anomaly/train_ocsvm.py:3:1
  |
1 | """One-Class SVM training for anomaly scoring."""
2 |
3 | from typing import Dict, Tuple
  | ^^^^^^^^^^^^^^^^^^^^^^^^^^^^^^
4 |
5 | import joblib
  |

UP006 Use `dict` instead of `Dict` for type annotation
  --> src/uais/anomaly/train_ocsvm.py:15:56
   |
15 | def train_ocsvm(df, target: str, preprocessor, config: Dict, domain: str) -> Tuple[OneClassSVM, np.ndarray]:
   |                                                        ^^^^
16 |     """
17 |     Fit a One-Class SVM on preprocessed features and return scores.
   |
help: Replace with `dict`

UP006 Use `tuple` instead of `Tuple` for type annotation
  --> src/uais/anomaly/train_ocsvm.py:15:78
   |
15 | def train_ocsvm(df, target: str, preprocessor, config: Dict, domain: str) -> Tuple[OneClassSVM, np.ndarray]:
   |                                                                              ^^^^^
16 |     """
17 |     Fit a One-Class SVM on preprocessed features and return scores.
   |
help: Replace with `tuple`

UP035 `typing.Dict` is deprecated, use `dict` instead
 --> src/uais/app/api_schema.py:3:1
  |
1 | """Pydantic schemas for the UAIS local inference API."""
2 |
3 | from typing import Any, Dict, List
  | ^^^^^^^^^^^^^^^^^^^^^^^^^^^^^^^^^^
4 |
5 | from pydantic import BaseModel, Field
  |

UP035 `typing.List` is deprecated, use `list` instead
 --> src/uais/app/api_schema.py:3:1
  |
1 | """Pydantic schemas for the UAIS local inference API."""
2 |
3 | from typing import Any, Dict, List
  | ^^^^^^^^^^^^^^^^^^^^^^^^^^^^^^^^^^
4 |
5 | from pydantic import BaseModel, Field
  |

UP006 Use `list` instead of `List` for type annotation
  --> src/uais/app/api_schema.py:10:14
   |
 8 | class PredictRequest(BaseModel):
 9 |     domain: str = Field(..., description="fraud | cyber | behavior")
10 |     samples: List[Dict[str, Any]]
   |              ^^^^
   |
help: Replace with `list`

UP006 Use `dict` instead of `Dict` for type annotation
  --> src/uais/app/api_schema.py:10:19
   |
 8 | class PredictRequest(BaseModel):
 9 |     domain: str = Field(..., description="fraud | cyber | behavior")
10 |     samples: List[Dict[str, Any]]
   |                   ^^^^
   |
help: Replace with `dict`

UP006 Use `list` instead of `List` for type annotation
  --> src/uais/app/api_schema.py:15:18
   |
13 | class PredictResponse(BaseModel):
14 |     domain: str
15 |     predictions: List[float]
   |                  ^^^^
   |
help: Replace with `list`

F841 Local variable `cfg` is assigned to but never used
  --> src/uais/app/predict_example.py:35:5
   |
33 | def demo():
34 |     domain = "fraud"
35 |     cfg = load_config(domain)
   |     ^^^
36 |     example_samples = [
37 |         {
   |
help: Remove assignment to unused variable `cfg`

UP035 `typing.Dict` is deprecated, use `dict` instead
 --> src/uais/config/config_loader.py:4:1
  |
3 | from pathlib import Path
4 | from typing import Any, Dict
  | ^^^^^^^^^^^^^^^^^^^^^^^^^^^^
5 |
6 | import yaml
  |

UP006 Use `dict` instead of `Dict` for type annotation
  --> src/uais/config/config_loader.py:11:31
   |
11 | def _load_yaml(path: Path) -> Dict[str, Any]:
   |                               ^^^^
12 |     if not path.exists():
13 |         return {}
   |
help: Replace with `dict`

UP006 Use `dict` instead of `Dict` for type annotation
  --> src/uais/config/config_loader.py:18:23
   |
18 | def _deep_merge(base: Dict[str, Any], override: Dict[str, Any]) -> Dict[str, Any]:
   |                       ^^^^
19 |     result = dict(base)
20 |     for key, value in override.items():
   |
help: Replace with `dict`

UP006 Use `dict` instead of `Dict` for type annotation
  --> src/uais/config/config_loader.py:18:49
   |
18 | def _deep_merge(base: Dict[str, Any], override: Dict[str, Any]) -> Dict[str, Any]:
   |                                                 ^^^^
19 |     result = dict(base)
20 |     for key, value in override.items():
   |
help: Replace with `dict`

UP006 Use `dict` instead of `Dict` for type annotation
  --> src/uais/config/config_loader.py:18:68
   |
18 | def _deep_merge(base: Dict[str, Any], override: Dict[str, Any]) -> Dict[str, Any]:
   |                                                                    ^^^^
19 |     result = dict(base)
20 |     for key, value in override.items():
   |
help: Replace with `dict`

UP006 Use `dict` instead of `Dict` for type annotation
  --> src/uais/config/config_loader.py:28:64
   |
28 | def load_config(domain: str, config_dir: Path = CONFIG_DIR) -> Dict[str, Any]:
   |                                                                ^^^^
29 |     domain = domain.lower()
30 |     base_cfg = _load_yaml(config_dir / "base_config.yaml")
   |
help: Replace with `dict`

UP035 `typing.List` is deprecated, use `list` instead
 --> src/uais/data/load_cyber_data.py:2:1
  |
1 | from pathlib import Path
2 | from typing import List, Optional, Union
  | ^^^^^^^^^^^^^^^^^^^^^^^^^^^^^^^^^^^^^^^^
3 |
4 | import numpy as np
  |

UP006 Use `list` instead of `List` for type annotation
  --> src/uais/data/load_cyber_data.py:54:40
   |
54 | def _find_cyber_csvs(raw_dir: Path) -> List[Path]:
   |                                        ^^^^
55 |     if not raw_dir.exists():
56 |         raise FileNotFoundError(f"Cyber raw directory not found: {raw_dir}")
   |
help: Replace with `list`

UP035 `typing.Tuple` is deprecated, use `tuple` instead
 --> src/uais/data/load_datasets.py:5:1
  |
3 | import pickle
4 | from pathlib import Path
5 | from typing import Tuple
  | ^^^^^^^^^^^^^^^^^^^^^^^^
6 |
7 | import numpy as np
  |

UP006 Use `tuple` instead of `Tuple` for type annotation
  --> src/uais/data/load_datasets.py:97:44
   |
97 | def _load_cifar_batch(batch_path: Path) -> Tuple[np.ndarray, np.ndarray]:
   |                                            ^^^^^
98 |     with open(batch_path, "rb") as f:
99 |         batch = pickle.load(f, encoding="latin1")
   |
help: Replace with `tuple`

UP006 Use `tuple` instead of `Tuple` for type annotation
   --> src/uais/data/load_datasets.py:107:43
    |
107 | def load_cifar10(split: str = "train") -> Tuple[np.ndarray, np.ndarray]:
    |                                           ^^^^^
108 |     root = DATA_RAW / "vision" / "cifar-10-python"
109 |     if not root.exists():
    |
help: Replace with `tuple`

UP035 `typing.List` is deprecated, use `list` instead
  --> src/uais/data/load_fraud_data.py:11:1
   |
10 | from pathlib import Path
11 | from typing import List, Optional, Union
   | ^^^^^^^^^^^^^^^^^^^^^^^^^^^^^^^^^^^^^^^^
12 |
13 | import numpy as np
   |

UP006 Use `list` instead of `List` for type annotation
  --> src/uais/data/load_fraud_data.py:49:42
   |
49 | def _find_all_fraud_files(root: Path) -> List[Path]:
   |                                          ^^^^
50 |     """Find all CSV/Parquet files under fraud raw directory."""
51 |     if not root.exists():
   |
help: Replace with `list`

UP035 `typing.Tuple` is deprecated, use `tuple` instead
 --> src/uais/data/split_data.py:3:1
  |
1 | """Train/validation/test splits."""
2 |
3 | from typing import Tuple
  | ^^^^^^^^^^^^^^^^^^^^^^^^
4 |
5 | import pandas as pd
  |

UP006 Use `tuple` instead of `Tuple` for type annotation
  --> src/uais/data/split_data.py:15:6
   |
13 |     val_size: float = 0.1,
14 |     random_state: int = 42,
15 | ) -> Tuple[pd.DataFrame, pd.DataFrame, pd.DataFrame, pd.Series, pd.Series, pd.Series]:
   |      ^^^^^
16 |     X = df.drop(columns=[target])
17 |     y = df[target]
   |
help: Replace with `tuple`

UP035 `typing.Dict` is deprecated, use `dict` instead
 --> src/uais/drift/drift_nlp.py:8:1
  |
6 | from __future__ import annotations
7 |
8 | from typing import Dict
  | ^^^^^^^^^^^^^^^^^^^^^^^
  |

UP006 Use `dict` instead of `Dict` for type annotation
  --> src/uais/drift/drift_nlp.py:11:47
   |
11 | def drift_report_nlp(ref_texts, cur_texts) -> Dict[str, float]:
   |                                               ^^^^
12 |     # TODO: implement real drift detection
13 |     return {"js_divergence": 0.0}
   |
help: Replace with `dict`

UP035 `typing.Dict` is deprecated, use `dict` instead
 --> src/uais/drift/drift_tabular.py:3:1
  |
1 | """Tabular drift detection utilities."""
2 |
3 | from typing import Dict, List
  | ^^^^^^^^^^^^^^^^^^^^^^^^^^^^^
4 |
5 | import pandas as pd
  |

UP035 `typing.List` is deprecated, use `list` instead
 --> src/uais/drift/drift_tabular.py:3:1
  |
1 | """Tabular drift detection utilities."""
2 |
3 | from typing import Dict, List
  | ^^^^^^^^^^^^^^^^^^^^^^^^^^^^^
4 |
5 | import pandas as pd
  |

UP006 Use `list` instead of `List` for type annotation
  --> src/uais/drift/drift_tabular.py:9:67
   |
 9 | def ks_drift(base: pd.DataFrame, new: pd.DataFrame, numeric_cols: List[str]) -> Dict[str, float]:
   |                                                                   ^^^^
10 |     results: Dict[str, float] = {}
11 |     for col in numeric_cols:
   |
help: Replace with `list`

UP006 Use `dict` instead of `Dict` for type annotation
  --> src/uais/drift/drift_tabular.py:9:81
   |
 9 | def ks_drift(base: pd.DataFrame, new: pd.DataFrame, numeric_cols: List[str]) -> Dict[str, float]:
   |                                                                                 ^^^^
10 |     results: Dict[str, float] = {}
11 |     for col in numeric_cols:
   |
help: Replace with `dict`

UP006 Use `dict` instead of `Dict` for type annotation
  --> src/uais/drift/drift_tabular.py:10:14
   |
 9 | def ks_drift(base: pd.DataFrame, new: pd.DataFrame, numeric_cols: List[str]) -> Dict[str, float]:
10 |     results: Dict[str, float] = {}
   |              ^^^^
11 |     for col in numeric_cols:
12 |         if col not in base.columns or col not in new.columns:
   |
help: Replace with `dict`

UP035 `typing.Dict` is deprecated, use `dict` instead
 --> src/uais/drift/drift_time_series.py:3:1
  |
1 | """Time-based drift and stability checks."""
2 |
3 | from typing import Dict
  | ^^^^^^^^^^^^^^^^^^^^^^^
4 |
5 | import pandas as pd
  |

UP006 Use `dict` instead of `Dict` for type annotation
  --> src/uais/drift/drift_time_series.py:8:87
   |
 8 | def rolling_mean_drift(series_a: pd.Series, series_b: pd.Series, window: int = 24) -> Dict[str, float]:
   |                                                                                       ^^^^
 9 |     a_roll = series_a.rolling(window=window, min_periods=1).mean()
10 |     b_roll = series_b.rolling(window=window, min_periods=1).mean()
   |
help: Replace with `dict`

UP035 `typing.Dict` is deprecated, use `dict` instead
 --> src/uais/drift/drift_vision.py:5:1
  |
3 | from __future__ import annotations
4 |
5 | from typing import Dict
  | ^^^^^^^^^^^^^^^^^^^^^^^
  |

UP006 Use `dict` instead of `Dict` for type annotation
  --> src/uais/drift/drift_vision.py:8:60
   |
 8 | def drift_report_vision(ref_embeddings, cur_embeddings) -> Dict[str, float]:
   |                                                            ^^^^
 9 |     # TODO: implement real drift detection (e.g., FID, embedding shift)
10 |     return {"embedding_shift": 0.0}
   |
help: Replace with `dict`

UP035 `typing.Dict` is deprecated, use `dict` instead
 --> src/uais/ensembles/stacking.py:3:1
  |
1 | """Simple stacked generalization utilities."""
2 |
3 | from typing import Dict, Tuple
  | ^^^^^^^^^^^^^^^^^^^^^^^^^^^^^^
4 |
5 | import numpy as np
  |

UP035 `typing.Tuple` is deprecated, use `tuple` instead
 --> src/uais/ensembles/stacking.py:3:1
  |
1 | """Simple stacked generalization utilities."""
2 |
3 | from typing import Dict, Tuple
  | ^^^^^^^^^^^^^^^^^^^^^^^^^^^^^^
4 |
5 | import numpy as np
  |

UP006 Use `dict` instead of `Dict` for type annotation
  --> src/uais/ensembles/stacking.py:12:18
   |
11 | def stack_predictions(
12 |     base_scores: Dict[str, np.ndarray], labels: np.ndarray
   |                  ^^^^
13 | ) -> Tuple[LogisticRegression, Dict[str, float]]:
14 |     keys = sorted(base_scores)
   |
help: Replace with `dict`

UP006 Use `tuple` instead of `Tuple` for type annotation
  --> src/uais/ensembles/stacking.py:13:6
   |
11 | def stack_predictions(
12 |     base_scores: Dict[str, np.ndarray], labels: np.ndarray
13 | ) -> Tuple[LogisticRegression, Dict[str, float]]:
   |      ^^^^^
14 |     keys = sorted(base_scores)
15 |     X = np.column_stack([base_scores[k] for k in keys])
   |
help: Replace with `tuple`

UP006 Use `dict` instead of `Dict` for type annotation
  --> src/uais/ensembles/stacking.py:13:32
   |
11 | def stack_predictions(
12 |     base_scores: Dict[str, np.ndarray], labels: np.ndarray
13 | ) -> Tuple[LogisticRegression, Dict[str, float]]:
   |                                ^^^^
14 |     keys = sorted(base_scores)
15 |     X = np.column_stack([base_scores[k] for k in keys])
   |
help: Replace with `dict`

UP035 `typing.Dict` is deprecated, use `dict` instead
 --> src/uais/explainability/domain_contribution.py:6:1
  |
5 | from collections.abc import Sequence
6 | from typing import Dict
  | ^^^^^^^^^^^^^^^^^^^^^^^
7 |
8 | import numpy as np
  |

UP006 Use `dict` instead of `Dict` for type annotation
  --> src/uais/explainability/domain_contribution.py:11:102
   |
11 | def summarize_domain_contributions(attention_weights, domain_labels: Sequence[str] | None = None) -> Dict[str, float]:
   |                                                                                                      ^^^^
12 |     weights = attention_weights
13 |     if hasattr(weights, "detach"):
   |
help: Replace with `dict`

UP035 `typing.Dict` is deprecated, use `dict` instead
 --> src/uais/explainability/lime_explainer.py:3:1
  |
1 | """LIME helper functions."""
2 |
3 | from typing import Dict, List
  | ^^^^^^^^^^^^^^^^^^^^^^^^^^^^^
4 |
5 | import numpy as np
  |

UP035 `typing.List` is deprecated, use `list` instead
 --> src/uais/explainability/lime_explainer.py:3:1
  |
1 | """LIME helper functions."""
2 |
3 | from typing import Dict, List
  | ^^^^^^^^^^^^^^^^^^^^^^^^^^^^^
4 |
5 | import numpy as np
  |

UP006 Use `list` instead of `List` for type annotation
  --> src/uais/explainability/lime_explainer.py:13:85
   |
13 | def explain_with_lime(model, X_train: pd.DataFrame, sample: pd.Series, class_names: List[str] | None = None) -> Dict:
   |                                                                                     ^^^^
14 |     try:
15 |         from lime.lime_tabular import LimeTabularExplainer
   |
help: Replace with `list`

UP006 Use `dict` instead of `Dict` for type annotation
  --> src/uais/explainability/lime_explainer.py:13:113
   |
13 | def explain_with_lime(model, X_train: pd.DataFrame, sample: pd.Series, class_names: List[str] | None = None) -> Dict:
   |                                                                                                                 ^^^^
14 |     try:
15 |         from lime.lime_tabular import LimeTabularExplainer
   |
help: Replace with `dict`

UP045 Use `X | None` for type annotations
  --> src/uais/explainability/runner.py:16:82
   |
16 | def shap_tabular(model, X: pd.DataFrame, out_dir: Path, class_index: int = 1) -> Optional[Path]:
   |                                                                                  ^^^^^^^^^^^^^^
17 |     try:
18 |         import matplotlib.pyplot as plt
   |
help: Convert to `X | None`

UP045 Use `X | None` for type annotations
  --> src/uais/explainability/runner.py:40:103
   |
40 | def lime_tabular(model, X_train: pd.DataFrame, sample: pd.Series, out_dir: Path, class_names=None) -> Optional[Path]:
   |                                                                                                       ^^^^^^^^^^^^^^
41 |     try:
42 |         from lime.lime_tabular import LimeTabularExplainer
   |
help: Convert to `X | None`

UP045 Use `X | None` for type annotations
  --> src/uais/explainability/runner.py:60:51
   |
60 | def lime_text(model, text: str, out_dir: Path) -> Optional[Path]:
   |                                                   ^^^^^^^^^^^^^^
61 |     try:
62 |         from lime.lime_text import LimeTextExplainer
   |
help: Convert to `X | None`

UP035 `typing.Dict` is deprecated, use `dict` instead
 --> src/uais/explainability/sequence_explainer.py:3:1
  |
1 | """Simple saliency for sequence models (heuristic)."""
2 |
3 | from typing import Dict
  | ^^^^^^^^^^^^^^^^^^^^^^^
4 |
5 | import numpy as np
  |

UP006 Use `dict` instead of `Dict` for type annotation
 --> src/uais/explainability/sequence_explainer.py:8:67
  |
8 | def sequence_saliency(sequences: np.ndarray, mask: np.ndarray) -> Dict[int, float]:
  |                                                                   ^^^^
9 |     """Compute a basic per-time-step saliency using feature magnitudes.
  |
help: Replace with `dict`

UP035 `typing.List` is deprecated, use `list` instead
 --> src/uais/features/scalers_encoders.py:3:1
  |
1 | """Reusable preprocessing pieces."""
2 |
3 | from typing import List
  | ^^^^^^^^^^^^^^^^^^^^^^^
4 |
5 | from sklearn.compose import ColumnTransformer
  |

UP006 Use `list` instead of `List` for type annotation
  --> src/uais/features/scalers_encoders.py:9:42
   |
 9 | def build_preprocessor(numeric_features: List[str], categorical_features: List[str]) -> ColumnTransformer:
   |                                          ^^^^
10 |     numeric_features = numeric_features or []
11 |     categorical_features = categorical_features or []
   |
help: Replace with `list`

UP006 Use `list` instead of `List` for type annotation
  --> src/uais/features/scalers_encoders.py:9:75
   |
 9 | def build_preprocessor(numeric_features: List[str], categorical_features: List[str]) -> ColumnTransformer:
   |                                                                           ^^^^
10 |     numeric_features = numeric_features or []
11 |     categorical_features = categorical_features or []
   |
help: Replace with `list`

I001 [*] Import block is un-sorted or un-formatted
  --> src/uais/fusion/attention/__init__.py:12:1
   |
10 |   """
11 |
12 | / from uais.fusion.attention.adversarial_robustness import (
13 | |     AdversarialAttackType,
14 | |     AdversarialPerturbationEngine,
15 | | )
16 | | from uais.fusion.attention.baselines import (
17 | |     ConfidenceWeightedMean,
18 | |     EarlyFusionMLP,
19 | |     LateFusionEnsemble,
20 | |     RandomForestFusion,
21 | |     TentScoreAdapter,
22 | |     TTTPseudoLabelAdapter,
23 | |     run_baseline_suite,
24 | | )
25 | | from uais.fusion.attention.counterfactual_explainer import (
26 | |     CounterfactualDomainExplainer,
27 | |     CounterfactualResult,
28 | | )
29 | | from uais.fusion.attention.cross_modal_attention import (
30 | |     AttentionFusionModel,
31 | |     CrossModalAttentionBlock,
32 | |     CrossModalAttentionFusion,
33 | | )
34 | | from uais.fusion.attention.cv_evaluator import (
35 | |     BaselineSpec,
36 | |     CVConfig,
37 | |     cross_validate_baselines,
38 | |     pairwise_delong_from_predictions,
39 | | )
40 | | from uais.fusion.attention.dim_reduction import (
41 | |     AEReducerConfig,
42 | |     AutoencoderReducer,
43 | |     DimReducer,
44 | |     NoOpReducer,
45 | |     PCAReducer,
46 | |     PCAReducerConfig,
47 | |     make_reducer,
48 | | )
49 | | from uais.fusion.attention.evaluate_attention_fusion import evaluate_attention_fusion
50 | | from uais.fusion.attention.evaluate_attention_harness import evaluate_attention_harness
51 | | from uais.fusion.attention.leakage_guard import (
52 | |     PipelineGuard,
53 | |     assert_no_oversampling_in_test,
54 | |     assert_normal_only_training,
55 | |     assert_split_before_preprocess,
56 | |     check_label_overlap,
57 | |     check_train_test_contamination,
58 | |     flag_suspicious_metrics,
59 | | )
60 | | from uais.fusion.attention.learned_gate import (
61 | |     LearnedGateConfig,
62 | |     LearnedReliabilityGate,
63 | | )
64 | | from uais.fusion.attention.meta_router import (
65 | |     RGAMetaRouter,
66 | |     fit_rga_meta_router,
67 | | )
68 | | from uais.fusion.attention.reliability_boosted_fusion import ReliabilityBoostedFusion
69 | | from uais.fusion.attention.reliability_estimator import (
70 | |     RGAReliabilityEstimator,  # paper-name alias for ReliabilityEstimator
71 | | )
72 | | from uais.fusion.attention.reliability_estimator import (
73 | |     CategoryAwareReliabilityEstimator,
74 | |     ReliabilityEstimator,
75 | | )
76 | | from uais.fusion.attention.train_attention_fusion import train_attention_fusion
77 | | from uais.fusion.attention.unsupervised_baselines import (
78 | |     AEConfig,
79 | |     AutoencoderAnomalyDetector,
80 | |     BGMMAnomalyDetector,
81 | |     BGMMConfig,
82 | |     GMMAnomalyDetector,
83 | |     GMMConfig,
84 | |     IForestConfig,
85 | |     IsolationForestDetector,
86 | |     KMeansAnomalyDetector,
87 | |     KMeansConfig,
88 | |     LOFAnomalyDetector,
89 | |     LOFConfig,
90 | |     OCSVMConfig,
91 | |     OneClassSVMDetector,
92 | |     run_unsupervised_suite,
93 | | )
94 | | from uais.fusion.attention.validate_fusion_inputs import validate_attention_inputs
   | |__________________________________________________________________________________^
95 |
96 |   __all__ = [
   |
help: Organize imports

UP035 `typing.Dict` is deprecated, use `dict` instead
  --> src/uais/fusion/attention/adversarial_robustness.py:16:1
   |
14 | from collections.abc import Sequence
15 | from enum import Enum
16 | from typing import Dict, List, Optional, Tuple
   | ^^^^^^^^^^^^^^^^^^^^^^^^^^^^^^^^^^^^^^^^^^^^^^
17 |
18 | import numpy as np
   |

UP035 `typing.List` is deprecated, use `list` instead
  --> src/uais/fusion/attention/adversarial_robustness.py:16:1
   |
14 | from collections.abc import Sequence
15 | from enum import Enum
16 | from typing import Dict, List, Optional, Tuple
   | ^^^^^^^^^^^^^^^^^^^^^^^^^^^^^^^^^^^^^^^^^^^^^^
17 |
18 | import numpy as np
   |

UP035 `typing.Tuple` is deprecated, use `tuple` instead
  --> src/uais/fusion/attention/adversarial_robustness.py:16:1
   |
14 | from collections.abc import Sequence
15 | from enum import Enum
16 | from typing import Dict, List, Optional, Tuple
   | ^^^^^^^^^^^^^^^^^^^^^^^^^^^^^^^^^^^^^^^^^^^^^^
17 |
18 | import numpy as np
   |

UP006 Use `list` instead of `List` for type annotation
  --> src/uais/fusion/attention/adversarial_robustness.py:47:23
   |
45 |     def __init__(
46 |         self,
47 |         domain_order: List[str],
   |                       ^^^^
48 |         score_index: int,
49 |         random_seed: int = 42,
   |
help: Replace with `list`

UP045 Use `X | None` for type annotations
  --> src/uais/fusion/attention/adversarial_robustness.py:55:46
   |
53 |         self.rng = np.random.default_rng(random_seed)
54 |
55 |     def _domain_indices(self, target_domain: Optional[str]) -> List[int]:
   |                                              ^^^^^^^^^^^^^
56 |         if target_domain is None:
57 |             return list(range(len(self.domain_order)))
   |
help: Convert to `X | None`

UP006 Use `list` instead of `List` for type annotation
  --> src/uais/fusion/attention/adversarial_robustness.py:55:64
   |
53 |         self.rng = np.random.default_rng(random_seed)
54 |
55 |     def _domain_indices(self, target_domain: Optional[str]) -> List[int]:
   |                                                                ^^^^
56 |         if target_domain is None:
57 |             return list(range(len(self.domain_order)))
   |
help: Replace with `list`

UP045 Use `X | None` for type annotations
  --> src/uais/fusion/attention/adversarial_robustness.py:67:24
   |
65 |         masks: np.ndarray,
66 |         attack_type: AdversarialAttackType,
67 |         target_domain: Optional[str] = None,
   |                        ^^^^^^^^^^^^^
68 |         sigma: float = 0.1,
69 |         eps: float = 0.1,
   |
help: Convert to `X | None`

UP045 Use `X | None` for type annotations
  --> src/uais/fusion/attention/adversarial_robustness.py:70:25
   |
68 |         sigma: float = 0.1,
69 |         eps: float = 0.1,
70 |         reference_mean: Optional[np.ndarray] = None,
   |                         ^^^^^^^^^^^^^^^^^^^^
71 |     ) -> Tuple[np.ndarray, np.ndarray]:
72 |         """Apply a structured attack to domain scores.
   |
help: Convert to `X | None`

UP006 Use `tuple` instead of `Tuple` for type annotation
  --> src/uais/fusion/attention/adversarial_robustness.py:71:10
   |
69 |         eps: float = 0.1,
70 |         reference_mean: Optional[np.ndarray] = None,
71 |     ) -> Tuple[np.ndarray, np.ndarray]:
   |          ^^^^^
72 |         """Apply a structured attack to domain scores.
   |
help: Replace with `tuple`

UP006 Use `list` instead of `List` for type annotation
   --> src/uais/fusion/attention/adversarial_robustness.py:122:23
    |
120 |         masks: np.ndarray,
121 |         target_domain: str,
122 |         noise_levels: List[float],
    |                       ^^^^
123 |         drift_type: str = "gaussian",
124 |         shift_amount: float = 0.1,
    |
help: Replace with `list`

UP006 Use `dict` instead of `Dict` for type annotation
   --> src/uais/fusion/attention/adversarial_robustness.py:126:10
    |
124 |         shift_amount: float = 0.1,
125 |         scale_factor: float = 1.2,
126 |     ) -> Dict[float, np.ndarray]:
    |          ^^^^
127 |         """Sweep domain scores across a range of drift intensities.
    |
help: Replace with `dict`

UP006 Use `dict` instead of `Dict` for type annotation
   --> src/uais/fusion/attention/adversarial_robustness.py:140:17
    |
138 |         """
139 |         d = self.domain_order.index(target_domain)
140 |         result: Dict[float, np.ndarray] = {}
    |                 ^^^^
141 |
142 |         for level in noise_levels:
    |
help: Replace with `dict`

UP006 Use `list` instead of `List` for type annotation
   --> src/uais/fusion/attention/adversarial_robustness.py:177:23
    |
175 |         features: np.ndarray,
176 |         masks: np.ndarray,
177 |         sigma_values: List[float],
    |                       ^^^^
178 |         target_domain: Optional[str] = None,
179 |     ) -> Dict[float, Tuple[np.ndarray, np.ndarray]]:
    |
help: Replace with `list`

UP045 Use `X | None` for type annotations
   --> src/uais/fusion/attention/adversarial_robustness.py:178:24
    |
176 |         masks: np.ndarray,
177 |         sigma_values: List[float],
178 |         target_domain: Optional[str] = None,
    |                        ^^^^^^^^^^^^^
179 |     ) -> Dict[float, Tuple[np.ndarray, np.ndarray]]:
180 |         """Convenience wrapper: apply GAUSSIAN_NOISE at multiple sigma levels."""
    |
help: Convert to `X | None`

UP006 Use `dict` instead of `Dict` for type annotation
   --> src/uais/fusion/attention/adversarial_robustness.py:179:10
    |
177 |         sigma_values: List[float],
178 |         target_domain: Optional[str] = None,
179 |     ) -> Dict[float, Tuple[np.ndarray, np.ndarray]]:
    |          ^^^^
180 |         """Convenience wrapper: apply GAUSSIAN_NOISE at multiple sigma levels."""
181 |         return {
    |
help: Replace with `dict`

UP006 Use `tuple` instead of `Tuple` for type annotation
   --> src/uais/fusion/attention/adversarial_robustness.py:179:22
    |
177 |         sigma_values: List[float],
178 |         target_domain: Optional[str] = None,
179 |     ) -> Dict[float, Tuple[np.ndarray, np.ndarray]]:
    |                      ^^^^^
180 |         """Convenience wrapper: apply GAUSSIAN_NOISE at multiple sigma levels."""
181 |         return {
    |
help: Replace with `tuple`

UP006 Use `tuple` instead of `Tuple` for type annotation
   --> src/uais/fusion/attention/adversarial_robustness.py:203:10
    |
201 |         n_steps: int = 10,
202 |         device=None,
203 |     ) -> Tuple[np.ndarray, np.ndarray]:
    |          ^^^^^
204 |         """Gradient-aligned PGD attack over a subset of domains.
    |
help: Replace with `tuple`

UP035 `typing.List` is deprecated, use `list` instead
  --> src/uais/fusion/attention/attention_utils.py:9:1
   |
 7 | from collections.abc import Sequence
 8 | from pathlib import Path
 9 | from typing import List, Tuple
   | ^^^^^^^^^^^^^^^^^^^^^^^^^^^^^^
10 |
11 | import numpy as np
   |

UP035 `typing.Tuple` is deprecated, use `tuple` instead
  --> src/uais/fusion/attention/attention_utils.py:9:1
   |
 7 | from collections.abc import Sequence
 8 | from pathlib import Path
 9 | from typing import List, Tuple
   | ^^^^^^^^^^^^^^^^^^^^^^^^^^^^^^
10 |
11 | import numpy as np
   |

UP006 Use `list` instead of `List` for type annotation
  --> src/uais/fusion/attention/attention_utils.py:34:6
   |
32 |     feature_columns: Sequence[str] | None = None,
33 |     include_confidence: bool = True,
34 | ) -> List[str]:
   |      ^^^^
35 |     if feature_columns:
36 |         return list(feature_columns)
   |
help: Replace with `list`

B028 No explicit `stacklevel` keyword argument found
  --> src/uais/fusion/attention/attention_utils.py:86:9
   |
84 |     score_oob = int(((score_vals < 0) | (score_vals > 1)).sum())
85 |     if score_oob:
86 |         warnings.warn(f"{score_oob} '{score_column}' values outside [0, 1].", RuntimeWarning)
   |         ^^^^^^^^^^^^^
87 |
88 |     confidence_oob = 0
   |
help: Set `stacklevel=2`

B028 No explicit `stacklevel` keyword argument found
  --> src/uais/fusion/attention/attention_utils.py:93:13
   |
91 |         confidence_oob = int(((conf_vals < 0) | (conf_vals > 1)).sum())
92 |         if confidence_oob:
93 |             warnings.warn(f"{confidence_oob} '{confidence_column}' values outside [0, 1].", RuntimeWarning)
   |             ^^^^^^^^^^^^^
94 |
95 |     stats = {
   |
help: Set `stacklevel=2`

UP006 Use `tuple` instead of `Tuple` for type annotation
   --> src/uais/fusion/attention/attention_utils.py:216:6
    |
214 |     label_column: str | None = "label",
215 |     timestamp_column: str | None = None,
216 | ) -> Tuple[pd.DataFrame, dict]:
    |      ^^^^^
217 |     required = {id_column, domain_column, *feature_columns}
218 |     if timestamp_column:
    |
help: Replace with `tuple`

UP006 Use `tuple` instead of `Tuple` for type annotation
   --> src/uais/fusion/attention/attention_utils.py:275:6
    |
273 |     feature_columns: Sequence[str] | None = None,
274 |     validate_schema: bool = True,
275 | ) -> Tuple[np.ndarray, np.ndarray, np.ndarray | None, List[str], List[str]]:
    |      ^^^^^
276 |     if id_column not in df.columns:
277 |         raise ValueError(f"Missing id column: {id_column}")
    |
help: Replace with `tuple`

UP006 Use `list` instead of `List` for type annotation
   --> src/uais/fusion/attention/attention_utils.py:275:55
    |
273 |     feature_columns: Sequence[str] | None = None,
274 |     validate_schema: bool = True,
275 | ) -> Tuple[np.ndarray, np.ndarray, np.ndarray | None, List[str], List[str]]:
    |                                                       ^^^^
276 |     if id_column not in df.columns:
277 |         raise ValueError(f"Missing id column: {id_column}")
    |
help: Replace with `list`

UP006 Use `list` instead of `List` for type annotation
   --> src/uais/fusion/attention/attention_utils.py:275:66
    |
273 |     feature_columns: Sequence[str] | None = None,
274 |     validate_schema: bool = True,
275 | ) -> Tuple[np.ndarray, np.ndarray, np.ndarray | None, List[str], List[str]]:
    |                                                                  ^^^^
276 |     if id_column not in df.columns:
277 |         raise ValueError(f"Missing id column: {id_column}")
    |
help: Replace with `list`

UP035 `typing.Dict` is deprecated, use `dict` instead
  --> src/uais/fusion/attention/baselines.py:24:1
   |
22 | from __future__ import annotations
23 |
24 | from typing import Dict, List, Optional
   | ^^^^^^^^^^^^^^^^^^^^^^^^^^^^^^^^^^^^^^^
25 |
26 | import numpy as np
   |

UP035 `typing.List` is deprecated, use `list` instead
  --> src/uais/fusion/attention/baselines.py:24:1
   |
22 | from __future__ import annotations
23 |
24 | from typing import Dict, List, Optional
   | ^^^^^^^^^^^^^^^^^^^^^^^^^^^^^^^^^^^^^^^
25 |
26 | import numpy as np
   |

UP006 Use `list` instead of `List` for type annotation
  --> src/uais/fusion/attention/baselines.py:61:53
   |
60 | class _MLPNet(nn.Module):
61 |     def __init__(self, input_dim: int, hidden_dims: List[int], dropout: float = 0.3) -> None:
   |                                                     ^^^^
62 |         super().__init__()
63 |         layers: List[nn.Module] = [nn.BatchNorm1d(input_dim)]
   |
help: Replace with `list`

UP006 Use `list` instead of `List` for type annotation
  --> src/uais/fusion/attention/baselines.py:63:17
   |
61 |     def __init__(self, input_dim: int, hidden_dims: List[int], dropout: float = 0.3) -> None:
62 |         super().__init__()
63 |         layers: List[nn.Module] = [nn.BatchNorm1d(input_dim)]
   |                 ^^^^
64 |         in_dim = input_dim
65 |         for h in hidden_dims:
   |
help: Replace with `list`

UP006 Use `list` instead of `List` for type annotation
  --> src/uais/fusion/attention/baselines.py:84:22
   |
82 |     def __init__(
83 |         self,
84 |         hidden_dims: List[int] = (128, 64),
   |                      ^^^^
85 |         dropout: float = 0.3,
86 |         lr: float = 1e-3,
   |
help: Replace with `list`

UP045 Use `X | None` for type annotations
  --> src/uais/fusion/attention/baselines.py:91:17
   |
89 |         patience: int = 8,
90 |         batch_size: int = 128,
91 |         device: Optional[torch.device] = None,
   |                 ^^^^^^^^^^^^^^^^^^^^^^
92 |         random_seed: int = 42,
93 |     ) -> None:
   |
help: Convert to `X | None`

UP045 Use `X | None` for type annotations
   --> src/uais/fusion/attention/baselines.py:103:22
    |
101 |         self.device = device or torch.device("cpu")
102 |         self.random_seed = random_seed
103 |         self._model: Optional[_MLPNet] = None
    |                      ^^^^^^^^^^^^^^^^^
104 |         self._scaler = StandardScaler()
    |
help: Convert to `X | None`

UP045 Use `X | None` for type annotations
   --> src/uais/fusion/attention/baselines.py:111:23
    |
109 |         masks: np.ndarray,
110 |         labels: np.ndarray,
111 |         val_features: Optional[np.ndarray] = None,
    |                       ^^^^^^^^^^^^^^^^^^^^
112 |         val_masks: Optional[np.ndarray] = None,
113 |         val_labels: Optional[np.ndarray] = None,
    |
help: Convert to `X | None`

UP045 Use `X | None` for type annotations
   --> src/uais/fusion/attention/baselines.py:112:20
    |
110 |         labels: np.ndarray,
111 |         val_features: Optional[np.ndarray] = None,
112 |         val_masks: Optional[np.ndarray] = None,
    |                    ^^^^^^^^^^^^^^^^^^^^
113 |         val_labels: Optional[np.ndarray] = None,
114 |     ) -> EarlyFusionMLP:
    |
help: Convert to `X | None`

UP045 Use `X | None` for type annotations
   --> src/uais/fusion/attention/baselines.py:113:21
    |
111 |         val_features: Optional[np.ndarray] = None,
112 |         val_masks: Optional[np.ndarray] = None,
113 |         val_labels: Optional[np.ndarray] = None,
    |                     ^^^^^^^^^^^^^^^^^^^^
114 |     ) -> EarlyFusionMLP:
115 |         torch.manual_seed(self.random_seed)
    |
help: Convert to `X | None`

UP006 Use `dict` instead of `Dict` for type annotation
   --> src/uais/fusion/attention/baselines.py:210:30
    |
208 |         self.meta_C = meta_C
209 |         self.random_seed = random_seed
210 |         self._domain_models: Dict[int, LogisticRegression] = {}
    |                              ^^^^
211 |         self._domain_scalers: Dict[int, StandardScaler] = {}
212 |         self._meta: Optional[LogisticRegression] = None
    |
help: Replace with `dict`

UP006 Use `dict` instead of `Dict` for type annotation
   --> src/uais/fusion/attention/baselines.py:211:31
    |
209 |         self.random_seed = random_seed
210 |         self._domain_models: Dict[int, LogisticRegression] = {}
211 |         self._domain_scalers: Dict[int, StandardScaler] = {}
    |                               ^^^^
212 |         self._meta: Optional[LogisticRegression] = None
213 |         self._n_domains: int = 0
    |
help: Replace with `dict`

UP045 Use `X | None` for type annotations
   --> src/uais/fusion/attention/baselines.py:212:21
    |
210 |         self._domain_models: Dict[int, LogisticRegression] = {}
211 |         self._domain_scalers: Dict[int, StandardScaler] = {}
212 |         self._meta: Optional[LogisticRegression] = None
    |                     ^^^^^^^^^^^^^^^^^^^^^^^^^^^^
213 |         self._n_domains: int = 0
    |
help: Convert to `X | None`

UP045 Use `X | None` for type annotations
   --> src/uais/fusion/attention/baselines.py:392:20
    |
390 |         self.l2_anchor = l2_anchor
391 |         self._scaler = StandardScaler()
392 |         self._clf: Optional[LogisticRegression] = None
    |                    ^^^^^^^^^^^^^^^^^^^^^^^^^^^^
393 |
394 |     def fit(self, features: np.ndarray, masks: np.ndarray, labels: np.ndarray):
    |
help: Convert to `X | None`

UP006 Use `dict` instead of `Dict` for type annotation
   --> src/uais/fusion/attention/baselines.py:665:6
    |
663 |     val_probs: np.ndarray,
664 |     strategy: str | None,
665 | ) -> Dict[str, float]:
    |      ^^^^
666 |     threshold = select_decision_threshold(val_labels, val_probs, strategy=strategy)
667 |     metrics = classification_metrics(test_labels, test_probs, threshold=threshold)
    |
help: Replace with `dict`

UP045 Use `X | None` for type annotations
   --> src/uais/fusion/attention/baselines.py:680:13
    |
678 |     test_idx: np.ndarray,
679 |     score_index: int = 0,
680 |     device: Optional[torch.device] = None,
    |             ^^^^^^^^^^^^^^^^^^^^^^
681 |     random_seed: int = 42,
682 |     baseline_epochs: Optional[int] = None,
    |
help: Convert to `X | None`

UP045 Use `X | None` for type annotations
   --> src/uais/fusion/attention/baselines.py:682:22
    |
680 |     device: Optional[torch.device] = None,
681 |     random_seed: int = 42,
682 |     baseline_epochs: Optional[int] = None,
    |                      ^^^^^^^^^^^^^
683 |     tta_steps: int = 25,
684 |     decision_threshold_strategy: str | None = "fixed_0p5",
    |
help: Convert to `X | None`

UP006 Use `dict` instead of `Dict` for type annotation
   --> src/uais/fusion/attention/baselines.py:686:6
    |
684 |     decision_threshold_strategy: str | None = "fixed_0p5",
685 |     return_predictions: bool = False,
686 | ) -> Dict[str, Dict] | tuple[Dict[str, Dict], Dict[str, Dict[str, np.ndarray]]]:
    |      ^^^^
687 |     """Fit all baselines and return classification metrics for each.
    |
help: Replace with `dict`

UP006 Use `dict` instead of `Dict` for type annotation
   --> src/uais/fusion/attention/baselines.py:686:16
    |
684 |     decision_threshold_strategy: str | None = "fixed_0p5",
685 |     return_predictions: bool = False,
686 | ) -> Dict[str, Dict] | tuple[Dict[str, Dict], Dict[str, Dict[str, np.ndarray]]]:
    |                ^^^^
687 |     """Fit all baselines and return classification metrics for each.
    |
help: Replace with `dict`

UP006 Use `dict` instead of `Dict` for type annotation
   --> src/uais/fusion/attention/baselines.py:686:30
    |
684 |     decision_threshold_strategy: str | None = "fixed_0p5",
685 |     return_predictions: bool = False,
686 | ) -> Dict[str, Dict] | tuple[Dict[str, Dict], Dict[str, Dict[str, np.ndarray]]]:
    |                              ^^^^
687 |     """Fit all baselines and return classification metrics for each.
    |
help: Replace with `dict`

UP006 Use `dict` instead of `Dict` for type annotation
   --> src/uais/fusion/attention/baselines.py:686:40
    |
684 |     decision_threshold_strategy: str | None = "fixed_0p5",
685 |     return_predictions: bool = False,
686 | ) -> Dict[str, Dict] | tuple[Dict[str, Dict], Dict[str, Dict[str, np.ndarray]]]:
    |                                        ^^^^
687 |     """Fit all baselines and return classification metrics for each.
    |
help: Replace with `dict`

UP006 Use `dict` instead of `Dict` for type annotation
   --> src/uais/fusion/attention/baselines.py:686:47
    |
684 |     decision_threshold_strategy: str | None = "fixed_0p5",
685 |     return_predictions: bool = False,
686 | ) -> Dict[str, Dict] | tuple[Dict[str, Dict], Dict[str, Dict[str, np.ndarray]]]:
    |                                               ^^^^
687 |     """Fit all baselines and return classification metrics for each.
    |
help: Replace with `dict`

UP006 Use `dict` instead of `Dict` for type annotation
   --> src/uais/fusion/attention/baselines.py:686:57
    |
684 |     decision_threshold_strategy: str | None = "fixed_0p5",
685 |     return_predictions: bool = False,
686 | ) -> Dict[str, Dict] | tuple[Dict[str, Dict], Dict[str, Dict[str, np.ndarray]]]:
    |                                                         ^^^^
687 |     """Fit all baselines and return classification metrics for each.
    |
help: Replace with `dict`

UP006 Use `dict` instead of `Dict` for type annotation
   --> src/uais/fusion/attention/baselines.py:698:14
    |
696 |     test_feat, test_mask, test_labels = features[test_idx], masks[test_idx], labels[test_idx]
697 |
698 |     results: Dict[str, Dict] = {}
    |              ^^^^
699 |     predictions: Dict[str, Dict[str, np.ndarray]] = {}
    |
help: Replace with `dict`

UP006 Use `dict` instead of `Dict` for type annotation
   --> src/uais/fusion/attention/baselines.py:698:24
    |
696 |     test_feat, test_mask, test_labels = features[test_idx], masks[test_idx], labels[test_idx]
697 |
698 |     results: Dict[str, Dict] = {}
    |                        ^^^^
699 |     predictions: Dict[str, Dict[str, np.ndarray]] = {}
    |
help: Replace with `dict`

UP006 Use `dict` instead of `Dict` for type annotation
   --> src/uais/fusion/attention/baselines.py:699:18
    |
698 |     results: Dict[str, Dict] = {}
699 |     predictions: Dict[str, Dict[str, np.ndarray]] = {}
    |                  ^^^^
700 |
701 |     mlp_kwargs = {"device": device, "random_seed": random_seed}
    |
help: Replace with `dict`

UP006 Use `dict` instead of `Dict` for type annotation
   --> src/uais/fusion/attention/baselines.py:699:28
    |
698 |     results: Dict[str, Dict] = {}
699 |     predictions: Dict[str, Dict[str, np.ndarray]] = {}
    |                            ^^^^
700 |
701 |     mlp_kwargs = {"device": device, "random_seed": random_seed}
    |
help: Replace with `dict`

UP035 `typing.List` is deprecated, use `list` instead
  --> src/uais/fusion/attention/causal_attribution.py:45:1
   |
43 | import math
44 | from dataclasses import dataclass
45 | from typing import List
   | ^^^^^^^^^^^^^^^^^^^^^^^
46 |
47 | import numpy as np
   |

UP006 Use `list` instead of `List` for type annotation
   --> src/uais/fusion/attention/causal_attribution.py:234:19
    |
232 |     reliability_weights: np.ndarray,
233 |     predictions: np.ndarray,
234 |     domain_order: List[str],
    |                   ^^^^
235 |     *,
236 |     score_index: int = 0,
    |
help: Replace with `list`

UP006 Use `list` instead of `List` for type annotation
   --> src/uais/fusion/attention/causal_attribution.py:418:19
    |
416 |     predict_fn,
417 |     reliability_weights: np.ndarray,
418 |     domain_order: List[str],
    |                   ^^^^
419 |     *,
420 |     n_bootstrap: int = 200,
    |
help: Replace with `list`

UP035 `typing.Dict` is deprecated, use `dict` instead
  --> src/uais/fusion/attention/counterfactual_explainer.py:22:1
   |
20 | import math
21 | from dataclasses import dataclass
22 | from typing import Any, Dict, List, Optional
   | ^^^^^^^^^^^^^^^^^^^^^^^^^^^^^^^^^^^^^^^^^^^^
23 |
24 | import numpy as np
   |

UP035 `typing.List` is deprecated, use `list` instead
  --> src/uais/fusion/attention/counterfactual_explainer.py:22:1
   |
20 | import math
21 | from dataclasses import dataclass
22 | from typing import Any, Dict, List, Optional
   | ^^^^^^^^^^^^^^^^^^^^^^^^^^^^^^^^^^^^^^^^^^^^
23 |
24 | import numpy as np
   |

UP006 Use `dict` instead of `Dict` for type annotation
  --> src/uais/fusion/attention/counterfactual_explainer.py:35:17
   |
33 |     sample_id: Any
34 |     p_baseline: float
35 |     cf_impacts: Dict[str, float]  # domain -> delta (positive = domain raised risk)
   |                 ^^^^
36 |     cf_impacts_pct: Dict[str, float]  # domain -> (delta / p_baseline) * 100
37 |     narrative: str  # multi-line human-readable explanation
   |
help: Replace with `dict`

UP006 Use `dict` instead of `Dict` for type annotation
  --> src/uais/fusion/attention/counterfactual_explainer.py:36:21
   |
34 |     p_baseline: float
35 |     cf_impacts: Dict[str, float]  # domain -> delta (positive = domain raised risk)
36 |     cf_impacts_pct: Dict[str, float]  # domain -> (delta / p_baseline) * 100
   |                     ^^^^
37 |     narrative: str  # multi-line human-readable explanation
   |
help: Replace with `dict`

UP006 Use `dict` instead of `Dict` for type annotation
  --> src/uais/fusion/attention/counterfactual_explainer.py:39:26
   |
37 |     narrative: str  # multi-line human-readable explanation
38 |
39 |     def to_dict(self) -> Dict[str, Any]:
   |                          ^^^^
40 |         return {
41 |             "sample_id": self.sample_id,
   |
help: Replace with `dict`

UP006 Use `list` instead of `List` for type annotation
  --> src/uais/fusion/attention/counterfactual_explainer.py:60:23
   |
58 |         self,
59 |         model: AttentionFusionModel,
60 |         domain_order: List[str],
   |                       ^^^^
61 |         device: Optional[torch.device] = None,
62 |         reliability_estimator: Optional[ReliabilityEstimator] = None,
   |
help: Replace with `list`

UP045 Use `X | None` for type annotations
  --> src/uais/fusion/attention/counterfactual_explainer.py:61:17
   |
59 |         model: AttentionFusionModel,
60 |         domain_order: List[str],
61 |         device: Optional[torch.device] = None,
   |                 ^^^^^^^^^^^^^^^^^^^^^^
62 |         reliability_estimator: Optional[ReliabilityEstimator] = None,
63 |         use_craf_weights: bool = False,
   |
help: Convert to `X | None`

UP045 Use `X | None` for type annotations
  --> src/uais/fusion/attention/counterfactual_explainer.py:62:32
   |
60 |         domain_order: List[str],
61 |         device: Optional[torch.device] = None,
62 |         reliability_estimator: Optional[ReliabilityEstimator] = None,
   |                                ^^^^^^^^^^^^^^^^^^^^^^^^^^^^^^
63 |         use_craf_weights: bool = False,
64 |     ) -> None:
   |
help: Convert to `X | None`

UP045 Use `X | None` for type annotations
  --> src/uais/fusion/attention/counterfactual_explainer.py:80:21
   |
78 |         features: np.ndarray,
79 |         masks: np.ndarray,
80 |         sample_ids: Optional[List] = None,
   |                     ^^^^^^^^^^^^^^
81 |     ) -> List[CounterfactualResult]:
82 |         """Explain all samples in features.
   |
help: Convert to `X | None`

UP006 Use `list` instead of `List` for type annotation
  --> src/uais/fusion/attention/counterfactual_explainer.py:80:30
   |
78 |         features: np.ndarray,
79 |         masks: np.ndarray,
80 |         sample_ids: Optional[List] = None,
   |                              ^^^^
81 |     ) -> List[CounterfactualResult]:
82 |         """Explain all samples in features.
   |
help: Replace with `list`

UP006 Use `list` instead of `List` for type annotation
  --> src/uais/fusion/attention/counterfactual_explainer.py:81:10
   |
79 |         masks: np.ndarray,
80 |         sample_ids: Optional[List] = None,
81 |     ) -> List[CounterfactualResult]:
   |          ^^^^
82 |         """Explain all samples in features.
   |
help: Replace with `list`

UP045 Use `X | None` for type annotations
   --> src/uais/fusion/attention/counterfactual_explainer.py:99:21
    |
 97 |         features: np.ndarray,
 98 |         masks: np.ndarray,
 99 |         sample_ids: Optional[List] = None,
    |                     ^^^^^^^^^^^^^^
100 |         batch_size: int = 64,
101 |     ) -> List[CounterfactualResult]:
    |
help: Convert to `X | None`

UP006 Use `list` instead of `List` for type annotation
   --> src/uais/fusion/attention/counterfactual_explainer.py:99:30
    |
 97 |         features: np.ndarray,
 98 |         masks: np.ndarray,
 99 |         sample_ids: Optional[List] = None,
    |                              ^^^^
100 |         batch_size: int = 64,
101 |     ) -> List[CounterfactualResult]:
    |
help: Replace with `list`

UP006 Use `list` instead of `List` for type annotation
   --> src/uais/fusion/attention/counterfactual_explainer.py:101:10
    |
 99 |         sample_ids: Optional[List] = None,
100 |         batch_size: int = 64,
101 |     ) -> List[CounterfactualResult]:
    |          ^^^^
102 |         """Memory-efficient batched explanation."""
103 |         results: List[CounterfactualResult] = []
    |
help: Replace with `list`

UP006 Use `list` instead of `List` for type annotation
   --> src/uais/fusion/attention/counterfactual_explainer.py:103:18
    |
101 |     ) -> List[CounterfactualResult]:
102 |         """Memory-efficient batched explanation."""
103 |         results: List[CounterfactualResult] = []
    |                  ^^^^
104 |         n = features.shape[0]
105 |         ids = sample_ids if sample_ids is not None else list(range(n))
    |
help: Replace with `list`

UP006 Use `list` instead of `List` for type annotation
   --> src/uais/fusion/attention/counterfactual_explainer.py:116:21
    |
114 |     def correlation_with_shap(
115 |         self,
116 |         cf_results: List[CounterfactualResult],
    |                     ^^^^
117 |         shap_domain_importance: Dict[str, float],
118 |     ) -> float:
    |
help: Replace with `list`

UP006 Use `dict` instead of `Dict` for type annotation
   --> src/uais/fusion/attention/counterfactual_explainer.py:117:33
    |
115 |         self,
116 |         cf_results: List[CounterfactualResult],
117 |         shap_domain_importance: Dict[str, float],
    |                                 ^^^^
118 |     ) -> float:
119 |         """Spearman correlation between mean |CF_impact| and SHAP domain importance.
    |
help: Replace with `dict`

UP006 Use `list` instead of `List` for type annotation
   --> src/uais/fusion/attention/counterfactual_explainer.py:126:18
    |
124 |         from scipy.stats import spearmanr
125 |
126 |         domains: List[str] = []
    |                  ^^^^
127 |         mean_cf_values: List[float] = []
128 |         shap_values: List[float] = []
    |
help: Replace with `list`

UP006 Use `list` instead of `List` for type annotation
   --> src/uais/fusion/attention/counterfactual_explainer.py:127:25
    |
126 |         domains: List[str] = []
127 |         mean_cf_values: List[float] = []
    |                         ^^^^
128 |         shap_values: List[float] = []
129 |         for domain in self.domain_order:
    |
help: Replace with `list`

UP006 Use `list` instead of `List` for type annotation
   --> src/uais/fusion/attention/counterfactual_explainer.py:128:22
    |
126 |         domains: List[str] = []
127 |         mean_cf_values: List[float] = []
128 |         shap_values: List[float] = []
    |                      ^^^^
129 |         for domain in self.domain_order:
130 |             if domain not in shap_domain_importance:
    |
help: Replace with `list`

UP045 Use `X | None` for type annotations
   --> src/uais/fusion/attention/counterfactual_explainer.py:167:17
    |
165 |     ) -> CounterfactualResult:
166 |         # Compute CRAF weights if requested (using single-sample batch)
167 |         craf_w: Optional[np.ndarray] = None
    |                 ^^^^^^^^^^^^^^^^^^^^
168 |         if self.use_craf_weights and self.reliability_estimator is not None:
169 |             craf_w = self.reliability_estimator.compute_reliability_weights(
    |
help: Convert to `X | None`

UP006 Use `dict` instead of `Dict` for type annotation
   --> src/uais/fusion/attention/counterfactual_explainer.py:177:21
    |
175 |         p_baseline = self._forward_single(features_1d, masks_1d, craf_w)
176 |
177 |         cf_impacts: Dict[str, float] = {}
    |                     ^^^^
178 |         p_masked_per_domain: Dict[str, float] = {}
    |
help: Replace with `dict`

UP006 Use `dict` instead of `Dict` for type annotation
   --> src/uais/fusion/attention/counterfactual_explainer.py:178:30
    |
177 |         cf_impacts: Dict[str, float] = {}
178 |         p_masked_per_domain: Dict[str, float] = {}
    |                              ^^^^
179 |
180 |         for di, domain in enumerate(self.domain_order):
    |
help: Replace with `dict`

UP045 Use `X | None` for type annotations
   --> src/uais/fusion/attention/counterfactual_explainer.py:197:24
    |
196 |             # Recompute CRAF weights with domain masked
197 |             cf_craf_w: Optional[np.ndarray] = None
    |                        ^^^^^^^^^^^^^^^^^^^^
198 |             if self.use_craf_weights and self.reliability_estimator is not None:
199 |                 cf_craf_w = self.reliability_estimator.compute_reliability_weights(
    |
help: Convert to `X | None`

UP045 Use `X | None` for type annotations
   --> src/uais/fusion/attention/counterfactual_explainer.py:225:30
    |
223 |         features_1d: np.ndarray,  # [D, F]
224 |         masks_1d: np.ndarray,  # [D] bool
225 |         reliability_weights: Optional[np.ndarray] = None,  # [D] float | None
    |                              ^^^^^^^^^^^^^^^^^^^^
226 |     ) -> float:
227 |         """Run one sample through the model, optionally injecting CRAF weights.
    |
help: Convert to `X | None`

UP006 Use `dict` instead of `Dict` for type annotation
   --> src/uais/fusion/attention/counterfactual_explainer.py:266:21
    |
264 |     def _build_narrative(
265 |         p_baseline: float,
266 |         cf_impacts: Dict[str, float],
    |                     ^^^^
267 |         p_masked: Dict[str, float],
268 |     ) -> str:
    |
help: Replace with `dict`

UP006 Use `dict` instead of `Dict` for type annotation
   --> src/uais/fusion/attention/counterfactual_explainer.py:267:19
    |
265 |         p_baseline: float,
266 |         cf_impacts: Dict[str, float],
267 |         p_masked: Dict[str, float],
    |                   ^^^^
268 |     ) -> str:
269 |         lines = []
    |
help: Replace with `dict`

UP035 `typing.Tuple` is deprecated, use `tuple` instead
 --> src/uais/fusion/attention/cross_modal_attention.py:6:1
  |
5 | import math
6 | from typing import Tuple
  | ^^^^^^^^^^^^^^^^^^^^^^^^
7 |
8 | import torch
  |

UP006 Use `tuple` instead of `Tuple` for type annotation
   --> src/uais/fusion/attention/cross_modal_attention.py:120:10
    |
118 |         position_ids: torch.Tensor | None = None,
119 |         confidence_weights: torch.Tensor | None = None,
120 |     ) -> Tuple[torch.Tensor, torch.Tensor | None]:
    |          ^^^^^
121 |         if domain_embeddings.shape[1] != self.num_domains:
122 |             raise ValueError("domain_embeddings must have shape [batch, num_domains, embed_dim]")
    |
help: Replace with `tuple`

UP035 `typing.Dict` is deprecated, use `dict` instead
  --> src/uais/fusion/attention/cv_evaluator.py:21:1
   |
19 | import logging
20 | from dataclasses import dataclass, field
21 | from typing import Any, Callable, Dict, List, Optional, Tuple
   | ^^^^^^^^^^^^^^^^^^^^^^^^^^^^^^^^^^^^^^^^^^^^^^^^^^^^^^^^^^^^^
22 |
23 | import numpy as np
   |

UP035 `typing.List` is deprecated, use `list` instead
  --> src/uais/fusion/attention/cv_evaluator.py:21:1
   |
19 | import logging
20 | from dataclasses import dataclass, field
21 | from typing import Any, Callable, Dict, List, Optional, Tuple
   | ^^^^^^^^^^^^^^^^^^^^^^^^^^^^^^^^^^^^^^^^^^^^^^^^^^^^^^^^^^^^^
22 |
23 | import numpy as np
   |

UP035 `typing.Tuple` is deprecated, use `tuple` instead
  --> src/uais/fusion/attention/cv_evaluator.py:21:1
   |
19 | import logging
20 | from dataclasses import dataclass, field
21 | from typing import Any, Callable, Dict, List, Optional, Tuple
   | ^^^^^^^^^^^^^^^^^^^^^^^^^^^^^^^^^^^^^^^^^^^^^^^^^^^^^^^^^^^^^
22 |
23 | import numpy as np
   |

UP006 Use `tuple` instead of `Tuple` for type annotation
   --> src/uais/fusion/attention/cv_evaluator.py:118:6
    |
116 |     test_idx: np.ndarray,
117 |     reducer: DimReducer,
118 | ) -> Tuple[np.ndarray, np.ndarray, Dict]:
    |      ^^^^^
119 |     """Fit a single model on the training fold (with DR fit on train only)
120 |     and return (test_labels, test_probs, hyperparameters)."""
    |
help: Replace with `tuple`

UP006 Use `dict` instead of `Dict` for type annotation
   --> src/uais/fusion/attention/cv_evaluator.py:118:36
    |
116 |     test_idx: np.ndarray,
117 |     reducer: DimReducer,
118 | ) -> Tuple[np.ndarray, np.ndarray, Dict]:
    |                                    ^^^^
119 |     """Fit a single model on the training fold (with DR fit on train only)
120 |     and return (test_labels, test_probs, hyperparameters)."""
    |
help: Replace with `dict`

UP006 Use `dict` instead of `Dict` for type annotation
   --> src/uais/fusion/attention/cv_evaluator.py:153:9
    |
151 |             probs = out
152 |
153 |     hp: Dict = {}
    |         ^^^^
154 |     if hasattr(model, "get_hyperparameters"):
155 |         try:
    |
help: Replace with `dict`

UP006 Use `dict` instead of `Dict` for type annotation
   --> src/uais/fusion/attention/cv_evaluator.py:180:21
    |
178 |     bootstrap_alpha: float = 0.05
179 |     reducer_name: str = "none"
180 |     reducer_kwargs: Dict = field(default_factory=dict)
    |                     ^^^^
181 |     leakage_warn_auc: float = 0.99
182 |     leakage_warn_f1: float = 0.99
    |
help: Replace with `dict`

UP006 Use `list` instead of `List` for type annotation
   --> src/uais/fusion/attention/cv_evaluator.py:189:12
    |
187 |     masks: np.ndarray,
188 |     labels: np.ndarray,
189 |     specs: List[BaselineSpec],
    |            ^^^^
190 |     config: Optional[CVConfig] = None,
191 | ) -> Dict[str, Any]:
    |
help: Replace with `list`

UP045 Use `X | None` for type annotations
   --> src/uais/fusion/attention/cv_evaluator.py:190:13
    |
188 |     labels: np.ndarray,
189 |     specs: List[BaselineSpec],
190 |     config: Optional[CVConfig] = None,
    |             ^^^^^^^^^^^^^^^^^^
191 | ) -> Dict[str, Any]:
192 |     """Run StratifiedKFold across all specs with a shared DR transform.
    |
help: Convert to `X | None`

UP006 Use `dict` instead of `Dict` for type annotation
   --> src/uais/fusion/attention/cv_evaluator.py:191:6
    |
189 |     specs: List[BaselineSpec],
190 |     config: Optional[CVConfig] = None,
191 | ) -> Dict[str, Any]:
    |      ^^^^
192 |     """Run StratifiedKFold across all specs with a shared DR transform.
    |
help: Replace with `dict`

UP006 Use `dict` instead of `Dict` for type annotation
   --> src/uais/fusion/attention/cv_evaluator.py:223:19
    |
222 |     # Per-baseline accumulators
223 |     per_baseline: Dict[str, Dict] = {
    |                   ^^^^
224 |         s.name: {
225 |             "per_fold": [],
    |
help: Replace with `dict`

UP006 Use `dict` instead of `Dict` for type annotation
   --> src/uais/fusion/attention/cv_evaluator.py:223:29
    |
222 |     # Per-baseline accumulators
223 |     per_baseline: Dict[str, Dict] = {
    |                             ^^^^
224 |         s.name: {
225 |             "per_fold": [],
    |
help: Replace with `dict`

UP006 Use `list` instead of `List` for type annotation
   --> src/uais/fusion/attention/cv_evaluator.py:233:28
    |
231 |         for s in specs
232 |     }
233 |     contamination_reports: List[Dict] = []
    |                            ^^^^
234 |     test_oversampling_status = "ok"
    |
help: Replace with `list`

UP006 Use `dict` instead of `Dict` for type annotation
   --> src/uais/fusion/attention/cv_evaluator.py:233:33
    |
231 |         for s in specs
232 |     }
233 |     contamination_reports: List[Dict] = []
    |                                 ^^^^
234 |     test_oversampling_status = "ok"
    |
help: Replace with `dict`

UP006 Use `dict` instead of `Dict` for type annotation
   --> src/uais/fusion/attention/cv_evaluator.py:292:25
    |
290 |     from sklearn.metrics import average_precision_score, f1_score, roc_auc_score
291 |
292 |     pooled_predictions: Dict[str, Tuple[np.ndarray, np.ndarray]] = {}
    |                         ^^^^
293 |     for name, data in per_baseline.items():
294 |         data["aggregate"] = aggregate_cv_metrics(data["per_fold"])
    |
help: Replace with `dict`

UP006 Use `tuple` instead of `Tuple` for type annotation
   --> src/uais/fusion/attention/cv_evaluator.py:292:35
    |
290 |     from sklearn.metrics import average_precision_score, f1_score, roc_auc_score
291 |
292 |     pooled_predictions: Dict[str, Tuple[np.ndarray, np.ndarray]] = {}
    |                                   ^^^^^
293 |     for name, data in per_baseline.items():
294 |         data["aggregate"] = aggregate_cv_metrics(data["per_fold"])
    |
help: Replace with `tuple`

UP006 Use `dict` instead of `Dict` for type annotation
   --> src/uais/fusion/attention/cv_evaluator.py:358:26
    |
357 | def pairwise_delong_from_predictions(
358 |     predictions_by_name: Dict[str, Tuple[np.ndarray, np.ndarray]],
    |                          ^^^^
359 | ) -> Dict[str, float]:
360 |     """Compute DeLong p-values for every pair of (y_true, y_prob) arrays.
    |
help: Replace with `dict`

UP006 Use `tuple` instead of `Tuple` for type annotation
   --> src/uais/fusion/attention/cv_evaluator.py:358:36
    |
357 | def pairwise_delong_from_predictions(
358 |     predictions_by_name: Dict[str, Tuple[np.ndarray, np.ndarray]],
    |                                    ^^^^^
359 | ) -> Dict[str, float]:
360 |     """Compute DeLong p-values for every pair of (y_true, y_prob) arrays.
    |
help: Replace with `tuple`

UP006 Use `dict` instead of `Dict` for type annotation
   --> src/uais/fusion/attention/cv_evaluator.py:359:6
    |
357 | def pairwise_delong_from_predictions(
358 |     predictions_by_name: Dict[str, Tuple[np.ndarray, np.ndarray]],
359 | ) -> Dict[str, float]:
    |      ^^^^
360 |     """Compute DeLong p-values for every pair of (y_true, y_prob) arrays.
    |
help: Replace with `dict`

UP006 Use `dict` instead of `Dict` for type annotation
   --> src/uais/fusion/attention/cv_evaluator.py:370:10
    |
368 |     if delong_roc_test is None:
369 |         return {}
370 |     out: Dict[str, float] = {}
    |          ^^^^
371 |     names = list(predictions_by_name.keys())
372 |     for i, a in enumerate(names):
    |
help: Replace with `dict`

UP035 `typing.List` is deprecated, use `list` instead
  --> src/uais/fusion/attention/dim_reduction.py:18:1
   |
17 | from dataclasses import dataclass, field
18 | from typing import List, Optional
   | ^^^^^^^^^^^^^^^^^^^^^^^^^^^^^^^^^
19 |
20 | import numpy as np
   |

UP045 Use `X | None` for type annotations
  --> src/uais/fusion/attention/dim_reduction.py:61:32
   |
59 |     """PCA wrapper with explicit train-fit / test-transform discipline."""
60 |
61 |     def __init__(self, config: Optional[PCAReducerConfig] = None) -> None:
   |                                ^^^^^^^^^^^^^^^^^^^^^^^^^^
62 |         self.config = config or PCAReducerConfig()
63 |         self._scaler = StandardScaler()
   |
help: Convert to `X | None`

UP045 Use `X | None` for type annotations
  --> src/uais/fusion/attention/dim_reduction.py:64:20
   |
62 |         self.config = config or PCAReducerConfig()
63 |         self._scaler = StandardScaler()
64 |         self._pca: Optional[PCA] = None
   |                    ^^^^^^^^^^^^^
65 |
66 |     def fit(self, X: np.ndarray) -> PCAReducer:
   |
help: Convert to `X | None`

UP006 Use `list` instead of `List` for type annotation
  --> src/uais/fusion/attention/dim_reduction.py:97:19
   |
95 |     """
96 |
97 |     encoder_dims: List[int] = field(default_factory=lambda: [64, 32])
   |                   ^^^^
98 |     latent_dim: int = 16
99 |     activation: str = "ReLU"
   |
help: Replace with `list`

UP006 Use `list` instead of `List` for type annotation
   --> src/uais/fusion/attention/dim_reduction.py:112:17
    |
110 |         super().__init__()
111 |         act = getattr(nn, cfg.activation)
112 |         layers: List[nn.Module] = []
    |                 ^^^^
113 |         prev = input_dim
114 |         for h in cfg.encoder_dims:
    |
help: Replace with `list`

UP006 Use `list` instead of `List` for type annotation
   --> src/uais/fusion/attention/dim_reduction.py:128:17
    |
126 |         super().__init__()
127 |         act = getattr(nn, cfg.activation)
128 |         layers: List[nn.Module] = []
    |                 ^^^^
129 |         prev = cfg.latent_dim
130 |         for h in reversed(cfg.encoder_dims):
    |
help: Replace with `list`

UP045 Use `X | None` for type annotations
   --> src/uais/fusion/attention/dim_reduction.py:147:32
    |
145 |     """
146 |
147 |     def __init__(self, config: Optional[AEReducerConfig] = None, device: Optional[torch.device] = None) -> None:
    |                                ^^^^^^^^^^^^^^^^^^^^^^^^^
148 |         self.config = config or AEReducerConfig()
149 |         self.device = device or torch.device("cpu")
    |
help: Convert to `X | None`

UP045 Use `X | None` for type annotations
   --> src/uais/fusion/attention/dim_reduction.py:147:74
    |
145 |     """
146 |
147 |     def __init__(self, config: Optional[AEReducerConfig] = None, device: Optional[torch.device] = None) -> None:
    |                                                                          ^^^^^^^^^^^^^^^^^^^^^^
148 |         self.config = config or AEReducerConfig()
149 |         self.device = device or torch.device("cpu")
    |
help: Convert to `X | None`

UP045 Use `X | None` for type annotations
   --> src/uais/fusion/attention/dim_reduction.py:151:24
    |
149 |         self.device = device or torch.device("cpu")
150 |         self._scaler = StandardScaler()
151 |         self._encoder: Optional[_Encoder] = None
    |                        ^^^^^^^^^^^^^^^^^^
152 |         self._decoder: Optional[_Decoder] = None
    |
help: Convert to `X | None`

UP045 Use `X | None` for type annotations
   --> src/uais/fusion/attention/dim_reduction.py:152:24
    |
150 |         self._scaler = StandardScaler()
151 |         self._encoder: Optional[_Encoder] = None
152 |         self._decoder: Optional[_Decoder] = None
    |                        ^^^^^^^^^^^^^^^^^^
153 |
154 |     def fit(self, X: np.ndarray) -> AutoencoderReducer:
    |
help: Convert to `X | None`

UP035 `typing.Dict` is deprecated, use `dict` instead
 --> src/uais/fusion/attention/evaluate_attention_fusion.py:6:1
  |
5 | from pathlib import Path
6 | from typing import Dict
  | ^^^^^^^^^^^^^^^^^^^^^^^
7 |
8 | import numpy as np
  |

UP006 Use `dict` instead of `Dict` for type annotation
  --> src/uais/fusion/attention/evaluate_attention_fusion.py:34:67
   |
34 | def evaluate_attention_fusion(cfg_path: Path = DEFAULT_CONFIG) -> Dict[str, float]:
   |                                                                   ^^^^
35 |     cfg = load_yaml(cfg_path)
36 |     data_cfg = cfg.get("data", {})
   |
help: Replace with `dict`

UP035 `typing.Dict` is deprecated, use `dict` instead
  --> src/uais/fusion/attention/evaluate_attention_harness.py:10:1
   |
 8 | from collections.abc import Sequence
 9 | from pathlib import Path
10 | from typing import Dict, List, Tuple
   | ^^^^^^^^^^^^^^^^^^^^^^^^^^^^^^^^^^^^
11 |
12 | import numpy as np
   |

UP035 `typing.List` is deprecated, use `list` instead
  --> src/uais/fusion/attention/evaluate_attention_harness.py:10:1
   |
 8 | from collections.abc import Sequence
 9 | from pathlib import Path
10 | from typing import Dict, List, Tuple
   | ^^^^^^^^^^^^^^^^^^^^^^^^^^^^^^^^^^^^
11 |
12 | import numpy as np
   |

UP035 `typing.Tuple` is deprecated, use `tuple` instead
  --> src/uais/fusion/attention/evaluate_attention_harness.py:10:1
   |
 8 | from collections.abc import Sequence
 9 | from pathlib import Path
10 | from typing import Dict, List, Tuple
   | ^^^^^^^^^^^^^^^^^^^^^^^^^^^^^^^^^^^^
11 |
12 | import numpy as np
   |

UP006 Use `dict` instead of `Dict` for type annotation
  --> src/uais/fusion/attention/evaluate_attention_harness.py:49:24
   |
49 | def _prepare_data(cfg: Dict, include_confidence: bool | None = None):
   |                        ^^^^
50 |     data_cfg = cfg.get("data", {})
51 |     model_cfg = cfg.get("model", {})
   |
help: Replace with `dict`

UP006 Use `dict` instead of `Dict` for type annotation
  --> src/uais/fusion/attention/evaluate_attention_harness.py:93:51
   |
93 | def _split_indices(labels: np.ndarray, train_cfg: Dict) -> tuple[np.ndarray, np.ndarray, np.ndarray]:
   |                                                   ^^^^
94 |     from sklearn.model_selection import train_test_split
   |
help: Replace with `dict`

UP006 Use `dict` instead of `Dict` for type annotation
   --> src/uais/fusion/attention/evaluate_attention_harness.py:114:16
    |
113 | def _build_model(
114 |     model_cfg: Dict,
    |                ^^^^
115 |     num_domains: int,
116 |     input_dim: int,
    |
help: Replace with `dict`

UP006 Use `tuple` instead of `Tuple` for type annotation
   --> src/uais/fusion/attention/evaluate_attention_harness.py:141:6
    |
139 |     device: torch.device,
140 |     return_attention: bool = False,
141 | ) -> Tuple[np.ndarray, np.ndarray, np.ndarray | None]:
    |      ^^^^^
142 |     model.eval()
143 |     all_probs = []
    |
help: Replace with `tuple`

UP006 Use `dict` instead of `Dict` for type annotation
   --> src/uais/fusion/attention/evaluate_attention_harness.py:170:95
    |
170 | def _evaluate_model(model: AttentionFusionModel, loader: DataLoader, device: torch.device) -> Dict[str, float]:
    |                                                                                               ^^^^
171 |     y_true, y_prob, _ = _collect_predictions(model, loader, device, return_attention=False)
172 |     return classification_metrics(y_true, y_prob, threshold=0.5)
    |
help: Replace with `dict`

UP006 Use `dict` instead of `Dict` for type annotation
   --> src/uais/fusion/attention/evaluate_attention_harness.py:176:10
    |
175 | def _train_model(
176 |     cfg: Dict,
    |          ^^^^
177 |     features: np.ndarray,
178 |     masks: np.ndarray,
    |
help: Replace with `dict`

UP006 Use `dict` instead of `Dict` for type annotation
   --> src/uais/fusion/attention/evaluate_attention_harness.py:182:34
    |
180 |     domain_order: Sequence[str],
181 |     confidence_index: int | None,
182 | ) -> tuple[AttentionFusionModel, Dict[str, float], Dict[str, float]]:
    |                                  ^^^^
183 |     train_cfg = cfg.get("training", {})
184 |     model_cfg = cfg.get("model", {})
    |
help: Replace with `dict`

UP006 Use `dict` instead of `Dict` for type annotation
   --> src/uais/fusion/attention/evaluate_attention_harness.py:182:52
    |
180 |     domain_order: Sequence[str],
181 |     confidence_index: int | None,
182 | ) -> tuple[AttentionFusionModel, Dict[str, float], Dict[str, float]]:
    |                                                    ^^^^
183 |     train_cfg = cfg.get("training", {})
184 |     model_cfg = cfg.get("model", {})
    |
help: Replace with `dict`

UP006 Use `dict` instead of `Dict` for type annotation
   --> src/uais/fusion/attention/evaluate_attention_harness.py:269:6
    |
267 |     drop_domains: Sequence[str],
268 |     drop_pairs: bool,
269 | ) -> Dict[str, Dict[str, Dict[str, float]]]:
    |      ^^^^
270 |     results: Dict[str, Dict[str, Dict[str, float]]] = {"random": {}, "drop_domain": {}, "drop_pair": {}}
271 |     for prob in drop_probs:
    |
help: Replace with `dict`

UP006 Use `dict` instead of `Dict` for type annotation
   --> src/uais/fusion/attention/evaluate_attention_harness.py:269:16
    |
267 |     drop_domains: Sequence[str],
268 |     drop_pairs: bool,
269 | ) -> Dict[str, Dict[str, Dict[str, float]]]:
    |                ^^^^
270 |     results: Dict[str, Dict[str, Dict[str, float]]] = {"random": {}, "drop_domain": {}, "drop_pair": {}}
271 |     for prob in drop_probs:
    |
help: Replace with `dict`

UP006 Use `dict` instead of `Dict` for type annotation
   --> src/uais/fusion/attention/evaluate_attention_harness.py:269:26
    |
267 |     drop_domains: Sequence[str],
268 |     drop_pairs: bool,
269 | ) -> Dict[str, Dict[str, Dict[str, float]]]:
    |                          ^^^^
270 |     results: Dict[str, Dict[str, Dict[str, float]]] = {"random": {}, "drop_domain": {}, "drop_pair": {}}
271 |     for prob in drop_probs:
    |
help: Replace with `dict`

UP006 Use `dict` instead of `Dict` for type annotation
   --> src/uais/fusion/attention/evaluate_attention_harness.py:270:14
    |
268 |     drop_pairs: bool,
269 | ) -> Dict[str, Dict[str, Dict[str, float]]]:
270 |     results: Dict[str, Dict[str, Dict[str, float]]] = {"random": {}, "drop_domain": {}, "drop_pair": {}}
    |              ^^^^
271 |     for prob in drop_probs:
272 |         new_masks = apply_domain_dropout(torch.as_tensor(masks), prob).cpu().numpy()
    |
help: Replace with `dict`

UP006 Use `dict` instead of `Dict` for type annotation
   --> src/uais/fusion/attention/evaluate_attention_harness.py:270:24
    |
268 |     drop_pairs: bool,
269 | ) -> Dict[str, Dict[str, Dict[str, float]]]:
270 |     results: Dict[str, Dict[str, Dict[str, float]]] = {"random": {}, "drop_domain": {}, "drop_pair": {}}
    |                        ^^^^
271 |     for prob in drop_probs:
272 |         new_masks = apply_domain_dropout(torch.as_tensor(masks), prob).cpu().numpy()
    |
help: Replace with `dict`

UP006 Use `dict` instead of `Dict` for type annotation
   --> src/uais/fusion/attention/evaluate_attention_harness.py:270:34
    |
268 |     drop_pairs: bool,
269 | ) -> Dict[str, Dict[str, Dict[str, float]]]:
270 |     results: Dict[str, Dict[str, Dict[str, float]]] = {"random": {}, "drop_domain": {}, "drop_pair": {}}
    |                                  ^^^^
271 |     for prob in drop_probs:
272 |         new_masks = apply_domain_dropout(torch.as_tensor(masks), prob).cpu().numpy()
    |
help: Replace with `dict`

UP006 Use `dict` instead of `Dict` for type annotation
   --> src/uais/fusion/attention/evaluate_attention_harness.py:310:6
    |
308 |     runs: int,
309 |     max_batches: int | None = None,
310 | ) -> Dict[str, float]:
    |      ^^^^
311 |     dataset = FusionDataset(features, masks, labels)
312 |     loader = DataLoader(dataset, batch_size=batch_size)
    |
help: Replace with `dict`

UP006 Use `tuple` instead of `Tuple` for type annotation
   --> src/uais/fusion/attention/evaluate_attention_harness.py:362:6
    |
360 |     batch_size: int,
361 |     device: torch.device,
362 | ) -> Tuple[np.ndarray, np.ndarray]:
    |      ^^^^^
363 |     """Collect predictions using CRAF reliability weights injected at fusion layer."""
364 |     model.eval()
    |
help: Replace with `tuple`

UP006 Use `list` instead of `List` for type annotation
   --> src/uais/fusion/attention/evaluate_attention_harness.py:365:16
    |
363 |     """Collect predictions using CRAF reliability weights injected at fusion layer."""
364 |     model.eval()
365 |     all_probs: List[np.ndarray] = []
    |                ^^^^
366 |     all_labels: List[np.ndarray] = []
    |
help: Replace with `list`

UP006 Use `list` instead of `List` for type annotation
   --> src/uais/fusion/attention/evaluate_attention_harness.py:366:17
    |
364 |     model.eval()
365 |     all_probs: List[np.ndarray] = []
366 |     all_labels: List[np.ndarray] = []
    |                 ^^^^
367 |
368 |     for start in range(0, len(labels_np), batch_size):
    |
help: Replace with `list`

UP006 Use `dict` instead of `Dict` for type annotation
   --> src/uais/fusion/attention/evaluate_attention_harness.py:437:6
    |
435 |     alpha: float,
436 |     seed: int,
437 | ) -> Dict[str, Dict[str, float]]:
    |      ^^^^
438 |     def _f1_metric(y_true_arr: np.ndarray, y_prob_arr: np.ndarray) -> float:
439 |         return classification_metrics(y_true_arr, y_prob_arr, threshold=0.5)["f1"]
    |
help: Replace with `dict`

UP006 Use `dict` instead of `Dict` for type annotation
   --> src/uais/fusion/attention/evaluate_attention_harness.py:437:16
    |
435 |     alpha: float,
436 |     seed: int,
437 | ) -> Dict[str, Dict[str, float]]:
    |                ^^^^
438 |     def _f1_metric(y_true_arr: np.ndarray, y_prob_arr: np.ndarray) -> float:
439 |         return classification_metrics(y_true_arr, y_prob_arr, threshold=0.5)["f1"]
    |
help: Replace with `dict`

UP006 Use `dict` instead of `Dict` for type annotation
   --> src/uais/fusion/attention/evaluate_attention_harness.py:474:6
    |
472 |     test_idx: np.ndarray,
473 |     domain_order: Sequence[str],
474 | ) -> Dict[str, Dict[str, np.ndarray]]:
    |      ^^^^
475 |     baselines: Dict[str, Dict[str, np.ndarray]] = {}
476 |     present = ~masks
    |
help: Replace with `dict`

UP006 Use `dict` instead of `Dict` for type annotation
   --> src/uais/fusion/attention/evaluate_attention_harness.py:474:16
    |
472 |     test_idx: np.ndarray,
473 |     domain_order: Sequence[str],
474 | ) -> Dict[str, Dict[str, np.ndarray]]:
    |                ^^^^
475 |     baselines: Dict[str, Dict[str, np.ndarray]] = {}
476 |     present = ~masks
    |
help: Replace with `dict`

UP006 Use `dict` instead of `Dict` for type annotation
   --> src/uais/fusion/attention/evaluate_attention_harness.py:475:16
    |
473 |     domain_order: Sequence[str],
474 | ) -> Dict[str, Dict[str, np.ndarray]]:
475 |     baselines: Dict[str, Dict[str, np.ndarray]] = {}
    |                ^^^^
476 |     present = ~masks
477 |     denom = present.sum(axis=1).clip(min=1)
    |
help: Replace with `dict`

UP006 Use `dict` instead of `Dict` for type annotation
   --> src/uais/fusion/attention/evaluate_attention_harness.py:475:26
    |
473 |     domain_order: Sequence[str],
474 | ) -> Dict[str, Dict[str, np.ndarray]]:
475 |     baselines: Dict[str, Dict[str, np.ndarray]] = {}
    |                          ^^^^
476 |     present = ~masks
477 |     denom = present.sum(axis=1).clip(min=1)
    |
help: Replace with `dict`

UP006 Use `dict` instead of `Dict` for type annotation
   --> src/uais/fusion/attention/evaluate_attention_harness.py:566:6
    |
564 |     batch_size: int,
565 |     device: torch.device,
566 | ) -> Dict[str, object]:
    |      ^^^^
567 |     if score_index is None:
568 |         return {}
    |
help: Replace with `dict`

UP006 Use `dict` instead of `Dict` for type annotation
   --> src/uais/fusion/attention/evaluate_attention_harness.py:572:22
    |
570 |     loader = DataLoader(dataset, batch_size=batch_size)
571 |     _, _, attn = _collect_predictions(model, loader, device, return_attention=True)
572 |     attention_means: Dict[str, float] = {}
    |                      ^^^^
573 |     for idx, domain in enumerate(domain_order):
574 |         present = ~masks[:, idx]
    |
help: Replace with `dict`

UP006 Use `dict` instead of `Dict` for type annotation
   --> src/uais/fusion/attention/evaluate_attention_harness.py:581:23
    |
580 |     reliabilities = compute_domain_reliability(features, masks, labels, domain_order, score_index)
581 |     confidence_means: Dict[str, float] = {}
    |                       ^^^^
582 |     if confidence_index is not None:
583 |         conf = features[:, :, confidence_index]
    |
help: Replace with `dict`

UP006 Use `dict` instead of `Dict` for type annotation
   --> src/uais/fusion/attention/evaluate_attention_harness.py:591:22
    |
589 |                 confidence_means[domain] = float(conf[present, idx].mean())
590 |
591 |     def _spearman(a: Dict[str, float], b: Dict[str, float]) -> float:
    |                      ^^^^
592 |         pairs = [(a[key], b[key]) for key in a if key in b and np.isfinite(a[key]) and np.isfinite(b[key])]
593 |         if len(pairs) < 2:
    |
help: Replace with `dict`

UP006 Use `dict` instead of `Dict` for type annotation
   --> src/uais/fusion/attention/evaluate_attention_harness.py:591:43
    |
589 |                 confidence_means[domain] = float(conf[present, idx].mean())
590 |
591 |     def _spearman(a: Dict[str, float], b: Dict[str, float]) -> float:
    |                                           ^^^^
592 |         pairs = [(a[key], b[key]) for key in a if key in b and np.isfinite(a[key]) and np.isfinite(b[key])]
593 |         if len(pairs) < 2:
    |
help: Replace with `dict`

UP006 Use `list` instead of `List` for type annotation
   --> src/uais/fusion/attention/evaluate_attention_harness.py:609:42
    |
609 | def _aggregate_metric_dict(metric_dicts: List[Dict[str, float]]) -> Dict[str, Dict[str, float]]:
    |                                          ^^^^
610 |     summary: Dict[str, Dict[str, float]] = {}
    |
help: Replace with `list`

UP006 Use `dict` instead of `Dict` for type annotation
   --> src/uais/fusion/attention/evaluate_attention_harness.py:609:47
    |
609 | def _aggregate_metric_dict(metric_dicts: List[Dict[str, float]]) -> Dict[str, Dict[str, float]]:
    |                                               ^^^^
610 |     summary: Dict[str, Dict[str, float]] = {}
    |
help: Replace with `dict`

UP006 Use `dict` instead of `Dict` for type annotation
   --> src/uais/fusion/attention/evaluate_attention_harness.py:609:69
    |
609 | def _aggregate_metric_dict(metric_dicts: List[Dict[str, float]]) -> Dict[str, Dict[str, float]]:
    |                                                                     ^^^^
610 |     summary: Dict[str, Dict[str, float]] = {}
    |
help: Replace with `dict`

UP006 Use `dict` instead of `Dict` for type annotation
   --> src/uais/fusion/attention/evaluate_attention_harness.py:609:79
    |
609 | def _aggregate_metric_dict(metric_dicts: List[Dict[str, float]]) -> Dict[str, Dict[str, float]]:
    |                                                                               ^^^^
610 |     summary: Dict[str, Dict[str, float]] = {}
    |
help: Replace with `dict`

UP006 Use `dict` instead of `Dict` for type annotation
   --> src/uais/fusion/attention/evaluate_attention_harness.py:610:14
    |
609 | def _aggregate_metric_dict(metric_dicts: List[Dict[str, float]]) -> Dict[str, Dict[str, float]]:
610 |     summary: Dict[str, Dict[str, float]] = {}
    |              ^^^^
611 |
612 |     def _is_finite(value: float) -> bool:
    |
help: Replace with `dict`

UP006 Use `dict` instead of `Dict` for type annotation
   --> src/uais/fusion/attention/evaluate_attention_harness.py:610:24
    |
609 | def _aggregate_metric_dict(metric_dicts: List[Dict[str, float]]) -> Dict[str, Dict[str, float]]:
610 |     summary: Dict[str, Dict[str, float]] = {}
    |                        ^^^^
611 |
612 |     def _is_finite(value: float) -> bool:
    |
help: Replace with `dict`

UP006 Use `list` instead of `List` for type annotation
   --> src/uais/fusion/attention/evaluate_attention_harness.py:629:44
    |
629 | def _aggregate_domain_values(domain_dicts: List[Dict[str, float]]) -> Dict[str, Dict[str, float]]:
    |                                            ^^^^
630 |     summary: Dict[str, Dict[str, float]] = {}
    |
help: Replace with `list`

UP006 Use `dict` instead of `Dict` for type annotation
   --> src/uais/fusion/attention/evaluate_attention_harness.py:629:49
    |
629 | def _aggregate_domain_values(domain_dicts: List[Dict[str, float]]) -> Dict[str, Dict[str, float]]:
    |                                                 ^^^^
630 |     summary: Dict[str, Dict[str, float]] = {}
    |
help: Replace with `dict`

UP006 Use `dict` instead of `Dict` for type annotation
   --> src/uais/fusion/attention/evaluate_attention_harness.py:629:71
    |
629 | def _aggregate_domain_values(domain_dicts: List[Dict[str, float]]) -> Dict[str, Dict[str, float]]:
    |                                                                       ^^^^
630 |     summary: Dict[str, Dict[str, float]] = {}
    |
help: Replace with `dict`

UP006 Use `dict` instead of `Dict` for type annotation
   --> src/uais/fusion/attention/evaluate_attention_harness.py:629:81
    |
629 | def _aggregate_domain_values(domain_dicts: List[Dict[str, float]]) -> Dict[str, Dict[str, float]]:
    |                                                                                 ^^^^
630 |     summary: Dict[str, Dict[str, float]] = {}
    |
help: Replace with `dict`

UP006 Use `dict` instead of `Dict` for type annotation
   --> src/uais/fusion/attention/evaluate_attention_harness.py:630:14
    |
629 | def _aggregate_domain_values(domain_dicts: List[Dict[str, float]]) -> Dict[str, Dict[str, float]]:
630 |     summary: Dict[str, Dict[str, float]] = {}
    |              ^^^^
631 |
632 |     def _is_finite(value: float) -> bool:
    |
help: Replace with `dict`

UP006 Use `dict` instead of `Dict` for type annotation
   --> src/uais/fusion/attention/evaluate_attention_harness.py:630:24
    |
629 | def _aggregate_domain_values(domain_dicts: List[Dict[str, float]]) -> Dict[str, Dict[str, float]]:
630 |     summary: Dict[str, Dict[str, float]] = {}
    |                        ^^^^
631 |
632 |     def _is_finite(value: float) -> bool:
    |
help: Replace with `dict`

UP006 Use `list` instead of `List` for type annotation
   --> src/uais/fusion/attention/evaluate_attention_harness.py:650:21
    |
649 | def _aggregate_nested_metrics(
650 |     nested_results: List[Dict[str, Dict[str, Dict[str, float]]]],
    |                     ^^^^
651 | ) -> Dict[str, Dict[str, Dict[str, Dict[str, float]]]]:
652 |     summary: Dict[str, Dict[str, Dict[str, Dict[str, float]]]] = {}
    |
help: Replace with `list`

UP006 Use `dict` instead of `Dict` for type annotation
   --> src/uais/fusion/attention/evaluate_attention_harness.py:650:26
    |
649 | def _aggregate_nested_metrics(
650 |     nested_results: List[Dict[str, Dict[str, Dict[str, float]]]],
    |                          ^^^^
651 | ) -> Dict[str, Dict[str, Dict[str, Dict[str, float]]]]:
652 |     summary: Dict[str, Dict[str, Dict[str, Dict[str, float]]]] = {}
    |
help: Replace with `dict`

UP006 Use `dict` instead of `Dict` for type annotation
   --> src/uais/fusion/attention/evaluate_attention_harness.py:650:36
    |
649 | def _aggregate_nested_metrics(
650 |     nested_results: List[Dict[str, Dict[str, Dict[str, float]]]],
    |                                    ^^^^
651 | ) -> Dict[str, Dict[str, Dict[str, Dict[str, float]]]]:
652 |     summary: Dict[str, Dict[str, Dict[str, Dict[str, float]]]] = {}
    |
help: Replace with `dict`

UP006 Use `dict` instead of `Dict` for type annotation
   --> src/uais/fusion/attention/evaluate_attention_harness.py:650:46
    |
649 | def _aggregate_nested_metrics(
650 |     nested_results: List[Dict[str, Dict[str, Dict[str, float]]]],
    |                                              ^^^^
651 | ) -> Dict[str, Dict[str, Dict[str, Dict[str, float]]]]:
652 |     summary: Dict[str, Dict[str, Dict[str, Dict[str, float]]]] = {}
    |
help: Replace with `dict`

UP006 Use `dict` instead of `Dict` for type annotation
   --> src/uais/fusion/attention/evaluate_attention_harness.py:651:6
    |
649 | def _aggregate_nested_metrics(
650 |     nested_results: List[Dict[str, Dict[str, Dict[str, float]]]],
651 | ) -> Dict[str, Dict[str, Dict[str, Dict[str, float]]]]:
    |      ^^^^
652 |     summary: Dict[str, Dict[str, Dict[str, Dict[str, float]]]] = {}
653 |     for category in ["random", "drop_domain", "drop_pair"]:
    |
help: Replace with `dict`

UP006 Use `dict` instead of `Dict` for type annotation
   --> src/uais/fusion/attention/evaluate_attention_harness.py:651:16
    |
649 | def _aggregate_nested_metrics(
650 |     nested_results: List[Dict[str, Dict[str, Dict[str, float]]]],
651 | ) -> Dict[str, Dict[str, Dict[str, Dict[str, float]]]]:
    |                ^^^^
652 |     summary: Dict[str, Dict[str, Dict[str, Dict[str, float]]]] = {}
653 |     for category in ["random", "drop_domain", "drop_pair"]:
    |
help: Replace with `dict`

UP006 Use `dict` instead of `Dict` for type annotation
   --> src/uais/fusion/attention/evaluate_attention_harness.py:651:26
    |
649 | def _aggregate_nested_metrics(
650 |     nested_results: List[Dict[str, Dict[str, Dict[str, float]]]],
651 | ) -> Dict[str, Dict[str, Dict[str, Dict[str, float]]]]:
    |                          ^^^^
652 |     summary: Dict[str, Dict[str, Dict[str, Dict[str, float]]]] = {}
653 |     for category in ["random", "drop_domain", "drop_pair"]:
    |
help: Replace with `dict`

UP006 Use `dict` instead of `Dict` for type annotation
   --> src/uais/fusion/attention/evaluate_attention_harness.py:651:36
    |
649 | def _aggregate_nested_metrics(
650 |     nested_results: List[Dict[str, Dict[str, Dict[str, float]]]],
651 | ) -> Dict[str, Dict[str, Dict[str, Dict[str, float]]]]:
    |                                    ^^^^
652 |     summary: Dict[str, Dict[str, Dict[str, Dict[str, float]]]] = {}
653 |     for category in ["random", "drop_domain", "drop_pair"]:
    |
help: Replace with `dict`

UP006 Use `dict` instead of `Dict` for type annotation
   --> src/uais/fusion/attention/evaluate_attention_harness.py:652:14
    |
650 |     nested_results: List[Dict[str, Dict[str, Dict[str, float]]]],
651 | ) -> Dict[str, Dict[str, Dict[str, Dict[str, float]]]]:
652 |     summary: Dict[str, Dict[str, Dict[str, Dict[str, float]]]] = {}
    |              ^^^^
653 |     for category in ["random", "drop_domain", "drop_pair"]:
654 |         category_entries: Dict[str, Dict[str, Dict[str, float]]] = {}
    |
help: Replace with `dict`

UP006 Use `dict` instead of `Dict` for type annotation
   --> src/uais/fusion/attention/evaluate_attention_harness.py:652:24
    |
650 |     nested_results: List[Dict[str, Dict[str, Dict[str, float]]]],
651 | ) -> Dict[str, Dict[str, Dict[str, Dict[str, float]]]]:
652 |     summary: Dict[str, Dict[str, Dict[str, Dict[str, float]]]] = {}
    |                        ^^^^
653 |     for category in ["random", "drop_domain", "drop_pair"]:
654 |         category_entries: Dict[str, Dict[str, Dict[str, float]]] = {}
    |
help: Replace with `dict`

UP006 Use `dict` instead of `Dict` for type annotation
   --> src/uais/fusion/attention/evaluate_attention_harness.py:652:34
    |
650 |     nested_results: List[Dict[str, Dict[str, Dict[str, float]]]],
651 | ) -> Dict[str, Dict[str, Dict[str, Dict[str, float]]]]:
652 |     summary: Dict[str, Dict[str, Dict[str, Dict[str, float]]]] = {}
    |                                  ^^^^
653 |     for category in ["random", "drop_domain", "drop_pair"]:
654 |         category_entries: Dict[str, Dict[str, Dict[str, float]]] = {}
    |
help: Replace with `dict`

UP006 Use `dict` instead of `Dict` for type annotation
   --> src/uais/fusion/attention/evaluate_attention_harness.py:652:44
    |
650 |     nested_results: List[Dict[str, Dict[str, Dict[str, float]]]],
651 | ) -> Dict[str, Dict[str, Dict[str, Dict[str, float]]]]:
652 |     summary: Dict[str, Dict[str, Dict[str, Dict[str, float]]]] = {}
    |                                            ^^^^
653 |     for category in ["random", "drop_domain", "drop_pair"]:
654 |         category_entries: Dict[str, Dict[str, Dict[str, float]]] = {}
    |
help: Replace with `dict`

UP006 Use `dict` instead of `Dict` for type annotation
   --> src/uais/fusion/attention/evaluate_attention_harness.py:654:27
    |
652 |     summary: Dict[str, Dict[str, Dict[str, Dict[str, float]]]] = {}
653 |     for category in ["random", "drop_domain", "drop_pair"]:
654 |         category_entries: Dict[str, Dict[str, Dict[str, float]]] = {}
    |                           ^^^^
655 |         keys = {key for result in nested_results for key in result.get(category, {})}
656 |         for key in sorted(keys):
    |
help: Replace with `dict`

UP006 Use `dict` instead of `Dict` for type annotation
   --> src/uais/fusion/attention/evaluate_attention_harness.py:654:37
    |
652 |     summary: Dict[str, Dict[str, Dict[str, Dict[str, float]]]] = {}
653 |     for category in ["random", "drop_domain", "drop_pair"]:
654 |         category_entries: Dict[str, Dict[str, Dict[str, float]]] = {}
    |                                     ^^^^
655 |         keys = {key for result in nested_results for key in result.get(category, {})}
656 |         for key in sorted(keys):
    |
help: Replace with `dict`

UP006 Use `dict` instead of `Dict` for type annotation
   --> src/uais/fusion/attention/evaluate_attention_harness.py:654:47
    |
652 |     summary: Dict[str, Dict[str, Dict[str, Dict[str, float]]]] = {}
653 |     for category in ["random", "drop_domain", "drop_pair"]:
654 |         category_entries: Dict[str, Dict[str, Dict[str, float]]] = {}
    |                                               ^^^^
655 |         keys = {key for result in nested_results for key in result.get(category, {})}
656 |         for key in sorted(keys):
    |
help: Replace with `dict`

UP006 Use `dict` instead of `Dict` for type annotation
   --> src/uais/fusion/attention/evaluate_attention_harness.py:663:68
    |
663 | def evaluate_attention_harness(cfg_path: Path = DEFAULT_CONFIG) -> Dict[str, Dict]:
    |                                                                    ^^^^
664 |     cfg = load_yaml(cfg_path)
665 |     train_cfg = cfg.get("training", {})
    |
help: Replace with `dict`

UP006 Use `dict` instead of `Dict` for type annotation
   --> src/uais/fusion/attention/evaluate_attention_harness.py:663:78
    |
663 | def evaluate_attention_harness(cfg_path: Path = DEFAULT_CONFIG) -> Dict[str, Dict]:
    |                                                                              ^^^^
664 |     cfg = load_yaml(cfg_path)
665 |     train_cfg = cfg.get("training", {})
    |
help: Replace with `dict`

UP006 Use `dict` instead of `Dict` for type annotation
   --> src/uais/fusion/attention/evaluate_attention_harness.py:694:14
    |
692 |     alpha = float(eval_cfg.get("bootstrap_alpha", 0.05))
693 |
694 |     results: Dict[str, Dict] = {}
    |              ^^^^
695 |
696 |     for ablation in ablations:
    |
help: Replace with `dict`

UP006 Use `dict` instead of `Dict` for type annotation
   --> src/uais/fusion/attention/evaluate_attention_harness.py:694:24
    |
692 |     alpha = float(eval_cfg.get("bootstrap_alpha", 0.05))
693 |
694 |     results: Dict[str, Dict] = {}
    |                        ^^^^
695 |
696 |     for ablation in ablations:
    |
help: Replace with `dict`

UP006 Use `dict` instead of `Dict` for type annotation
   --> src/uais/fusion/attention/evaluate_attention_harness.py:712:23
    |
710 |             continue
711 |
712 |         seed_outputs: Dict[str, Dict] = {}
    |                       ^^^^
713 |         test_metric_list: List[Dict[str, float]] = []
714 |         baseline_metric_lists: Dict[str, List[Dict[str, float]]] = {}
    |
help: Replace with `dict`

UP006 Use `dict` instead of `Dict` for type annotation
   --> src/uais/fusion/attention/evaluate_attention_harness.py:712:33
    |
710 |             continue
711 |
712 |         seed_outputs: Dict[str, Dict] = {}
    |                                 ^^^^
713 |         test_metric_list: List[Dict[str, float]] = []
714 |         baseline_metric_lists: Dict[str, List[Dict[str, float]]] = {}
    |
help: Replace with `dict`

UP006 Use `list` instead of `List` for type annotation
   --> src/uais/fusion/attention/evaluate_attention_harness.py:713:27
    |
712 |         seed_outputs: Dict[str, Dict] = {}
713 |         test_metric_list: List[Dict[str, float]] = []
    |                           ^^^^
714 |         baseline_metric_lists: Dict[str, List[Dict[str, float]]] = {}
715 |         baseline_p_lists: Dict[str, List[Dict[str, float]]] = {}
    |
help: Replace with `list`

UP006 Use `dict` instead of `Dict` for type annotation
   --> src/uais/fusion/attention/evaluate_attention_harness.py:713:32
    |
712 |         seed_outputs: Dict[str, Dict] = {}
713 |         test_metric_list: List[Dict[str, float]] = []
    |                                ^^^^
714 |         baseline_metric_lists: Dict[str, List[Dict[str, float]]] = {}
715 |         baseline_p_lists: Dict[str, List[Dict[str, float]]] = {}
    |
help: Replace with `dict`

UP006 Use `dict` instead of `Dict` for type annotation
   --> src/uais/fusion/attention/evaluate_attention_harness.py:714:32
    |
712 |         seed_outputs: Dict[str, Dict] = {}
713 |         test_metric_list: List[Dict[str, float]] = []
714 |         baseline_metric_lists: Dict[str, List[Dict[str, float]]] = {}
    |                                ^^^^
715 |         baseline_p_lists: Dict[str, List[Dict[str, float]]] = {}
716 |         interpretability_list: List[Dict[str, object]] = []
    |
help: Replace with `dict`

UP006 Use `list` instead of `List` for type annotation
   --> src/uais/fusion/attention/evaluate_attention_harness.py:714:42
    |
712 |         seed_outputs: Dict[str, Dict] = {}
713 |         test_metric_list: List[Dict[str, float]] = []
714 |         baseline_metric_lists: Dict[str, List[Dict[str, float]]] = {}
    |                                          ^^^^
715 |         baseline_p_lists: Dict[str, List[Dict[str, float]]] = {}
716 |         interpretability_list: List[Dict[str, object]] = []
    |
help: Replace with `list`

UP006 Use `dict` instead of `Dict` for type annotation
   --> src/uais/fusion/attention/evaluate_attention_harness.py:714:47
    |
712 |         seed_outputs: Dict[str, Dict] = {}
713 |         test_metric_list: List[Dict[str, float]] = []
714 |         baseline_metric_lists: Dict[str, List[Dict[str, float]]] = {}
    |                                               ^^^^
715 |         baseline_p_lists: Dict[str, List[Dict[str, float]]] = {}
716 |         interpretability_list: List[Dict[str, object]] = []
    |
help: Replace with `dict`

UP006 Use `dict` instead of `Dict` for type annotation
   --> src/uais/fusion/attention/evaluate_attention_harness.py:715:27
    |
713 |         test_metric_list: List[Dict[str, float]] = []
714 |         baseline_metric_lists: Dict[str, List[Dict[str, float]]] = {}
715 |         baseline_p_lists: Dict[str, List[Dict[str, float]]] = {}
    |                           ^^^^
716 |         interpretability_list: List[Dict[str, object]] = []
717 |         dropout_list: List[Dict[str, Dict[str, Dict[str, float]]]] = []
    |
help: Replace with `dict`

UP006 Use `list` instead of `List` for type annotation
   --> src/uais/fusion/attention/evaluate_attention_harness.py:715:37
    |
713 |         test_metric_list: List[Dict[str, float]] = []
714 |         baseline_metric_lists: Dict[str, List[Dict[str, float]]] = {}
715 |         baseline_p_lists: Dict[str, List[Dict[str, float]]] = {}
    |                                     ^^^^
716 |         interpretability_list: List[Dict[str, object]] = []
717 |         dropout_list: List[Dict[str, Dict[str, Dict[str, float]]]] = []
    |
help: Replace with `list`

UP006 Use `dict` instead of `Dict` for type annotation
   --> src/uais/fusion/attention/evaluate_attention_harness.py:715:42
    |
713 |         test_metric_list: List[Dict[str, float]] = []
714 |         baseline_metric_lists: Dict[str, List[Dict[str, float]]] = {}
715 |         baseline_p_lists: Dict[str, List[Dict[str, float]]] = {}
    |                                          ^^^^
716 |         interpretability_list: List[Dict[str, object]] = []
717 |         dropout_list: List[Dict[str, Dict[str, Dict[str, float]]]] = []
    |
help: Replace with `dict`

UP006 Use `list` instead of `List` for type annotation
   --> src/uais/fusion/attention/evaluate_attention_harness.py:716:32
    |
714 |         baseline_metric_lists: Dict[str, List[Dict[str, float]]] = {}
715 |         baseline_p_lists: Dict[str, List[Dict[str, float]]] = {}
716 |         interpretability_list: List[Dict[str, object]] = []
    |                                ^^^^
717 |         dropout_list: List[Dict[str, Dict[str, Dict[str, float]]]] = []
718 |         performance_list: List[Dict[str, float]] = []
    |
help: Replace with `list`

UP006 Use `dict` instead of `Dict` for type annotation
   --> src/uais/fusion/attention/evaluate_attention_harness.py:716:37
    |
714 |         baseline_metric_lists: Dict[str, List[Dict[str, float]]] = {}
715 |         baseline_p_lists: Dict[str, List[Dict[str, float]]] = {}
716 |         interpretability_list: List[Dict[str, object]] = []
    |                                     ^^^^
717 |         dropout_list: List[Dict[str, Dict[str, Dict[str, float]]]] = []
718 |         performance_list: List[Dict[str, float]] = []
    |
help: Replace with `dict`

UP006 Use `list` instead of `List` for type annotation
   --> src/uais/fusion/attention/evaluate_attention_harness.py:717:23
    |
715 |         baseline_p_lists: Dict[str, List[Dict[str, float]]] = {}
716 |         interpretability_list: List[Dict[str, object]] = []
717 |         dropout_list: List[Dict[str, Dict[str, Dict[str, float]]]] = []
    |                       ^^^^
718 |         performance_list: List[Dict[str, float]] = []
    |
help: Replace with `list`

UP006 Use `dict` instead of `Dict` for type annotation
   --> src/uais/fusion/attention/evaluate_attention_harness.py:717:28
    |
715 |         baseline_p_lists: Dict[str, List[Dict[str, float]]] = {}
716 |         interpretability_list: List[Dict[str, object]] = []
717 |         dropout_list: List[Dict[str, Dict[str, Dict[str, float]]]] = []
    |                            ^^^^
718 |         performance_list: List[Dict[str, float]] = []
    |
help: Replace with `dict`

UP006 Use `dict` instead of `Dict` for type annotation
   --> src/uais/fusion/attention/evaluate_attention_harness.py:717:38
    |
715 |         baseline_p_lists: Dict[str, List[Dict[str, float]]] = {}
716 |         interpretability_list: List[Dict[str, object]] = []
717 |         dropout_list: List[Dict[str, Dict[str, Dict[str, float]]]] = []
    |                                      ^^^^
718 |         performance_list: List[Dict[str, float]] = []
    |
help: Replace with `dict`

UP006 Use `dict` instead of `Dict` for type annotation
   --> src/uais/fusion/attention/evaluate_attention_harness.py:717:48
    |
715 |         baseline_p_lists: Dict[str, List[Dict[str, float]]] = {}
716 |         interpretability_list: List[Dict[str, object]] = []
717 |         dropout_list: List[Dict[str, Dict[str, Dict[str, float]]]] = []
    |                                                ^^^^
718 |         performance_list: List[Dict[str, float]] = []
    |
help: Replace with `dict`

UP006 Use `list` instead of `List` for type annotation
   --> src/uais/fusion/attention/evaluate_attention_harness.py:718:27
    |
716 |         interpretability_list: List[Dict[str, object]] = []
717 |         dropout_list: List[Dict[str, Dict[str, Dict[str, float]]]] = []
718 |         performance_list: List[Dict[str, float]] = []
    |                           ^^^^
719 |
720 |         for seed in seeds:
    |
help: Replace with `list`

UP006 Use `dict` instead of `Dict` for type annotation
   --> src/uais/fusion/attention/evaluate_attention_harness.py:718:32
    |
716 |         interpretability_list: List[Dict[str, object]] = []
717 |         dropout_list: List[Dict[str, Dict[str, Dict[str, float]]]] = []
718 |         performance_list: List[Dict[str, float]] = []
    |                                ^^^^
719 |
720 |         for seed in seeds:
    |
help: Replace with `dict`

UP006 Use `dict` instead of `Dict` for type annotation
   --> src/uais/fusion/attention/evaluate_attention_harness.py:830:27
    |
829 |             # --- CRAF evaluation (gated by enable_craf) ---
830 |             craf_metrics: Dict = {}
    |                           ^^^^
831 |             if eval_cfg.get("enable_craf", False) and score_index is not None:
832 |                 try:
    |
help: Replace with `dict`

UP006 Use `dict` instead of `Dict` for type annotation
   --> src/uais/fusion/attention/evaluate_attention_harness.py:858:25
    |
857 |             # --- CDA evaluation (gated by enable_cda) ---
858 |             cda_output: Dict = {}
    |                         ^^^^
859 |             if eval_cfg.get("enable_cda", False) and score_index is not None:
860 |                 try:
    |
help: Replace with `dict`

UP035 `typing.Dict` is deprecated, use `dict` instead
  --> src/uais/fusion/attention/leakage_guard.py:39:1
   |
37 | import hashlib
38 | from contextlib import contextmanager
39 | from typing import Dict, List
   | ^^^^^^^^^^^^^^^^^^^^^^^^^^^^^
40 |
41 | import numpy as np
   |

UP035 `typing.List` is deprecated, use `list` instead
  --> src/uais/fusion/attention/leakage_guard.py:39:1
   |
37 | import hashlib
38 | from contextlib import contextmanager
39 | from typing import Dict, List
   | ^^^^^^^^^^^^^^^^^^^^^^^^^^^^^
40 |
41 | import numpy as np
   |

UP006 Use `dict` instead of `Dict` for type annotation
  --> src/uais/fusion/attention/leakage_guard.py:62:80
   |
62 | def check_train_test_contamination(train_X: np.ndarray, test_X: np.ndarray) -> Dict[str, float]:
   |                                                                                ^^^^
63 |     """Detect rows that appear in BOTH train and test (verbatim duplicates)."""
64 |     th = set(_row_hashes(train_X).tolist())
   |
help: Replace with `dict`

UP006 Use `dict` instead of `Dict` for type annotation
  --> src/uais/fusion/attention/leakage_guard.py:80:6
   |
78 |     test_X: np.ndarray,
79 |     test_y: np.ndarray,
80 | ) -> Dict[str, int]:
   |      ^^^^
81 |     """Find samples whose features match across splits but with differing labels.
   |
help: Replace with `dict`

UP006 Use `dict` instead of `Dict` for type annotation
  --> src/uais/fusion/attention/leakage_guard.py:89:16
   |
87 |     h_train = _row_hashes(train_X)
88 |     h_test = _row_hashes(test_X)
89 |     train_map: Dict[str, int] = {h: int(y) for h, y in zip(h_train, train_y)}
   |                ^^^^
90 |     conflicts = 0
91 |     for h, y in zip(h_test, test_y):
   |
help: Replace with `dict`

UP006 Use `dict` instead of `Dict` for type annotation
   --> src/uais/fusion/attention/leakage_guard.py:128:19
    |
127 | def flag_suspicious_metrics(
128 |     metrics_dict: Dict[str, float],
    |                   ^^^^
129 |     auc_threshold: float = 0.99,
130 |     f1_threshold: float = 0.99,
    |
help: Replace with `dict`

UP006 Use `list` instead of `List` for type annotation
   --> src/uais/fusion/attention/leakage_guard.py:131:6
    |
129 |     auc_threshold: float = 0.99,
130 |     f1_threshold: float = 0.99,
131 | ) -> List[str]:
    |      ^^^^
132 |     """Return a list of warning strings if any metric looks unrealistically high.
    |
help: Replace with `list`

UP006 Use `list` instead of `List` for type annotation
   --> src/uais/fusion/attention/leakage_guard.py:137:20
    |
135 |     leakage, overfitting, or memorization.'
136 |     """
137 |     warnings_list: List[str] = []
    |                    ^^^^
138 |     for key, thr in (
139 |         ("roc_auc", auc_threshold),
    |
help: Replace with `list`

UP006 Use `list` instead of `List` for type annotation
   --> src/uais/fusion/attention/leakage_guard.py:177:38
    |
176 |     def __init__(self) -> None:
177 |         self._train_hashes_at_split: List[str] = []
    |                                      ^^^^
178 |         self._test_hashes_at_split: List[str] = []
    |
help: Replace with `list`

UP006 Use `list` instead of `List` for type annotation
   --> src/uais/fusion/attention/leakage_guard.py:178:37
    |
176 |     def __init__(self) -> None:
177 |         self._train_hashes_at_split: List[str] = []
178 |         self._test_hashes_at_split: List[str] = []
    |                                     ^^^^
179 |
180 |     def record_split(self, train_X: np.ndarray, test_X: np.ndarray) -> None:
    |
help: Replace with `list`

UP035 `typing.List` is deprecated, use `list` instead
  --> src/uais/fusion/attention/learned_gate.py:23:1
   |
22 | from dataclasses import dataclass
23 | from typing import Callable, List, Optional, Tuple
   | ^^^^^^^^^^^^^^^^^^^^^^^^^^^^^^^^^^^^^^^^^^^^^^^^^^
24 |
25 | import numpy as np
   |

UP035 `typing.Tuple` is deprecated, use `tuple` instead
  --> src/uais/fusion/attention/learned_gate.py:23:1
   |
22 | from dataclasses import dataclass
23 | from typing import Callable, List, Optional, Tuple
   | ^^^^^^^^^^^^^^^^^^^^^^^^^^^^^^^^^^^^^^^^^^^^^^^^^^
24 |
25 | import numpy as np
   |

UP006 Use `tuple` instead of `Tuple` for type annotation
  --> src/uais/fusion/attention/learned_gate.py:33:19
   |
31 |     """Hyperparameters for the learned gate."""
32 |
33 |     drift_levels: Tuple[float, ...] = (0.0, 0.05, 0.1, 0.2, 0.3)
   |                   ^^^^^
34 |     feature_mode: str = "vector"  # "vector" → r ∈ R^D + mean; "scalar" → mean only
35 |     use_mask_indicators: bool = True  # append [D] missing-domain flags
   |
help: Replace with `tuple`

UP045 Use `X | None` for type annotations
  --> src/uais/fusion/attention/learned_gate.py:54:32
   |
52 |     """
53 |
54 |     def __init__(self, config: Optional[LearnedGateConfig] = None) -> None:
   |                                ^^^^^^^^^^^^^^^^^^^^^^^^^^^
55 |         self.config = config or LearnedGateConfig()
56 |         self._clf: Optional[LogisticRegression] = None
   |
help: Convert to `X | None`

UP045 Use `X | None` for type annotations
  --> src/uais/fusion/attention/learned_gate.py:56:20
   |
54 |     def __init__(self, config: Optional[LearnedGateConfig] = None) -> None:
55 |         self.config = config or LearnedGateConfig()
56 |         self._clf: Optional[LogisticRegression] = None
   |                    ^^^^^^^^^^^^^^^^^^^^^^^^^^^^
57 |         self.fitted: bool = False
58 |         self.train_label_balance_: Optional[float] = None
   |
help: Convert to `X | None`

UP045 Use `X | None` for type annotations
  --> src/uais/fusion/attention/learned_gate.py:58:36
   |
56 |         self._clf: Optional[LogisticRegression] = None
57 |         self.fitted: bool = False
58 |         self.train_label_balance_: Optional[float] = None
   |                                    ^^^^^^^^^^^^^^^
59 |         self.train_n_episodes_: int = 0
   |
help: Convert to `X | None`

UP006 Use `list` instead of `List` for type annotation
  --> src/uais/fusion/attention/learned_gate.py:95:19
   |
93 |     def fit_from_episodes(
94 |         self,
95 |         episodes: List[dict],
   |                   ^^^^
96 |     ) -> LearnedReliabilityGate:
97 |         """Fit from pre-computed episode dicts.
   |
help: Replace with `list`

UP006 Use `list` instead of `List` for type annotation
   --> src/uais/fusion/attention/learned_gate.py:110:13
    |
108 |         if not episodes:
109 |             raise ValueError("No drift episodes provided to fit the learned gate.")
110 |         Xs: List[np.ndarray] = []
    |             ^^^^
111 |         ys: List[np.ndarray] = []
112 |         for ep in episodes:
    |
help: Replace with `list`

UP006 Use `list` instead of `List` for type annotation
   --> src/uais/fusion/attention/learned_gate.py:111:13
    |
109 |             raise ValueError("No drift episodes provided to fit the learned gate.")
110 |         Xs: List[np.ndarray] = []
111 |         ys: List[np.ndarray] = []
    |             ^^^^
112 |         for ep in episodes:
113 |             X = self._featurize(ep["weights"], ep["masks"])
    |
help: Replace with `list`

UP006 Use `list` instead of `List` for type annotation
   --> src/uais/fusion/attention/learned_gate.py:148:27
    |
146 |         predict_static: Callable[[np.ndarray, np.ndarray], np.ndarray],
147 |         predict_reliability: Callable[[np.ndarray, np.ndarray, np.ndarray], np.ndarray],
148 |         perturbation_fns: List[Callable[[np.ndarray, np.ndarray], Tuple[np.ndarray, np.ndarray]]],
    |                           ^^^^
149 |     ) -> LearnedReliabilityGate:
150 |         """Generate val drift episodes and fit the gate.
    |
help: Replace with `list`

UP006 Use `tuple` instead of `Tuple` for type annotation
   --> src/uais/fusion/attention/learned_gate.py:148:67
    |
146 |         predict_static: Callable[[np.ndarray, np.ndarray], np.ndarray],
147 |         predict_reliability: Callable[[np.ndarray, np.ndarray, np.ndarray], np.ndarray],
148 |         perturbation_fns: List[Callable[[np.ndarray, np.ndarray], Tuple[np.ndarray, np.ndarray]]],
    |                                                                   ^^^^^
149 |     ) -> LearnedReliabilityGate:
150 |         """Generate val drift episodes and fit the gate.
    |
help: Replace with `tuple`

UP035 `typing.Tuple` is deprecated, use `tuple` instead
  --> src/uais/fusion/attention/m3dm_features.py:21:1
   |
19 | from collections.abc import Sequence
20 | from pathlib import Path
21 | from typing import Tuple
   | ^^^^^^^^^^^^^^^^^^^^^^^^
22 |
23 | import numpy as np
   |

UP006 Use `tuple` instead of `Tuple` for type annotation
  --> src/uais/fusion/attention/m3dm_features.py:32:24
   |
32 | def _get_backbone() -> Tuple[torch.nn.Module, torch.device]:
   |                        ^^^^^
33 |     """Lazily load ResNet-50 with ImageNet weights; cache on first call."""
34 |     global _BACKBONE, _DEVICE
   |
help: Replace with `tuple`

UP006 Use `tuple` instead of `Tuple` for type annotation
   --> src/uais/fusion/attention/m3dm_features.py:209:6
    |
207 |     fit_mask: np.ndarray,
208 |     embedding_dim: int,
209 | ) -> Tuple[np.ndarray, np.ndarray, np.ndarray, np.ndarray]:
    |      ^^^^^
210 |     """Fit PCA on the train fold; return (proj_features, mean, components, scale)."""
211 |     fit_rows = features[fit_mask]
    |
help: Replace with `tuple`

UP035 `typing.Dict` is deprecated, use `dict` instead
  --> src/uais/fusion/attention/reliability_estimator.py:19:1
   |
18 | from pathlib import Path
19 | from typing import Dict, List, Optional
   | ^^^^^^^^^^^^^^^^^^^^^^^^^^^^^^^^^^^^^^^
20 |
21 | import joblib
   |

UP035 `typing.List` is deprecated, use `list` instead
  --> src/uais/fusion/attention/reliability_estimator.py:19:1
   |
18 | from pathlib import Path
19 | from typing import Dict, List, Optional
   | ^^^^^^^^^^^^^^^^^^^^^^^^^^^^^^^^^^^^^^^
20 |
21 | import joblib
   |

UP006 Use `list` instead of `List` for type annotation
  --> src/uais/fusion/attention/reliability_estimator.py:43:23
   |
41 |     def __init__(
42 |         self,
43 |         domain_order: List[str],
   |                       ^^^^
44 |         score_index: int,
45 |         ece_weight: float = 0.45,
   |
help: Replace with `list`

UP045 Use `X | None` for type annotations
  --> src/uais/fusion/attention/reliability_estimator.py:52:29
   |
50 |         gate_threshold: float = 0.66,
51 |         gate_mode: str = "mean",
52 |         min_gate_threshold: Optional[float] = None,
   |                             ^^^^^^^^^^^^^^^
53 |         top_q: int = 1,
54 |         top_q_threshold: Optional[float] = None,
   |
help: Convert to `X | None`

UP045 Use `X | None` for type annotations
  --> src/uais/fusion/attention/reliability_estimator.py:54:26
   |
52 |         min_gate_threshold: Optional[float] = None,
53 |         top_q: int = 1,
54 |         top_q_threshold: Optional[float] = None,
   |                          ^^^^^^^^^^^^^^^
55 |         ks_window_size: Optional[int] = None,
56 |     ) -> None:
   |
help: Convert to `X | None`

UP045 Use `X | None` for type annotations
  --> src/uais/fusion/attention/reliability_estimator.py:55:25
   |
53 |         top_q: int = 1,
54 |         top_q_threshold: Optional[float] = None,
55 |         ks_window_size: Optional[int] = None,
   |                         ^^^^^^^^^^^^^
56 |     ) -> None:
57 |         if abs(ece_weight + ks_weight + sharpness_weight - 1.0) > 1e-6:
   |
help: Convert to `X | None`

UP006 Use `dict` instead of `Dict` for type annotation
  --> src/uais/fusion/attention/reliability_estimator.py:85:28
   |
83 |         self.ks_window_size = int(ks_window_size) if ks_window_size is not None else None
84 |
85 |         self._calibrators: Dict[str, IsotonicRegression] = {}
   |                            ^^^^
86 |         self._reference_scores: Dict[str, np.ndarray] = {}
87 |         self._domain_ece: Dict[str, float] = {}
   |
help: Replace with `dict`

UP006 Use `dict` instead of `Dict` for type annotation
  --> src/uais/fusion/attention/reliability_estimator.py:86:33
   |
85 |         self._calibrators: Dict[str, IsotonicRegression] = {}
86 |         self._reference_scores: Dict[str, np.ndarray] = {}
   |                                 ^^^^
87 |         self._domain_ece: Dict[str, float] = {}
88 |         self.fitted: bool = False
   |
help: Replace with `dict`

UP006 Use `dict` instead of `Dict` for type annotation
  --> src/uais/fusion/attention/reliability_estimator.py:87:27
   |
85 |         self._calibrators: Dict[str, IsotonicRegression] = {}
86 |         self._reference_scores: Dict[str, np.ndarray] = {}
87 |         self._domain_ece: Dict[str, float] = {}
   |                           ^^^^
88 |         self.fitted: bool = False
   |
help: Replace with `dict`

UP045 Use `X | None` for type annotations
   --> src/uais/fusion/attention/reliability_estimator.py:207:25
    |
205 |         weights: np.ndarray,
206 |         masks: np.ndarray,
207 |         gate_threshold: Optional[float] = None,
    |                         ^^^^^^^^^^^^^^^
208 |         gate_mode: Optional[str] = None,
209 |         min_gate_threshold: Optional[float] = None,
    |
help: Convert to `X | None`

UP045 Use `X | None` for type annotations
   --> src/uais/fusion/attention/reliability_estimator.py:208:20
    |
206 |         masks: np.ndarray,
207 |         gate_threshold: Optional[float] = None,
208 |         gate_mode: Optional[str] = None,
    |                    ^^^^^^^^^^^^^
209 |         min_gate_threshold: Optional[float] = None,
210 |         top_q: Optional[int] = None,
    |
help: Convert to `X | None`

UP045 Use `X | None` for type annotations
   --> src/uais/fusion/attention/reliability_estimator.py:209:29
    |
207 |         gate_threshold: Optional[float] = None,
208 |         gate_mode: Optional[str] = None,
209 |         min_gate_threshold: Optional[float] = None,
    |                             ^^^^^^^^^^^^^^^
210 |         top_q: Optional[int] = None,
211 |         top_q_threshold: Optional[float] = None,
    |
help: Convert to `X | None`

UP045 Use `X | None` for type annotations
   --> src/uais/fusion/attention/reliability_estimator.py:210:16
    |
208 |         gate_mode: Optional[str] = None,
209 |         min_gate_threshold: Optional[float] = None,
210 |         top_q: Optional[int] = None,
    |                ^^^^^^^^^^^^^
211 |         top_q_threshold: Optional[float] = None,
212 |     ) -> np.ndarray:
    |
help: Convert to `X | None`

UP045 Use `X | None` for type annotations
   --> src/uais/fusion/attention/reliability_estimator.py:211:26
    |
209 |         min_gate_threshold: Optional[float] = None,
210 |         top_q: Optional[int] = None,
211 |         top_q_threshold: Optional[float] = None,
    |                          ^^^^^^^^^^^^^^^
212 |     ) -> np.ndarray:
213 |         """Return [N] bool: True = use reliability path, False = use static path.
    |
help: Convert to `X | None`

UP006 Use `dict` instead of `Dict` for type annotation
   --> src/uais/fusion/attention/reliability_estimator.py:270:33
    |
268 |     # ------------------------------------------------------------------
269 |
270 |     def get_domain_ece(self) -> Dict[str, float]:
    |                                 ^^^^
271 |         """Return stored per-domain ECE from the calibration fit."""
272 |         if not self.fitted:
    |
help: Replace with `dict`

UP006 Use `dict` instead of `Dict` for type annotation
   --> src/uais/fusion/attention/reliability_estimator.py:353:42
    |
351 |             raise ValueError("unknown_category_policy must be 'global' or 'assume_reliable'.")
352 |         self.unknown_category_policy = unknown_category_policy
353 |         self._category_reference_scores: Dict[str, Dict[str, np.ndarray]] = {}
    |                                          ^^^^
354 |
355 |     def fit(
    |
help: Replace with `dict`

UP006 Use `dict` instead of `Dict` for type annotation
   --> src/uais/fusion/attention/reliability_estimator.py:353:52
    |
351 |             raise ValueError("unknown_category_policy must be 'global' or 'assume_reliable'.")
352 |         self.unknown_category_policy = unknown_category_policy
353 |         self._category_reference_scores: Dict[str, Dict[str, np.ndarray]] = {}
    |                                                    ^^^^
354 |
355 |     def fit(
    |
help: Replace with `dict`

UP045 Use `X | None` for type annotations
   --> src/uais/fusion/attention/reliability_estimator.py:360:21
    |
358 |         masks: np.ndarray,
359 |         labels: np.ndarray,
360 |         categories: Optional[np.ndarray] = None,
    |                     ^^^^^^^^^^^^^^^^^^^^
361 |     ) -> CategoryAwareReliabilityEstimator:
362 |         super().fit(features, masks, labels)
    |
help: Convert to `X | None`

UP045 Use `X | None` for type annotations
   --> src/uais/fusion/attention/reliability_estimator.py:391:21
    |
389 |         features: np.ndarray,
390 |         masks: np.ndarray,
391 |         categories: Optional[np.ndarray] = None,
    |                     ^^^^^^^^^^^^^^^^^^^^
392 |     ) -> np.ndarray:
393 |         if categories is None or not self._category_reference_scores:
    |
help: Convert to `X | None`

UP035 `typing.Dict` is deprecated, use `dict` instead
 --> src/uais/fusion/attention/train_attention_fusion.py:7:1
  |
5 | import json
6 | from pathlib import Path
7 | from typing import Dict, Tuple
  | ^^^^^^^^^^^^^^^^^^^^^^^^^^^^^^
8 |
9 | import numpy as np
  |

UP035 `typing.Tuple` is deprecated, use `tuple` instead
 --> src/uais/fusion/attention/train_attention_fusion.py:7:1
  |
5 | import json
6 | from pathlib import Path
7 | from typing import Dict, Tuple
  | ^^^^^^^^^^^^^^^^^^^^^^^^^^^^^^
8 |
9 | import numpy as np
  |

UP006 Use `tuple` instead of `Tuple` for type annotation
  --> src/uais/fusion/attention/train_attention_fusion.py:47:6
   |
45 |     confidences: torch.Tensor | None = None,
46 |     lambda_reg: float = 0.01,
47 | ) -> Tuple[torch.Tensor, Dict[str, float]]:
   |      ^^^^^
48 |     bce_loss = nn.functional.binary_cross_entropy_with_logits(logits, targets)
49 |     entropy = torch.tensor(0.0, device=logits.device)
   |
help: Replace with `tuple`

UP006 Use `dict` instead of `Dict` for type annotation
  --> src/uais/fusion/attention/train_attention_fusion.py:47:26
   |
45 |     confidences: torch.Tensor | None = None,
46 |     lambda_reg: float = 0.01,
47 | ) -> Tuple[torch.Tensor, Dict[str, float]]:
   |                          ^^^^
48 |     bce_loss = nn.functional.binary_cross_entropy_with_logits(logits, targets)
49 |     entropy = torch.tensor(0.0, device=logits.device)
   |
help: Replace with `dict`

UP006 Use `dict` instead of `Dict` for type annotation
  --> src/uais/fusion/attention/train_attention_fusion.py:65:94
   |
65 | def evaluate_model(model: AttentionFusionModel, loader: DataLoader, device: torch.device) -> Dict[str, float]:
   |                                                                                              ^^^^
66 |     model.eval()
67 |     all_probs = []
   |
help: Replace with `dict`

UP035 `typing.Dict` is deprecated, use `dict` instead
  --> src/uais/fusion/attention/unsupervised_baselines.py:37:1
   |
36 | from dataclasses import dataclass, field
37 | from typing import Dict, List, Optional, Tuple
   | ^^^^^^^^^^^^^^^^^^^^^^^^^^^^^^^^^^^^^^^^^^^^^^
38 |
39 | import numpy as np
   |

UP035 `typing.List` is deprecated, use `list` instead
  --> src/uais/fusion/attention/unsupervised_baselines.py:37:1
   |
36 | from dataclasses import dataclass, field
37 | from typing import Dict, List, Optional, Tuple
   | ^^^^^^^^^^^^^^^^^^^^^^^^^^^^^^^^^^^^^^^^^^^^^^
38 |
39 | import numpy as np
   |

UP035 `typing.Tuple` is deprecated, use `tuple` instead
  --> src/uais/fusion/attention/unsupervised_baselines.py:37:1
   |
36 | from dataclasses import dataclass, field
37 | from typing import Dict, List, Optional, Tuple
   | ^^^^^^^^^^^^^^^^^^^^^^^^^^^^^^^^^^^^^^^^^^^^^^
38 |
39 | import numpy as np
   |

UP006 Use `tuple` instead of `Tuple` for type annotation
  --> src/uais/fusion/attention/unsupervised_baselines.py:69:6
   |
67 |     masks: np.ndarray,
68 |     labels: np.ndarray,
69 | ) -> Tuple[np.ndarray, np.ndarray]:
   |      ^^^^^
70 |     """Filter to label==0 rows.  Anomaly labels are never seen during fit().
   |
help: Replace with `tuple`

UP006 Use `list` instead of `List` for type annotation
   --> src/uais/fusion/attention/unsupervised_baselines.py:169:19
    |
167 |     """
168 |
169 |     encoder_dims: List[int] = field(default_factory=lambda: [64, 32])
    |                   ^^^^
170 |     latent_dim: int = 8
171 |     decoder_dims: List[int] = field(default_factory=lambda: [32, 64])
    |
help: Replace with `list`

UP006 Use `list` instead of `List` for type annotation
   --> src/uais/fusion/attention/unsupervised_baselines.py:171:19
    |
169 |     encoder_dims: List[int] = field(default_factory=lambda: [64, 32])
170 |     latent_dim: int = 8
171 |     decoder_dims: List[int] = field(default_factory=lambda: [32, 64])
    |                   ^^^^
172 |     activation: str = "ReLU"
173 |     dropout: float = 0.0
    |
help: Replace with `list`

UP045 Use `X | None` for type annotations
   --> src/uais/fusion/attention/unsupervised_baselines.py:195:33
    |
193 |         self.config = config or self._config_cls()
194 |         self._scaler = StandardScaler()
195 |         self._train_raw_scores: Optional[np.ndarray] = None
    |                                 ^^^^^^^^^^^^^^^^^^^^
196 |         self._fitted = False
    |
help: Convert to `X | None`

UP045 Use `X | None` for type annotations
   --> src/uais/fusion/attention/unsupervised_baselines.py:201:68
    |
199 |     # Public API — every detector implements _fit_normal and _raw_scores
200 |     # ------------------------------------------------------------------
201 |     def fit(self, features: np.ndarray, masks: np.ndarray, labels: Optional[np.ndarray] = None) -> _BaseUnsupervised:
    |                                                                    ^^^^^^^^^^^^^^^^^^^^
202 |         f_norm, m_norm = _normal_only(features, masks, labels)
203 |         if len(f_norm) == 0:
    |
help: Convert to `X | None`

UP006 Use `dict` instead of `Dict` for type annotation
   --> src/uais/fusion/attention/unsupervised_baselines.py:221:38
    |
219 |         return _percentile_calibrate(raw, self._train_raw_scores)
220 |
221 |     def get_hyperparameters(self) -> Dict:
    |                                      ^^^^
222 |         """Return all hyperparameters used by this baseline (for reproducibility)."""
223 |         return {k: getattr(self.config, k) for k in self.config.__dataclass_fields__}
    |
help: Replace with `dict`

UP006 Use `list` instead of `List` for type annotation
   --> src/uais/fusion/attention/unsupervised_baselines.py:410:21
    |
408 |         super().__init__()
409 |         act = getattr(nn, cfg.activation)
410 |         enc_layers: List[nn.Module] = []
    |                     ^^^^
411 |         prev = input_dim
412 |         for h in cfg.encoder_dims:
    |
help: Replace with `list`

UP006 Use `list` instead of `List` for type annotation
   --> src/uais/fusion/attention/unsupervised_baselines.py:420:21
    |
418 |         self.encoder = nn.Sequential(*enc_layers)
419 |
420 |         dec_layers: List[nn.Module] = []
    |                     ^^^^
421 |         prev = cfg.latent_dim
422 |         for h in cfg.decoder_dims:
    |
help: Replace with `list`

UP045 Use `X | None` for type annotations
   --> src/uais/fusion/attention/unsupervised_baselines.py:439:32
    |
437 |     _config_cls = AEConfig
438 |
439 |     def __init__(self, config: Optional[AEConfig] = None, device: Optional[torch.device] = None) -> None:
    |                                ^^^^^^^^^^^^^^^^^^
440 |         super().__init__(config)
441 |         self.device = device or torch.device("cpu")
    |
help: Convert to `X | None`

UP045 Use `X | None` for type annotations
   --> src/uais/fusion/attention/unsupervised_baselines.py:439:67
    |
437 |     _config_cls = AEConfig
438 |
439 |     def __init__(self, config: Optional[AEConfig] = None, device: Optional[torch.device] = None) -> None:
    |                                                                   ^^^^^^^^^^^^^^^^^^^^^^
440 |         super().__init__(config)
441 |         self.device = device or torch.device("cpu")
    |
help: Convert to `X | None`

UP045 Use `X | None` for type annotations
   --> src/uais/fusion/attention/unsupervised_baselines.py:442:22
    |
440 |         super().__init__(config)
441 |         self.device = device or torch.device("cpu")
442 |         self._model: Optional[_SymmetricAE] = None
    |                      ^^^^^^^^^^^^^^^^^^^^^^
443 |
444 |     def _fit_normal(self, X: np.ndarray) -> None:
    |
help: Convert to `X | None`

UP045 Use `X | None` for type annotations
   --> src/uais/fusion/attention/unsupervised_baselines.py:511:15
    |
509 |     test_idx: np.ndarray,
510 |     *,
511 |     bgmm_cfg: Optional[BGMMConfig] = None,
    |               ^^^^^^^^^^^^^^^^^^^^
512 |     gmm_cfg: Optional[GMMConfig] = None,
513 |     kmeans_cfg: Optional[KMeansConfig] = None,
    |
help: Convert to `X | None`

UP045 Use `X | None` for type annotations
   --> src/uais/fusion/attention/unsupervised_baselines.py:512:14
    |
510 |     *,
511 |     bgmm_cfg: Optional[BGMMConfig] = None,
512 |     gmm_cfg: Optional[GMMConfig] = None,
    |              ^^^^^^^^^^^^^^^^^^^
513 |     kmeans_cfg: Optional[KMeansConfig] = None,
514 |     iforest_cfg: Optional[IForestConfig] = None,
    |
help: Convert to `X | None`

UP045 Use `X | None` for type annotations
   --> src/uais/fusion/attention/unsupervised_baselines.py:513:17
    |
511 |     bgmm_cfg: Optional[BGMMConfig] = None,
512 |     gmm_cfg: Optional[GMMConfig] = None,
513 |     kmeans_cfg: Optional[KMeansConfig] = None,
    |                 ^^^^^^^^^^^^^^^^^^^^^^
514 |     iforest_cfg: Optional[IForestConfig] = None,
515 |     ocsvm_cfg: Optional[OCSVMConfig] = None,
    |
help: Convert to `X | None`

UP045 Use `X | None` for type annotations
   --> src/uais/fusion/attention/unsupervised_baselines.py:514:18
    |
512 |     gmm_cfg: Optional[GMMConfig] = None,
513 |     kmeans_cfg: Optional[KMeansConfig] = None,
514 |     iforest_cfg: Optional[IForestConfig] = None,
    |                  ^^^^^^^^^^^^^^^^^^^^^^^
515 |     ocsvm_cfg: Optional[OCSVMConfig] = None,
516 |     lof_cfg: Optional[LOFConfig] = None,
    |
help: Convert to `X | None`

UP045 Use `X | None` for type annotations
   --> src/uais/fusion/attention/unsupervised_baselines.py:515:16
    |
513 |     kmeans_cfg: Optional[KMeansConfig] = None,
514 |     iforest_cfg: Optional[IForestConfig] = None,
515 |     ocsvm_cfg: Optional[OCSVMConfig] = None,
    |                ^^^^^^^^^^^^^^^^^^^^^
516 |     lof_cfg: Optional[LOFConfig] = None,
517 |     ae_cfg: Optional[AEConfig] = None,
    |
help: Convert to `X | None`

UP045 Use `X | None` for type annotations
   --> src/uais/fusion/attention/unsupervised_baselines.py:516:14
    |
514 |     iforest_cfg: Optional[IForestConfig] = None,
515 |     ocsvm_cfg: Optional[OCSVMConfig] = None,
516 |     lof_cfg: Optional[LOFConfig] = None,
    |              ^^^^^^^^^^^^^^^^^^^
517 |     ae_cfg: Optional[AEConfig] = None,
518 |     device: Optional[torch.device] = None,
    |
help: Convert to `X | None`

UP045 Use `X | None` for type annotations
   --> src/uais/fusion/attention/unsupervised_baselines.py:517:13
    |
515 |     ocsvm_cfg: Optional[OCSVMConfig] = None,
516 |     lof_cfg: Optional[LOFConfig] = None,
517 |     ae_cfg: Optional[AEConfig] = None,
    |             ^^^^^^^^^^^^^^^^^^
518 |     device: Optional[torch.device] = None,
519 | ) -> Dict[str, Dict]:
    |
help: Convert to `X | None`

UP045 Use `X | None` for type annotations
   --> src/uais/fusion/attention/unsupervised_baselines.py:518:13
    |
516 |     lof_cfg: Optional[LOFConfig] = None,
517 |     ae_cfg: Optional[AEConfig] = None,
518 |     device: Optional[torch.device] = None,
    |             ^^^^^^^^^^^^^^^^^^^^^^
519 | ) -> Dict[str, Dict]:
520 |     """Fit every unsupervised baseline on training-set normals only,
    |
help: Convert to `X | None`

UP006 Use `dict` instead of `Dict` for type annotation
   --> src/uais/fusion/attention/unsupervised_baselines.py:519:6
    |
517 |     ae_cfg: Optional[AEConfig] = None,
518 |     device: Optional[torch.device] = None,
519 | ) -> Dict[str, Dict]:
    |      ^^^^
520 |     """Fit every unsupervised baseline on training-set normals only,
521 |     score the test set, and return {name: classification_metrics}."""
    |
help: Replace with `dict`

UP006 Use `dict` instead of `Dict` for type annotation
   --> src/uais/fusion/attention/unsupervised_baselines.py:519:16
    |
517 |     ae_cfg: Optional[AEConfig] = None,
518 |     device: Optional[torch.device] = None,
519 | ) -> Dict[str, Dict]:
    |                ^^^^
520 |     """Fit every unsupervised baseline on training-set normals only,
521 |     score the test set, and return {name: classification_metrics}."""
    |
help: Replace with `dict`

UP006 Use `dict` instead of `Dict` for type annotation
   --> src/uais/fusion/attention/unsupervised_baselines.py:537:14
    |
535 |     }
536 |
537 |     results: Dict[str, Dict] = {}
    |              ^^^^
538 |     for name, det in detectors.items():
539 |         try:
    |
help: Replace with `dict`

UP006 Use `dict` instead of `Dict` for type annotation
   --> src/uais/fusion/attention/unsupervised_baselines.py:537:24
    |
535 |     }
536 |
537 |     results: Dict[str, Dict] = {}
    |                        ^^^^
538 |     for name, det in detectors.items():
539 |         try:
    |
help: Replace with `dict`

UP035 `typing.Dict` is deprecated, use `dict` instead
 --> src/uais/fusion/attention/validate_fusion_inputs.py:7:1
  |
5 | import json
6 | from pathlib import Path
7 | from typing import Dict
  | ^^^^^^^^^^^^^^^^^^^^^^^
8 |
9 | from uais.fusion.attention.attention_utils import (
  |

UP006 Use `dict` instead of `Dict` for type annotation
  --> src/uais/fusion/attention/validate_fusion_inputs.py:29:67
   |
29 | def validate_attention_inputs(cfg_path: Path = DEFAULT_CONFIG) -> Dict[str, object]:
   |                                                                   ^^^^
30 |     cfg = load_yaml(cfg_path)
31 |     data_cfg = cfg.get("data", {})
   |
help: Replace with `dict`

UP035 `typing.Dict` is deprecated, use `dict` instead
 --> src/uais/fusion/build_embeddings.py:4:1
  |
3 | from collections.abc import Iterable
4 | from typing import Dict
  | ^^^^^^^^^^^^^^^^^^^^^^^
5 |
6 | import numpy as np
  |

UP006 Use `dict` instead of `Dict` for type annotation
  --> src/uais/fusion/build_embeddings.py:16:34
   |
16 | def merge_embeddings(embeddings: Dict[str, np.ndarray]) -> np.ndarray:
   |                                  ^^^^
17 |     """Horizontally concatenate embeddings from multiple domains.
   |
help: Replace with `dict`

UP006 Use `dict` instead of `Dict` for type annotation
  --> src/uais/fusion/build_embeddings.py:28:40
   |
28 | def generate_meta_features(score_dict: Dict[str, Iterable[float]]) -> np.ndarray:
   |                                        ^^^^
29 |     """Convert domain -> score iterable into a 2D meta-feature array."""
30 |     keys = sorted(score_dict)
   |
help: Replace with `dict`

UP035 `typing.Dict` is deprecated, use `dict` instead
 --> src/uais/fusion/evaluate_fusion.py:3:1
  |
1 | """Evaluation utilities for fusion models."""
2 |
3 | from typing import Dict
  | ^^^^^^^^^^^^^^^^^^^^^^^
4 |
5 | import numpy as np
  |

UP006 Use `dict` instead of `Dict` for type annotation
  --> src/uais/fusion/evaluate_fusion.py:10:61
   |
10 | def evaluate_fusion(model, X: np.ndarray, y: np.ndarray) -> Dict[str, float]:
   |                                                             ^^^^
11 |     y_pred = model.predict(X)
12 |     proba = model.predict_proba(X)[:, 1] if hasattr(model, "predict_proba") else None
   |
help: Replace with `dict`

UP035 `typing.Dict` is deprecated, use `dict` instead
  --> src/uais/fusion/run_fusion.py:11:1
   |
10 | from pathlib import Path
11 | from typing import Dict, Tuple
   | ^^^^^^^^^^^^^^^^^^^^^^^^^^^^^^
12 |
13 | import joblib
   |

UP035 `typing.Tuple` is deprecated, use `tuple` instead
  --> src/uais/fusion/run_fusion.py:11:1
   |
10 | from pathlib import Path
11 | from typing import Dict, Tuple
   | ^^^^^^^^^^^^^^^^^^^^^^^^^^^^^^
12 |
13 | import joblib
   |

UP006 Use `dict` instead of `Dict` for type annotation
  --> src/uais/fusion/run_fusion.py:27:31
   |
27 | def _load_yaml(path: Path) -> Dict:
   |                               ^^^^
28 |     import yaml
   |
help: Replace with `dict`

UP006 Use `tuple` instead of `Tuple` for type annotation
  --> src/uais/fusion/run_fusion.py:37:6
   |
35 |     score_col: str,
36 |     label_col: str | None,
37 | ) -> Tuple[np.ndarray, np.ndarray | None, pd.DataFrame | None]:
   |      ^^^^^
38 |     if not path.exists():
39 |         raise FileNotFoundError(f"Score file not found: {path}")
   |
help: Replace with `tuple`

UP006 Use `dict` instead of `Dict` for type annotation
  --> src/uais/fusion/run_fusion.py:75:31
   |
75 | def _align_scores(score_dict: Dict[str, np.ndarray]) -> Dict[str, np.ndarray]:
   |                               ^^^^
76 |     min_len = min(len(v) for v in score_dict.values())
77 |     return {k: v[:min_len] for k, v in score_dict.items()}
   |
help: Replace with `dict`

UP006 Use `dict` instead of `Dict` for type annotation
  --> src/uais/fusion/run_fusion.py:75:57
   |
75 | def _align_scores(score_dict: Dict[str, np.ndarray]) -> Dict[str, np.ndarray]:
   |                                                         ^^^^
76 |     min_len = min(len(v) for v in score_dict.values())
77 |     return {k: v[:min_len] for k, v in score_dict.items()}
   |
help: Replace with `dict`

UP006 Use `tuple` instead of `Tuple` for type annotation
  --> src/uais/fusion/run_fusion.py:80:37
   |
80 | def _load_inputs(cfg_path: Path) -> Tuple[Dict[str, np.ndarray], np.ndarray]:
   |                                     ^^^^^
81 |     cfg = _load_yaml(cfg_path)
82 |     fusion_cfg = cfg.get("fusion", {}) if isinstance(cfg, dict) else {}
   |
help: Replace with `tuple`

UP006 Use `dict` instead of `Dict` for type annotation
  --> src/uais/fusion/run_fusion.py:80:43
   |
80 | def _load_inputs(cfg_path: Path) -> Tuple[Dict[str, np.ndarray], np.ndarray]:
   |                                           ^^^^
81 |     cfg = _load_yaml(cfg_path)
82 |     fusion_cfg = cfg.get("fusion", {}) if isinstance(cfg, dict) else {}
   |
help: Replace with `dict`

UP006 Use `dict` instead of `Dict` for type annotation
  --> src/uais/fusion/run_fusion.py:93:19
   |
91 |     scores = {}
92 |     labels = None
93 |     score_frames: Dict[str, pd.DataFrame] = {}
   |                   ^^^^
94 |     for domain, path in score_paths.items():
95 |         s, l, frame = _read_scores(Path(path), score_col, label_col)
   |
help: Replace with `dict`

E741 Ambiguous variable name: `l`
  --> src/uais/fusion/run_fusion.py:95:12
   |
93 |     score_frames: Dict[str, pd.DataFrame] = {}
94 |     for domain, path in score_paths.items():
95 |         s, l, frame = _read_scores(Path(path), score_col, label_col)
   |            ^
96 |         scores[domain] = s
97 |         if l is not None:
   |

UP035 `typing.Dict` is deprecated, use `dict` instead
  --> src/uais/fusion/train_fusion_meta.py:8:1
   |
 7 | from pathlib import Path
 8 | from typing import Dict, Tuple
   | ^^^^^^^^^^^^^^^^^^^^^^^^^^^^^^
 9 |
10 | import numpy as np
   |

UP035 `typing.Tuple` is deprecated, use `tuple` instead
  --> src/uais/fusion/train_fusion_meta.py:8:1
   |
 7 | from pathlib import Path
 8 | from typing import Dict, Tuple
   | ^^^^^^^^^^^^^^^^^^^^^^^^^^^^^^
 9 |
10 | import numpy as np
   |

UP006 Use `dict` instead of `Dict` for type annotation
  --> src/uais/fusion/train_fusion_meta.py:18:39
   |
18 | def build_fusion_dataset(score_paths: Dict[str, Path] | None = None) -> Tuple[Dict[str, np.ndarray], np.ndarray]:
   |                                       ^^^^
19 |     """Load per-domain score CSVs and align lengths.
   |
help: Replace with `dict`

UP006 Use `tuple` instead of `Tuple` for type annotation
  --> src/uais/fusion/train_fusion_meta.py:18:73
   |
18 | def build_fusion_dataset(score_paths: Dict[str, Path] | None = None) -> Tuple[Dict[str, np.ndarray], np.ndarray]:
   |                                                                         ^^^^^
19 |     """Load per-domain score CSVs and align lengths.
   |
help: Replace with `tuple`

UP006 Use `dict` instead of `Dict` for type annotation
  --> src/uais/fusion/train_fusion_meta.py:18:79
   |
18 | def build_fusion_dataset(score_paths: Dict[str, Path] | None = None) -> Tuple[Dict[str, np.ndarray], np.ndarray]:
   |                                                                               ^^^^
19 |     """Load per-domain score CSVs and align lengths.
   |
help: Replace with `dict`

UP006 Use `dict` instead of `Dict` for type annotation
  --> src/uais/fusion/train_fusion_meta.py:35:19
   |
33 |     labels = None
34 |     sample_id_sets = []
35 |     score_frames: Dict[str, pd.DataFrame] = {}
   |                   ^^^^
36 |     for domain, path in score_paths.items():
37 |         # Allow relative paths to be resolved from project root for notebooks/scripts.
   |
help: Replace with `dict`

UP006 Use `dict` instead of `Dict` for type annotation
   --> src/uais/fusion/train_fusion_meta.py:106:37
    |
106 | def train_fusion_model(score_paths: Dict[str, Path] | None = None, config: Dict | None = None):
    |                                     ^^^^
107 |     score_dict, labels = build_fusion_dataset(score_paths)
108 |     config = config or {"data": {"test_size": 0.2}, "seed": 42}
    |
help: Replace with `dict`

UP006 Use `dict` instead of `Dict` for type annotation
   --> src/uais/fusion/train_fusion_meta.py:106:76
    |
106 | def train_fusion_model(score_paths: Dict[str, Path] | None = None, config: Dict | None = None):
    |                                                                            ^^^^
107 |     score_dict, labels = build_fusion_dataset(score_paths)
108 |     config = config or {"data": {"test_size": 0.2}, "seed": 42}
    |
help: Replace with `dict`

UP035 `typing.Dict` is deprecated, use `dict` instead
 --> src/uais/fusion/train_fusion_model.py:3:1
  |
1 | """Fusion model that learns from multiple domain embeddings/scores."""
2 |
3 | from typing import Dict, Tuple
  | ^^^^^^^^^^^^^^^^^^^^^^^^^^^^^^
4 |
5 | import joblib
  |

UP035 `typing.Tuple` is deprecated, use `tuple` instead
 --> src/uais/fusion/train_fusion_model.py:3:1
  |
1 | """Fusion model that learns from multiple domain embeddings/scores."""
2 |
3 | from typing import Dict, Tuple
  | ^^^^^^^^^^^^^^^^^^^^^^^^^^^^^^
4 |
5 | import joblib
  |

UP006 Use `dict` instead of `Dict` for type annotation
  --> src/uais/fusion/train_fusion_model.py:20:17
   |
19 | def train_fusion_meta_model(
20 |     score_dict: Dict[str, np.ndarray],
   |                 ^^^^
21 |     labels: np.ndarray,
22 |     config: Dict,
   |
help: Replace with `dict`

UP006 Use `dict` instead of `Dict` for type annotation
  --> src/uais/fusion/train_fusion_model.py:22:13
   |
20 |     score_dict: Dict[str, np.ndarray],
21 |     labels: np.ndarray,
22 |     config: Dict,
   |             ^^^^
23 | ) -> Tuple[LogisticRegression, Dict[str, float]]:
24 |     ensure_directories()
   |
help: Replace with `dict`

UP006 Use `tuple` instead of `Tuple` for type annotation
  --> src/uais/fusion/train_fusion_model.py:23:6
   |
21 |     labels: np.ndarray,
22 |     config: Dict,
23 | ) -> Tuple[LogisticRegression, Dict[str, float]]:
   |      ^^^^^
24 |     ensure_directories()
25 |     X_meta = generate_meta_features(score_dict)
   |
help: Replace with `tuple`

UP006 Use `dict` instead of `Dict` for type annotation
  --> src/uais/fusion/train_fusion_model.py:23:32
   |
21 |     labels: np.ndarray,
22 |     config: Dict,
23 | ) -> Tuple[LogisticRegression, Dict[str, float]]:
   |                                ^^^^
24 |     ensure_directories()
25 |     X_meta = generate_meta_features(score_dict)
   |
help: Replace with `dict`

UP035 `typing.Dict` is deprecated, use `dict` instead
 --> src/uais/generative/train_vae.py:7:1
  |
5 | from dataclasses import dataclass
6 | from pathlib import Path
7 | from typing import Dict
  | ^^^^^^^^^^^^^^^^^^^^^^^
8 |
9 | import numpy as np
  |

UP006 Use `dict` instead of `Dict` for type annotation
   --> src/uais/generative/train_vae.py:115:41
    |
115 | def run_vae_pipeline(cfg: VAEConfig) -> Dict[str, float]:
    |                                         ^^^^
116 |     path = cfg.resolve_path()
117 |     df = pd.read_parquet(path) if path.suffix == ".parquet" else pd.read_csv(path)
    |
help: Replace with `dict`

B007 Loop control variable `epoch` not used within loop body
   --> src/uais/generative/train_vae.py:136:9
    |
134 |     }
135 |
136 |     for epoch in range(cfg.epochs):
    |         ^^^^^
137 |         perm = np.random.permutation(len(X_train))
138 |         vae.reset_metrics()
    |
help: Rename unused `epoch` to `_epoch`

UP035 `typing.Dict` is deprecated, use `dict` instead
  --> src/uais/generative/train_wgan.py:14:1
   |
12 | from dataclasses import dataclass, field
13 | from pathlib import Path
14 | from typing import Dict, Optional, Tuple
   | ^^^^^^^^^^^^^^^^^^^^^^^^^^^^^^^^^^^^^^^^
15 |
16 | import numpy as np
   |

UP035 `typing.Tuple` is deprecated, use `tuple` instead
  --> src/uais/generative/train_wgan.py:14:1
   |
12 | from dataclasses import dataclass, field
13 | from pathlib import Path
14 | from typing import Dict, Optional, Tuple
   | ^^^^^^^^^^^^^^^^^^^^^^^^^^^^^^^^^^^^^^^^
15 |
16 | import numpy as np
   |

UP006 Use `tuple` instead of `Tuple` for type annotation
  --> src/uais/generative/train_wgan.py:28:23
   |
26 |     dataset_path: Path
27 |     latent_dim: int = 128
28 |     generator_hidden: Tuple[int, ...] = field(default_factory=lambda: (256, 256))
   |                       ^^^^^
29 |     critic_hidden: Tuple[int, ...] = field(default_factory=lambda: (256, 256))
30 |     epochs: int = 100
   |
help: Replace with `tuple`

UP006 Use `tuple` instead of `Tuple` for type annotation
  --> src/uais/generative/train_wgan.py:29:20
   |
27 |     latent_dim: int = 128
28 |     generator_hidden: Tuple[int, ...] = field(default_factory=lambda: (256, 256))
29 |     critic_hidden: Tuple[int, ...] = field(default_factory=lambda: (256, 256))
   |                    ^^^^^
30 |     epochs: int = 100
31 |     batch_size: int = 128
   |
help: Replace with `tuple`

UP006 Use `tuple` instead of `Tuple` for type annotation
  --> src/uais/generative/train_wgan.py:53:71
   |
51 |     """Maps latent noise z → synthetic tabular sample."""
52 |
53 |     def __init__(self, latent_dim: int, output_dim: int, hidden_dims: Tuple[int, ...]) -> None:
   |                                                                       ^^^^^
54 |         super().__init__()
55 |         layers: list[nn.Module] = []
   |
help: Replace with `tuple`

UP006 Use `tuple` instead of `Tuple` for type annotation
  --> src/uais/generative/train_wgan.py:70:53
   |
68 |     """Scores how 'real' a tabular sample is — no sigmoid, no BatchNorm."""
69 |
70 |     def __init__(self, input_dim: int, hidden_dims: Tuple[int, ...]) -> None:
   |                                                     ^^^^^
71 |         super().__init__()
72 |         layers: list[nn.Module] = []
   |
help: Replace with `tuple`

UP006 Use `dict` instead of `Dict` for type annotation
   --> src/uais/generative/train_wgan.py:107:43
    |
107 | def run_wgan_pipeline(cfg: WGANConfig) -> Dict[str, object]:
    |                                           ^^^^
108 |     """Train a WGAN-GP on numeric tabular data.
    |
help: Replace with `dict`

B007 Loop control variable `epoch` not used within loop body
   --> src/uais/generative/train_wgan.py:142:9
    |
140 |     g_loss = torch.tensor(0.0)
141 |
142 |     for epoch in range(cfg.epochs):
    |         ^^^^^
143 |         perm = torch.randperm(len(X_tensor), device=device)
144 |         X_tensor = X_tensor[perm]
    |
help: Rename unused `epoch` to `_epoch`

UP045 Use `X | None` for type annotations
   --> src/uais/generative/train_wgan.py:199:13
    |
197 |     latent_dim: int,
198 |     scaler: StandardScaler,
199 |     device: Optional[torch.device] = None,
    |             ^^^^^^^^^^^^^^^^^^^^^^
200 | ) -> np.ndarray:
201 |     """Draw n_samples from a trained generator, inverse-scaled to original units."""
    |
help: Convert to `X | None`

UP035 `typing.List` is deprecated, use `list` instead
  --> src/uais/nlp/nlp_utils.py:9:1
   |
 7 | from __future__ import annotations
 8 |
 9 | from typing import List, Tuple
   | ^^^^^^^^^^^^^^^^^^^^^^^^^^^^^^
10 |
11 | import pandas as pd
   |

UP035 `typing.Tuple` is deprecated, use `tuple` instead
  --> src/uais/nlp/nlp_utils.py:9:1
   |
 7 | from __future__ import annotations
 8 |
 9 | from typing import List, Tuple
   | ^^^^^^^^^^^^^^^^^^^^^^^^^^^^^^
10 |
11 | import pandas as pd
   |

UP006 Use `list` instead of `List` for type annotation
  --> src/uais/nlp/nlp_utils.py:15:35
   |
15 | def simple_train_val_split(texts: List[str], labels: List[int], test_size: float = 0.2, seed: int = 42) -> Tuple:
   |                                   ^^^^
16 |     """Small helper to split text/labels into train/val.
   |
help: Replace with `list`

UP006 Use `list` instead of `List` for type annotation
  --> src/uais/nlp/nlp_utils.py:15:54
   |
15 | def simple_train_val_split(texts: List[str], labels: List[int], test_size: float = 0.2, seed: int = 42) -> Tuple:
   |                                                      ^^^^
16 |     """Small helper to split text/labels into train/val.
   |
help: Replace with `list`

UP006 Use `tuple` instead of `Tuple` for type annotation
  --> src/uais/nlp/nlp_utils.py:15:108
   |
15 | def simple_train_val_split(texts: List[str], labels: List[int], test_size: float = 0.2, seed: int = 42) -> Tuple:
   |                                                                                                            ^^^^^
16 |     """Small helper to split text/labels into train/val.
   |
help: Replace with `tuple`

UP006 Use `tuple` instead of `Tuple` for type annotation
  --> src/uais/nlp/nlp_utils.py:25:89
   |
25 | def load_csv_text_label(path: str, text_col: str = "text", label_col: str = "label") -> Tuple[list[str], list[int]]:
   |                                                                                         ^^^^^
26 |     df = pd.read_csv(path)
27 |     if text_col not in df.columns or label_col not in df.columns:
   |
help: Replace with `tuple`

UP035 `typing.Dict` is deprecated, use `dict` instead
  --> src/uais/nlp/train_sentiment_model.py:9:1
   |
 7 | from __future__ import annotations
 8 |
 9 | from typing import Dict, List
   | ^^^^^^^^^^^^^^^^^^^^^^^^^^^^^
10 |
11 | from .train_transformer_text import train_transformer_text
   |

UP035 `typing.List` is deprecated, use `list` instead
  --> src/uais/nlp/train_sentiment_model.py:9:1
   |
 7 | from __future__ import annotations
 8 |
 9 | from typing import Dict, List
   | ^^^^^^^^^^^^^^^^^^^^^^^^^^^^^
10 |
11 | from .train_transformer_text import train_transformer_text
   |

UP006 Use `list` instead of `List` for type annotation
  --> src/uais/nlp/train_sentiment_model.py:15:12
   |
14 | def train_sentiment_model(
15 |     texts: List[str],
   |            ^^^^
16 |     labels: List[int],
17 |     model_name: str = "distilbert-base-uncased",
   |
help: Replace with `list`

UP006 Use `list` instead of `List` for type annotation
  --> src/uais/nlp/train_sentiment_model.py:16:13
   |
14 | def train_sentiment_model(
15 |     texts: List[str],
16 |     labels: List[int],
   |             ^^^^
17 |     model_name: str = "distilbert-base-uncased",
18 |     **kwargs: object,
   |
help: Replace with `list`

UP006 Use `dict` instead of `Dict` for type annotation
  --> src/uais/nlp/train_sentiment_model.py:19:6
   |
17 |     model_name: str = "distilbert-base-uncased",
18 |     **kwargs: object,
19 | ) -> Dict[str, float]:
   |      ^^^^
20 |     """Fine-tune DistilBERT for sentiment-based anomaly detection.
   |
help: Replace with `dict`

UP035 `typing.Dict` is deprecated, use `dict` instead
  --> src/uais/nlp/train_text_classifier.py:12:1
   |
10 | from dataclasses import dataclass
11 | from pathlib import Path
12 | from typing import Dict, Tuple
   | ^^^^^^^^^^^^^^^^^^^^^^^^^^^^^^
13 |
14 | import numpy as np
   |

UP035 `typing.Tuple` is deprecated, use `tuple` instead
  --> src/uais/nlp/train_text_classifier.py:12:1
   |
10 | from dataclasses import dataclass
11 | from pathlib import Path
12 | from typing import Dict, Tuple
   | ^^^^^^^^^^^^^^^^^^^^^^^^^^^^^^
13 |
14 | import numpy as np
   |

UP006 Use `tuple` instead of `Tuple` for type annotation
  --> src/uais/nlp/train_text_classifier.py:42:38
   |
42 | def _load_dataset(cfg: NLPConfig) -> Tuple[pd.Series, pd.Series]:
   |                                      ^^^^^
43 |     path = cfg.resolve_path()
44 |     df = pd.read_csv(path)
   |
help: Replace with `tuple`

UP006 Use `dict` instead of `Dict` for type annotation
  --> src/uais/nlp/train_text_classifier.py:53:44
   |
53 | def run_text_experiment(cfg: NLPConfig) -> Dict[str, float]:
   |                                            ^^^^
54 |     """Train a baseline TF-IDF + logistic regression model and return metrics."""
   |
help: Replace with `dict`

UP006 Use `dict` instead of `Dict` for type annotation
  --> src/uais/nlp/train_text_classifier.py:75:14
   |
73 |     y_pred = (y_prob >= 0.5).astype(int)
74 |
75 |     metrics: Dict[str, float] = {
   |              ^^^^
76 |         "roc_auc": float(roc_auc_score(y_test, y_prob)),
77 |         "accuracy": float(np.mean(y_pred == y_test)),
   |
help: Replace with `dict`

UP035 `typing.Dict` is deprecated, use `dict` instead
  --> src/uais/nlp/train_transformer_text.py:9:1
   |
 7 | from __future__ import annotations
 8 |
 9 | from typing import Dict, List
   | ^^^^^^^^^^^^^^^^^^^^^^^^^^^^^
10 |
11 | import torch
   |

UP035 `typing.List` is deprecated, use `list` instead
  --> src/uais/nlp/train_transformer_text.py:9:1
   |
 7 | from __future__ import annotations
 8 |
 9 | from typing import Dict, List
   | ^^^^^^^^^^^^^^^^^^^^^^^^^^^^^
10 |
11 | import torch
   |

UP006 Use `list` instead of `List` for type annotation
  --> src/uais/nlp/train_transformer_text.py:25:49
   |
24 | class _TextDataset(Dataset):
25 |     def __init__(self, encodings: dict, labels: List[int]) -> None:
   |                                                 ^^^^
26 |         self.encodings = encodings
27 |         self.labels = labels
   |
help: Replace with `list`

UP006 Use `list` instead of `List` for type annotation
  --> src/uais/nlp/train_transformer_text.py:50:12
   |
49 | def train_transformer_text(
50 |     texts: List[str],
   |            ^^^^
51 |     labels: List[int],
52 |     model_name: str = "distilbert-base-uncased",
   |
help: Replace with `list`

UP006 Use `list` instead of `List` for type annotation
  --> src/uais/nlp/train_transformer_text.py:51:13
   |
49 | def train_transformer_text(
50 |     texts: List[str],
51 |     labels: List[int],
   |             ^^^^
52 |     model_name: str = "distilbert-base-uncased",
53 |     max_length: int = 128,
   |
help: Replace with `list`

UP006 Use `dict` instead of `Dict` for type annotation
  --> src/uais/nlp/train_transformer_text.py:63:6
   |
61 |     seed: int = 42,
62 |     **_: object,
63 | ) -> Dict[str, float]:
   |      ^^^^
64 |     """Fine-tune a DistilBERT model for binary text classification.
   |
help: Replace with `dict`

UP035 `typing.List` is deprecated, use `list` instead
 --> src/uais/preprocessing/pipeline.py:5:1
  |
3 | from __future__ import annotations
4 |
5 | from typing import List
  | ^^^^^^^^^^^^^^^^^^^^^^^
6 |
7 | import numpy as np
  |

UP006 Use `list` instead of `List` for type annotation
  --> src/uais/preprocessing/pipeline.py:45:20
   |
43 |     transformers = []
44 |     if numeric_cols:
45 |         num_steps: List = [("imputer", SimpleImputer(strategy="median"))]
   |                    ^^^^
46 |         if scale:
47 |             num_steps.append(("scaler", StandardScaler()))
   |
help: Replace with `list`

UP035 `typing.Tuple` is deprecated, use `tuple` instead
 --> src/uais/recommender/rules.py:5:1
  |
3 | from __future__ import annotations
4 |
5 | from typing import Tuple
  | ^^^^^^^^^^^^^^^^^^^^^^^^
  |

UP006 Use `tuple` instead of `Tuple` for type annotation
  --> src/uais/recommender/rules.py:17:6
   |
15 |     med: float = 0.65,
16 |     lo: float = 0.50,
17 | ) -> Tuple[str, str]:
   |      ^^^^^
18 |     """Return (action, reason) based on score thresholds.
   |
help: Replace with `tuple`

UP035 `typing.Dict` is deprecated, use `dict` instead
  --> src/uais/sequence/ablation.py:18:1
   |
16 | import time
17 | from dataclasses import dataclass, field
18 | from typing import Dict, List, Optional
   | ^^^^^^^^^^^^^^^^^^^^^^^^^^^^^^^^^^^^^^^
19 |
20 | import numpy as np
   |

UP035 `typing.List` is deprecated, use `list` instead
  --> src/uais/sequence/ablation.py:18:1
   |
16 | import time
17 | from dataclasses import dataclass, field
18 | from typing import Dict, List, Optional
   | ^^^^^^^^^^^^^^^^^^^^^^^^^^^^^^^^^^^^^^^
19 |
20 | import numpy as np
   |

UP006 Use `list` instead of `List` for type annotation
  --> src/uais/sequence/ablation.py:41:18
   |
40 |     # Architectures to compare
41 |     model_types: List[str] = field(default_factory=lambda: ["lstm", "gru", "transformer", "tcn"])
   |                  ^^^^
42 |     # Hidden dimensions to sweep — tests capacity scaling
43 |     hidden_dims: List[int] = field(default_factory=lambda: [32, 64, 128])
   |
help: Replace with `list`

UP006 Use `list` instead of `List` for type annotation
  --> src/uais/sequence/ablation.py:43:18
   |
41 |     model_types: List[str] = field(default_factory=lambda: ["lstm", "gru", "transformer", "tcn"])
42 |     # Hidden dimensions to sweep — tests capacity scaling
43 |     hidden_dims: List[int] = field(default_factory=lambda: [32, 64, 128])
   |                  ^^^^
44 |     # Number of layers to sweep (for LSTM/GRU/Transformer)
45 |     num_layers_options: List[int] = field(default_factory=lambda: [1, 2])
   |
help: Replace with `list`

UP006 Use `list` instead of `List` for type annotation
  --> src/uais/sequence/ablation.py:45:25
   |
43 |     hidden_dims: List[int] = field(default_factory=lambda: [32, 64, 128])
44 |     # Number of layers to sweep (for LSTM/GRU/Transformer)
45 |     num_layers_options: List[int] = field(default_factory=lambda: [1, 2])
   |                         ^^^^
46 |
47 |     # Training hyperparameters (fixed across all ablation runs for fair comparison)
   |
help: Replace with `list`

UP045 Use `X | None` for type annotations
  --> src/uais/sequence/ablation.py:59:17
   |
58 |     # If True, save the results DataFrame to this path
59 |     output_csv: Optional[str] = None
   |                 ^^^^^^^^^^^^^
   |
help: Convert to `X | None`

UP006 Use `dict` instead of `Dict` for type annotation
  --> src/uais/sequence/ablation.py:75:6
   |
73 |     labels: np.ndarray,
74 |     cfg: AblationConfig,
75 | ) -> Dict[str, object]:
   |      ^^^^
76 |     """Train a single model variant and return its metrics + timing."""
77 |     t0 = time.time()
   |
help: Replace with `dict`

UP045 Use `X | None` for type annotations
   --> src/uais/sequence/ablation.py:170:10
    |
168 |     mask: np.ndarray,
169 |     labels: np.ndarray,
170 |     cfg: Optional[AblationConfig] = None,
    |          ^^^^^^^^^^^^^^^^^^^^^^^^
171 | ) -> pd.DataFrame:
172 |     """Run the full ablation grid and return results as a sorted DataFrame.
    |
help: Convert to `X | None`

UP006 Use `list` instead of `List` for type annotation
   --> src/uais/sequence/ablation.py:187:11
    |
185 |         cfg = AblationConfig()
186 |
187 |     rows: List[Dict] = []
    |           ^^^^
188 |     total = len(cfg.model_types) * len(cfg.hidden_dims) * len(cfg.num_layers_options)
189 |     run = 0
    |
help: Replace with `list`

UP006 Use `dict` instead of `Dict` for type annotation
   --> src/uais/sequence/ablation.py:187:16
    |
185 |         cfg = AblationConfig()
186 |
187 |     rows: List[Dict] = []
    |                ^^^^
188 |     total = len(cfg.model_types) * len(cfg.hidden_dims) * len(cfg.num_layers_options)
189 |     run = 0
    |
help: Replace with `dict`

UP035 `typing.List` is deprecated, use `list` instead
 --> src/uais/sequence/build_sequences.py:3:1
  |
1 | """Sequence building utilities."""
2 |
3 | from typing import List, Tuple
  | ^^^^^^^^^^^^^^^^^^^^^^^^^^^^^^
4 |
5 | import numpy as np
  |

UP035 `typing.Tuple` is deprecated, use `tuple` instead
 --> src/uais/sequence/build_sequences.py:3:1
  |
1 | """Sequence building utilities."""
2 |
3 | from typing import List, Tuple
  | ^^^^^^^^^^^^^^^^^^^^^^^^^^^^^^
4 |
5 | import numpy as np
  |

UP006 Use `tuple` instead of `Tuple` for type annotation
  --> src/uais/sequence/build_sequences.py:14:6
   |
12 |     time_column: str,
13 |     target_column: str,
14 | ) -> Tuple[List[np.ndarray], List[int]]:
   |      ^^^^^
15 |     """Group events by id and sort by time to produce variable-length sequences."""
16 |     sequences: List[np.ndarray] = []
   |
help: Replace with `tuple`

UP006 Use `list` instead of `List` for type annotation
  --> src/uais/sequence/build_sequences.py:14:12
   |
12 |     time_column: str,
13 |     target_column: str,
14 | ) -> Tuple[List[np.ndarray], List[int]]:
   |            ^^^^
15 |     """Group events by id and sort by time to produce variable-length sequences."""
16 |     sequences: List[np.ndarray] = []
   |
help: Replace with `list`

UP006 Use `list` instead of `List` for type annotation
  --> src/uais/sequence/build_sequences.py:14:30
   |
12 |     time_column: str,
13 |     target_column: str,
14 | ) -> Tuple[List[np.ndarray], List[int]]:
   |                              ^^^^
15 |     """Group events by id and sort by time to produce variable-length sequences."""
16 |     sequences: List[np.ndarray] = []
   |
help: Replace with `list`

UP006 Use `list` instead of `List` for type annotation
  --> src/uais/sequence/build_sequences.py:16:16
   |
14 | ) -> Tuple[List[np.ndarray], List[int]]:
15 |     """Group events by id and sort by time to produce variable-length sequences."""
16 |     sequences: List[np.ndarray] = []
   |                ^^^^
17 |     labels: List[int] = []
   |
help: Replace with `list`

UP006 Use `list` instead of `List` for type annotation
  --> src/uais/sequence/build_sequences.py:17:13
   |
15 |     """Group events by id and sort by time to produce variable-length sequences."""
16 |     sequences: List[np.ndarray] = []
17 |     labels: List[int] = []
   |             ^^^^
18 |
19 |     df = df.sort_values(time_column)
   |
help: Replace with `list`

UP006 Use `list` instead of `List` for type annotation
  --> src/uais/sequence/build_sequences.py:28:30
   |
28 | def pad_sequences(sequences: List[np.ndarray], max_len: int | None = None) -> Tuple[np.ndarray, np.ndarray]:
   |                              ^^^^
29 |     if not sequences:
30 |         return np.array([]), np.array([])
   |
help: Replace with `list`

UP006 Use `tuple` instead of `Tuple` for type annotation
  --> src/uais/sequence/build_sequences.py:28:79
   |
28 | def pad_sequences(sequences: List[np.ndarray], max_len: int | None = None) -> Tuple[np.ndarray, np.ndarray]:
   |                                                                               ^^^^^
29 |     if not sequences:
30 |         return np.array([]), np.array([])
   |
help: Replace with `tuple`

UP035 `typing.Dict` is deprecated, use `dict` instead
 --> src/uais/sequence/evaluate_sequence.py:3:1
  |
1 | """Evaluation helpers for sequence models."""
2 |
3 | from typing import Dict
  | ^^^^^^^^^^^^^^^^^^^^^^^
4 |
5 | import numpy as np
  |

UP006 Use `dict` instead of `Dict` for type annotation
  --> src/uais/sequence/evaluate_sequence.py:10:56
   |
10 | def evaluate_sequence_predictions(y_true, y_scores) -> Dict[str, float]:
   |                                                        ^^^^
11 |     y_true = np.asarray(y_true)
12 |     y_scores = np.asarray(y_scores)
   |
help: Replace with `dict`

UP035 `typing.Dict` is deprecated, use `dict` instead
  --> src/uais/sequence/train_gru.py:11:1
   |
 9 | import copy
10 | from dataclasses import dataclass
11 | from typing import Dict, List, Optional, Tuple
   | ^^^^^^^^^^^^^^^^^^^^^^^^^^^^^^^^^^^^^^^^^^^^^^
12 |
13 | import numpy as np
   |

UP035 `typing.List` is deprecated, use `list` instead
  --> src/uais/sequence/train_gru.py:11:1
   |
 9 | import copy
10 | from dataclasses import dataclass
11 | from typing import Dict, List, Optional, Tuple
   | ^^^^^^^^^^^^^^^^^^^^^^^^^^^^^^^^^^^^^^^^^^^^^^
12 |
13 | import numpy as np
   |

UP035 `typing.Tuple` is deprecated, use `tuple` instead
  --> src/uais/sequence/train_gru.py:11:1
   |
 9 | import copy
10 | from dataclasses import dataclass
11 | from typing import Dict, List, Optional, Tuple
   | ^^^^^^^^^^^^^^^^^^^^^^^^^^^^^^^^^^^^^^^^^^^^^^
12 |
13 | import numpy as np
   |

UP006 Use `tuple` instead of `Tuple` for type annotation
  --> src/uais/sequence/train_gru.py:50:40
   |
48 |         return len(self.labels)
49 |
50 |     def __getitem__(self, idx: int) -> Tuple[torch.Tensor, torch.Tensor, torch.Tensor]:
   |                                        ^^^^^
51 |         return self.sequences[idx], self.mask[idx], self.labels[idx]
   |
help: Replace with `tuple`

UP045 Use `X | None` for type annotations
  --> src/uais/sequence/train_gru.py:91:16
   |
89 |     loader: DataLoader,
90 |     criterion: nn.Module,
91 |     optimizer: Optional[torch.optim.Optimizer],
   |                ^^^^^^^^^^^^^^^^^^^^^^^^^^^^^^^
92 |     device: torch.device,
93 |     grad_clip: float,
   |
help: Convert to `X | None`

UP006 Use `tuple` instead of `Tuple` for type annotation
  --> src/uais/sequence/train_gru.py:95:6
   |
93 |     grad_clip: float,
94 |     training: bool,
95 | ) -> Tuple[float, np.ndarray, np.ndarray]:
   |      ^^^^^
96 |     model.train() if training else model.eval()
97 |     total_loss, all_probs, all_labels = 0.0, [], []
   |
help: Replace with `tuple`

UP045 Use `X | None` for type annotations
   --> src/uais/sequence/train_gru.py:123:10
    |
121 |     mask: np.ndarray,
122 |     labels: np.ndarray,
123 |     cfg: Optional[GRUConfig] = None,
    |          ^^^^^^^^^^^^^^^^^^^
124 |     config: Optional[Dict] = None,
125 | ) -> Tuple[GRUClassifier, Dict[str, float]]:
    |
help: Convert to `X | None`

UP045 Use `X | None` for type annotations
   --> src/uais/sequence/train_gru.py:124:13
    |
122 |     labels: np.ndarray,
123 |     cfg: Optional[GRUConfig] = None,
124 |     config: Optional[Dict] = None,
    |             ^^^^^^^^^^^^^^
125 | ) -> Tuple[GRUClassifier, Dict[str, float]]:
126 |     """Train a bidirectional GRU with early stopping.
    |
help: Convert to `X | None`

UP006 Use `dict` instead of `Dict` for type annotation
   --> src/uais/sequence/train_gru.py:124:22
    |
122 |     labels: np.ndarray,
123 |     cfg: Optional[GRUConfig] = None,
124 |     config: Optional[Dict] = None,
    |                      ^^^^
125 | ) -> Tuple[GRUClassifier, Dict[str, float]]:
126 |     """Train a bidirectional GRU with early stopping.
    |
help: Replace with `dict`

UP006 Use `tuple` instead of `Tuple` for type annotation
   --> src/uais/sequence/train_gru.py:125:6
    |
123 |     cfg: Optional[GRUConfig] = None,
124 |     config: Optional[Dict] = None,
125 | ) -> Tuple[GRUClassifier, Dict[str, float]]:
    |      ^^^^^
126 |     """Train a bidirectional GRU with early stopping.
    |
help: Replace with `tuple`

UP006 Use `dict` instead of `Dict` for type annotation
   --> src/uais/sequence/train_gru.py:125:27
    |
123 |     cfg: Optional[GRUConfig] = None,
124 |     config: Optional[Dict] = None,
125 | ) -> Tuple[GRUClassifier, Dict[str, float]]:
    |                           ^^^^
126 |     """Train a bidirectional GRU with early stopping.
    |
help: Replace with `dict`

UP006 Use `dict` instead of `Dict` for type annotation
   --> src/uais/sequence/train_gru.py:158:14
    |
157 |     best_auroc, best_state, patience_left = -1.0, None, cfg.patience
158 |     history: Dict[str, List[float]] = {"train_loss": [], "val_loss": [], "val_auroc": []}
    |              ^^^^
159 |
160 |     for epoch in range(cfg.epochs):
    |
help: Replace with `dict`

UP006 Use `list` instead of `List` for type annotation
   --> src/uais/sequence/train_gru.py:158:24
    |
157 |     best_auroc, best_state, patience_left = -1.0, None, cfg.patience
158 |     history: Dict[str, List[float]] = {"train_loss": [], "val_loss": [], "val_auroc": []}
    |                        ^^^^
159 |
160 |     for epoch in range(cfg.epochs):
    |
help: Replace with `list`

UP035 `typing.Dict` is deprecated, use `dict` instead
  --> src/uais/sequence/train_lstm.py:14:1
   |
12 | import copy
13 | from dataclasses import dataclass
14 | from typing import Dict, List, Optional, Tuple
   | ^^^^^^^^^^^^^^^^^^^^^^^^^^^^^^^^^^^^^^^^^^^^^^
15 |
16 | import numpy as np
   |

UP035 `typing.List` is deprecated, use `list` instead
  --> src/uais/sequence/train_lstm.py:14:1
   |
12 | import copy
13 | from dataclasses import dataclass
14 | from typing import Dict, List, Optional, Tuple
   | ^^^^^^^^^^^^^^^^^^^^^^^^^^^^^^^^^^^^^^^^^^^^^^
15 |
16 | import numpy as np
   |

UP035 `typing.Tuple` is deprecated, use `tuple` instead
  --> src/uais/sequence/train_lstm.py:14:1
   |
12 | import copy
13 | from dataclasses import dataclass
14 | from typing import Dict, List, Optional, Tuple
   | ^^^^^^^^^^^^^^^^^^^^^^^^^^^^^^^^^^^^^^^^^^^^^^
15 |
16 | import numpy as np
   |

UP006 Use `tuple` instead of `Tuple` for type annotation
  --> src/uais/sequence/train_lstm.py:53:40
   |
51 |         return len(self.labels)
52 |
53 |     def __getitem__(self, idx: int) -> Tuple[torch.Tensor, torch.Tensor, torch.Tensor]:
   |                                        ^^^^^
54 |         return self.sequences[idx], self.mask[idx], self.labels[idx]
   |
help: Replace with `tuple`

UP045 Use `X | None` for type annotations
  --> src/uais/sequence/train_lstm.py:95:16
   |
93 |     loader: DataLoader,
94 |     criterion: nn.Module,
95 |     optimizer: Optional[torch.optim.Optimizer],
   |                ^^^^^^^^^^^^^^^^^^^^^^^^^^^^^^^
96 |     device: torch.device,
97 |     grad_clip: float,
   |
help: Convert to `X | None`

UP006 Use `tuple` instead of `Tuple` for type annotation
   --> src/uais/sequence/train_lstm.py:99:6
    |
 97 |     grad_clip: float,
 98 |     training: bool,
 99 | ) -> Tuple[float, np.ndarray, np.ndarray]:
    |      ^^^^^
100 |     model.train() if training else model.eval()
101 |     total_loss, all_probs, all_labels = 0.0, [], []
    |
help: Replace with `tuple`

UP045 Use `X | None` for type annotations
   --> src/uais/sequence/train_lstm.py:127:10
    |
125 |     mask: np.ndarray,
126 |     labels: np.ndarray,
127 |     cfg: Optional[LSTMConfig] = None,
    |          ^^^^^^^^^^^^^^^^^^^^
128 |     # Legacy dict-based config still accepted for backward compat
129 |     config: Optional[Dict] = None,
    |
help: Convert to `X | None`

UP045 Use `X | None` for type annotations
   --> src/uais/sequence/train_lstm.py:129:13
    |
127 |     cfg: Optional[LSTMConfig] = None,
128 |     # Legacy dict-based config still accepted for backward compat
129 |     config: Optional[Dict] = None,
    |             ^^^^^^^^^^^^^^
130 | ) -> Tuple[LSTMClassifier, Dict[str, float]]:
131 |     """Train a bidirectional LSTM with early stopping.
    |
help: Convert to `X | None`

UP006 Use `dict` instead of `Dict` for type annotation
   --> src/uais/sequence/train_lstm.py:129:22
    |
127 |     cfg: Optional[LSTMConfig] = None,
128 |     # Legacy dict-based config still accepted for backward compat
129 |     config: Optional[Dict] = None,
    |                      ^^^^
130 | ) -> Tuple[LSTMClassifier, Dict[str, float]]:
131 |     """Train a bidirectional LSTM with early stopping.
    |
help: Replace with `dict`

UP006 Use `tuple` instead of `Tuple` for type annotation
   --> src/uais/sequence/train_lstm.py:130:6
    |
128 |     # Legacy dict-based config still accepted for backward compat
129 |     config: Optional[Dict] = None,
130 | ) -> Tuple[LSTMClassifier, Dict[str, float]]:
    |      ^^^^^
131 |     """Train a bidirectional LSTM with early stopping.
    |
help: Replace with `tuple`

UP006 Use `dict` instead of `Dict` for type annotation
   --> src/uais/sequence/train_lstm.py:130:28
    |
128 |     # Legacy dict-based config still accepted for backward compat
129 |     config: Optional[Dict] = None,
130 | ) -> Tuple[LSTMClassifier, Dict[str, float]]:
    |                            ^^^^
131 |     """Train a bidirectional LSTM with early stopping.
    |
help: Replace with `dict`

UP006 Use `dict` instead of `Dict` for type annotation
   --> src/uais/sequence/train_lstm.py:165:14
    |
164 |     best_auroc, best_state, patience_left = -1.0, None, cfg.patience
165 |     history: Dict[str, List[float]] = {"train_loss": [], "val_loss": [], "val_auroc": []}
    |              ^^^^
166 |
167 |     for epoch in range(cfg.epochs):
    |
help: Replace with `dict`

UP006 Use `list` instead of `List` for type annotation
   --> src/uais/sequence/train_lstm.py:165:24
    |
164 |     best_auroc, best_state, patience_left = -1.0, None, cfg.patience
165 |     history: Dict[str, List[float]] = {"train_loss": [], "val_loss": [], "val_auroc": []}
    |                        ^^^^
166 |
167 |     for epoch in range(cfg.epochs):
    |
help: Replace with `list`

UP035 `typing.Dict` is deprecated, use `dict` instead
  --> src/uais/sequence/transformer_tcn.py:15:1
   |
13 | import copy
14 | from dataclasses import dataclass
15 | from typing import Dict, List, Optional, Tuple
   | ^^^^^^^^^^^^^^^^^^^^^^^^^^^^^^^^^^^^^^^^^^^^^^
16 |
17 | import numpy as np
   |

UP035 `typing.List` is deprecated, use `list` instead
  --> src/uais/sequence/transformer_tcn.py:15:1
   |
13 | import copy
14 | from dataclasses import dataclass
15 | from typing import Dict, List, Optional, Tuple
   | ^^^^^^^^^^^^^^^^^^^^^^^^^^^^^^^^^^^^^^^^^^^^^^
16 |
17 | import numpy as np
   |

UP035 `typing.Tuple` is deprecated, use `tuple` instead
  --> src/uais/sequence/transformer_tcn.py:15:1
   |
13 | import copy
14 | from dataclasses import dataclass
15 | from typing import Dict, List, Optional, Tuple
   | ^^^^^^^^^^^^^^^^^^^^^^^^^^^^^^^^^^^^^^^^^^^^^^
16 |
17 | import numpy as np
   |

UP045 Use `X | None` for type annotations
  --> src/uais/sequence/transformer_tcn.py:47:73
   |
46 | class SequenceDataset(Dataset):
47 |     def __init__(self, sequences: np.ndarray, labels: np.ndarray, mask: Optional[np.ndarray] = None) -> None:
   |                                                                         ^^^^^^^^^^^^^^^^^^^^
48 |         self.sequences = torch.tensor(sequences, dtype=torch.float32)
49 |         self.labels = torch.tensor(labels, dtype=torch.float32)
   |
help: Convert to `X | None`

UP006 Use `tuple` instead of `Tuple` for type annotation
  --> src/uais/sequence/transformer_tcn.py:58:40
   |
56 |         return len(self.labels)
57 |
58 |     def __getitem__(self, idx: int) -> Tuple[torch.Tensor, torch.Tensor, torch.Tensor]:
   |                                        ^^^^^
59 |         return self.sequences[idx], self.mask[idx], self.labels[idx]
   |
help: Replace with `tuple`

UP045 Use `X | None` for type annotations
  --> src/uais/sequence/transformer_tcn.py:87:46
   |
85 |         self.fc = nn.Linear(hidden_dim, 1)
86 |
87 |     def forward(self, x: torch.Tensor, mask: Optional[torch.Tensor] = None) -> torch.Tensor:
   |                                              ^^^^^^^^^^^^^^^^^^^^^^
88 |         x = self.proj(x)  # (batch, seq, hidden_dim)
89 |         # src_key_padding_mask: True where the token should be ignored (i.e. padding)
   |
help: Convert to `X | None`

UP045 Use `X | None` for type annotations
   --> src/uais/sequence/transformer_tcn.py:134:46
    |
132 |         self.fc = nn.Linear(hidden_dim, 1)
133 |
134 |     def forward(self, x: torch.Tensor, mask: Optional[torch.Tensor] = None) -> torch.Tensor:
    |                                              ^^^^^^^^^^^^^^^^^^^^^^
135 |         # x: (batch, seq, feat) → (batch, feat, seq) for Conv1d
136 |         out = x.transpose(1, 2)
    |
help: Convert to `X | None`

UP045 Use `X | None` for type annotations
   --> src/uais/sequence/transformer_tcn.py:156:16
    |
154 |     loader: DataLoader,
155 |     criterion: nn.Module,
156 |     optimizer: Optional[torch.optim.Optimizer],
    |                ^^^^^^^^^^^^^^^^^^^^^^^^^^^^^^^
157 |     device: torch.device,
158 |     grad_clip: float,
    |
help: Convert to `X | None`

UP006 Use `tuple` instead of `Tuple` for type annotation
   --> src/uais/sequence/transformer_tcn.py:160:6
    |
158 |     grad_clip: float,
159 |     training: bool,
160 | ) -> Tuple[float, np.ndarray, np.ndarray]:
    |      ^^^^^
161 |     model.train() if training else model.eval()
162 |     total_loss, all_probs, all_labels = 0.0, [], []
    |
help: Replace with `tuple`

UP045 Use `X | None` for type annotations
   --> src/uais/sequence/transformer_tcn.py:187:10
    |
185 |     sequences: np.ndarray,
186 |     labels: np.ndarray,
187 |     cfg: Optional[SequenceModelConfig] = None,
    |          ^^^^^^^^^^^^^^^^^^^^^^^^^^^^^
188 |     mask: Optional[np.ndarray] = None,
189 |     # Legacy dict-based config still accepted
    |
help: Convert to `X | None`

UP045 Use `X | None` for type annotations
   --> src/uais/sequence/transformer_tcn.py:188:11
    |
186 |     labels: np.ndarray,
187 |     cfg: Optional[SequenceModelConfig] = None,
188 |     mask: Optional[np.ndarray] = None,
    |           ^^^^^^^^^^^^^^^^^^^^
189 |     # Legacy dict-based config still accepted
190 |     config: Optional[Dict] = None,
    |
help: Convert to `X | None`

UP045 Use `X | None` for type annotations
   --> src/uais/sequence/transformer_tcn.py:190:13
    |
188 |     mask: Optional[np.ndarray] = None,
189 |     # Legacy dict-based config still accepted
190 |     config: Optional[Dict] = None,
    |             ^^^^^^^^^^^^^^
191 |     model_type: str = "transformer",
192 | ) -> Tuple[nn.Module, Dict[str, float]]:
    |
help: Convert to `X | None`

UP006 Use `dict` instead of `Dict` for type annotation
   --> src/uais/sequence/transformer_tcn.py:190:22
    |
188 |     mask: Optional[np.ndarray] = None,
189 |     # Legacy dict-based config still accepted
190 |     config: Optional[Dict] = None,
    |                      ^^^^
191 |     model_type: str = "transformer",
192 | ) -> Tuple[nn.Module, Dict[str, float]]:
    |
help: Replace with `dict`

UP006 Use `tuple` instead of `Tuple` for type annotation
   --> src/uais/sequence/transformer_tcn.py:192:6
    |
190 |     config: Optional[Dict] = None,
191 |     model_type: str = "transformer",
192 | ) -> Tuple[nn.Module, Dict[str, float]]:
    |      ^^^^^
193 |     """Train a Transformer or TCN sequence classifier with early stopping.
    |
help: Replace with `tuple`

UP006 Use `dict` instead of `Dict` for type annotation
   --> src/uais/sequence/transformer_tcn.py:192:23
    |
190 |     config: Optional[Dict] = None,
191 |     model_type: str = "transformer",
192 | ) -> Tuple[nn.Module, Dict[str, float]]:
    |                       ^^^^
193 |     """Train a Transformer or TCN sequence classifier with early stopping.
    |
help: Replace with `dict`

UP006 Use `dict` instead of `Dict` for type annotation
   --> src/uais/sequence/transformer_tcn.py:229:14
    |
228 |     best_auroc, best_state, patience_left = -1.0, None, cfg.patience
229 |     history: Dict[str, List[float]] = {"train_loss": [], "val_loss": [], "val_auroc": []}
    |              ^^^^
230 |
231 |     for epoch in range(cfg.epochs):
    |
help: Replace with `dict`

UP006 Use `list` instead of `List` for type annotation
   --> src/uais/sequence/transformer_tcn.py:229:24
    |
228 |     best_auroc, best_state, patience_left = -1.0, None, cfg.patience
229 |     history: Dict[str, List[float]] = {"train_loss": [], "val_loss": [], "val_auroc": []}
    |                        ^^^^
230 |
231 |     for epoch in range(cfg.epochs):
    |
help: Replace with `list`

UP045 Use `X | None` for type annotations
   --> src/uais/sequence/transformer_tcn.py:276:11
    |
274 |     model: nn.Module,
275 |     sequences: np.ndarray,
276 |     mask: Optional[np.ndarray] = None,
    |           ^^^^^^^^^^^^^^^^^^^^
277 | ) -> np.ndarray:
278 |     if mask is None:
    |
help: Convert to `X | None`

UP035 `typing.Dict` is deprecated, use `dict` instead
 --> src/uais/supervised/evaluate_supervised.py:3:1
  |
1 | """Evaluation utilities for supervised models."""
2 |
3 | from typing import Dict, Tuple
  | ^^^^^^^^^^^^^^^^^^^^^^^^^^^^^^
4 |
5 | import numpy as np
  |

UP035 `typing.Tuple` is deprecated, use `tuple` instead
 --> src/uais/supervised/evaluate_supervised.py:3:1
  |
1 | """Evaluation utilities for supervised models."""
2 |
3 | from typing import Dict, Tuple
  | ^^^^^^^^^^^^^^^^^^^^^^^^^^^^^^
4 |
5 | import numpy as np
  |

UP006 Use `tuple` instead of `Tuple` for type annotation
  --> src/uais/supervised/evaluate_supervised.py:11:41
   |
11 | def evaluate_supervised(model, X, y) -> Tuple[Dict[str, float], np.ndarray]:
   |                                         ^^^^^
12 |     y_pred = model.predict(X)
13 |     y_proba = None
   |
help: Replace with `tuple`

UP006 Use `dict` instead of `Dict` for type annotation
  --> src/uais/supervised/evaluate_supervised.py:11:47
   |
11 | def evaluate_supervised(model, X, y) -> Tuple[Dict[str, float], np.ndarray]:
   |                                               ^^^^
12 |     y_pred = model.predict(X)
13 |     y_proba = None
   |
help: Replace with `dict`

UP035 `typing.Dict` is deprecated, use `dict` instead
 --> src/uais/supervised/train_cyber_supervised.py:2:1
  |
1 | from dataclasses import dataclass
2 | from typing import Dict, Literal, Tuple
  | ^^^^^^^^^^^^^^^^^^^^^^^^^^^^^^^^^^^^^^^
3 |
4 | import numpy as np
  |

UP035 `typing.Tuple` is deprecated, use `tuple` instead
 --> src/uais/supervised/train_cyber_supervised.py:2:1
  |
1 | from dataclasses import dataclass
2 | from typing import Dict, Literal, Tuple
  | ^^^^^^^^^^^^^^^^^^^^^^^^^^^^^^^^^^^^^^^
3 |
4 | import numpy as np
  |

UP006 Use `tuple` instead of `Tuple` for type annotation
  --> src/uais/supervised/train_cyber_supervised.py:92:6
   |
90 |     config: CyberModelConfig,
91 |     use_pipeline: bool = False,
92 | ) -> Tuple[object, Dict[str, float]]:
   |      ^^^^^
93 |     """Train a supervised cyber intrusion model and return model + validation metrics."""
94 |     model = _build_model(config)
   |
help: Replace with `tuple`

UP006 Use `dict` instead of `Dict` for type annotation
  --> src/uais/supervised/train_cyber_supervised.py:92:20
   |
90 |     config: CyberModelConfig,
91 |     use_pipeline: bool = False,
92 | ) -> Tuple[object, Dict[str, float]]:
   |                    ^^^^
93 |     """Train a supervised cyber intrusion model and return model + validation metrics."""
94 |     model = _build_model(config)
   |
help: Replace with `dict`

UP006 Use `tuple` instead of `Tuple` for type annotation
   --> src/uais/supervised/train_cyber_supervised.py:122:6
    |
120 |     n_splits: int = 3,
121 |     random_state: int = 42,
122 | ) -> Tuple[list[object], Dict[str, float]]:
    |      ^^^^^
123 |     """Stratified K-fold training; keep n_splits modest to bound compute time."""
124 |     skf = StratifiedKFold(n_splits=n_splits, shuffle=True, random_state=random_state)
    |
help: Replace with `tuple`

UP006 Use `dict` instead of `Dict` for type annotation
   --> src/uais/supervised/train_cyber_supervised.py:122:26
    |
120 |     n_splits: int = 3,
121 |     random_state: int = 42,
122 | ) -> Tuple[list[object], Dict[str, float]]:
    |                          ^^^^
123 |     """Stratified K-fold training; keep n_splits modest to bound compute time."""
124 |     skf = StratifiedKFold(n_splits=n_splits, shuffle=True, random_state=random_state)
    |
help: Replace with `dict`

UP035 `typing.Dict` is deprecated, use `dict` instead
 --> src/uais/supervised/train_fraud_supervised.py:6:1
  |
5 | from dataclasses import dataclass
6 | from typing import Any, Dict, Tuple
  | ^^^^^^^^^^^^^^^^^^^^^^^^^^^^^^^^^^^
7 |
8 | import numpy as np
  |

UP035 `typing.Tuple` is deprecated, use `tuple` instead
 --> src/uais/supervised/train_fraud_supervised.py:6:1
  |
5 | from dataclasses import dataclass
6 | from typing import Any, Dict, Tuple
  | ^^^^^^^^^^^^^^^^^^^^^^^^^^^^^^^^^^^
7 |
8 | import numpy as np
  |

UP006 Use `tuple` instead of `Tuple` for type annotation
  --> src/uais/supervised/train_fraud_supervised.py:97:6
   |
95 |     config: FraudModelConfig,
96 |     use_pipeline: bool = True,
97 | ) -> Tuple[Any, Dict[str, float]]:
   |      ^^^^^
98 |     """Train a supervised fraud model and return model + validation metrics."""
99 |     model = _build_model(config)
   |
help: Replace with `tuple`

UP006 Use `dict` instead of `Dict` for type annotation
  --> src/uais/supervised/train_fraud_supervised.py:97:17
   |
95 |     config: FraudModelConfig,
96 |     use_pipeline: bool = True,
97 | ) -> Tuple[Any, Dict[str, float]]:
   |                 ^^^^
98 |     """Train a supervised fraud model and return model + validation metrics."""
99 |     model = _build_model(config)
   |
help: Replace with `dict`

UP006 Use `tuple` instead of `Tuple` for type annotation
   --> src/uais/supervised/train_fraud_supervised.py:140:6
    |
138 |     random_state: int = 42,
139 |     use_pipeline: bool | None = None,
140 | ) -> Tuple[list[Any], Dict[str, float]]:
    |      ^^^^^
141 |     """Stratified K-fold training for stability; uses low n_splits to limit budget."""
142 |     skf = StratifiedKFold(n_splits=n_splits, shuffle=True, random_state=random_state)
    |
help: Replace with `tuple`

UP006 Use `dict` instead of `Dict` for type annotation
   --> src/uais/supervised/train_fraud_supervised.py:140:23
    |
138 |     random_state: int = 42,
139 |     use_pipeline: bool | None = None,
140 | ) -> Tuple[list[Any], Dict[str, float]]:
    |                       ^^^^
141 |     """Stratified K-fold training for stability; uses low n_splits to limit budget."""
142 |     skf = StratifiedKFold(n_splits=n_splits, shuffle=True, random_state=random_state)
    |
help: Replace with `dict`

UP035 `typing.Dict` is deprecated, use `dict` instead
 --> src/uais/utils/config_loader.py:6:1
  |
5 | from pathlib import Path
6 | from typing import Any, Dict
  | ^^^^^^^^^^^^^^^^^^^^^^^^^^^^
7 |
8 | import yaml
  |

UP006 Use `dict` instead of `Dict` for type annotation
  --> src/uais/utils/config_loader.py:11:36
   |
11 | def load_yaml(path: str | Path) -> Dict[str, Any]:
   |                                    ^^^^
12 |     p = Path(path)
13 |     if not p.exists():
   |
help: Replace with `dict`

UP035 `typing.Dict` is deprecated, use `dict` instead
 --> src/uais/utils/metrics.py:5:1
  |
3 | from __future__ import annotations
4 |
5 | from typing import Dict
  | ^^^^^^^^^^^^^^^^^^^^^^^
6 |
7 | import numpy as np
  |

UP006 Use `dict` instead of `Dict` for type annotation
  --> src/uais/utils/metrics.py:33:96
   |
33 | def detection_rate_at_fpr(y_true: np.ndarray, y_prob: np.ndarray, target_fpr: float = 0.01) -> Dict[str, float]:
   |                                                                                                ^^^^
34 |     y_true = np.asarray(y_true)
35 |     y_prob = np.asarray(y_prob)
   |
help: Replace with `dict`

UP006 Use `dict` instead of `Dict` for type annotation
  --> src/uais/utils/metrics.py:47:96
   |
47 | def _compute_from_pred_and_prob(y_true: np.ndarray, y_pred: np.ndarray, y_prob: np.ndarray) -> Dict[str, float]:
   |                                                                                                ^^^^
48 |     scores: Dict[str, float] = {}
49 |     try:
   |
help: Replace with `dict`

UP006 Use `dict` instead of `Dict` for type annotation
  --> src/uais/utils/metrics.py:48:13
   |
47 | def _compute_from_pred_and_prob(y_true: np.ndarray, y_pred: np.ndarray, y_prob: np.ndarray) -> Dict[str, float]:
48 |     scores: Dict[str, float] = {}
   |             ^^^^
49 |     try:
50 |         scores["roc_auc"] = metrics.roc_auc_score(y_true, y_prob)
   |
help: Replace with `dict`

UP006 Use `dict` instead of `Dict` for type annotation
  --> src/uais/utils/metrics.py:88:103
   |
88 | def compute_classification_metrics(y_true: np.ndarray, y_prob: np.ndarray, threshold: float = 0.5) -> Dict[str, float]:
   |                                                                                                       ^^^^
89 |     y_true = np.asarray(y_true)
90 |     y_prob = np.asarray(y_prob)
   |
help: Replace with `dict`

UP006 Use `dict` instead of `Dict` for type annotation
   --> src/uais/utils/metrics.py:107:6
    |
105 |     y_prob: np.ndarray | float | None = None,
106 |     threshold: float = 0.5,
107 | ) -> Dict[str, float]:
    |      ^^^^
108 |     """Backward-compatible wrapper for mixed call signatures."""
109 |     y_true = np.asarray(y_true)
    |
help: Replace with `dict`

UP006 Use `dict` instead of `Dict` for type annotation
   --> src/uais/utils/metrics.py:170:6
    |
168 |     max_brier_delta: float = 0.05,
169 |     n_bins: int = 10,
170 | ) -> Dict[str, object]:
    |      ^^^^
171 |     """Compare deployment calibration against a reference window.
    |
help: Replace with `dict`

UP006 Use `dict` instead of `Dict` for type annotation
   --> src/uais/utils/metrics.py:217:6
    |
215 |     fire_decisions: np.ndarray,
216 |     margin_epsilon: float = 0.0,
217 | ) -> Dict[str, float | bool]:
    |      ^^^^
218 |     """Empirical certificate for when a reliability switch is preferable.
    |
help: Replace with `dict`

UP006 Use `dict` instead of `Dict` for type annotation
   --> src/uais/utils/metrics.py:282:6
    |
280 |     alpha: float = 0.05,
281 |     random_state: int = 42,
282 | ) -> Dict[str, float]:
    |      ^^^^
283 |     """Bootstrap a 1-alpha confidence interval for any (y_true, y_score) metric.
    |
help: Replace with `dict`

UP006 Use `dict` instead of `Dict` for type annotation
   --> src/uais/utils/metrics.py:312:45
    |
312 | def aggregate_cv_metrics(per_fold: list) -> Dict[str, Dict[str, float]]:
    |                                             ^^^^
313 |     """Aggregate per-fold metric dicts into mean/std/95% CI across folds.
    |
help: Replace with `dict`

UP006 Use `dict` instead of `Dict` for type annotation
   --> src/uais/utils/metrics.py:312:55
    |
312 | def aggregate_cv_metrics(per_fold: list) -> Dict[str, Dict[str, float]]:
    |                                                       ^^^^
313 |     """Aggregate per-fold metric dicts into mean/std/95% CI across folds.
    |
help: Replace with `dict`

UP006 Use `dict` instead of `Dict` for type annotation
   --> src/uais/utils/metrics.py:321:10
    |
319 |         return {}
320 |     keys = set().union(*per_fold)
321 |     out: Dict[str, Dict[str, float]] = {}
    |          ^^^^
322 |     for k in keys:
323 |         vals = []
    |
help: Replace with `dict`

UP006 Use `dict` instead of `Dict` for type annotation
   --> src/uais/utils/metrics.py:321:20
    |
319 |         return {}
320 |     keys = set().union(*per_fold)
321 |     out: Dict[str, Dict[str, float]] = {}
    |                    ^^^^
322 |     for k in keys:
323 |         vals = []
    |
help: Replace with `dict`

UP006 Use `dict` instead of `Dict` for type annotation
   --> src/uais/utils/metrics.py:351:19
    |
350 | def flag_suspicious_performance(
351 |     metrics_dict: Dict[str, float], auc_threshold: float = 0.99, f1_threshold: float = 0.99
    |                   ^^^^
352 | ) -> Dict[str, bool]:
353 |     """Detect suspiciously-perfect metric values that often indicate leakage.
    |
help: Replace with `dict`

UP006 Use `dict` instead of `Dict` for type annotation
   --> src/uais/utils/metrics.py:352:6
    |
350 | def flag_suspicious_performance(
351 |     metrics_dict: Dict[str, float], auc_threshold: float = 0.99, f1_threshold: float = 0.99
352 | ) -> Dict[str, bool]:
    |      ^^^^
353 |     """Detect suspiciously-perfect metric values that often indicate leakage.
    |
help: Replace with `dict`

UP035 `typing.Dict` is deprecated, use `dict` instead
 --> src/uais/utils/mlflow_utils.py:6:1
  |
5 | from pathlib import Path
6 | from typing import Dict
  | ^^^^^^^^^^^^^^^^^^^^^^^
7 |
8 | try:
  |

UP006 Use `dict` instead of `Dict` for type annotation
  --> src/uais/utils/mlflow_utils.py:20:68
   |
20 | def load_mlflow_settings(config_path: str | Path | None = None) -> Dict[str, str]:
   |                                                                    ^^^^
21 |     """Load tracking URI and experiment name from YAML."""
22 |     path = Path(config_path) if config_path else PROJECT_ROOT / "mlflow_config.yaml"
   |
help: Replace with `dict`

UP006 Use `dict` instead of `Dict` for type annotation
  --> src/uais/utils/mlflow_utils.py:51:21
   |
51 | def log_run(params: Dict[str, float] | None, metrics: Dict[str, float]) -> None:
   |                     ^^^^
52 |     """Log parameters and metrics to MLflow inside a single run."""
53 |     if not _MLFLOW_AVAILABLE:
   |
help: Replace with `dict`

UP006 Use `dict` instead of `Dict` for type annotation
  --> src/uais/utils/mlflow_utils.py:51:55
   |
51 | def log_run(params: Dict[str, float] | None, metrics: Dict[str, float]) -> None:
   |                                                       ^^^^
52 |     """Log parameters and metrics to MLflow inside a single run."""
53 |     if not _MLFLOW_AVAILABLE:
   |
help: Replace with `dict`

UP035 `typing.Dict` is deprecated, use `dict` instead
 --> src/uais/utils/paths.py:4:1
  |
3 | from pathlib import Path
4 | from typing import Dict
  | ^^^^^^^^^^^^^^^^^^^^^^^
5 |
6 | PROJECT_ROOT = Path(__file__).resolve().parents[2]
  |

UP006 Use `dict` instead of `Dict` for type annotation
  --> src/uais/utils/paths.py:22:34
   |
22 | def domain_paths(domain: str) -> Dict[str, Path]:
   |                                  ^^^^
23 |     """Return resolved paths for a given domain (fraud/cyber/behavior/fusion)."""
24 |     ensure_directories()
   |
help: Replace with `dict`

C416 Unnecessary dict comprehension (rewrite using `dict()`)
  --> src/uais/utils/result_aggregation.py:84:15
   |
82 |     for key_tuple in sorted(grouped, key=lambda item: tuple(str(x) for x in item)):
83 |         group_rows = grouped[key_tuple]
84 |         out = {key: value for key, value in zip(group_keys, key_tuple)}
   |               ^^^^^^^^^^^^^^^^^^^^^^^^^^^^^^^^^^^^^^^^^^^^^^^^^^^^^^^^^
85 |         seeds = {row.get("seed") for row in group_rows if row.get("seed") is not None}
86 |         out["n_seeds"] = len(seeds) if seeds else len(group_rows)
   |
help: Rewrite using `dict()`

UP035 `typing.Tuple` is deprecated, use `tuple` instead
 --> src/uais/utils/runtime.py:6:1
  |
5 | import time
6 | from typing import Any, Callable, Tuple
  | ^^^^^^^^^^^^^^^^^^^^^^^^^^^^^^^^^^^^^^^
  |

UP006 Use `tuple` instead of `Tuple` for type annotation
  --> src/uais/utils/runtime.py:9:50
   |
 9 | def time_block(fn: Callable, *args, **kwargs) -> Tuple[float, Any]:
   |                                                  ^^^^^
10 |     """Measure wall time of a function call."""
11 |     start = time.perf_counter()
   |
help: Replace with `tuple`

UP035 `typing.Tuple` is deprecated, use `tuple` instead
 --> src/uais/utils/stats.py:5:1
  |
3 | from __future__ import annotations
4 |
5 | from typing import Callable, Tuple
  | ^^^^^^^^^^^^^^^^^^^^^^^^^^^^^^^^^^
6 |
7 | import numpy as np
  |

UP006 Use `tuple` instead of `Tuple` for type annotation
  --> src/uais/utils/stats.py:26:80
   |
26 | def _auc_structural_components(predictions: np.ndarray, labels: np.ndarray) -> Tuple[float, np.ndarray, np.ndarray]:
   |                                                                                ^^^^^
27 |     pos = predictions[labels == 1]
28 |     neg = predictions[labels == 0]
   |
help: Replace with `tuple`

UP006 Use `tuple` instead of `Tuple` for type annotation
  --> src/uais/utils/stats.py:39:66
   |
39 | def _fast_delong(predictions: np.ndarray, labels: np.ndarray) -> Tuple[float, float]:
   |                                                                  ^^^^^
40 |     predictions = np.asarray(predictions, dtype=float).ravel()
41 |     labels = np.asarray(labels).ravel()
   |
help: Replace with `tuple`

UP006 Use `tuple` instead of `Tuple` for type annotation
  --> src/uais/utils/stats.py:87:6
   |
85 |     alpha: float = 0.05,
86 |     random_state: int = 42,
87 | ) -> Tuple[float, float]:
   |      ^^^^^
88 |     """Compute bootstrap confidence interval for a metric.
   |
help: Replace with `tuple`

UP035 `typing.Dict` is deprecated, use `dict` instead
  --> src/uais/vision/train_autoencoder_vision.py:12:1
   |
10 | from dataclasses import dataclass
11 | from pathlib import Path
12 | from typing import Dict
   | ^^^^^^^^^^^^^^^^^^^^^^^
13 |
14 | import numpy as np
   |

UP006 Use `dict` instead of `Dict` for type annotation
   --> src/uais/vision/train_autoencoder_vision.py:116:6
    |
114 |     seed: int = 42,
115 |     **_: object,
116 | ) -> Dict[str, float]:
    |      ^^^^
117 |     """Train a convolutional autoencoder and return reconstruction-based anomaly metrics.
    |
help: Replace with `dict`

C408 Unnecessary `dict()` call (rewrite as a literal)
   --> src/uais/vision/train_autoencoder_vision.py:139:19
    |
137 |           raise FileNotFoundError(f"Vision data directory not found: {root}")
138 |
139 |       load_kwargs = dict(
    |  ___________________^
140 | |         directory=root,
141 | |         image_size=(cfg.image_size, cfg.image_size),
142 | |         batch_size=cfg.batch_size,
143 | |         validation_split=cfg.validation_split,
144 | |         seed=cfg.seed,
145 | |     )
    | |_____^
146 |       train_ds = tf.keras.preprocessing.image_dataset_from_directory(subset="training", **load_kwargs)
147 |       val_ds = tf.keras.preprocessing.image_dataset_from_directory(subset="validation", **load_kwargs)
    |
help: Rewrite as a literal

UP035 `typing.Dict` is deprecated, use `dict` instead
  --> src/uais/vision/train_vision_model.py:12:1
   |
10 | from dataclasses import dataclass
11 | from pathlib import Path
12 | from typing import Dict
   | ^^^^^^^^^^^^^^^^^^^^^^^
13 |
14 | import tensorflow as tf
   |

UP006 Use `dict` instead of `Dict` for type annotation
   --> src/uais/vision/train_vision_model.py:113:49
    |
113 | def run_vision_experiment(cfg: VisionConfig) -> Dict[str, float]:
    |                                                 ^^^^
114 |     resolved_dir = cfg.resolve_dir()
115 |     data_dir = _normalize_dataset_root(resolved_dir)
    |
help: Replace with `dict`

UP035 `typing.Dict` is deprecated, use `dict` instead
 --> src/uais_v/data/build_30seq_dataset.py:4:1
  |
3 | from dataclasses import dataclass
4 | from typing import Dict, Tuple
  | ^^^^^^^^^^^^^^^^^^^^^^^^^^^^^^
5 |
6 | import numpy as np
  |

UP035 `typing.Tuple` is deprecated, use `tuple` instead
 --> src/uais_v/data/build_30seq_dataset.py:4:1
  |
3 | from dataclasses import dataclass
4 | from typing import Dict, Tuple
  | ^^^^^^^^^^^^^^^^^^^^^^^^^^^^^^
5 |
6 | import numpy as np
  |

UP006 Use `tuple` instead of `Tuple` for type annotation
  --> src/uais_v/data/build_30seq_dataset.py:55:62
   |
55 | def _prepare_behavior_sequences(cfg: SequenceBuildConfig) -> Tuple[Dict[str, np.ndarray], np.ndarray]:
   |                                                              ^^^^^
56 |     df = load_behavior_events()
   |
help: Replace with `tuple`

UP006 Use `dict` instead of `Dict` for type annotation
  --> src/uais_v/data/build_30seq_dataset.py:55:68
   |
55 | def _prepare_behavior_sequences(cfg: SequenceBuildConfig) -> Tuple[Dict[str, np.ndarray], np.ndarray]:
   |                                                                    ^^^^
56 |     df = load_behavior_events()
   |
help: Replace with `dict`

B007 Loop control variable `entity` not used within loop body
  --> src/uais_v/data/build_30seq_dataset.py:95:9
   |
93 |     sequences = []
94 |     labels = []
95 |     for entity, group in df.groupby(entity_col):
   |         ^^^^^^
96 |         if len(group) < cfg.min_events_per_entity:
97 |             continue
   |
help: Rename unused `entity` to `_entity`

UP006 Use `dict` instead of `Dict` for type annotation
   --> src/uais_v/data/build_30seq_dataset.py:112:13
    |
111 |     rng = np.random.default_rng(cfg.seed)
112 |     X_dict: Dict[str, np.ndarray] = {}
    |             ^^^^
113 |     for i in range(30):
114 |         noise_scale = 0.01 * (i + 1)
    |
help: Replace with `dict`

UP006 Use `tuple` instead of `Tuple` for type annotation
   --> src/uais_v/data/build_30seq_dataset.py:121:77
    |
121 | def _synthetic_sequences(cfg: SequenceBuildConfig, n_samples: int = 400) -> Tuple[Dict[str, np.ndarray], np.ndarray]:
    |                                                                             ^^^^^
122 |     rng = np.random.default_rng(cfg.seed)
123 |     base = rng.normal(0.0, 1.0, size=(n_samples, cfg.seq_len, cfg.n_features)).astype(np.float32)
    |
help: Replace with `tuple`

UP006 Use `dict` instead of `Dict` for type annotation
   --> src/uais_v/data/build_30seq_dataset.py:121:83
    |
121 | def _synthetic_sequences(cfg: SequenceBuildConfig, n_samples: int = 400) -> Tuple[Dict[str, np.ndarray], np.ndarray]:
    |                                                                                   ^^^^
122 |     rng = np.random.default_rng(cfg.seed)
123 |     base = rng.normal(0.0, 1.0, size=(n_samples, cfg.seq_len, cfg.n_features)).astype(np.float32)
    |
help: Replace with `dict`

UP006 Use `dict` instead of `Dict` for type annotation
   --> src/uais_v/data/build_30seq_dataset.py:127:13
    |
125 |     base[labels == 1] += rng.normal(1.2, 0.5, size=base[labels == 1].shape).astype(np.float32)
126 |
127 |     X_dict: Dict[str, np.ndarray] = {}
    |             ^^^^
128 |     for i in range(30):
129 |         jitter = rng.normal(0.0, 0.02 * (i + 1), size=base.shape).astype(np.float32)
    |
help: Replace with `dict`

UP006 Use `tuple` instead of `Tuple` for type annotation
   --> src/uais_v/data/build_30seq_dataset.py:134:67
    |
134 | def build_30seq_arrays(cfg: SequenceBuildConfig | None = None) -> Tuple[Dict[str, np.ndarray], np.ndarray]:
    |                                                                   ^^^^^
135 |     cfg = cfg or SequenceBuildConfig()
136 |     set_global_seed(cfg.seed)
    |
help: Replace with `tuple`

UP006 Use `dict` instead of `Dict` for type annotation
   --> src/uais_v/data/build_30seq_dataset.py:134:73
    |
134 | def build_30seq_arrays(cfg: SequenceBuildConfig | None = None) -> Tuple[Dict[str, np.ndarray], np.ndarray]:
    |                                                                         ^^^^
135 |     cfg = cfg or SequenceBuildConfig()
136 |     set_global_seed(cfg.seed)
    |
help: Replace with `dict`

UP006 Use `tuple` instead of `Tuple` for type annotation
   --> src/uais_v/data/build_30seq_dataset.py:153:28
    |
153 | def load_30seq_arrays() -> Tuple[Dict[str, np.ndarray], np.ndarray]:
    |                            ^^^^^
154 |     X_dict = np.load(SEQUENCES_DIR / "X_30seq.npy", allow_pickle=True).item()
155 |     y = np.load(SEQUENCES_DIR / "y_30seq.npy")
    |
help: Replace with `tuple`

UP006 Use `dict` instead of `Dict` for type annotation
   --> src/uais_v/data/build_30seq_dataset.py:153:34
    |
153 | def load_30seq_arrays() -> Tuple[Dict[str, np.ndarray], np.ndarray]:
    |                                  ^^^^
154 |     X_dict = np.load(SEQUENCES_DIR / "X_30seq.npy", allow_pickle=True).item()
155 |     y = np.load(SEQUENCES_DIR / "y_30seq.npy")
    |
help: Replace with `dict`

F841 Local variable `rng` is assigned to but never used
   --> tests/test_baselines.py:133:5
    |
131 | def test_confidence_weighted_mean_sharpness_ordering():
132 |     """Domain with higher score deviation should get more weight."""
133 |     rng = np.random.default_rng(42)
    |     ^^^
134 |     # 2-domain case: domain 0 has high scores (far from 0.5), domain 1 near 0.5
135 |     features = np.zeros((10, 2, 3), dtype=np.float32)
    |
help: Remove assignment to unused variable `rng`

B007 Loop control variable `name` not used within loop body
  --> tests/test_cv_evaluator.py:90:9
   |
89 | def test_cv_aggregate_has_mean_std_ci(cv_results):
90 |     for name, data in cv_results["per_baseline"].items():
   |         ^^^^
91 |         agg = data["aggregate"]
92 |         if "roc_auc" not in agg:
   |
help: Rename unused `name` to `_name`

B007 Loop control variable `name` not used within loop body
   --> tests/test_cv_evaluator.py:99:9
    |
 98 | def test_cv_bootstrap_ci_present(cv_results):
 99 |     for name, data in cv_results["per_baseline"].items():
    |         ^^^^
100 |         if "bootstrap_ci" not in data:
101 |             continue
    |
help: Rename unused `name` to `_name`

B007 Loop control variable `name` not used within loop body
   --> tests/test_cv_evaluator.py:123:9
    |
121 | def test_cv_hyperparameters_recorded(cv_results):
122 |     """Every baseline must record its hyperparameter dict for reproducibility."""
123 |     for name, data in cv_results["per_baseline"].items():
    |         ^^^^
124 |         # Some may be empty dict for sklearn defaults, but key must exist
125 |         assert "hyperparameters" in data
    |
help: Rename unused `name` to `_name`

E712 Avoid equality comparisons to `True`; use `result["reject"][1]:` for truth checks
  --> tests/test_holm_bonferroni.py:22:12
   |
20 |     result = holm_bonferroni(p, alpha=0.05)
21 |     # Only the 0.01 should be rejected; 0.04 needs 0.04*3 = 0.12 > 0.05
22 |     assert result["reject"][1] == True
   |            ^^^^^^^^^^^^^^^^^^^^^^^^^^^
23 |     assert result["reject"][0] == False
24 |     assert result["reject"][2] == False
   |
help: Replace with `result["reject"][1]`

E712 Avoid equality comparisons to `False`; use `not result["reject"][0]:` for false checks
  --> tests/test_holm_bonferroni.py:23:12
   |
21 |     # Only the 0.01 should be rejected; 0.04 needs 0.04*3 = 0.12 > 0.05
22 |     assert result["reject"][1] == True
23 |     assert result["reject"][0] == False
   |            ^^^^^^^^^^^^^^^^^^^^^^^^^^^^
24 |     assert result["reject"][2] == False
25 |     assert result["reject"][3] == False
   |
help: Replace with `not result["reject"][0]`

E712 Avoid equality comparisons to `False`; use `not result["reject"][2]:` for false checks
  --> tests/test_holm_bonferroni.py:24:12
   |
22 |     assert result["reject"][1] == True
23 |     assert result["reject"][0] == False
24 |     assert result["reject"][2] == False
   |            ^^^^^^^^^^^^^^^^^^^^^^^^^^^^
25 |     assert result["reject"][3] == False
   |
help: Replace with `not result["reject"][2]`

E712 Avoid equality comparisons to `False`; use `not result["reject"][3]:` for false checks
  --> tests/test_holm_bonferroni.py:25:12
   |
23 |     assert result["reject"][0] == False
24 |     assert result["reject"][2] == False
25 |     assert result["reject"][3] == False
   |            ^^^^^^^^^^^^^^^^^^^^^^^^^^^^
   |
help: Replace with `not result["reject"][3]`

E712 Avoid equality comparisons to `False`; use `not result["reject"][3]:` for false checks
  --> tests/test_holm_bonferroni.py:34:12
   |
32 |     # All three small ones pass step-down: 0.001*4=0.004, 0.002*3=0.006, 0.003*2=0.006
33 |     assert result["reject"][:3].all()
34 |     assert result["reject"][3] == False
   |            ^^^^^^^^^^^^^^^^^^^^^^^^^^^^
   |
help: Replace with `not result["reject"][3]`

E712 Avoid equality comparisons to `True`; use `result["reject"][0]:` for truth checks
  --> tests/test_holm_bonferroni.py:59:12
   |
57 |     assert result["n_tests"] == 3
58 |     # Smallest of 3 valid: 0.01 * 3 = 0.03 ≤ 0.05 → reject
59 |     assert result["reject"][0] == True
   |            ^^^^^^^^^^^^^^^^^^^^^^^^^^^
60 |     assert result["reject"][1] == False  # NaN entry never rejected
61 |     assert np.isnan(result["p_adjusted"][1])
   |
help: Replace with `result["reject"][0]`

E712 Avoid equality comparisons to `False`; use `not result["reject"][1]:` for false checks
  --> tests/test_holm_bonferroni.py:60:12
   |
58 |     # Smallest of 3 valid: 0.01 * 3 = 0.03 ≤ 0.05 → reject
59 |     assert result["reject"][0] == True
60 |     assert result["reject"][1] == False  # NaN entry never rejected
   |            ^^^^^^^^^^^^^^^^^^^^^^^^^^^^
61 |     assert np.isnan(result["p_adjusted"][1])
   |
help: Replace with `not result["reject"][1]`

F841 Local variable `train_X_scaled` is assigned to but never used
   --> tests/test_leakage_guard.py:109:9
    |
107 |     with assert_split_before_preprocess(train_X, test_X) as guard:
108 |         # Preprocess train only
109 |         train_X_scaled = train_X * 10.0
    |         ^^^^^^^^^^^^^^
110 |         assert guard.n_unique_in_test() == 50
    |
help: Remove assignment to unused variable `train_X_scaled`

E712 Avoid equality comparisons to `True`; use `decisions[0]:` for truth checks
  --> tests/test_learned_gate.py:86:12
   |
84 |     test_m = np.zeros_like(test_w, dtype=bool)
85 |     decisions = gate.decide(test_w, test_m)
86 |     assert decisions[0] == True  # low reliability → fire
   |            ^^^^^^^^^^^^^^^^^^^^
87 |     assert decisions[1] == False  # high reliability → static
   |
help: Replace with `decisions[0]`

E712 Avoid equality comparisons to `False`; use `not decisions[1]:` for false checks
  --> tests/test_learned_gate.py:87:12
   |
85 |     decisions = gate.decide(test_w, test_m)
86 |     assert decisions[0] == True  # low reliability → fire
87 |     assert decisions[1] == False  # high reliability → static
   |            ^^^^^^^^^^^^^^^^^^^^^
   |
help: Replace with `not decisions[1]`

E712 Avoid equality comparisons to `False`; use `not decisions:` for false checks
   --> tests/test_learned_gate.py:100:13
    |
 98 |     decisions = gate.decide(w, masks)
 99 |     assert decisions.shape == (n,)
100 |     assert (decisions == False).all()
    |             ^^^^^^^^^^^^^^^^^^
101 |     assert gate.train_label_balance_ == 0.0
    |
help: Replace with `not decisions`

F841 Local variable `torch` is assigned to but never used
 --> tests/test_nlp_tiny.py:5:5
  |
4 | def test_distilbert_forward_smoke():
5 |     torch = pytest.importorskip("torch")
  |     ^^^^^
6 |     transformers = pytest.importorskip("transformers")
7 |     from uais_v.models.nlp_text_model import DistilBERTClassifier, get_tokenizer
  |
help: Remove assignment to unused variable `torch`

F841 Local variable `transformers` is assigned to but never used
 --> tests/test_nlp_tiny.py:6:5
  |
4 | def test_distilbert_forward_smoke():
5 |     torch = pytest.importorskip("torch")
6 |     transformers = pytest.importorskip("transformers")
  |     ^^^^^^^^^^^^
7 |     from uais_v.models.nlp_text_model import DistilBERTClassifier, get_tokenizer
  |
help: Remove assignment to unused variable `transformers`

F841 Local variable `static_auc` is assigned to but never used
   --> tests/test_phase2_2b1_driver_computation.py:112:9
    |
110 |         assert gate_fired.dtype == bool, f"{gate_id}: wrong dtype"
111 |
112 |         static_auc = mod._safe_auc(labels, np.random.default_rng(0).random(60))
    |         ^^^^^^^^^^
113 |         result_rows.append(
114 |             {
    |
help: Remove assignment to unused variable `static_auc`

B904 Within an `except` clause, raise exceptions with `raise ... from err` or `raise ... from None` to distinguish them from errors in exception handling
  --> tests/test_phase2_family_a_k5_primary_surface.py:45:17
   |
43 |                 float(r["delong_p_holm_k5"])
44 |             except ValueError:
45 |                 raise AssertionError(f"K5_FULL_FAMILY row has non-numeric holm p: {r['delong_p_holm_k5']!r}")
   |                 ^^^^^^^^^^^^^^^^^^^^^^^^^^^^^^^^^^^^^^^^^^^^^^^^^^^^^^^^^^^^^^^^^^^^^^^^^^^^^^^^^^^^^^^^^^^^^
46 |         else:
47 |             assert r["delong_p_holm_k5"] == "pending_full_family"
   |

E712 Avoid equality comparisons to `False`; use `not df["selection_used_test_metrics"]:` for false checks
  --> tests/test_phase2_family_a_prediction_archive_complete.py:78:17
   |
76 |             df = pd.read_parquet(p)
77 |             assert (
78 |                 df["selection_used_test_metrics"] == False
   |                 ^^^^^^^^^^^^^^^^^^^^^^^^^^^^^^^^^^^^^^^^^^
79 |             ).all(), f"{row['experiment_id']} {m} {p.name}: row with selection_used_test_metrics=True"  # noqa: E712
   |
help: Replace with `not df["selection_used_test_metrics"]`

F841 Local variable `est` is assigned to but never used
  --> tests/test_phase2_family_b_g3_top_q_gate.py:63:5
   |
62 | def test_top_q_rejects_q_less_than_1():
63 |     est = _estimator()
   |     ^^^
64 |     with pytest.raises(ValueError):
65 |         # construction-time guard
   |
help: Remove assignment to unused variable `est`

F841 Local variable `rng` is assigned to but never used
   --> tests/test_reliability_estimator.py:114:5
    |
112 | def test_ks_reliability_decreases_with_drift():
113 |     """A drifted domain should receive a lower reliability weight than the clean domain."""
114 |     rng = np.random.default_rng(42)
    |     ^^^
115 |     features, masks, labels = _make_data(seed=42, missing_prob=0.0)
    |
help: Remove assignment to unused variable `rng`

B007 Loop control variable `name` not used within loop body
   --> tests/test_unsupervised_baselines.py:161:9
    |
159 |     expected_keys = {"bgmm", "gmm", "kmeans", "isolation_forest", "one_class_svm", "lof", "autoencoder"}
160 |     assert set(results.keys()) == expected_keys
161 |     for name, metrics_d in results.items():
    |         ^^^^
162 |         if "error" in metrics_d:
163 |             continue
    |
help: Rename unused `name` to `_name`

F841 Local variable `torchvision` is assigned to but never used
 --> tests/test_vision_resnet.py:6:5
  |
4 | def test_resnet_forward_smoke():
5 |     torch = pytest.importorskip("torch")
6 |     torchvision = pytest.importorskip("torchvision")
  |     ^^^^^^^^^^^
7 |     from uais_v.models.vision_resnet import VisionConfig, build_resnet_classifier
  |
help: Remove assignment to unused variable `torchvision`

Found 793 errors.
[*] 2 fixable with the `--fix` option (582 hidden fixes can be enabled with the `--unsafe-fixes` option).
STEP5:1
All done! ✨ 🍰 ✨
360 files would be left unchanged.
STEP6:0
Skipped 302 files
STEP7:0
pyproject.toml: [mypy]: python_version: Python 3.9 is not supported (must be 3.10 or higher)
.venv/lib/python3.14/site-packages/tifffile/tifffile.py:922: error: Type statement is only supported in Python 3.12 and greater  [syntax]
Found 1 error in 1 file (errors prevented further checking)
STEP8:2
........................................................................ [ 11%]
........................................................................ [ 23%]
...........s............................................................ [ 35%]
...........................................s........s................... [ 46%]
........................................................................ [ 58%]
...................s....s....s.......................................... [ 70%]
........................................................................ [ 82%]
........................................................................ [ 93%]
.....................................                                    [100%]
=============================== warnings summary ===============================
tests/test_behavior_features.py::TestBehaviorFeaturesEdgeCases::test_invalid_dates
  /Volumes/T9/uav/AutoML_Flagship_V8/src/uais/features/behavior_features.py:35: UserWarning: Could not infer format, so each element will be parsed individually, falling back to `dateutil`. To ensure parsing is consistent and as-expected, please specify a format.
    ts = pd.to_datetime(df[time_column], errors="coerce")

tests/test_cv_evaluator.py::test_cv_returns_results_for_every_spec
  /Volumes/T9/uav/AutoML_Flagship_V8/.venv/lib/python3.14/site-packages/sklearn/mixture/_base.py:293: ConvergenceWarning: Best performing initialization did not converge. Try different init parameters, or increase max_iter, tol, or check for degenerate data.
    warnings.warn(

tests/test_mvtec3d_benchmark.py::test_mvtec3d_builder_reads_float_xyz_tiff
tests/test_mvtec3d_benchmark.py::test_extract_point_cloud_statistics
tests/test_mvtec3d_benchmark.py::test_extract_resnet_features_concatenates_point_statistics
  /Volumes/T9/uav/AutoML_Flagship_V8/.venv/lib/python3.14/site-packages/tifffile/tifffile.py:1500: DeprecationWarning: <tifffile.TiffWriter.write> data with shape (8, 8, 3) and dtype 'float32' are stored as RGB with contiguous samples. Future versions will store such data as MINISBLACK in separate pages by default, unless the 'photometric' parameter is specified.
    return tif.write(

-- Docs: https://docs.pytest.org/en/stable/how-to/capture-warnings.html
STEP9:0
